Info: *******************************************************************
Info: Running Quartus Prime Timing Analyzer
    Info: Version 24.1std.0 Build 1077 03/04/2025 SC Lite Edition
    Info: Copyright (C) 2025  Altera Corporation. All rights reserved.
    Info: Your use of Altera Corporation's design tools, logic functions 
    Info: and other software and tools, and any partner logic 
    Info: functions, and any output files from any of the foregoing 
    Info: (including device programming or simulation files), and any 
    Info: associated documentation or information are expressly subject 
    Info: to the terms and conditions of the Altera Program License 
    Info: Subscription Agreement, the Altera Quartus Prime License Agreement,
    Info: the Altera IP License Agreement, or other applicable license
    Info: agreement, including, without limitation, that your use is for
    Info: the sole purpose of programming logic devices manufactured by
    Info: Altera and sold by Altera or its authorized distributors.  Please
    Info: refer to the Altera Software License Subscription Agreements 
    Info: on the Quartus Prime software download page.
    Info: Processing started: Wed Sep  9 09:18:40 2026
Info: Command: quartus_sta -t /data/project/tsmc65/shared/qsyn/util/report_worst.tcl sudx_scan
Info: Quartus(args): sudx_scan
Info (21076): High junction temperature operating condition is not set. Assuming a default value of '85'.
Info (21076): Low junction temperature operating condition is not set. Assuming a default value of '0'.
Critical Warning (332012): Synopsys Design Constraints File file not found: '/data/project/tsmc65/shared/qsyn/basic.sdc'. A Synopsys Design Constraints File is required by the Timing Analyzer to get proper timing constraints. Without it, the Compiler will not properly optimize the design.
Info (332142): No user constrained base clocks found in the design. Calling "derive_clocks -period 1.0"
Info (332105): Deriving Clocks
    Info (332105): create_clock -period 1.000 -name clk clk
Info (332143): No user constrained clock uncertainty found in the design. Calling "derive_clock_uncertainty"
Info (332123): Deriving Clock Uncertainty. Please refer to report_sdc in the Timing Analyzer to see clock uncertainties.
Info (332115): Report Timing: Found 20 setup paths (20 violated).  Worst case slack is -14.847
    Info (332115): -setup
    Info (332115): -npaths 20
    Info (332115): -detail full_path
    Info (332115): -stdout
Info (332115): Path #1: Setup slack is -14.847 (VIOLATED)
    Info (332115): ===================================================================
    Info (332115): From Node    : sudx_scan:sudx_scan|sudx_scan_solver:solver|candidate[46][4]
    Info (332115): To Node      : sudx_scan:sudx_scan|sudx_scan_solver:solver|state.BACK_READ
    Info (332115): Launch Clock : clk
    Info (332115): Latch Clock  : clk
    Info (332115): Data Arrival Path:
    Info (332115): Total (ns)  Incr (ns)     Type  Element
    Info (332115): ==========  ========= ==  ====  ===================================
    Info (332115):      0.000      0.000           launch edge time
    Info (332115):      0.000      0.000           source latency
    Info (332115):      0.000      0.000           clk
    Info (332115):      0.000      0.000 RR    IC  clk~input|i
    Info (332115):      0.769      0.769 RR  CELL  clk~input|o
    Info (332115):      1.663      0.894 RR    IC  clk~inputclkctrl|inclk[0]
    Info (332115):      1.663      0.000 RR  CELL  clk~inputclkctrl|outclk
    Info (332115):      3.168      1.505 RR    IC  sudx_scan|solver|candidate[46][4]|clk
    Info (332115):      3.678      0.510 RR  CELL  sudx_scan:sudx_scan|sudx_scan_solver:solver|candidate[46][4]
    Info (332115):      3.885      0.207     uTco  sudx_scan:sudx_scan|sudx_scan_solver:solver|candidate[46][4]
    Info (332115):      3.885      0.000 RR  CELL  sudx_scan|solver|candidate[46][4]|q
    Info (332115):      5.524      1.639 RR    IC  sudx_scan|solver|UNITS[10].candidate_union|any_digit[5][4]~11|datab
    Info (332115):      5.947      0.423 RR  CELL  sudx_scan|solver|UNITS[10].candidate_union|any_digit[5][4]~11|combout
    Info (332115):      7.667      1.720 RR    IC  sudx_scan|solver|unique_digit[10][4]~737|datad
    Info (332115):      7.812      0.145 RF  CELL  sudx_scan|solver|unique_digit[10][4]~737|combout
    Info (332115):      8.054      0.242 FF    IC  sudx_scan|solver|unique_digit[10][4]~740|datac
    Info (332115):      8.357      0.303 FF  CELL  sudx_scan|solver|unique_digit[10][4]~740|combout
    Info (332115):     10.192      1.835 FF    IC  sudx_scan|solver|forced[37][4]~275|datac
    Info (332115):     10.490      0.298 FF  CELL  sudx_scan|solver|forced[37][4]~275|combout
    Info (332115):     10.811      0.321 FF    IC  sudx_scan|solver|Add75~8|datab
    Info (332115):     11.292      0.481 FF  CELL  sudx_scan|solver|Add75~8|cout
    Info (332115):     11.292      0.000 FF    IC  sudx_scan|solver|Add75~10|cin
    Info (332115):     11.351      0.059 FR  CELL  sudx_scan|solver|Add75~10|cout
    Info (332115):     11.351      0.000 RR    IC  sudx_scan|solver|Add75~12|cin
    Info (332115):     11.988      0.637 RR  CELL  sudx_scan|solver|Add75~12|combout
    Info (332115):     13.772      1.784 RR    IC  sudx_scan|solver|contradiction~344|datad
    Info (332115):     13.938      0.166 RR  CELL  sudx_scan|solver|contradiction~344|combout
    Info (332115):     15.779      1.841 RR    IC  sudx_scan|solver|contradiction~348|datac
    Info (332115):     16.083      0.304 RR  CELL  sudx_scan|solver|contradiction~348|combout
    Info (332115):     16.287      0.204 RR    IC  sudx_scan|solver|contradiction~349|datad
    Info (332115):     16.453      0.166 RR  CELL  sudx_scan|solver|contradiction~349|combout
    Info (332115):     17.187      0.734 RR    IC  sudx_scan|solver|contradiction~414|datac
    Info (332115):     17.491      0.304 RR  CELL  sudx_scan|solver|contradiction~414|combout
    Info (332115):     17.694      0.203 RR    IC  sudx_scan|solver|contradiction~415|datac
    Info (332115):     17.998      0.304 RR  CELL  sudx_scan|solver|contradiction~415|combout
    Info (332115):     18.407      0.409 RR    IC  sudx_scan|solver|Selector6~0|datad
    Info (332115):     18.573      0.166 RR  CELL  sudx_scan|solver|Selector6~0|combout
    Info (332115):     18.777      0.204 RR    IC  sudx_scan|solver|Selector6~1|datad
    Info (332115):     18.943      0.166 RR  CELL  sudx_scan|solver|Selector6~1|combout
    Info (332115):     19.148      0.205 RR    IC  sudx_scan|solver|Selector6~2|datad
    Info (332115):     19.314      0.166 RR  CELL  sudx_scan|solver|Selector6~2|combout
    Info (332115):     19.314      0.000 RR    IC  sudx_scan|solver|state.BACK_READ|d
    Info (332115):     19.403      0.089 RR  CELL  sudx_scan:sudx_scan|sudx_scan_solver:solver|state.BACK_READ
    Info (332115): Data Required Path:
    Info (332115): Total (ns)  Incr (ns)     Type  Element
    Info (332115): ==========  ========= ==  ====  ===================================
    Info (332115):      1.000      1.000           latch edge time
    Info (332115):      1.000      0.000           source latency
    Info (332115):      1.000      0.000           clk
    Info (332115):      1.000      0.000 RR    IC  clk~input|i
    Info (332115):      1.769      0.769 RR  CELL  clk~input|o
    Info (332115):      2.627      0.858 RR    IC  clk~inputclkctrl|inclk[0]
    Info (332115):      2.627      0.000 RR  CELL  clk~inputclkctrl|outclk
    Info (332115):      4.029      1.402 RR    IC  sudx_scan|solver|state.BACK_READ|clk
    Info (332115):      4.504      0.475 RR  CELL  sudx_scan:sudx_scan|sudx_scan_solver:solver|state.BACK_READ
    Info (332115):      4.563      0.059           clock pessimism removed
    Info (332115):      4.543     -0.020           clock uncertainty
    Info (332115):      4.556      0.013     uTsu  sudx_scan:sudx_scan|sudx_scan_solver:solver|state.BACK_READ
    Info (332115): Data Arrival Time  :    19.403
    Info (332115): Data Required Time :     4.556
    Info (332115): Slack              :   -14.847 (VIOLATED)
    Info (332115): ===================================================================
Info (332115): Path #2: Setup slack is -14.807 (VIOLATED)
    Info (332115): ===================================================================
    Info (332115): From Node    : sudx_scan:sudx_scan|sudx_scan_solver:solver|candidate[37][4]
    Info (332115): To Node      : sudx_scan:sudx_scan|sudx_scan_solver:solver|state.BACK_READ
    Info (332115): Launch Clock : clk
    Info (332115): Latch Clock  : clk
    Info (332115): Data Arrival Path:
    Info (332115): Total (ns)  Incr (ns)     Type  Element
    Info (332115): ==========  ========= ==  ====  ===================================
    Info (332115):      0.000      0.000           launch edge time
    Info (332115):      0.000      0.000           source latency
    Info (332115):      0.000      0.000           clk
    Info (332115):      0.000      0.000 RR    IC  clk~input|i
    Info (332115):      0.769      0.769 RR  CELL  clk~input|o
    Info (332115):      1.663      0.894 RR    IC  clk~inputclkctrl|inclk[0]
    Info (332115):      1.663      0.000 RR  CELL  clk~inputclkctrl|outclk
    Info (332115):      3.153      1.490 RR    IC  sudx_scan|solver|candidate[37][4]|clk
    Info (332115):      3.663      0.510 RR  CELL  sudx_scan:sudx_scan|sudx_scan_solver:solver|candidate[37][4]
    Info (332115):      3.870      0.207     uTco  sudx_scan:sudx_scan|sudx_scan_solver:solver|candidate[37][4]
    Info (332115):      3.870      0.000 RR  CELL  sudx_scan|solver|candidate[37][4]|q
    Info (332115):      5.741      1.871 RR    IC  sudx_scan|solver|UNITS[10].candidate_union|any_digit[5][4]~11|datad
    Info (332115):      5.907      0.166 RR  CELL  sudx_scan|solver|UNITS[10].candidate_union|any_digit[5][4]~11|combout
    Info (332115):      7.627      1.720 RR    IC  sudx_scan|solver|unique_digit[10][4]~737|datad
    Info (332115):      7.772      0.145 RF  CELL  sudx_scan|solver|unique_digit[10][4]~737|combout
    Info (332115):      8.014      0.242 FF    IC  sudx_scan|solver|unique_digit[10][4]~740|datac
    Info (332115):      8.317      0.303 FF  CELL  sudx_scan|solver|unique_digit[10][4]~740|combout
    Info (332115):     10.152      1.835 FF    IC  sudx_scan|solver|forced[37][4]~275|datac
    Info (332115):     10.450      0.298 FF  CELL  sudx_scan|solver|forced[37][4]~275|combout
    Info (332115):     10.771      0.321 FF    IC  sudx_scan|solver|Add75~8|datab
    Info (332115):     11.252      0.481 FF  CELL  sudx_scan|solver|Add75~8|cout
    Info (332115):     11.252      0.000 FF    IC  sudx_scan|solver|Add75~10|cin
    Info (332115):     11.311      0.059 FR  CELL  sudx_scan|solver|Add75~10|cout
    Info (332115):     11.311      0.000 RR    IC  sudx_scan|solver|Add75~12|cin
    Info (332115):     11.948      0.637 RR  CELL  sudx_scan|solver|Add75~12|combout
    Info (332115):     13.732      1.784 RR    IC  sudx_scan|solver|contradiction~344|datad
    Info (332115):     13.898      0.166 RR  CELL  sudx_scan|solver|contradiction~344|combout
    Info (332115):     15.739      1.841 RR    IC  sudx_scan|solver|contradiction~348|datac
    Info (332115):     16.043      0.304 RR  CELL  sudx_scan|solver|contradiction~348|combout
    Info (332115):     16.247      0.204 RR    IC  sudx_scan|solver|contradiction~349|datad
    Info (332115):     16.413      0.166 RR  CELL  sudx_scan|solver|contradiction~349|combout
    Info (332115):     17.147      0.734 RR    IC  sudx_scan|solver|contradiction~414|datac
    Info (332115):     17.451      0.304 RR  CELL  sudx_scan|solver|contradiction~414|combout
    Info (332115):     17.654      0.203 RR    IC  sudx_scan|solver|contradiction~415|datac
    Info (332115):     17.958      0.304 RR  CELL  sudx_scan|solver|contradiction~415|combout
    Info (332115):     18.367      0.409 RR    IC  sudx_scan|solver|Selector6~0|datad
    Info (332115):     18.533      0.166 RR  CELL  sudx_scan|solver|Selector6~0|combout
    Info (332115):     18.737      0.204 RR    IC  sudx_scan|solver|Selector6~1|datad
    Info (332115):     18.903      0.166 RR  CELL  sudx_scan|solver|Selector6~1|combout
    Info (332115):     19.108      0.205 RR    IC  sudx_scan|solver|Selector6~2|datad
    Info (332115):     19.274      0.166 RR  CELL  sudx_scan|solver|Selector6~2|combout
    Info (332115):     19.274      0.000 RR    IC  sudx_scan|solver|state.BACK_READ|d
    Info (332115):     19.363      0.089 RR  CELL  sudx_scan:sudx_scan|sudx_scan_solver:solver|state.BACK_READ
    Info (332115): Data Required Path:
    Info (332115): Total (ns)  Incr (ns)     Type  Element
    Info (332115): ==========  ========= ==  ====  ===================================
    Info (332115):      1.000      1.000           latch edge time
    Info (332115):      1.000      0.000           source latency
    Info (332115):      1.000      0.000           clk
    Info (332115):      1.000      0.000 RR    IC  clk~input|i
    Info (332115):      1.769      0.769 RR  CELL  clk~input|o
    Info (332115):      2.627      0.858 RR    IC  clk~inputclkctrl|inclk[0]
    Info (332115):      2.627      0.000 RR  CELL  clk~inputclkctrl|outclk
    Info (332115):      4.029      1.402 RR    IC  sudx_scan|solver|state.BACK_READ|clk
    Info (332115):      4.504      0.475 RR  CELL  sudx_scan:sudx_scan|sudx_scan_solver:solver|state.BACK_READ
    Info (332115):      4.563      0.059           clock pessimism removed
    Info (332115):      4.543     -0.020           clock uncertainty
    Info (332115):      4.556      0.013     uTsu  sudx_scan:sudx_scan|sudx_scan_solver:solver|state.BACK_READ
    Info (332115): Data Arrival Time  :    19.363
    Info (332115): Data Required Time :     4.556
    Info (332115): Slack              :   -14.807 (VIOLATED)
    Info (332115): ===================================================================
Info (332115): Path #3: Setup slack is -14.761 (VIOLATED)
    Info (332115): ===================================================================
    Info (332115): From Node    : sudx_scan:sudx_scan|sudx_scan_solver:solver|candidate[47][4]
    Info (332115): To Node      : sudx_scan:sudx_scan|sudx_scan_solver:solver|state.BACK_READ
    Info (332115): Launch Clock : clk
    Info (332115): Latch Clock  : clk
    Info (332115): Data Arrival Path:
    Info (332115): Total (ns)  Incr (ns)     Type  Element
    Info (332115): ==========  ========= ==  ====  ===================================
    Info (332115):      0.000      0.000           launch edge time
    Info (332115):      0.000      0.000           source latency
    Info (332115):      0.000      0.000           clk
    Info (332115):      0.000      0.000 RR    IC  clk~input|i
    Info (332115):      0.769      0.769 RR  CELL  clk~input|o
    Info (332115):      1.663      0.894 RR    IC  clk~inputclkctrl|inclk[0]
    Info (332115):      1.663      0.000 RR  CELL  clk~inputclkctrl|outclk
    Info (332115):      3.184      1.521 RR    IC  sudx_scan|solver|candidate[47][4]|clk
    Info (332115):      3.694      0.510 RR  CELL  sudx_scan:sudx_scan|sudx_scan_solver:solver|candidate[47][4]
    Info (332115):      3.901      0.207     uTco  sudx_scan:sudx_scan|sudx_scan_solver:solver|candidate[47][4]
    Info (332115):      3.901      0.000 FF  CELL  sudx_scan|solver|candidate[47][4]|q
    Info (332115):      5.983      2.082 FF    IC  sudx_scan|solver|UNITS[11].candidate_union|any_digit[5][4]~8|dataa
    Info (332115):      6.385      0.402 FF  CELL  sudx_scan|solver|UNITS[11].candidate_union|any_digit[5][4]~8|combout
    Info (332115):      6.651      0.266 FF    IC  sudx_scan|solver|unique_digit[11][4]~1072|datac
    Info (332115):      6.949      0.298 FF  CELL  sudx_scan|solver|unique_digit[11][4]~1072|combout
    Info (332115):      7.191      0.242 FF    IC  sudx_scan|solver|unique_digit[11][4]~1076|datac
    Info (332115):      7.494      0.303 FF  CELL  sudx_scan|solver|unique_digit[11][4]~1076|combout
    Info (332115):      9.304      1.810 FF    IC  sudx_scan|solver|forced[2][4]~482|datac
    Info (332115):      9.602      0.298 FF  CELL  sudx_scan|solver|forced[2][4]~482|combout
    Info (332115):     10.394      0.792 FF    IC  sudx_scan|solver|Add5~8|datab
    Info (332115):     10.875      0.481 FF  CELL  sudx_scan|solver|Add5~8|cout
    Info (332115):     10.875      0.000 FF    IC  sudx_scan|solver|Add5~10|cin
    Info (332115):     11.348      0.473 FR  CELL  sudx_scan|solver|Add5~10|combout
    Info (332115):     13.446      2.098 RR    IC  sudx_scan|solver|contradiction~193|datad
    Info (332115):     13.612      0.166 RR  CELL  sudx_scan|solver|contradiction~193|combout
    Info (332115):     13.814      0.202 RR    IC  sudx_scan|solver|contradiction~194|datac
    Info (332115):     14.118      0.304 RR  CELL  sudx_scan|solver|contradiction~194|combout
    Info (332115):     15.145      1.027 RR    IC  sudx_scan|solver|contradiction~195|datab
    Info (332115):     15.568      0.423 RR  CELL  sudx_scan|solver|contradiction~195|combout
    Info (332115):     16.357      0.789 RR    IC  sudx_scan|solver|contradiction~238|datab
    Info (332115):     16.780      0.423 RR  CELL  sudx_scan|solver|contradiction~238|combout
    Info (332115):     17.490      0.710 RR    IC  sudx_scan|solver|contradiction~415|dataa
    Info (332115):     17.912      0.422 RR  CELL  sudx_scan|solver|contradiction~415|combout
    Info (332115):     18.321      0.409 RR    IC  sudx_scan|solver|Selector6~0|datad
    Info (332115):     18.487      0.166 RR  CELL  sudx_scan|solver|Selector6~0|combout
    Info (332115):     18.691      0.204 RR    IC  sudx_scan|solver|Selector6~1|datad
    Info (332115):     18.857      0.166 RR  CELL  sudx_scan|solver|Selector6~1|combout
    Info (332115):     19.062      0.205 RR    IC  sudx_scan|solver|Selector6~2|datad
    Info (332115):     19.228      0.166 RR  CELL  sudx_scan|solver|Selector6~2|combout
    Info (332115):     19.228      0.000 RR    IC  sudx_scan|solver|state.BACK_READ|d
    Info (332115):     19.317      0.089 RR  CELL  sudx_scan:sudx_scan|sudx_scan_solver:solver|state.BACK_READ
    Info (332115): Data Required Path:
    Info (332115): Total (ns)  Incr (ns)     Type  Element
    Info (332115): ==========  ========= ==  ====  ===================================
    Info (332115):      1.000      1.000           latch edge time
    Info (332115):      1.000      0.000           source latency
    Info (332115):      1.000      0.000           clk
    Info (332115):      1.000      0.000 RR    IC  clk~input|i
    Info (332115):      1.769      0.769 RR  CELL  clk~input|o
    Info (332115):      2.627      0.858 RR    IC  clk~inputclkctrl|inclk[0]
    Info (332115):      2.627      0.000 RR  CELL  clk~inputclkctrl|outclk
    Info (332115):      4.029      1.402 RR    IC  sudx_scan|solver|state.BACK_READ|clk
    Info (332115):      4.504      0.475 RR  CELL  sudx_scan:sudx_scan|sudx_scan_solver:solver|state.BACK_READ
    Info (332115):      4.563      0.059           clock pessimism removed
    Info (332115):      4.543     -0.020           clock uncertainty
    Info (332115):      4.556      0.013     uTsu  sudx_scan:sudx_scan|sudx_scan_solver:solver|state.BACK_READ
    Info (332115): Data Arrival Time  :    19.317
    Info (332115): Data Required Time :     4.556
    Info (332115): Slack              :   -14.761 (VIOLATED)
    Info (332115): ===================================================================
Info (332115): Path #4: Setup slack is -14.725 (VIOLATED)
    Info (332115): ===================================================================
    Info (332115): From Node    : sudx_scan:sudx_scan|sudx_scan_solver:solver|candidate[46][4]
    Info (332115): To Node      : sudx_scan:sudx_scan|sudx_scan_solver:solver|state.BACK_READ
    Info (332115): Launch Clock : clk
    Info (332115): Latch Clock  : clk
    Info (332115): Data Arrival Path:
    Info (332115): Total (ns)  Incr (ns)     Type  Element
    Info (332115): ==========  ========= ==  ====  ===================================
    Info (332115):      0.000      0.000           launch edge time
    Info (332115):      0.000      0.000           source latency
    Info (332115):      0.000      0.000           clk
    Info (332115):      0.000      0.000 RR    IC  clk~input|i
    Info (332115):      0.769      0.769 RR  CELL  clk~input|o
    Info (332115):      1.663      0.894 RR    IC  clk~inputclkctrl|inclk[0]
    Info (332115):      1.663      0.000 RR  CELL  clk~inputclkctrl|outclk
    Info (332115):      3.168      1.505 RR    IC  sudx_scan|solver|candidate[46][4]|clk
    Info (332115):      3.678      0.510 RR  CELL  sudx_scan:sudx_scan|sudx_scan_solver:solver|candidate[46][4]
    Info (332115):      3.885      0.207     uTco  sudx_scan:sudx_scan|sudx_scan_solver:solver|candidate[46][4]
    Info (332115):      3.885      0.000 FF  CELL  sudx_scan|solver|candidate[46][4]|q
    Info (332115):      5.597      1.712 FF    IC  sudx_scan|solver|UNITS[10].candidate_union|any_digit[5][4]~11|datab
    Info (332115):      6.001      0.404 FF  CELL  sudx_scan|solver|UNITS[10].candidate_union|any_digit[5][4]~11|combout
    Info (332115):      7.738      1.737 FF    IC  sudx_scan|solver|unique_digit[10][4]~736|datad
    Info (332115):      7.869      0.131 FF  CELL  sudx_scan|solver|unique_digit[10][4]~736|combout
    Info (332115):      8.104      0.235 FF    IC  sudx_scan|solver|unique_digit[10][4]~740|datad
    Info (332115):      8.235      0.131 FF  CELL  sudx_scan|solver|unique_digit[10][4]~740|combout
    Info (332115):     10.070      1.835 FF    IC  sudx_scan|solver|forced[37][4]~275|datac
    Info (332115):     10.368      0.298 FF  CELL  sudx_scan|solver|forced[37][4]~275|combout
    Info (332115):     10.689      0.321 FF    IC  sudx_scan|solver|Add75~8|datab
    Info (332115):     11.170      0.481 FF  CELL  sudx_scan|solver|Add75~8|cout
    Info (332115):     11.170      0.000 FF    IC  sudx_scan|solver|Add75~10|cin
    Info (332115):     11.229      0.059 FR  CELL  sudx_scan|solver|Add75~10|cout
    Info (332115):     11.229      0.000 RR    IC  sudx_scan|solver|Add75~12|cin
    Info (332115):     11.866      0.637 RR  CELL  sudx_scan|solver|Add75~12|combout
    Info (332115):     13.650      1.784 RR    IC  sudx_scan|solver|contradiction~344|datad
    Info (332115):     13.816      0.166 RR  CELL  sudx_scan|solver|contradiction~344|combout
    Info (332115):     15.657      1.841 RR    IC  sudx_scan|solver|contradiction~348|datac
    Info (332115):     15.961      0.304 RR  CELL  sudx_scan|solver|contradiction~348|combout
    Info (332115):     16.165      0.204 RR    IC  sudx_scan|solver|contradiction~349|datad
    Info (332115):     16.331      0.166 RR  CELL  sudx_scan|solver|contradiction~349|combout
    Info (332115):     17.065      0.734 RR    IC  sudx_scan|solver|contradiction~414|datac
    Info (332115):     17.369      0.304 RR  CELL  sudx_scan|solver|contradiction~414|combout
    Info (332115):     17.572      0.203 RR    IC  sudx_scan|solver|contradiction~415|datac
    Info (332115):     17.876      0.304 RR  CELL  sudx_scan|solver|contradiction~415|combout
    Info (332115):     18.285      0.409 RR    IC  sudx_scan|solver|Selector6~0|datad
    Info (332115):     18.451      0.166 RR  CELL  sudx_scan|solver|Selector6~0|combout
    Info (332115):     18.655      0.204 RR    IC  sudx_scan|solver|Selector6~1|datad
    Info (332115):     18.821      0.166 RR  CELL  sudx_scan|solver|Selector6~1|combout
    Info (332115):     19.026      0.205 RR    IC  sudx_scan|solver|Selector6~2|datad
    Info (332115):     19.192      0.166 RR  CELL  sudx_scan|solver|Selector6~2|combout
    Info (332115):     19.192      0.000 RR    IC  sudx_scan|solver|state.BACK_READ|d
    Info (332115):     19.281      0.089 RR  CELL  sudx_scan:sudx_scan|sudx_scan_solver:solver|state.BACK_READ
    Info (332115): Data Required Path:
    Info (332115): Total (ns)  Incr (ns)     Type  Element
    Info (332115): ==========  ========= ==  ====  ===================================
    Info (332115):      1.000      1.000           latch edge time
    Info (332115):      1.000      0.000           source latency
    Info (332115):      1.000      0.000           clk
    Info (332115):      1.000      0.000 RR    IC  clk~input|i
    Info (332115):      1.769      0.769 RR  CELL  clk~input|o
    Info (332115):      2.627      0.858 RR    IC  clk~inputclkctrl|inclk[0]
    Info (332115):      2.627      0.000 RR  CELL  clk~inputclkctrl|outclk
    Info (332115):      4.029      1.402 RR    IC  sudx_scan|solver|state.BACK_READ|clk
    Info (332115):      4.504      0.475 RR  CELL  sudx_scan:sudx_scan|sudx_scan_solver:solver|state.BACK_READ
    Info (332115):      4.563      0.059           clock pessimism removed
    Info (332115):      4.543     -0.020           clock uncertainty
    Info (332115):      4.556      0.013     uTsu  sudx_scan:sudx_scan|sudx_scan_solver:solver|state.BACK_READ
    Info (332115): Data Arrival Time  :    19.281
    Info (332115): Data Required Time :     4.556
    Info (332115): Slack              :   -14.725 (VIOLATED)
    Info (332115): ===================================================================
Info (332115): Path #5: Setup slack is -14.721 (VIOLATED)
    Info (332115): ===================================================================
    Info (332115): From Node    : sudx_scan:sudx_scan|sudx_scan_solver:solver|candidate[59][5]
    Info (332115): To Node      : sudx_scan:sudx_scan|sudx_scan_solver:solver|state.BACK_READ
    Info (332115): Launch Clock : clk
    Info (332115): Latch Clock  : clk
    Info (332115): Data Arrival Path:
    Info (332115): Total (ns)  Incr (ns)     Type  Element
    Info (332115): ==========  ========= ==  ====  ===================================
    Info (332115):      0.000      0.000           launch edge time
    Info (332115):      0.000      0.000           source latency
    Info (332115):      0.000      0.000           clk
    Info (332115):      0.000      0.000 RR    IC  clk~input|i
    Info (332115):      0.769      0.769 RR  CELL  clk~input|o
    Info (332115):      1.663      0.894 RR    IC  clk~inputclkctrl|inclk[0]
    Info (332115):      1.663      0.000 RR  CELL  clk~inputclkctrl|outclk
    Info (332115):      3.225      1.562 RR    IC  sudx_scan|solver|candidate[59][5]|clk
    Info (332115):      3.735      0.510 RR  CELL  sudx_scan:sudx_scan|sudx_scan_solver:solver|candidate[59][5]
    Info (332115):      3.942      0.207     uTco  sudx_scan:sudx_scan|sudx_scan_solver:solver|candidate[59][5]
    Info (332115):      3.942      0.000 FF  CELL  sudx_scan|solver|candidate[59][5]|q
    Info (332115):      6.374      2.432 FF    IC  sudx_scan|solver|UNITS[14].candidate_union|any_digit[5][5]~11|dataa
    Info (332115):      6.776      0.402 FF  CELL  sudx_scan|solver|UNITS[14].candidate_union|any_digit[5][5]~11|combout
    Info (332115):      7.087      0.311 FF    IC  sudx_scan|solver|unique_digit[14][5]~522|dataa
    Info (332115):      7.503      0.416 FR  CELL  sudx_scan|solver|unique_digit[14][5]~522|combout
    Info (332115):      7.743      0.240 RR    IC  sudx_scan|solver|unique_digit[14][5]~526|dataa
    Info (332115):      8.087      0.344 RR  CELL  sudx_scan|solver|unique_digit[14][5]~526|combout
    Info (332115):      9.597      1.510 RR    IC  sudx_scan|solver|forced[68][5]~46|datab
    Info (332115):     10.020      0.423 RR  CELL  sudx_scan|solver|forced[68][5]~46|combout
    Info (332115):     10.848      0.828 RR    IC  sudx_scan|solver|Add137~10|datab
    Info (332115):     11.372      0.524 RF  CELL  sudx_scan|solver|Add137~10|cout
    Info (332115):     11.372      0.000 FF    IC  sudx_scan|solver|Add137~12|cin
    Info (332115):     11.431      0.059 FR  CELL  sudx_scan|solver|Add137~12|cout
    Info (332115):     11.431      0.000 RR    IC  sudx_scan|solver|Add137~14|cin
    Info (332115):     12.068      0.637 RR  CELL  sudx_scan|solver|Add137~14|combout
    Info (332115):     14.164      2.096 RR    IC  sudx_scan|solver|contradiction~218|datad
    Info (332115):     14.330      0.166 RR  CELL  sudx_scan|solver|contradiction~218|combout
    Info (332115):     14.531      0.201 RR    IC  sudx_scan|solver|contradiction~220|datac
    Info (332115):     14.835      0.304 RR  CELL  sudx_scan|solver|contradiction~220|combout
    Info (332115):     15.633      0.798 RR    IC  sudx_scan|solver|contradiction~237|dataa
    Info (332115):     16.055      0.422 RR  CELL  sudx_scan|solver|contradiction~237|combout
    Info (332115):     16.296      0.241 RR    IC  sudx_scan|solver|contradiction~238|dataa
    Info (332115):     16.718      0.422 RR  CELL  sudx_scan|solver|contradiction~238|combout
    Info (332115):     17.428      0.710 RR    IC  sudx_scan|solver|contradiction~415|dataa
    Info (332115):     17.850      0.422 RR  CELL  sudx_scan|solver|contradiction~415|combout
    Info (332115):     18.259      0.409 RR    IC  sudx_scan|solver|Selector6~0|datad
    Info (332115):     18.425      0.166 RR  CELL  sudx_scan|solver|Selector6~0|combout
    Info (332115):     18.629      0.204 RR    IC  sudx_scan|solver|Selector6~1|datad
    Info (332115):     18.795      0.166 RR  CELL  sudx_scan|solver|Selector6~1|combout
    Info (332115):     19.000      0.205 RR    IC  sudx_scan|solver|Selector6~2|datad
    Info (332115):     19.166      0.166 RR  CELL  sudx_scan|solver|Selector6~2|combout
    Info (332115):     19.166      0.000 RR    IC  sudx_scan|solver|state.BACK_READ|d
    Info (332115):     19.255      0.089 RR  CELL  sudx_scan:sudx_scan|sudx_scan_solver:solver|state.BACK_READ
    Info (332115): Data Required Path:
    Info (332115): Total (ns)  Incr (ns)     Type  Element
    Info (332115): ==========  ========= ==  ====  ===================================
    Info (332115):      1.000      1.000           latch edge time
    Info (332115):      1.000      0.000           source latency
    Info (332115):      1.000      0.000           clk
    Info (332115):      1.000      0.000 RR    IC  clk~input|i
    Info (332115):      1.769      0.769 RR  CELL  clk~input|o
    Info (332115):      2.627      0.858 RR    IC  clk~inputclkctrl|inclk[0]
    Info (332115):      2.627      0.000 RR  CELL  clk~inputclkctrl|outclk
    Info (332115):      4.029      1.402 RR    IC  sudx_scan|solver|state.BACK_READ|clk
    Info (332115):      4.504      0.475 RR  CELL  sudx_scan:sudx_scan|sudx_scan_solver:solver|state.BACK_READ
    Info (332115):      4.541      0.037           clock pessimism removed
    Info (332115):      4.521     -0.020           clock uncertainty
    Info (332115):      4.534      0.013     uTsu  sudx_scan:sudx_scan|sudx_scan_solver:solver|state.BACK_READ
    Info (332115): Data Arrival Time  :    19.255
    Info (332115): Data Required Time :     4.534
    Info (332115): Slack              :   -14.721 (VIOLATED)
    Info (332115): ===================================================================
Info (332115): Path #6: Setup slack is -14.665 (VIOLATED)
    Info (332115): ===================================================================
    Info (332115): From Node    : sudx_scan:sudx_scan|sudx_scan_solver:solver|candidate[38][4]
    Info (332115): To Node      : sudx_scan:sudx_scan|sudx_scan_solver:solver|state.BACK_READ
    Info (332115): Launch Clock : clk
    Info (332115): Latch Clock  : clk
    Info (332115): Data Arrival Path:
    Info (332115): Total (ns)  Incr (ns)     Type  Element
    Info (332115): ==========  ========= ==  ====  ===================================
    Info (332115):      0.000      0.000           launch edge time
    Info (332115):      0.000      0.000           source latency
    Info (332115):      0.000      0.000           clk
    Info (332115):      0.000      0.000 RR    IC  clk~input|i
    Info (332115):      0.769      0.769 RR  CELL  clk~input|o
    Info (332115):      1.663      0.894 RR    IC  clk~inputclkctrl|inclk[0]
    Info (332115):      1.663      0.000 RR  CELL  clk~inputclkctrl|outclk
    Info (332115):      3.170      1.507 RR    IC  sudx_scan|solver|candidate[38][4]|clk
    Info (332115):      3.680      0.510 RR  CELL  sudx_scan:sudx_scan|sudx_scan_solver:solver|candidate[38][4]
    Info (332115):      3.887      0.207     uTco  sudx_scan:sudx_scan|sudx_scan_solver:solver|candidate[38][4]
    Info (332115):      3.887      0.000 FF  CELL  sudx_scan|solver|candidate[38][4]|q
    Info (332115):      5.991      2.104 FF    IC  sudx_scan|solver|UNITS[11].candidate_union|any_digit[5][4]~8|datac
    Info (332115):      6.289      0.298 FF  CELL  sudx_scan|solver|UNITS[11].candidate_union|any_digit[5][4]~8|combout
    Info (332115):      6.555      0.266 FF    IC  sudx_scan|solver|unique_digit[11][4]~1072|datac
    Info (332115):      6.853      0.298 FF  CELL  sudx_scan|solver|unique_digit[11][4]~1072|combout
    Info (332115):      7.095      0.242 FF    IC  sudx_scan|solver|unique_digit[11][4]~1076|datac
    Info (332115):      7.398      0.303 FF  CELL  sudx_scan|solver|unique_digit[11][4]~1076|combout
    Info (332115):      9.208      1.810 FF    IC  sudx_scan|solver|forced[2][4]~482|datac
    Info (332115):      9.506      0.298 FF  CELL  sudx_scan|solver|forced[2][4]~482|combout
    Info (332115):     10.298      0.792 FF    IC  sudx_scan|solver|Add5~8|datab
    Info (332115):     10.779      0.481 FF  CELL  sudx_scan|solver|Add5~8|cout
    Info (332115):     10.779      0.000 FF    IC  sudx_scan|solver|Add5~10|cin
    Info (332115):     11.252      0.473 FR  CELL  sudx_scan|solver|Add5~10|combout
    Info (332115):     13.350      2.098 RR    IC  sudx_scan|solver|contradiction~193|datad
    Info (332115):     13.516      0.166 RR  CELL  sudx_scan|solver|contradiction~193|combout
    Info (332115):     13.718      0.202 RR    IC  sudx_scan|solver|contradiction~194|datac
    Info (332115):     14.022      0.304 RR  CELL  sudx_scan|solver|contradiction~194|combout
    Info (332115):     15.049      1.027 RR    IC  sudx_scan|solver|contradiction~195|datab
    Info (332115):     15.472      0.423 RR  CELL  sudx_scan|solver|contradiction~195|combout
    Info (332115):     16.261      0.789 RR    IC  sudx_scan|solver|contradiction~238|datab
    Info (332115):     16.684      0.423 RR  CELL  sudx_scan|solver|contradiction~238|combout
    Info (332115):     17.394      0.710 RR    IC  sudx_scan|solver|contradiction~415|dataa
    Info (332115):     17.816      0.422 RR  CELL  sudx_scan|solver|contradiction~415|combout
    Info (332115):     18.225      0.409 RR    IC  sudx_scan|solver|Selector6~0|datad
    Info (332115):     18.391      0.166 RR  CELL  sudx_scan|solver|Selector6~0|combout
    Info (332115):     18.595      0.204 RR    IC  sudx_scan|solver|Selector6~1|datad
    Info (332115):     18.761      0.166 RR  CELL  sudx_scan|solver|Selector6~1|combout
    Info (332115):     18.966      0.205 RR    IC  sudx_scan|solver|Selector6~2|datad
    Info (332115):     19.132      0.166 RR  CELL  sudx_scan|solver|Selector6~2|combout
    Info (332115):     19.132      0.000 RR    IC  sudx_scan|solver|state.BACK_READ|d
    Info (332115):     19.221      0.089 RR  CELL  sudx_scan:sudx_scan|sudx_scan_solver:solver|state.BACK_READ
    Info (332115): Data Required Path:
    Info (332115): Total (ns)  Incr (ns)     Type  Element
    Info (332115): ==========  ========= ==  ====  ===================================
    Info (332115):      1.000      1.000           latch edge time
    Info (332115):      1.000      0.000           source latency
    Info (332115):      1.000      0.000           clk
    Info (332115):      1.000      0.000 RR    IC  clk~input|i
    Info (332115):      1.769      0.769 RR  CELL  clk~input|o
    Info (332115):      2.627      0.858 RR    IC  clk~inputclkctrl|inclk[0]
    Info (332115):      2.627      0.000 RR  CELL  clk~inputclkctrl|outclk
    Info (332115):      4.029      1.402 RR    IC  sudx_scan|solver|state.BACK_READ|clk
    Info (332115):      4.504      0.475 RR  CELL  sudx_scan:sudx_scan|sudx_scan_solver:solver|state.BACK_READ
    Info (332115):      4.563      0.059           clock pessimism removed
    Info (332115):      4.543     -0.020           clock uncertainty
    Info (332115):      4.556      0.013     uTsu  sudx_scan:sudx_scan|sudx_scan_solver:solver|state.BACK_READ
    Info (332115): Data Arrival Time  :    19.221
    Info (332115): Data Required Time :     4.556
    Info (332115): Slack              :   -14.665 (VIOLATED)
    Info (332115): ===================================================================
Info (332115): Path #7: Setup slack is -14.649 (VIOLATED)
    Info (332115): ===================================================================
    Info (332115): From Node    : sudx_scan:sudx_scan|sudx_scan_solver:solver|candidate[1][1]
    Info (332115): To Node      : sudx_scan:sudx_scan|sudx_scan_solver:solver|state.BACK_READ
    Info (332115): Launch Clock : clk
    Info (332115): Latch Clock  : clk
    Info (332115): Data Arrival Path:
    Info (332115): Total (ns)  Incr (ns)     Type  Element
    Info (332115): ==========  ========= ==  ====  ===================================
    Info (332115):      0.000      0.000           launch edge time
    Info (332115):      0.000      0.000           source latency
    Info (332115):      0.000      0.000           clk
    Info (332115):      0.000      0.000 RR    IC  clk~input|i
    Info (332115):      0.769      0.769 RR  CELL  clk~input|o
    Info (332115):      1.663      0.894 RR    IC  clk~inputclkctrl|inclk[0]
    Info (332115):      1.663      0.000 RR  CELL  clk~inputclkctrl|outclk
    Info (332115):      3.111      1.448 RR    IC  sudx_scan|solver|candidate[1][1]|clk
    Info (332115):      3.621      0.510 RR  CELL  sudx_scan:sudx_scan|sudx_scan_solver:solver|candidate[1][1]
    Info (332115):      3.828      0.207     uTco  sudx_scan:sudx_scan|sudx_scan_solver:solver|candidate[1][1]
    Info (332115):      3.828      0.000 RR  CELL  sudx_scan|solver|candidate[1][1]|q
    Info (332115):      5.839      2.011 RR    IC  sudx_scan|solver|UNITS[0].candidate_union|any_digit[2][1]~0|datab
    Info (332115):      6.262      0.423 RR  CELL  sudx_scan|solver|UNITS[0].candidate_union|any_digit[2][1]~0|combout
    Info (332115):      6.664      0.402 RR    IC  sudx_scan|solver|unique_digit[0][1]~37|datac
    Info (332115):      6.968      0.304 RR  CELL  sudx_scan|solver|unique_digit[0][1]~37|combout
    Info (332115):      7.207      0.239 RR    IC  sudx_scan|solver|unique_digit[0][1]~41|dataa
    Info (332115):      7.551      0.344 RR  CELL  sudx_scan|solver|unique_digit[0][1]~41|combout
    Info (332115):      8.869      1.318 RR    IC  sudx_scan|solver|forced[0][1]~77|datab
    Info (332115):      9.292      0.423 RR  CELL  sudx_scan|solver|forced[0][1]~77|combout
    Info (332115):      9.547      0.255 RR    IC  sudx_scan|solver|Add1~2|datab
    Info (332115):     10.071      0.524 RF  CELL  sudx_scan|solver|Add1~2|cout
    Info (332115):     10.071      0.000 FF    IC  sudx_scan|solver|Add1~4|cin
    Info (332115):     10.130      0.059 FR  CELL  sudx_scan|solver|Add1~4|cout
    Info (332115):     10.130      0.000 RR    IC  sudx_scan|solver|Add1~6|cin
    Info (332115):     10.767      0.637 RR  CELL  sudx_scan|solver|Add1~6|combout
    Info (332115):     13.041      2.274 RR    IC  sudx_scan|solver|contradiction~191|datac
    Info (332115):     13.346      0.305 RR  CELL  sudx_scan|solver|contradiction~191|combout
    Info (332115):     13.583      0.237 RR    IC  sudx_scan|solver|contradiction~194|datab
    Info (332115):     14.006      0.423 RR  CELL  sudx_scan|solver|contradiction~194|combout
    Info (332115):     15.033      1.027 RR    IC  sudx_scan|solver|contradiction~195|datab
    Info (332115):     15.456      0.423 RR  CELL  sudx_scan|solver|contradiction~195|combout
    Info (332115):     16.245      0.789 RR    IC  sudx_scan|solver|contradiction~238|datab
    Info (332115):     16.668      0.423 RR  CELL  sudx_scan|solver|contradiction~238|combout
    Info (332115):     17.378      0.710 RR    IC  sudx_scan|solver|contradiction~415|dataa
    Info (332115):     17.800      0.422 RR  CELL  sudx_scan|solver|contradiction~415|combout
    Info (332115):     18.209      0.409 RR    IC  sudx_scan|solver|Selector6~0|datad
    Info (332115):     18.375      0.166 RR  CELL  sudx_scan|solver|Selector6~0|combout
    Info (332115):     18.579      0.204 RR    IC  sudx_scan|solver|Selector6~1|datad
    Info (332115):     18.745      0.166 RR  CELL  sudx_scan|solver|Selector6~1|combout
    Info (332115):     18.950      0.205 RR    IC  sudx_scan|solver|Selector6~2|datad
    Info (332115):     19.116      0.166 RR  CELL  sudx_scan|solver|Selector6~2|combout
    Info (332115):     19.116      0.000 RR    IC  sudx_scan|solver|state.BACK_READ|d
    Info (332115):     19.205      0.089 RR  CELL  sudx_scan:sudx_scan|sudx_scan_solver:solver|state.BACK_READ
    Info (332115): Data Required Path:
    Info (332115): Total (ns)  Incr (ns)     Type  Element
    Info (332115): ==========  ========= ==  ====  ===================================
    Info (332115):      1.000      1.000           latch edge time
    Info (332115):      1.000      0.000           source latency
    Info (332115):      1.000      0.000           clk
    Info (332115):      1.000      0.000 RR    IC  clk~input|i
    Info (332115):      1.769      0.769 RR  CELL  clk~input|o
    Info (332115):      2.627      0.858 RR    IC  clk~inputclkctrl|inclk[0]
    Info (332115):      2.627      0.000 RR  CELL  clk~inputclkctrl|outclk
    Info (332115):      4.029      1.402 RR    IC  sudx_scan|solver|state.BACK_READ|clk
    Info (332115):      4.504      0.475 RR  CELL  sudx_scan:sudx_scan|sudx_scan_solver:solver|state.BACK_READ
    Info (332115):      4.563      0.059           clock pessimism removed
    Info (332115):      4.543     -0.020           clock uncertainty
    Info (332115):      4.556      0.013     uTsu  sudx_scan:sudx_scan|sudx_scan_solver:solver|state.BACK_READ
    Info (332115): Data Arrival Time  :    19.205
    Info (332115): Data Required Time :     4.556
    Info (332115): Slack              :   -14.649 (VIOLATED)
    Info (332115): ===================================================================
Info (332115): Path #8: Setup slack is -14.627 (VIOLATED)
    Info (332115): ===================================================================
    Info (332115): From Node    : sudx_scan:sudx_scan|sudx_scan_solver:solver|candidate[37][4]
    Info (332115): To Node      : sudx_scan:sudx_scan|sudx_scan_solver:solver|state.BACK_READ
    Info (332115): Launch Clock : clk
    Info (332115): Latch Clock  : clk
    Info (332115): Data Arrival Path:
    Info (332115): Total (ns)  Incr (ns)     Type  Element
    Info (332115): ==========  ========= ==  ====  ===================================
    Info (332115):      0.000      0.000           launch edge time
    Info (332115):      0.000      0.000           source latency
    Info (332115):      0.000      0.000           clk
    Info (332115):      0.000      0.000 RR    IC  clk~input|i
    Info (332115):      0.769      0.769 RR  CELL  clk~input|o
    Info (332115):      1.663      0.894 RR    IC  clk~inputclkctrl|inclk[0]
    Info (332115):      1.663      0.000 RR  CELL  clk~inputclkctrl|outclk
    Info (332115):      3.153      1.490 RR    IC  sudx_scan|solver|candidate[37][4]|clk
    Info (332115):      3.663      0.510 RR  CELL  sudx_scan:sudx_scan|sudx_scan_solver:solver|candidate[37][4]
    Info (332115):      3.870      0.207     uTco  sudx_scan:sudx_scan|sudx_scan_solver:solver|candidate[37][4]
    Info (332115):      3.870      0.000 RR  CELL  sudx_scan|solver|candidate[37][4]|q
    Info (332115):      5.741      1.871 RR    IC  sudx_scan|solver|UNITS[10].candidate_union|any_digit[5][4]~11|datad
    Info (332115):      5.907      0.166 RR  CELL  sudx_scan|solver|UNITS[10].candidate_union|any_digit[5][4]~11|combout
    Info (332115):      7.626      1.719 RR    IC  sudx_scan|solver|unique_digit[10][4]~736|datad
    Info (332115):      7.771      0.145 RF  CELL  sudx_scan|solver|unique_digit[10][4]~736|combout
    Info (332115):      8.006      0.235 FF    IC  sudx_scan|solver|unique_digit[10][4]~740|datad
    Info (332115):      8.137      0.131 FF  CELL  sudx_scan|solver|unique_digit[10][4]~740|combout
    Info (332115):      9.972      1.835 FF    IC  sudx_scan|solver|forced[37][4]~275|datac
    Info (332115):     10.270      0.298 FF  CELL  sudx_scan|solver|forced[37][4]~275|combout
    Info (332115):     10.591      0.321 FF    IC  sudx_scan|solver|Add75~8|datab
    Info (332115):     11.072      0.481 FF  CELL  sudx_scan|solver|Add75~8|cout
    Info (332115):     11.072      0.000 FF    IC  sudx_scan|solver|Add75~10|cin
    Info (332115):     11.131      0.059 FR  CELL  sudx_scan|solver|Add75~10|cout
    Info (332115):     11.131      0.000 RR    IC  sudx_scan|solver|Add75~12|cin
    Info (332115):     11.768      0.637 RR  CELL  sudx_scan|solver|Add75~12|combout
    Info (332115):     13.552      1.784 RR    IC  sudx_scan|solver|contradiction~344|datad
    Info (332115):     13.718      0.166 RR  CELL  sudx_scan|solver|contradiction~344|combout
    Info (332115):     15.559      1.841 RR    IC  sudx_scan|solver|contradiction~348|datac
    Info (332115):     15.863      0.304 RR  CELL  sudx_scan|solver|contradiction~348|combout
    Info (332115):     16.067      0.204 RR    IC  sudx_scan|solver|contradiction~349|datad
    Info (332115):     16.233      0.166 RR  CELL  sudx_scan|solver|contradiction~349|combout
    Info (332115):     16.967      0.734 RR    IC  sudx_scan|solver|contradiction~414|datac
    Info (332115):     17.271      0.304 RR  CELL  sudx_scan|solver|contradiction~414|combout
    Info (332115):     17.474      0.203 RR    IC  sudx_scan|solver|contradiction~415|datac
    Info (332115):     17.778      0.304 RR  CELL  sudx_scan|solver|contradiction~415|combout
    Info (332115):     18.187      0.409 RR    IC  sudx_scan|solver|Selector6~0|datad
    Info (332115):     18.353      0.166 RR  CELL  sudx_scan|solver|Selector6~0|combout
    Info (332115):     18.557      0.204 RR    IC  sudx_scan|solver|Selector6~1|datad
    Info (332115):     18.723      0.166 RR  CELL  sudx_scan|solver|Selector6~1|combout
    Info (332115):     18.928      0.205 RR    IC  sudx_scan|solver|Selector6~2|datad
    Info (332115):     19.094      0.166 RR  CELL  sudx_scan|solver|Selector6~2|combout
    Info (332115):     19.094      0.000 RR    IC  sudx_scan|solver|state.BACK_READ|d
    Info (332115):     19.183      0.089 RR  CELL  sudx_scan:sudx_scan|sudx_scan_solver:solver|state.BACK_READ
    Info (332115): Data Required Path:
    Info (332115): Total (ns)  Incr (ns)     Type  Element
    Info (332115): ==========  ========= ==  ====  ===================================
    Info (332115):      1.000      1.000           latch edge time
    Info (332115):      1.000      0.000           source latency
    Info (332115):      1.000      0.000           clk
    Info (332115):      1.000      0.000 RR    IC  clk~input|i
    Info (332115):      1.769      0.769 RR  CELL  clk~input|o
    Info (332115):      2.627      0.858 RR    IC  clk~inputclkctrl|inclk[0]
    Info (332115):      2.627      0.000 RR  CELL  clk~inputclkctrl|outclk
    Info (332115):      4.029      1.402 RR    IC  sudx_scan|solver|state.BACK_READ|clk
    Info (332115):      4.504      0.475 RR  CELL  sudx_scan:sudx_scan|sudx_scan_solver:solver|state.BACK_READ
    Info (332115):      4.563      0.059           clock pessimism removed
    Info (332115):      4.543     -0.020           clock uncertainty
    Info (332115):      4.556      0.013     uTsu  sudx_scan:sudx_scan|sudx_scan_solver:solver|state.BACK_READ
    Info (332115): Data Arrival Time  :    19.183
    Info (332115): Data Required Time :     4.556
    Info (332115): Slack              :   -14.627 (VIOLATED)
    Info (332115): ===================================================================
Info (332115): Path #9: Setup slack is -14.588 (VIOLATED)
    Info (332115): ===================================================================
    Info (332115): From Node    : sudx_scan:sudx_scan|sudx_scan_solver:solver|candidate[29][4]
    Info (332115): To Node      : sudx_scan:sudx_scan|sudx_scan_solver:solver|state.BACK_READ
    Info (332115): Launch Clock : clk
    Info (332115): Latch Clock  : clk
    Info (332115): Data Arrival Path:
    Info (332115): Total (ns)  Incr (ns)     Type  Element
    Info (332115): ==========  ========= ==  ====  ===================================
    Info (332115):      0.000      0.000           launch edge time
    Info (332115):      0.000      0.000           source latency
    Info (332115):      0.000      0.000           clk
    Info (332115):      0.000      0.000 RR    IC  clk~input|i
    Info (332115):      0.769      0.769 RR  CELL  clk~input|o
    Info (332115):      1.663      0.894 RR    IC  clk~inputclkctrl|inclk[0]
    Info (332115):      1.663      0.000 RR  CELL  clk~inputclkctrl|outclk
    Info (332115):      3.164      1.501 RR    IC  sudx_scan|solver|candidate[29][4]|clk
    Info (332115):      3.674      0.510 RR  CELL  sudx_scan:sudx_scan|sudx_scan_solver:solver|candidate[29][4]
    Info (332115):      3.881      0.207     uTco  sudx_scan:sudx_scan|sudx_scan_solver:solver|candidate[29][4]
    Info (332115):      3.881      0.000 FF  CELL  sudx_scan|solver|candidate[29][4]|q
    Info (332115):      5.981      2.100 FF    IC  sudx_scan|solver|UNITS[11].candidate_union|any_digit[2][4]~7|dataa
    Info (332115):      6.383      0.402 FF  CELL  sudx_scan|solver|UNITS[11].candidate_union|any_digit[2][4]~7|combout
    Info (332115):      6.635      0.252 FF    IC  sudx_scan|solver|unique_digit[11][4]~1072|datad
    Info (332115):      6.796      0.161 FR  CELL  sudx_scan|solver|unique_digit[11][4]~1072|combout
    Info (332115):      6.999      0.203 RR    IC  sudx_scan|solver|unique_digit[11][4]~1076|datac
    Info (332115):      7.304      0.305 RR  CELL  sudx_scan|solver|unique_digit[11][4]~1076|combout
    Info (332115):      9.081      1.777 RR    IC  sudx_scan|solver|forced[2][4]~482|datac
    Info (332115):      9.385      0.304 RR  CELL  sudx_scan|solver|forced[2][4]~482|combout
    Info (332115):     10.174      0.789 RR    IC  sudx_scan|solver|Add5~8|datab
    Info (332115):     10.538      0.364 RR  CELL  sudx_scan|solver|Add5~8|cout
    Info (332115):     10.538      0.000 RR    IC  sudx_scan|solver|Add5~10|cin
    Info (332115):     11.175      0.637 RR  CELL  sudx_scan|solver|Add5~10|combout
    Info (332115):     13.273      2.098 RR    IC  sudx_scan|solver|contradiction~193|datad
    Info (332115):     13.439      0.166 RR  CELL  sudx_scan|solver|contradiction~193|combout
    Info (332115):     13.641      0.202 RR    IC  sudx_scan|solver|contradiction~194|datac
    Info (332115):     13.945      0.304 RR  CELL  sudx_scan|solver|contradiction~194|combout
    Info (332115):     14.972      1.027 RR    IC  sudx_scan|solver|contradiction~195|datab
    Info (332115):     15.395      0.423 RR  CELL  sudx_scan|solver|contradiction~195|combout
    Info (332115):     16.184      0.789 RR    IC  sudx_scan|solver|contradiction~238|datab
    Info (332115):     16.607      0.423 RR  CELL  sudx_scan|solver|contradiction~238|combout
    Info (332115):     17.317      0.710 RR    IC  sudx_scan|solver|contradiction~415|dataa
    Info (332115):     17.739      0.422 RR  CELL  sudx_scan|solver|contradiction~415|combout
    Info (332115):     18.148      0.409 RR    IC  sudx_scan|solver|Selector6~0|datad
    Info (332115):     18.314      0.166 RR  CELL  sudx_scan|solver|Selector6~0|combout
    Info (332115):     18.518      0.204 RR    IC  sudx_scan|solver|Selector6~1|datad
    Info (332115):     18.684      0.166 RR  CELL  sudx_scan|solver|Selector6~1|combout
    Info (332115):     18.889      0.205 RR    IC  sudx_scan|solver|Selector6~2|datad
    Info (332115):     19.055      0.166 RR  CELL  sudx_scan|solver|Selector6~2|combout
    Info (332115):     19.055      0.000 RR    IC  sudx_scan|solver|state.BACK_READ|d
    Info (332115):     19.144      0.089 RR  CELL  sudx_scan:sudx_scan|sudx_scan_solver:solver|state.BACK_READ
    Info (332115): Data Required Path:
    Info (332115): Total (ns)  Incr (ns)     Type  Element
    Info (332115): ==========  ========= ==  ====  ===================================
    Info (332115):      1.000      1.000           latch edge time
    Info (332115):      1.000      0.000           source latency
    Info (332115):      1.000      0.000           clk
    Info (332115):      1.000      0.000 RR    IC  clk~input|i
    Info (332115):      1.769      0.769 RR  CELL  clk~input|o
    Info (332115):      2.627      0.858 RR    IC  clk~inputclkctrl|inclk[0]
    Info (332115):      2.627      0.000 RR  CELL  clk~inputclkctrl|outclk
    Info (332115):      4.029      1.402 RR    IC  sudx_scan|solver|state.BACK_READ|clk
    Info (332115):      4.504      0.475 RR  CELL  sudx_scan:sudx_scan|sudx_scan_solver:solver|state.BACK_READ
    Info (332115):      4.563      0.059           clock pessimism removed
    Info (332115):      4.543     -0.020           clock uncertainty
    Info (332115):      4.556      0.013     uTsu  sudx_scan:sudx_scan|sudx_scan_solver:solver|state.BACK_READ
    Info (332115): Data Arrival Time  :    19.144
    Info (332115): Data Required Time :     4.556
    Info (332115): Slack              :   -14.588 (VIOLATED)
    Info (332115): ===================================================================
Info (332115): Path #10: Setup slack is -14.586 (VIOLATED)
    Info (332115): ===================================================================
    Info (332115): From Node    : sudx_scan:sudx_scan|sudx_scan_solver:solver|candidate[47][4]
    Info (332115): To Node      : sudx_scan:sudx_scan|sudx_scan_solver:solver|state.BACK_READ
    Info (332115): Launch Clock : clk
    Info (332115): Latch Clock  : clk
    Info (332115): Data Arrival Path:
    Info (332115): Total (ns)  Incr (ns)     Type  Element
    Info (332115): ==========  ========= ==  ====  ===================================
    Info (332115):      0.000      0.000           launch edge time
    Info (332115):      0.000      0.000           source latency
    Info (332115):      0.000      0.000           clk
    Info (332115):      0.000      0.000 RR    IC  clk~input|i
    Info (332115):      0.769      0.769 RR  CELL  clk~input|o
    Info (332115):      1.663      0.894 RR    IC  clk~inputclkctrl|inclk[0]
    Info (332115):      1.663      0.000 RR  CELL  clk~inputclkctrl|outclk
    Info (332115):      3.184      1.521 RR    IC  sudx_scan|solver|candidate[47][4]|clk
    Info (332115):      3.694      0.510 RR  CELL  sudx_scan:sudx_scan|sudx_scan_solver:solver|candidate[47][4]
    Info (332115):      3.901      0.207     uTco  sudx_scan:sudx_scan|sudx_scan_solver:solver|candidate[47][4]
    Info (332115):      3.901      0.000 FF  CELL  sudx_scan|solver|candidate[47][4]|q
    Info (332115):      5.983      2.082 FF    IC  sudx_scan|solver|UNITS[11].candidate_union|any_digit[5][4]~8|dataa
    Info (332115):      6.385      0.402 FF  CELL  sudx_scan|solver|UNITS[11].candidate_union|any_digit[5][4]~8|combout
    Info (332115):      6.651      0.266 FF    IC  sudx_scan|solver|unique_digit[11][4]~1073|datac
    Info (332115):      6.932      0.281 FR  CELL  sudx_scan|solver|unique_digit[11][4]~1073|combout
    Info (332115):      7.136      0.204 RR    IC  sudx_scan|solver|unique_digit[11][4]~1076|datad
    Info (332115):      7.302      0.166 RR  CELL  sudx_scan|solver|unique_digit[11][4]~1076|combout
    Info (332115):      9.079      1.777 RR    IC  sudx_scan|solver|forced[2][4]~482|datac
    Info (332115):      9.383      0.304 RR  CELL  sudx_scan|solver|forced[2][4]~482|combout
    Info (332115):     10.172      0.789 RR    IC  sudx_scan|solver|Add5~8|datab
    Info (332115):     10.536      0.364 RR  CELL  sudx_scan|solver|Add5~8|cout
    Info (332115):     10.536      0.000 RR    IC  sudx_scan|solver|Add5~10|cin
    Info (332115):     11.173      0.637 RR  CELL  sudx_scan|solver|Add5~10|combout
    Info (332115):     13.271      2.098 RR    IC  sudx_scan|solver|contradiction~193|datad
    Info (332115):     13.437      0.166 RR  CELL  sudx_scan|solver|contradiction~193|combout
    Info (332115):     13.639      0.202 RR    IC  sudx_scan|solver|contradiction~194|datac
    Info (332115):     13.943      0.304 RR  CELL  sudx_scan|solver|contradiction~194|combout
    Info (332115):     14.970      1.027 RR    IC  sudx_scan|solver|contradiction~195|datab
    Info (332115):     15.393      0.423 RR  CELL  sudx_scan|solver|contradiction~195|combout
    Info (332115):     16.182      0.789 RR    IC  sudx_scan|solver|contradiction~238|datab
    Info (332115):     16.605      0.423 RR  CELL  sudx_scan|solver|contradiction~238|combout
    Info (332115):     17.315      0.710 RR    IC  sudx_scan|solver|contradiction~415|dataa
    Info (332115):     17.737      0.422 RR  CELL  sudx_scan|solver|contradiction~415|combout
    Info (332115):     18.146      0.409 RR    IC  sudx_scan|solver|Selector6~0|datad
    Info (332115):     18.312      0.166 RR  CELL  sudx_scan|solver|Selector6~0|combout
    Info (332115):     18.516      0.204 RR    IC  sudx_scan|solver|Selector6~1|datad
    Info (332115):     18.682      0.166 RR  CELL  sudx_scan|solver|Selector6~1|combout
    Info (332115):     18.887      0.205 RR    IC  sudx_scan|solver|Selector6~2|datad
    Info (332115):     19.053      0.166 RR  CELL  sudx_scan|solver|Selector6~2|combout
    Info (332115):     19.053      0.000 RR    IC  sudx_scan|solver|state.BACK_READ|d
    Info (332115):     19.142      0.089 RR  CELL  sudx_scan:sudx_scan|sudx_scan_solver:solver|state.BACK_READ
    Info (332115): Data Required Path:
    Info (332115): Total (ns)  Incr (ns)     Type  Element
    Info (332115): ==========  ========= ==  ====  ===================================
    Info (332115):      1.000      1.000           latch edge time
    Info (332115):      1.000      0.000           source latency
    Info (332115):      1.000      0.000           clk
    Info (332115):      1.000      0.000 RR    IC  clk~input|i
    Info (332115):      1.769      0.769 RR  CELL  clk~input|o
    Info (332115):      2.627      0.858 RR    IC  clk~inputclkctrl|inclk[0]
    Info (332115):      2.627      0.000 RR  CELL  clk~inputclkctrl|outclk
    Info (332115):      4.029      1.402 RR    IC  sudx_scan|solver|state.BACK_READ|clk
    Info (332115):      4.504      0.475 RR  CELL  sudx_scan:sudx_scan|sudx_scan_solver:solver|state.BACK_READ
    Info (332115):      4.563      0.059           clock pessimism removed
    Info (332115):      4.543     -0.020           clock uncertainty
    Info (332115):      4.556      0.013     uTsu  sudx_scan:sudx_scan|sudx_scan_solver:solver|state.BACK_READ
    Info (332115): Data Arrival Time  :    19.142
    Info (332115): Data Required Time :     4.556
    Info (332115): Slack              :   -14.586 (VIOLATED)
    Info (332115): ===================================================================
Info (332115): Path #11: Setup slack is -14.536 (VIOLATED)
    Info (332115): ===================================================================
    Info (332115): From Node    : sudx_scan:sudx_scan|sudx_scan_solver:solver|candidate[3][3]
    Info (332115): To Node      : sudx_scan:sudx_scan|sudx_scan_solver:solver|state.BACK_READ
    Info (332115): Launch Clock : clk
    Info (332115): Latch Clock  : clk
    Info (332115): Data Arrival Path:
    Info (332115): Total (ns)  Incr (ns)     Type  Element
    Info (332115): ==========  ========= ==  ====  ===================================
    Info (332115):      0.000      0.000           launch edge time
    Info (332115):      0.000      0.000           source latency
    Info (332115):      0.000      0.000           clk
    Info (332115):      0.000      0.000 RR    IC  clk~input|i
    Info (332115):      0.769      0.769 RR  CELL  clk~input|o
    Info (332115):      1.663      0.894 RR    IC  clk~inputclkctrl|inclk[0]
    Info (332115):      1.663      0.000 RR  CELL  clk~inputclkctrl|outclk
    Info (332115):      3.110      1.447 RR    IC  sudx_scan|solver|candidate[3][3]|clk
    Info (332115):      3.620      0.510 RR  CELL  sudx_scan:sudx_scan|sudx_scan_solver:solver|candidate[3][3]
    Info (332115):      3.827      0.207     uTco  sudx_scan:sudx_scan|sudx_scan_solver:solver|candidate[3][3]
    Info (332115):      3.827      0.000 RR  CELL  sudx_scan|solver|candidate[3][3]|q
    Info (332115):      5.815      1.988 RR    IC  sudx_scan|solver|UNITS[12].candidate_union|any_digit[2][3]~4|datab
    Info (332115):      6.238      0.423 RR  CELL  sudx_scan|solver|UNITS[12].candidate_union|any_digit[2][3]~4|combout
    Info (332115):      6.662      0.424 RR    IC  sudx_scan|solver|unique_digit[12][3]~846|dataa
    Info (332115):      7.084      0.422 RR  CELL  sudx_scan|solver|unique_digit[12][3]~846|combout
    Info (332115):      7.325      0.241 RR    IC  sudx_scan|solver|unique_digit[12][3]~850|dataa
    Info (332115):      7.669      0.344 RR  CELL  sudx_scan|solver|unique_digit[12][3]~850|combout
    Info (332115):      9.514      1.845 RR    IC  sudx_scan|solver|forced[57][3]~362|datac
    Info (332115):      9.818      0.304 RR  CELL  sudx_scan|solver|forced[57][3]~362|combout
    Info (332115):     11.978      2.160 RR    IC  sudx_scan|solver|Add115~6|datab
    Info (332115):     12.502      0.524 RF  CELL  sudx_scan|solver|Add115~6|cout
    Info (332115):     12.502      0.000 FF    IC  sudx_scan|solver|Add115~8|cin
    Info (332115):     12.561      0.059 FR  CELL  sudx_scan|solver|Add115~8|cout
    Info (332115):     12.561      0.000 RR    IC  sudx_scan|solver|Add115~10|cin
    Info (332115):     12.620      0.059 RF  CELL  sudx_scan|solver|Add115~10|cout
    Info (332115):     12.620      0.000 FF    IC  sudx_scan|solver|Add115~12|cin
    Info (332115):     12.679      0.059 FR  CELL  sudx_scan|solver|Add115~12|cout
    Info (332115):     12.679      0.000 RR    IC  sudx_scan|solver|Add115~14|cin
    Info (332115):     13.316      0.637 RR  CELL  sudx_scan|solver|Add115~14|combout
    Info (332115):     13.969      0.653 RR    IC  sudx_scan|solver|contradiction~233|dataa
    Info (332115):     14.378      0.409 RR  CELL  sudx_scan|solver|contradiction~233|combout
    Info (332115):     14.582      0.204 RR    IC  sudx_scan|solver|contradiction~236|datad
    Info (332115):     14.748      0.166 RR  CELL  sudx_scan|solver|contradiction~236|combout
    Info (332115):     15.726      0.978 RR    IC  sudx_scan|solver|contradiction~237|datad
    Info (332115):     15.892      0.166 RR  CELL  sudx_scan|solver|contradiction~237|combout
    Info (332115):     16.133      0.241 RR    IC  sudx_scan|solver|contradiction~238|dataa
    Info (332115):     16.555      0.422 RR  CELL  sudx_scan|solver|contradiction~238|combout
    Info (332115):     17.265      0.710 RR    IC  sudx_scan|solver|contradiction~415|dataa
    Info (332115):     17.687      0.422 RR  CELL  sudx_scan|solver|contradiction~415|combout
    Info (332115):     18.096      0.409 RR    IC  sudx_scan|solver|Selector6~0|datad
    Info (332115):     18.262      0.166 RR  CELL  sudx_scan|solver|Selector6~0|combout
    Info (332115):     18.466      0.204 RR    IC  sudx_scan|solver|Selector6~1|datad
    Info (332115):     18.632      0.166 RR  CELL  sudx_scan|solver|Selector6~1|combout
    Info (332115):     18.837      0.205 RR    IC  sudx_scan|solver|Selector6~2|datad
    Info (332115):     19.003      0.166 RR  CELL  sudx_scan|solver|Selector6~2|combout
    Info (332115):     19.003      0.000 RR    IC  sudx_scan|solver|state.BACK_READ|d
    Info (332115):     19.092      0.089 RR  CELL  sudx_scan:sudx_scan|sudx_scan_solver:solver|state.BACK_READ
    Info (332115): Data Required Path:
    Info (332115): Total (ns)  Incr (ns)     Type  Element
    Info (332115): ==========  ========= ==  ====  ===================================
    Info (332115):      1.000      1.000           latch edge time
    Info (332115):      1.000      0.000           source latency
    Info (332115):      1.000      0.000           clk
    Info (332115):      1.000      0.000 RR    IC  clk~input|i
    Info (332115):      1.769      0.769 RR  CELL  clk~input|o
    Info (332115):      2.627      0.858 RR    IC  clk~inputclkctrl|inclk[0]
    Info (332115):      2.627      0.000 RR  CELL  clk~inputclkctrl|outclk
    Info (332115):      4.029      1.402 RR    IC  sudx_scan|solver|state.BACK_READ|clk
    Info (332115):      4.504      0.475 RR  CELL  sudx_scan:sudx_scan|sudx_scan_solver:solver|state.BACK_READ
    Info (332115):      4.563      0.059           clock pessimism removed
    Info (332115):      4.543     -0.020           clock uncertainty
    Info (332115):      4.556      0.013     uTsu  sudx_scan:sudx_scan|sudx_scan_solver:solver|state.BACK_READ
    Info (332115): Data Arrival Time  :    19.092
    Info (332115): Data Required Time :     4.556
    Info (332115): Slack              :   -14.536 (VIOLATED)
    Info (332115): ===================================================================
Info (332115): Path #12: Setup slack is -14.533 (VIOLATED)
    Info (332115): ===================================================================
    Info (332115): From Node    : sudx_scan:sudx_scan|sudx_scan_solver:solver|candidate[38][5]
    Info (332115): To Node      : sudx_scan:sudx_scan|sudx_scan_solver:solver|state.BACK_READ
    Info (332115): Launch Clock : clk
    Info (332115): Latch Clock  : clk
    Info (332115): Data Arrival Path:
    Info (332115): Total (ns)  Incr (ns)     Type  Element
    Info (332115): ==========  ========= ==  ====  ===================================
    Info (332115):      0.000      0.000           launch edge time
    Info (332115):      0.000      0.000           source latency
    Info (332115):      0.000      0.000           clk
    Info (332115):      0.000      0.000 RR    IC  clk~input|i
    Info (332115):      0.769      0.769 RR  CELL  clk~input|o
    Info (332115):      1.663      0.894 RR    IC  clk~inputclkctrl|inclk[0]
    Info (332115):      1.663      0.000 RR  CELL  clk~inputclkctrl|outclk
    Info (332115):      3.191      1.528 RR    IC  sudx_scan|solver|candidate[38][5]|clk
    Info (332115):      3.701      0.510 RR  CELL  sudx_scan:sudx_scan|sudx_scan_solver:solver|candidate[38][5]
    Info (332115):      3.908      0.207     uTco  sudx_scan:sudx_scan|sudx_scan_solver:solver|candidate[38][5]
    Info (332115):      3.908      0.000 FF  CELL  sudx_scan|solver|candidate[38][5]|q
    Info (332115):      6.251      2.343 FF    IC  sudx_scan|solver|UNITS[11].candidate_union|any_digit[5][5]~4|datad
    Info (332115):      6.382      0.131 FF  CELL  sudx_scan|solver|UNITS[11].candidate_union|any_digit[5][5]~4|combout
    Info (332115):      6.655      0.273 FF    IC  sudx_scan|solver|unique_digit[11][5]~1051|datac
    Info (332115):      6.953      0.298 FF  CELL  sudx_scan|solver|unique_digit[11][5]~1051|combout
    Info (332115):      7.194      0.241 FF    IC  sudx_scan|solver|unique_digit[11][5]~1055|datac
    Info (332115):      7.497      0.303 FF  CELL  sudx_scan|solver|unique_digit[11][5]~1055|combout
    Info (332115):      9.680      2.183 FF    IC  sudx_scan|solver|forced[2][5]~796|datac
    Info (332115):      9.978      0.298 FF  CELL  sudx_scan|solver|forced[2][5]~796|combout
    Info (332115):     10.694      0.716 FF    IC  sudx_scan|solver|Add5~10|dataa
    Info (332115):     11.120      0.426 FR  CELL  sudx_scan|solver|Add5~10|combout
    Info (332115):     13.218      2.098 RR    IC  sudx_scan|solver|contradiction~193|datad
    Info (332115):     13.384      0.166 RR  CELL  sudx_scan|solver|contradiction~193|combout
    Info (332115):     13.586      0.202 RR    IC  sudx_scan|solver|contradiction~194|datac
    Info (332115):     13.890      0.304 RR  CELL  sudx_scan|solver|contradiction~194|combout
    Info (332115):     14.917      1.027 RR    IC  sudx_scan|solver|contradiction~195|datab
    Info (332115):     15.340      0.423 RR  CELL  sudx_scan|solver|contradiction~195|combout
    Info (332115):     16.129      0.789 RR    IC  sudx_scan|solver|contradiction~238|datab
    Info (332115):     16.552      0.423 RR  CELL  sudx_scan|solver|contradiction~238|combout
    Info (332115):     17.262      0.710 RR    IC  sudx_scan|solver|contradiction~415|dataa
    Info (332115):     17.684      0.422 RR  CELL  sudx_scan|solver|contradiction~415|combout
    Info (332115):     18.093      0.409 RR    IC  sudx_scan|solver|Selector6~0|datad
    Info (332115):     18.259      0.166 RR  CELL  sudx_scan|solver|Selector6~0|combout
    Info (332115):     18.463      0.204 RR    IC  sudx_scan|solver|Selector6~1|datad
    Info (332115):     18.629      0.166 RR  CELL  sudx_scan|solver|Selector6~1|combout
    Info (332115):     18.834      0.205 RR    IC  sudx_scan|solver|Selector6~2|datad
    Info (332115):     19.000      0.166 RR  CELL  sudx_scan|solver|Selector6~2|combout
    Info (332115):     19.000      0.000 RR    IC  sudx_scan|solver|state.BACK_READ|d
    Info (332115):     19.089      0.089 RR  CELL  sudx_scan:sudx_scan|sudx_scan_solver:solver|state.BACK_READ
    Info (332115): Data Required Path:
    Info (332115): Total (ns)  Incr (ns)     Type  Element
    Info (332115): ==========  ========= ==  ====  ===================================
    Info (332115):      1.000      1.000           latch edge time
    Info (332115):      1.000      0.000           source latency
    Info (332115):      1.000      0.000           clk
    Info (332115):      1.000      0.000 RR    IC  clk~input|i
    Info (332115):      1.769      0.769 RR  CELL  clk~input|o
    Info (332115):      2.627      0.858 RR    IC  clk~inputclkctrl|inclk[0]
    Info (332115):      2.627      0.000 RR  CELL  clk~inputclkctrl|outclk
    Info (332115):      4.029      1.402 RR    IC  sudx_scan|solver|state.BACK_READ|clk
    Info (332115):      4.504      0.475 RR  CELL  sudx_scan:sudx_scan|sudx_scan_solver:solver|state.BACK_READ
    Info (332115):      4.563      0.059           clock pessimism removed
    Info (332115):      4.543     -0.020           clock uncertainty
    Info (332115):      4.556      0.013     uTsu  sudx_scan:sudx_scan|sudx_scan_solver:solver|state.BACK_READ
    Info (332115): Data Arrival Time  :    19.089
    Info (332115): Data Required Time :     4.556
    Info (332115): Slack              :   -14.533 (VIOLATED)
    Info (332115): ===================================================================
Info (332115): Path #13: Setup slack is -14.517 (VIOLATED)
    Info (332115): ===================================================================
    Info (332115): From Node    : sudx_scan:sudx_scan|sudx_scan_solver:solver|candidate[12][3]
    Info (332115): To Node      : sudx_scan:sudx_scan|sudx_scan_solver:solver|state.BACK_READ
    Info (332115): Launch Clock : clk
    Info (332115): Latch Clock  : clk
    Info (332115): Data Arrival Path:
    Info (332115): Total (ns)  Incr (ns)     Type  Element
    Info (332115): ==========  ========= ==  ====  ===================================
    Info (332115):      0.000      0.000           launch edge time
    Info (332115):      0.000      0.000           source latency
    Info (332115):      0.000      0.000           clk
    Info (332115):      0.000      0.000 RR    IC  clk~input|i
    Info (332115):      0.769      0.769 RR  CELL  clk~input|o
    Info (332115):      1.663      0.894 RR    IC  clk~inputclkctrl|inclk[0]
    Info (332115):      1.663      0.000 RR  CELL  clk~inputclkctrl|outclk
    Info (332115):      3.152      1.489 RR    IC  sudx_scan|solver|candidate[12][3]|clk
    Info (332115):      3.662      0.510 RR  CELL  sudx_scan:sudx_scan|sudx_scan_solver:solver|candidate[12][3]
    Info (332115):      3.869      0.207     uTco  sudx_scan:sudx_scan|sudx_scan_solver:solver|candidate[12][3]
    Info (332115):      3.869      0.000 RR  CELL  sudx_scan|solver|candidate[12][3]|q
    Info (332115):      5.915      2.046 RR    IC  sudx_scan|solver|UNITS[12].candidate_union|any_digit[2][3]~4|datac
    Info (332115):      6.219      0.304 RR  CELL  sudx_scan|solver|UNITS[12].candidate_union|any_digit[2][3]~4|combout
    Info (332115):      6.643      0.424 RR    IC  sudx_scan|solver|unique_digit[12][3]~846|dataa
    Info (332115):      7.065      0.422 RR  CELL  sudx_scan|solver|unique_digit[12][3]~846|combout
    Info (332115):      7.306      0.241 RR    IC  sudx_scan|solver|unique_digit[12][3]~850|dataa
    Info (332115):      7.650      0.344 RR  CELL  sudx_scan|solver|unique_digit[12][3]~850|combout
    Info (332115):      9.495      1.845 RR    IC  sudx_scan|solver|forced[57][3]~362|datac
    Info (332115):      9.799      0.304 RR  CELL  sudx_scan|solver|forced[57][3]~362|combout
    Info (332115):     11.959      2.160 RR    IC  sudx_scan|solver|Add115~6|datab
    Info (332115):     12.483      0.524 RF  CELL  sudx_scan|solver|Add115~6|cout
    Info (332115):     12.483      0.000 FF    IC  sudx_scan|solver|Add115~8|cin
    Info (332115):     12.542      0.059 FR  CELL  sudx_scan|solver|Add115~8|cout
    Info (332115):     12.542      0.000 RR    IC  sudx_scan|solver|Add115~10|cin
    Info (332115):     12.601      0.059 RF  CELL  sudx_scan|solver|Add115~10|cout
    Info (332115):     12.601      0.000 FF    IC  sudx_scan|solver|Add115~12|cin
    Info (332115):     12.660      0.059 FR  CELL  sudx_scan|solver|Add115~12|cout
    Info (332115):     12.660      0.000 RR    IC  sudx_scan|solver|Add115~14|cin
    Info (332115):     13.297      0.637 RR  CELL  sudx_scan|solver|Add115~14|combout
    Info (332115):     13.950      0.653 RR    IC  sudx_scan|solver|contradiction~233|dataa
    Info (332115):     14.359      0.409 RR  CELL  sudx_scan|solver|contradiction~233|combout
    Info (332115):     14.563      0.204 RR    IC  sudx_scan|solver|contradiction~236|datad
    Info (332115):     14.729      0.166 RR  CELL  sudx_scan|solver|contradiction~236|combout
    Info (332115):     15.707      0.978 RR    IC  sudx_scan|solver|contradiction~237|datad
    Info (332115):     15.873      0.166 RR  CELL  sudx_scan|solver|contradiction~237|combout
    Info (332115):     16.114      0.241 RR    IC  sudx_scan|solver|contradiction~238|dataa
    Info (332115):     16.536      0.422 RR  CELL  sudx_scan|solver|contradiction~238|combout
    Info (332115):     17.246      0.710 RR    IC  sudx_scan|solver|contradiction~415|dataa
    Info (332115):     17.668      0.422 RR  CELL  sudx_scan|solver|contradiction~415|combout
    Info (332115):     18.077      0.409 RR    IC  sudx_scan|solver|Selector6~0|datad
    Info (332115):     18.243      0.166 RR  CELL  sudx_scan|solver|Selector6~0|combout
    Info (332115):     18.447      0.204 RR    IC  sudx_scan|solver|Selector6~1|datad
    Info (332115):     18.613      0.166 RR  CELL  sudx_scan|solver|Selector6~1|combout
    Info (332115):     18.818      0.205 RR    IC  sudx_scan|solver|Selector6~2|datad
    Info (332115):     18.984      0.166 RR  CELL  sudx_scan|solver|Selector6~2|combout
    Info (332115):     18.984      0.000 RR    IC  sudx_scan|solver|state.BACK_READ|d
    Info (332115):     19.073      0.089 RR  CELL  sudx_scan:sudx_scan|sudx_scan_solver:solver|state.BACK_READ
    Info (332115): Data Required Path:
    Info (332115): Total (ns)  Incr (ns)     Type  Element
    Info (332115): ==========  ========= ==  ====  ===================================
    Info (332115):      1.000      1.000           latch edge time
    Info (332115):      1.000      0.000           source latency
    Info (332115):      1.000      0.000           clk
    Info (332115):      1.000      0.000 RR    IC  clk~input|i
    Info (332115):      1.769      0.769 RR  CELL  clk~input|o
    Info (332115):      2.627      0.858 RR    IC  clk~inputclkctrl|inclk[0]
    Info (332115):      2.627      0.000 RR  CELL  clk~inputclkctrl|outclk
    Info (332115):      4.029      1.402 RR    IC  sudx_scan|solver|state.BACK_READ|clk
    Info (332115):      4.504      0.475 RR  CELL  sudx_scan:sudx_scan|sudx_scan_solver:solver|state.BACK_READ
    Info (332115):      4.563      0.059           clock pessimism removed
    Info (332115):      4.543     -0.020           clock uncertainty
    Info (332115):      4.556      0.013     uTsu  sudx_scan:sudx_scan|sudx_scan_solver:solver|state.BACK_READ
    Info (332115): Data Arrival Time  :    19.073
    Info (332115): Data Required Time :     4.556
    Info (332115): Slack              :   -14.517 (VIOLATED)
    Info (332115): ===================================================================
Info (332115): Path #14: Setup slack is -14.504 (VIOLATED)
    Info (332115): ===================================================================
    Info (332115): From Node    : sudx_scan:sudx_scan|sudx_scan_solver:solver|candidate[56][4]
    Info (332115): To Node      : sudx_scan:sudx_scan|sudx_scan_solver:solver|state.BACK_READ
    Info (332115): Launch Clock : clk
    Info (332115): Latch Clock  : clk
    Info (332115): Data Arrival Path:
    Info (332115): Total (ns)  Incr (ns)     Type  Element
    Info (332115): ==========  ========= ==  ====  ===================================
    Info (332115):      0.000      0.000           launch edge time
    Info (332115):      0.000      0.000           source latency
    Info (332115):      0.000      0.000           clk
    Info (332115):      0.000      0.000 RR    IC  clk~input|i
    Info (332115):      0.769      0.769 RR  CELL  clk~input|o
    Info (332115):      1.663      0.894 RR    IC  clk~inputclkctrl|inclk[0]
    Info (332115):      1.663      0.000 RR  CELL  clk~inputclkctrl|outclk
    Info (332115):      3.232      1.569 RR    IC  sudx_scan|solver|candidate[56][4]|clk
    Info (332115):      3.742      0.510 RR  CELL  sudx_scan:sudx_scan|sudx_scan_solver:solver|candidate[56][4]
    Info (332115):      3.949      0.207     uTco  sudx_scan:sudx_scan|sudx_scan_solver:solver|candidate[56][4]
    Info (332115):      3.949      0.000 FF  CELL  sudx_scan|solver|candidate[56][4]|q
    Info (332115):      5.975      2.026 FF    IC  sudx_scan|solver|UNITS[11].candidate_union|any_digit[5][4]~8|datad
    Info (332115):      6.106      0.131 FF  CELL  sudx_scan|solver|UNITS[11].candidate_union|any_digit[5][4]~8|combout
    Info (332115):      6.372      0.266 FF    IC  sudx_scan|solver|unique_digit[11][4]~1072|datac
    Info (332115):      6.670      0.298 FF  CELL  sudx_scan|solver|unique_digit[11][4]~1072|combout
    Info (332115):      6.912      0.242 FF    IC  sudx_scan|solver|unique_digit[11][4]~1076|datac
    Info (332115):      7.215      0.303 FF  CELL  sudx_scan|solver|unique_digit[11][4]~1076|combout
    Info (332115):      9.025      1.810 FF    IC  sudx_scan|solver|forced[2][4]~482|datac
    Info (332115):      9.323      0.298 FF  CELL  sudx_scan|solver|forced[2][4]~482|combout
    Info (332115):     10.115      0.792 FF    IC  sudx_scan|solver|Add5~8|datab
    Info (332115):     10.596      0.481 FF  CELL  sudx_scan|solver|Add5~8|cout
    Info (332115):     10.596      0.000 FF    IC  sudx_scan|solver|Add5~10|cin
    Info (332115):     11.069      0.473 FR  CELL  sudx_scan|solver|Add5~10|combout
    Info (332115):     13.167      2.098 RR    IC  sudx_scan|solver|contradiction~193|datad
    Info (332115):     13.333      0.166 RR  CELL  sudx_scan|solver|contradiction~193|combout
    Info (332115):     13.535      0.202 RR    IC  sudx_scan|solver|contradiction~194|datac
    Info (332115):     13.839      0.304 RR  CELL  sudx_scan|solver|contradiction~194|combout
    Info (332115):     14.866      1.027 RR    IC  sudx_scan|solver|contradiction~195|datab
    Info (332115):     15.289      0.423 RR  CELL  sudx_scan|solver|contradiction~195|combout
    Info (332115):     16.078      0.789 RR    IC  sudx_scan|solver|contradiction~238|datab
    Info (332115):     16.501      0.423 RR  CELL  sudx_scan|solver|contradiction~238|combout
    Info (332115):     17.211      0.710 RR    IC  sudx_scan|solver|contradiction~415|dataa
    Info (332115):     17.633      0.422 RR  CELL  sudx_scan|solver|contradiction~415|combout
    Info (332115):     18.042      0.409 RR    IC  sudx_scan|solver|Selector6~0|datad
    Info (332115):     18.208      0.166 RR  CELL  sudx_scan|solver|Selector6~0|combout
    Info (332115):     18.412      0.204 RR    IC  sudx_scan|solver|Selector6~1|datad
    Info (332115):     18.578      0.166 RR  CELL  sudx_scan|solver|Selector6~1|combout
    Info (332115):     18.783      0.205 RR    IC  sudx_scan|solver|Selector6~2|datad
    Info (332115):     18.949      0.166 RR  CELL  sudx_scan|solver|Selector6~2|combout
    Info (332115):     18.949      0.000 RR    IC  sudx_scan|solver|state.BACK_READ|d
    Info (332115):     19.038      0.089 RR  CELL  sudx_scan:sudx_scan|sudx_scan_solver:solver|state.BACK_READ
    Info (332115): Data Required Path:
    Info (332115): Total (ns)  Incr (ns)     Type  Element
    Info (332115): ==========  ========= ==  ====  ===================================
    Info (332115):      1.000      1.000           latch edge time
    Info (332115):      1.000      0.000           source latency
    Info (332115):      1.000      0.000           clk
    Info (332115):      1.000      0.000 RR    IC  clk~input|i
    Info (332115):      1.769      0.769 RR  CELL  clk~input|o
    Info (332115):      2.627      0.858 RR    IC  clk~inputclkctrl|inclk[0]
    Info (332115):      2.627      0.000 RR  CELL  clk~inputclkctrl|outclk
    Info (332115):      4.029      1.402 RR    IC  sudx_scan|solver|state.BACK_READ|clk
    Info (332115):      4.504      0.475 RR  CELL  sudx_scan:sudx_scan|sudx_scan_solver:solver|state.BACK_READ
    Info (332115):      4.541      0.037           clock pessimism removed
    Info (332115):      4.521     -0.020           clock uncertainty
    Info (332115):      4.534      0.013     uTsu  sudx_scan:sudx_scan|sudx_scan_solver:solver|state.BACK_READ
    Info (332115): Data Arrival Time  :    19.038
    Info (332115): Data Required Time :     4.534
    Info (332115): Slack              :   -14.504 (VIOLATED)
    Info (332115): ===================================================================
Info (332115): Path #15: Setup slack is -14.490 (VIOLATED)
    Info (332115): ===================================================================
    Info (332115): From Node    : sudx_scan:sudx_scan|sudx_scan_solver:solver|candidate[38][4]
    Info (332115): To Node      : sudx_scan:sudx_scan|sudx_scan_solver:solver|state.BACK_READ
    Info (332115): Launch Clock : clk
    Info (332115): Latch Clock  : clk
    Info (332115): Data Arrival Path:
    Info (332115): Total (ns)  Incr (ns)     Type  Element
    Info (332115): ==========  ========= ==  ====  ===================================
    Info (332115):      0.000      0.000           launch edge time
    Info (332115):      0.000      0.000           source latency
    Info (332115):      0.000      0.000           clk
    Info (332115):      0.000      0.000 RR    IC  clk~input|i
    Info (332115):      0.769      0.769 RR  CELL  clk~input|o
    Info (332115):      1.663      0.894 RR    IC  clk~inputclkctrl|inclk[0]
    Info (332115):      1.663      0.000 RR  CELL  clk~inputclkctrl|outclk
    Info (332115):      3.170      1.507 RR    IC  sudx_scan|solver|candidate[38][4]|clk
    Info (332115):      3.680      0.510 RR  CELL  sudx_scan:sudx_scan|sudx_scan_solver:solver|candidate[38][4]
    Info (332115):      3.887      0.207     uTco  sudx_scan:sudx_scan|sudx_scan_solver:solver|candidate[38][4]
    Info (332115):      3.887      0.000 FF  CELL  sudx_scan|solver|candidate[38][4]|q
    Info (332115):      5.991      2.104 FF    IC  sudx_scan|solver|UNITS[11].candidate_union|any_digit[5][4]~8|datac
    Info (332115):      6.289      0.298 FF  CELL  sudx_scan|solver|UNITS[11].candidate_union|any_digit[5][4]~8|combout
    Info (332115):      6.555      0.266 FF    IC  sudx_scan|solver|unique_digit[11][4]~1073|datac
    Info (332115):      6.836      0.281 FR  CELL  sudx_scan|solver|unique_digit[11][4]~1073|combout
    Info (332115):      7.040      0.204 RR    IC  sudx_scan|solver|unique_digit[11][4]~1076|datad
    Info (332115):      7.206      0.166 RR  CELL  sudx_scan|solver|unique_digit[11][4]~1076|combout
    Info (332115):      8.983      1.777 RR    IC  sudx_scan|solver|forced[2][4]~482|datac
    Info (332115):      9.287      0.304 RR  CELL  sudx_scan|solver|forced[2][4]~482|combout
    Info (332115):     10.076      0.789 RR    IC  sudx_scan|solver|Add5~8|datab
    Info (332115):     10.440      0.364 RR  CELL  sudx_scan|solver|Add5~8|cout
    Info (332115):     10.440      0.000 RR    IC  sudx_scan|solver|Add5~10|cin
    Info (332115):     11.077      0.637 RR  CELL  sudx_scan|solver|Add5~10|combout
    Info (332115):     13.175      2.098 RR    IC  sudx_scan|solver|contradiction~193|datad
    Info (332115):     13.341      0.166 RR  CELL  sudx_scan|solver|contradiction~193|combout
    Info (332115):     13.543      0.202 RR    IC  sudx_scan|solver|contradiction~194|datac
    Info (332115):     13.847      0.304 RR  CELL  sudx_scan|solver|contradiction~194|combout
    Info (332115):     14.874      1.027 RR    IC  sudx_scan|solver|contradiction~195|datab
    Info (332115):     15.297      0.423 RR  CELL  sudx_scan|solver|contradiction~195|combout
    Info (332115):     16.086      0.789 RR    IC  sudx_scan|solver|contradiction~238|datab
    Info (332115):     16.509      0.423 RR  CELL  sudx_scan|solver|contradiction~238|combout
    Info (332115):     17.219      0.710 RR    IC  sudx_scan|solver|contradiction~415|dataa
    Info (332115):     17.641      0.422 RR  CELL  sudx_scan|solver|contradiction~415|combout
    Info (332115):     18.050      0.409 RR    IC  sudx_scan|solver|Selector6~0|datad
    Info (332115):     18.216      0.166 RR  CELL  sudx_scan|solver|Selector6~0|combout
    Info (332115):     18.420      0.204 RR    IC  sudx_scan|solver|Selector6~1|datad
    Info (332115):     18.586      0.166 RR  CELL  sudx_scan|solver|Selector6~1|combout
    Info (332115):     18.791      0.205 RR    IC  sudx_scan|solver|Selector6~2|datad
    Info (332115):     18.957      0.166 RR  CELL  sudx_scan|solver|Selector6~2|combout
    Info (332115):     18.957      0.000 RR    IC  sudx_scan|solver|state.BACK_READ|d
    Info (332115):     19.046      0.089 RR  CELL  sudx_scan:sudx_scan|sudx_scan_solver:solver|state.BACK_READ
    Info (332115): Data Required Path:
    Info (332115): Total (ns)  Incr (ns)     Type  Element
    Info (332115): ==========  ========= ==  ====  ===================================
    Info (332115):      1.000      1.000           latch edge time
    Info (332115):      1.000      0.000           source latency
    Info (332115):      1.000      0.000           clk
    Info (332115):      1.000      0.000 RR    IC  clk~input|i
    Info (332115):      1.769      0.769 RR  CELL  clk~input|o
    Info (332115):      2.627      0.858 RR    IC  clk~inputclkctrl|inclk[0]
    Info (332115):      2.627      0.000 RR  CELL  clk~inputclkctrl|outclk
    Info (332115):      4.029      1.402 RR    IC  sudx_scan|solver|state.BACK_READ|clk
    Info (332115):      4.504      0.475 RR  CELL  sudx_scan:sudx_scan|sudx_scan_solver:solver|state.BACK_READ
    Info (332115):      4.563      0.059           clock pessimism removed
    Info (332115):      4.543     -0.020           clock uncertainty
    Info (332115):      4.556      0.013     uTsu  sudx_scan:sudx_scan|sudx_scan_solver:solver|state.BACK_READ
    Info (332115): Data Arrival Time  :    19.046
    Info (332115): Data Required Time :     4.556
    Info (332115): Slack              :   -14.490 (VIOLATED)
    Info (332115): ===================================================================
Info (332115): Path #16: Setup slack is -14.481 (VIOLATED)
    Info (332115): ===================================================================
    Info (332115): From Node    : sudx_scan:sudx_scan|sudx_scan_solver:solver|candidate[0][1]
    Info (332115): To Node      : sudx_scan:sudx_scan|sudx_scan_solver:solver|state.BACK_READ
    Info (332115): Launch Clock : clk
    Info (332115): Latch Clock  : clk
    Info (332115): Data Arrival Path:
    Info (332115): Total (ns)  Incr (ns)     Type  Element
    Info (332115): ==========  ========= ==  ====  ===================================
    Info (332115):      0.000      0.000           launch edge time
    Info (332115):      0.000      0.000           source latency
    Info (332115):      0.000      0.000           clk
    Info (332115):      0.000      0.000 RR    IC  clk~input|i
    Info (332115):      0.769      0.769 RR  CELL  clk~input|o
    Info (332115):      1.663      0.894 RR    IC  clk~inputclkctrl|inclk[0]
    Info (332115):      1.663      0.000 RR  CELL  clk~inputclkctrl|outclk
    Info (332115):      3.139      1.476 RR    IC  sudx_scan|solver|candidate[0][1]|clk
    Info (332115):      3.649      0.510 RR  CELL  sudx_scan:sudx_scan|sudx_scan_solver:solver|candidate[0][1]
    Info (332115):      3.856      0.207     uTco  sudx_scan:sudx_scan|sudx_scan_solver:solver|candidate[0][1]
    Info (332115):      3.856      0.000 FF  CELL  sudx_scan|solver|candidate[0][1]|q
    Info (332115):      5.970      2.114 FF    IC  sudx_scan|solver|UNITS[0].candidate_union|any_digit[2][1]~0|datad
    Info (332115):      6.101      0.131 FF  CELL  sudx_scan|solver|UNITS[0].candidate_union|any_digit[2][1]~0|combout
    Info (332115):      6.521      0.420 FF    IC  sudx_scan|solver|unique_digit[0][1]~37|datac
    Info (332115):      6.800      0.279 FR  CELL  sudx_scan|solver|unique_digit[0][1]~37|combout
    Info (332115):      7.039      0.239 RR    IC  sudx_scan|solver|unique_digit[0][1]~41|dataa
    Info (332115):      7.383      0.344 RR  CELL  sudx_scan|solver|unique_digit[0][1]~41|combout
    Info (332115):      8.701      1.318 RR    IC  sudx_scan|solver|forced[0][1]~77|datab
    Info (332115):      9.124      0.423 RR  CELL  sudx_scan|solver|forced[0][1]~77|combout
    Info (332115):      9.379      0.255 RR    IC  sudx_scan|solver|Add1~2|datab
    Info (332115):      9.903      0.524 RF  CELL  sudx_scan|solver|Add1~2|cout
    Info (332115):      9.903      0.000 FF    IC  sudx_scan|solver|Add1~4|cin
    Info (332115):      9.962      0.059 FR  CELL  sudx_scan|solver|Add1~4|cout
    Info (332115):      9.962      0.000 RR    IC  sudx_scan|solver|Add1~6|cin
    Info (332115):     10.599      0.637 RR  CELL  sudx_scan|solver|Add1~6|combout
    Info (332115):     12.873      2.274 RR    IC  sudx_scan|solver|contradiction~191|datac
    Info (332115):     13.178      0.305 RR  CELL  sudx_scan|solver|contradiction~191|combout
    Info (332115):     13.415      0.237 RR    IC  sudx_scan|solver|contradiction~194|datab
    Info (332115):     13.838      0.423 RR  CELL  sudx_scan|solver|contradiction~194|combout
    Info (332115):     14.865      1.027 RR    IC  sudx_scan|solver|contradiction~195|datab
    Info (332115):     15.288      0.423 RR  CELL  sudx_scan|solver|contradiction~195|combout
    Info (332115):     16.077      0.789 RR    IC  sudx_scan|solver|contradiction~238|datab
    Info (332115):     16.500      0.423 RR  CELL  sudx_scan|solver|contradiction~238|combout
    Info (332115):     17.210      0.710 RR    IC  sudx_scan|solver|contradiction~415|dataa
    Info (332115):     17.632      0.422 RR  CELL  sudx_scan|solver|contradiction~415|combout
    Info (332115):     18.041      0.409 RR    IC  sudx_scan|solver|Selector6~0|datad
    Info (332115):     18.207      0.166 RR  CELL  sudx_scan|solver|Selector6~0|combout
    Info (332115):     18.411      0.204 RR    IC  sudx_scan|solver|Selector6~1|datad
    Info (332115):     18.577      0.166 RR  CELL  sudx_scan|solver|Selector6~1|combout
    Info (332115):     18.782      0.205 RR    IC  sudx_scan|solver|Selector6~2|datad
    Info (332115):     18.948      0.166 RR  CELL  sudx_scan|solver|Selector6~2|combout
    Info (332115):     18.948      0.000 RR    IC  sudx_scan|solver|state.BACK_READ|d
    Info (332115):     19.037      0.089 RR  CELL  sudx_scan:sudx_scan|sudx_scan_solver:solver|state.BACK_READ
    Info (332115): Data Required Path:
    Info (332115): Total (ns)  Incr (ns)     Type  Element
    Info (332115): ==========  ========= ==  ====  ===================================
    Info (332115):      1.000      1.000           latch edge time
    Info (332115):      1.000      0.000           source latency
    Info (332115):      1.000      0.000           clk
    Info (332115):      1.000      0.000 RR    IC  clk~input|i
    Info (332115):      1.769      0.769 RR  CELL  clk~input|o
    Info (332115):      2.627      0.858 RR    IC  clk~inputclkctrl|inclk[0]
    Info (332115):      2.627      0.000 RR  CELL  clk~inputclkctrl|outclk
    Info (332115):      4.029      1.402 RR    IC  sudx_scan|solver|state.BACK_READ|clk
    Info (332115):      4.504      0.475 RR  CELL  sudx_scan:sudx_scan|sudx_scan_solver:solver|state.BACK_READ
    Info (332115):      4.563      0.059           clock pessimism removed
    Info (332115):      4.543     -0.020           clock uncertainty
    Info (332115):      4.556      0.013     uTsu  sudx_scan:sudx_scan|sudx_scan_solver:solver|state.BACK_READ
    Info (332115): Data Arrival Time  :    19.037
    Info (332115): Data Required Time :     4.556
    Info (332115): Slack              :   -14.481 (VIOLATED)
    Info (332115): ===================================================================
Info (332115): Path #17: Setup slack is -14.475 (VIOLATED)
    Info (332115): ===================================================================
    Info (332115): From Node    : sudx_scan:sudx_scan|sudx_scan_solver:solver|candidate[20][5]
    Info (332115): To Node      : sudx_scan:sudx_scan|sudx_scan_solver:solver|state.BACK_READ
    Info (332115): Launch Clock : clk
    Info (332115): Latch Clock  : clk
    Info (332115): Data Arrival Path:
    Info (332115): Total (ns)  Incr (ns)     Type  Element
    Info (332115): ==========  ========= ==  ====  ===================================
    Info (332115):      0.000      0.000           launch edge time
    Info (332115):      0.000      0.000           source latency
    Info (332115):      0.000      0.000           clk
    Info (332115):      0.000      0.000 RR    IC  clk~input|i
    Info (332115):      0.769      0.769 RR  CELL  clk~input|o
    Info (332115):      1.663      0.894 RR    IC  clk~inputclkctrl|inclk[0]
    Info (332115):      1.663      0.000 RR  CELL  clk~inputclkctrl|outclk
    Info (332115):      3.146      1.483 RR    IC  sudx_scan|solver|candidate[20][5]|clk
    Info (332115):      3.656      0.510 RR  CELL  sudx_scan:sudx_scan|sudx_scan_solver:solver|candidate[20][5]
    Info (332115):      3.863      0.207     uTco  sudx_scan:sudx_scan|sudx_scan_solver:solver|candidate[20][5]
    Info (332115):      3.863      0.000 RR  CELL  sudx_scan|solver|candidate[20][5]|q
    Info (332115):      6.232      2.369 RR    IC  sudx_scan|solver|UNITS[11].candidate_union|any_digit[2][5]~3|datac
    Info (332115):      6.536      0.304 RR  CELL  sudx_scan|solver|UNITS[11].candidate_union|any_digit[2][5]~3|combout
    Info (332115):      6.750      0.214 RR    IC  sudx_scan|solver|unique_digit[11][5]~1051|datad
    Info (332115):      6.895      0.145 RF  CELL  sudx_scan|solver|unique_digit[11][5]~1051|combout
    Info (332115):      7.136      0.241 FF    IC  sudx_scan|solver|unique_digit[11][5]~1055|datac
    Info (332115):      7.439      0.303 FF  CELL  sudx_scan|solver|unique_digit[11][5]~1055|combout
    Info (332115):      9.622      2.183 FF    IC  sudx_scan|solver|forced[2][5]~796|datac
    Info (332115):      9.920      0.298 FF  CELL  sudx_scan|solver|forced[2][5]~796|combout
    Info (332115):     10.636      0.716 FF    IC  sudx_scan|solver|Add5~10|dataa
    Info (332115):     11.062      0.426 FR  CELL  sudx_scan|solver|Add5~10|combout
    Info (332115):     13.160      2.098 RR    IC  sudx_scan|solver|contradiction~193|datad
    Info (332115):     13.326      0.166 RR  CELL  sudx_scan|solver|contradiction~193|combout
    Info (332115):     13.528      0.202 RR    IC  sudx_scan|solver|contradiction~194|datac
    Info (332115):     13.832      0.304 RR  CELL  sudx_scan|solver|contradiction~194|combout
    Info (332115):     14.859      1.027 RR    IC  sudx_scan|solver|contradiction~195|datab
    Info (332115):     15.282      0.423 RR  CELL  sudx_scan|solver|contradiction~195|combout
    Info (332115):     16.071      0.789 RR    IC  sudx_scan|solver|contradiction~238|datab
    Info (332115):     16.494      0.423 RR  CELL  sudx_scan|solver|contradiction~238|combout
    Info (332115):     17.204      0.710 RR    IC  sudx_scan|solver|contradiction~415|dataa
    Info (332115):     17.626      0.422 RR  CELL  sudx_scan|solver|contradiction~415|combout
    Info (332115):     18.035      0.409 RR    IC  sudx_scan|solver|Selector6~0|datad
    Info (332115):     18.201      0.166 RR  CELL  sudx_scan|solver|Selector6~0|combout
    Info (332115):     18.405      0.204 RR    IC  sudx_scan|solver|Selector6~1|datad
    Info (332115):     18.571      0.166 RR  CELL  sudx_scan|solver|Selector6~1|combout
    Info (332115):     18.776      0.205 RR    IC  sudx_scan|solver|Selector6~2|datad
    Info (332115):     18.942      0.166 RR  CELL  sudx_scan|solver|Selector6~2|combout
    Info (332115):     18.942      0.000 RR    IC  sudx_scan|solver|state.BACK_READ|d
    Info (332115):     19.031      0.089 RR  CELL  sudx_scan:sudx_scan|sudx_scan_solver:solver|state.BACK_READ
    Info (332115): Data Required Path:
    Info (332115): Total (ns)  Incr (ns)     Type  Element
    Info (332115): ==========  ========= ==  ====  ===================================
    Info (332115):      1.000      1.000           latch edge time
    Info (332115):      1.000      0.000           source latency
    Info (332115):      1.000      0.000           clk
    Info (332115):      1.000      0.000 RR    IC  clk~input|i
    Info (332115):      1.769      0.769 RR  CELL  clk~input|o
    Info (332115):      2.627      0.858 RR    IC  clk~inputclkctrl|inclk[0]
    Info (332115):      2.627      0.000 RR  CELL  clk~inputclkctrl|outclk
    Info (332115):      4.029      1.402 RR    IC  sudx_scan|solver|state.BACK_READ|clk
    Info (332115):      4.504      0.475 RR  CELL  sudx_scan:sudx_scan|sudx_scan_solver:solver|state.BACK_READ
    Info (332115):      4.563      0.059           clock pessimism removed
    Info (332115):      4.543     -0.020           clock uncertainty
    Info (332115):      4.556      0.013     uTsu  sudx_scan:sudx_scan|sudx_scan_solver:solver|state.BACK_READ
    Info (332115): Data Arrival Time  :    19.031
    Info (332115): Data Required Time :     4.556
    Info (332115): Slack              :   -14.475 (VIOLATED)
    Info (332115): ===================================================================
Info (332115): Path #18: Setup slack is -14.474 (VIOLATED)
    Info (332115): ===================================================================
    Info (332115): From Node    : sudx_scan:sudx_scan|sudx_scan_solver:solver|candidate[65][4]
    Info (332115): To Node      : sudx_scan:sudx_scan|sudx_scan_solver:solver|state.BACK_READ
    Info (332115): Launch Clock : clk
    Info (332115): Latch Clock  : clk
    Info (332115): Data Arrival Path:
    Info (332115): Total (ns)  Incr (ns)     Type  Element
    Info (332115): ==========  ========= ==  ====  ===================================
    Info (332115):      0.000      0.000           launch edge time
    Info (332115):      0.000      0.000           source latency
    Info (332115):      0.000      0.000           clk
    Info (332115):      0.000      0.000 RR    IC  clk~input|i
    Info (332115):      0.769      0.769 RR  CELL  clk~input|o
    Info (332115):      1.663      0.894 RR    IC  clk~inputclkctrl|inclk[0]
    Info (332115):      1.663      0.000 RR  CELL  clk~inputclkctrl|outclk
    Info (332115):      3.214      1.551 RR    IC  sudx_scan|solver|candidate[65][4]|clk
    Info (332115):      3.724      0.510 RR  CELL  sudx_scan:sudx_scan|sudx_scan_solver:solver|candidate[65][4]
    Info (332115):      3.931      0.207     uTco  sudx_scan:sudx_scan|sudx_scan_solver:solver|candidate[65][4]
    Info (332115):      3.931      0.000 FF  CELL  sudx_scan|solver|candidate[65][4]|q
    Info (332115):      5.672      1.741 FF    IC  sudx_scan|solver|UNITS[11].candidate_union|any_digit[5][4]~8|datab
    Info (332115):      6.076      0.404 FF  CELL  sudx_scan|solver|UNITS[11].candidate_union|any_digit[5][4]~8|combout
    Info (332115):      6.342      0.266 FF    IC  sudx_scan|solver|unique_digit[11][4]~1072|datac
    Info (332115):      6.640      0.298 FF  CELL  sudx_scan|solver|unique_digit[11][4]~1072|combout
    Info (332115):      6.882      0.242 FF    IC  sudx_scan|solver|unique_digit[11][4]~1076|datac
    Info (332115):      7.185      0.303 FF  CELL  sudx_scan|solver|unique_digit[11][4]~1076|combout
    Info (332115):      8.995      1.810 FF    IC  sudx_scan|solver|forced[2][4]~482|datac
    Info (332115):      9.293      0.298 FF  CELL  sudx_scan|solver|forced[2][4]~482|combout
    Info (332115):     10.085      0.792 FF    IC  sudx_scan|solver|Add5~8|datab
    Info (332115):     10.566      0.481 FF  CELL  sudx_scan|solver|Add5~8|cout
    Info (332115):     10.566      0.000 FF    IC  sudx_scan|solver|Add5~10|cin
    Info (332115):     11.039      0.473 FR  CELL  sudx_scan|solver|Add5~10|combout
    Info (332115):     13.137      2.098 RR    IC  sudx_scan|solver|contradiction~193|datad
    Info (332115):     13.303      0.166 RR  CELL  sudx_scan|solver|contradiction~193|combout
    Info (332115):     13.505      0.202 RR    IC  sudx_scan|solver|contradiction~194|datac
    Info (332115):     13.809      0.304 RR  CELL  sudx_scan|solver|contradiction~194|combout
    Info (332115):     14.836      1.027 RR    IC  sudx_scan|solver|contradiction~195|datab
    Info (332115):     15.259      0.423 RR  CELL  sudx_scan|solver|contradiction~195|combout
    Info (332115):     16.048      0.789 RR    IC  sudx_scan|solver|contradiction~238|datab
    Info (332115):     16.471      0.423 RR  CELL  sudx_scan|solver|contradiction~238|combout
    Info (332115):     17.181      0.710 RR    IC  sudx_scan|solver|contradiction~415|dataa
    Info (332115):     17.603      0.422 RR  CELL  sudx_scan|solver|contradiction~415|combout
    Info (332115):     18.012      0.409 RR    IC  sudx_scan|solver|Selector6~0|datad
    Info (332115):     18.178      0.166 RR  CELL  sudx_scan|solver|Selector6~0|combout
    Info (332115):     18.382      0.204 RR    IC  sudx_scan|solver|Selector6~1|datad
    Info (332115):     18.548      0.166 RR  CELL  sudx_scan|solver|Selector6~1|combout
    Info (332115):     18.753      0.205 RR    IC  sudx_scan|solver|Selector6~2|datad
    Info (332115):     18.919      0.166 RR  CELL  sudx_scan|solver|Selector6~2|combout
    Info (332115):     18.919      0.000 RR    IC  sudx_scan|solver|state.BACK_READ|d
    Info (332115):     19.008      0.089 RR  CELL  sudx_scan:sudx_scan|sudx_scan_solver:solver|state.BACK_READ
    Info (332115): Data Required Path:
    Info (332115): Total (ns)  Incr (ns)     Type  Element
    Info (332115): ==========  ========= ==  ====  ===================================
    Info (332115):      1.000      1.000           latch edge time
    Info (332115):      1.000      0.000           source latency
    Info (332115):      1.000      0.000           clk
    Info (332115):      1.000      0.000 RR    IC  clk~input|i
    Info (332115):      1.769      0.769 RR  CELL  clk~input|o
    Info (332115):      2.627      0.858 RR    IC  clk~inputclkctrl|inclk[0]
    Info (332115):      2.627      0.000 RR  CELL  clk~inputclkctrl|outclk
    Info (332115):      4.029      1.402 RR    IC  sudx_scan|solver|state.BACK_READ|clk
    Info (332115):      4.504      0.475 RR  CELL  sudx_scan:sudx_scan|sudx_scan_solver:solver|state.BACK_READ
    Info (332115):      4.541      0.037           clock pessimism removed
    Info (332115):      4.521     -0.020           clock uncertainty
    Info (332115):      4.534      0.013     uTsu  sudx_scan:sudx_scan|sudx_scan_solver:solver|state.BACK_READ
    Info (332115): Data Arrival Time  :    19.008
    Info (332115): Data Required Time :     4.534
    Info (332115): Slack              :   -14.474 (VIOLATED)
    Info (332115): ===================================================================
Info (332115): Path #19: Setup slack is -14.469 (VIOLATED)
    Info (332115): ===================================================================
    Info (332115): From Node    : sudx_scan:sudx_scan|sudx_scan_solver:solver|candidate[7][1]
    Info (332115): To Node      : sudx_scan:sudx_scan|sudx_scan_solver:solver|state.BACK_READ
    Info (332115): Launch Clock : clk
    Info (332115): Latch Clock  : clk
    Info (332115): Data Arrival Path:
    Info (332115): Total (ns)  Incr (ns)     Type  Element
    Info (332115): ==========  ========= ==  ====  ===================================
    Info (332115):      0.000      0.000           launch edge time
    Info (332115):      0.000      0.000           source latency
    Info (332115):      0.000      0.000           clk
    Info (332115):      0.000      0.000 RR    IC  clk~input|i
    Info (332115):      0.769      0.769 RR  CELL  clk~input|o
    Info (332115):      1.663      0.894 RR    IC  clk~inputclkctrl|inclk[0]
    Info (332115):      1.663      0.000 RR  CELL  clk~inputclkctrl|outclk
    Info (332115):      3.287      1.624 RR    IC  sudx_scan|solver|candidate[7][1]|clk
    Info (332115):      3.797      0.510 RR  CELL  sudx_scan:sudx_scan|sudx_scan_solver:solver|candidate[7][1]
    Info (332115):      4.004      0.207     uTco  sudx_scan:sudx_scan|sudx_scan_solver:solver|candidate[7][1]
    Info (332115):      4.004      0.000 FF  CELL  sudx_scan|solver|candidate[7][1]|q
    Info (332115):      6.050      2.046 FF    IC  sudx_scan|solver|UNITS[0].candidate_union|any_digit[5][1]|datac
    Info (332115):      6.348      0.298 FF  CELL  sudx_scan|solver|UNITS[0].candidate_union|any_digit[5][1]|combout
    Info (332115):      6.605      0.257 FF    IC  sudx_scan|solver|unique_digit[0][1]~37|datad
    Info (332115):      6.766      0.161 FR  CELL  sudx_scan|solver|unique_digit[0][1]~37|combout
    Info (332115):      7.005      0.239 RR    IC  sudx_scan|solver|unique_digit[0][1]~41|dataa
    Info (332115):      7.349      0.344 RR  CELL  sudx_scan|solver|unique_digit[0][1]~41|combout
    Info (332115):      8.667      1.318 RR    IC  sudx_scan|solver|forced[0][1]~77|datab
    Info (332115):      9.090      0.423 RR  CELL  sudx_scan|solver|forced[0][1]~77|combout
    Info (332115):      9.345      0.255 RR    IC  sudx_scan|solver|Add1~2|datab
    Info (332115):      9.869      0.524 RF  CELL  sudx_scan|solver|Add1~2|cout
    Info (332115):      9.869      0.000 FF    IC  sudx_scan|solver|Add1~4|cin
    Info (332115):      9.928      0.059 FR  CELL  sudx_scan|solver|Add1~4|cout
    Info (332115):      9.928      0.000 RR    IC  sudx_scan|solver|Add1~6|cin
    Info (332115):     10.565      0.637 RR  CELL  sudx_scan|solver|Add1~6|combout
    Info (332115):     12.839      2.274 RR    IC  sudx_scan|solver|contradiction~191|datac
    Info (332115):     13.144      0.305 RR  CELL  sudx_scan|solver|contradiction~191|combout
    Info (332115):     13.381      0.237 RR    IC  sudx_scan|solver|contradiction~194|datab
    Info (332115):     13.804      0.423 RR  CELL  sudx_scan|solver|contradiction~194|combout
    Info (332115):     14.831      1.027 RR    IC  sudx_scan|solver|contradiction~195|datab
    Info (332115):     15.254      0.423 RR  CELL  sudx_scan|solver|contradiction~195|combout
    Info (332115):     16.043      0.789 RR    IC  sudx_scan|solver|contradiction~238|datab
    Info (332115):     16.466      0.423 RR  CELL  sudx_scan|solver|contradiction~238|combout
    Info (332115):     17.176      0.710 RR    IC  sudx_scan|solver|contradiction~415|dataa
    Info (332115):     17.598      0.422 RR  CELL  sudx_scan|solver|contradiction~415|combout
    Info (332115):     18.007      0.409 RR    IC  sudx_scan|solver|Selector6~0|datad
    Info (332115):     18.173      0.166 RR  CELL  sudx_scan|solver|Selector6~0|combout
    Info (332115):     18.377      0.204 RR    IC  sudx_scan|solver|Selector6~1|datad
    Info (332115):     18.543      0.166 RR  CELL  sudx_scan|solver|Selector6~1|combout
    Info (332115):     18.748      0.205 RR    IC  sudx_scan|solver|Selector6~2|datad
    Info (332115):     18.914      0.166 RR  CELL  sudx_scan|solver|Selector6~2|combout
    Info (332115):     18.914      0.000 RR    IC  sudx_scan|solver|state.BACK_READ|d
    Info (332115):     19.003      0.089 RR  CELL  sudx_scan:sudx_scan|sudx_scan_solver:solver|state.BACK_READ
    Info (332115): Data Required Path:
    Info (332115): Total (ns)  Incr (ns)     Type  Element
    Info (332115): ==========  ========= ==  ====  ===================================
    Info (332115):      1.000      1.000           latch edge time
    Info (332115):      1.000      0.000           source latency
    Info (332115):      1.000      0.000           clk
    Info (332115):      1.000      0.000 RR    IC  clk~input|i
    Info (332115):      1.769      0.769 RR  CELL  clk~input|o
    Info (332115):      2.627      0.858 RR    IC  clk~inputclkctrl|inclk[0]
    Info (332115):      2.627      0.000 RR  CELL  clk~inputclkctrl|outclk
    Info (332115):      4.029      1.402 RR    IC  sudx_scan|solver|state.BACK_READ|clk
    Info (332115):      4.504      0.475 RR  CELL  sudx_scan:sudx_scan|sudx_scan_solver:solver|state.BACK_READ
    Info (332115):      4.541      0.037           clock pessimism removed
    Info (332115):      4.521     -0.020           clock uncertainty
    Info (332115):      4.534      0.013     uTsu  sudx_scan:sudx_scan|sudx_scan_solver:solver|state.BACK_READ
    Info (332115): Data Arrival Time  :    19.003
    Info (332115): Data Required Time :     4.534
    Info (332115): Slack              :   -14.469 (VIOLATED)
    Info (332115): ===================================================================
Info (332115): Path #20: Setup slack is -14.459 (VIOLATED)
    Info (332115): ===================================================================
    Info (332115): From Node    : sudx_scan:sudx_scan|sudx_scan_solver:solver|candidate[65][1]
    Info (332115): To Node      : sudx_scan:sudx_scan|sudx_scan_solver:solver|state.BACK_READ
    Info (332115): Launch Clock : clk
    Info (332115): Latch Clock  : clk
    Info (332115): Data Arrival Path:
    Info (332115): Total (ns)  Incr (ns)     Type  Element
    Info (332115): ==========  ========= ==  ====  ===================================
    Info (332115):      0.000      0.000           launch edge time
    Info (332115):      0.000      0.000           source latency
    Info (332115):      0.000      0.000           clk
    Info (332115):      0.000      0.000 RR    IC  clk~input|i
    Info (332115):      0.769      0.769 RR  CELL  clk~input|o
    Info (332115):      1.663      0.894 RR    IC  clk~inputclkctrl|inclk[0]
    Info (332115):      1.663      0.000 RR  CELL  clk~inputclkctrl|outclk
    Info (332115):      3.214      1.551 RR    IC  sudx_scan|solver|candidate[65][1]|clk
    Info (332115):      3.724      0.510 RR  CELL  sudx_scan:sudx_scan|sudx_scan_solver:solver|candidate[65][1]
    Info (332115):      3.931      0.207     uTco  sudx_scan:sudx_scan|sudx_scan_solver:solver|candidate[65][1]
    Info (332115):      3.931      0.000 FF  CELL  sudx_scan|solver|candidate[65][1]|q
    Info (332115):      6.324      2.393 FF    IC  sudx_scan|solver|UNITS[11].candidate_union|any_digit[5][1]~15|datad
    Info (332115):      6.455      0.131 FF  CELL  sudx_scan|solver|UNITS[11].candidate_union|any_digit[5][1]~15|combout
    Info (332115):      6.754      0.299 FF    IC  sudx_scan|solver|unique_digit[11][1]~1113|datab
    Info (332115):      7.158      0.404 FF  CELL  sudx_scan|solver|unique_digit[11][1]~1113|combout
    Info (332115):      7.401      0.243 FF    IC  sudx_scan|solver|unique_digit[11][1]~1117|datac
    Info (332115):      7.704      0.303 FF  CELL  sudx_scan|solver|unique_digit[11][1]~1117|combout
    Info (332115):      9.518      1.814 FF    IC  sudx_scan|solver|forced[74][1]~427|datad
    Info (332115):      9.649      0.131 FF  CELL  sudx_scan|solver|forced[74][1]~427|combout
    Info (332115):     10.770      1.121 FF    IC  sudx_scan|solver|Add149~2|datab
    Info (332115):     11.215      0.445 FR  CELL  sudx_scan|solver|Add149~2|combout
    Info (332115):     11.946      0.731 RR    IC  sudx_scan|solver|dead_cell~516|datad
    Info (332115):     12.112      0.166 RR  CELL  sudx_scan|solver|dead_cell~516|combout
    Info (332115):     13.859      1.747 RR    IC  sudx_scan|solver|contradiction~409|datad
    Info (332115):     14.025      0.166 RR  CELL  sudx_scan|solver|contradiction~409|combout
    Info (332115):     14.231      0.206 RR    IC  sudx_scan|solver|contradiction~412|datad
    Info (332115):     14.397      0.166 RR  CELL  sudx_scan|solver|contradiction~412|combout
    Info (332115):     15.573      1.176 RR    IC  sudx_scan|solver|contradiction~413|dataa
    Info (332115):     15.995      0.422 RR  CELL  sudx_scan|solver|contradiction~413|combout
    Info (332115):     16.658      0.663 RR    IC  sudx_scan|solver|contradiction~414|datab
    Info (332115):     17.081      0.423 RR  CELL  sudx_scan|solver|contradiction~414|combout
    Info (332115):     17.284      0.203 RR    IC  sudx_scan|solver|contradiction~415|datac
    Info (332115):     17.588      0.304 RR  CELL  sudx_scan|solver|contradiction~415|combout
    Info (332115):     17.997      0.409 RR    IC  sudx_scan|solver|Selector6~0|datad
    Info (332115):     18.163      0.166 RR  CELL  sudx_scan|solver|Selector6~0|combout
    Info (332115):     18.367      0.204 RR    IC  sudx_scan|solver|Selector6~1|datad
    Info (332115):     18.533      0.166 RR  CELL  sudx_scan|solver|Selector6~1|combout
    Info (332115):     18.738      0.205 RR    IC  sudx_scan|solver|Selector6~2|datad
    Info (332115):     18.904      0.166 RR  CELL  sudx_scan|solver|Selector6~2|combout
    Info (332115):     18.904      0.000 RR    IC  sudx_scan|solver|state.BACK_READ|d
    Info (332115):     18.993      0.089 RR  CELL  sudx_scan:sudx_scan|sudx_scan_solver:solver|state.BACK_READ
    Info (332115): Data Required Path:
    Info (332115): Total (ns)  Incr (ns)     Type  Element
    Info (332115): ==========  ========= ==  ====  ===================================
    Info (332115):      1.000      1.000           latch edge time
    Info (332115):      1.000      0.000           source latency
    Info (332115):      1.000      0.000           clk
    Info (332115):      1.000      0.000 RR    IC  clk~input|i
    Info (332115):      1.769      0.769 RR  CELL  clk~input|o
    Info (332115):      2.627      0.858 RR    IC  clk~inputclkctrl|inclk[0]
    Info (332115):      2.627      0.000 RR  CELL  clk~inputclkctrl|outclk
    Info (332115):      4.029      1.402 RR    IC  sudx_scan|solver|state.BACK_READ|clk
    Info (332115):      4.504      0.475 RR  CELL  sudx_scan:sudx_scan|sudx_scan_solver:solver|state.BACK_READ
    Info (332115):      4.541      0.037           clock pessimism removed
    Info (332115):      4.521     -0.020           clock uncertainty
    Info (332115):      4.534      0.013     uTsu  sudx_scan:sudx_scan|sudx_scan_solver:solver|state.BACK_READ
    Info (332115): Data Arrival Time  :    18.993
    Info (332115): Data Required Time :     4.534
    Info (332115): Slack              :   -14.459 (VIOLATED)
    Info (332115): ===================================================================
Info (23030): Evaluation of Tcl script /data/project/tsmc65/shared/qsyn/util/report_worst.tcl was successful
Info: Quartus Prime Timing Analyzer was successful. 0 errors, 1 warning
    Info: Peak virtual memory: 798 megabytes
    Info: Processing ended: Wed Sep  9 09:18:44 2026
    Info: Elapsed time: 00:00:04
    Info: Total CPU time (on all processors): 00:00:00
