Info: *******************************************************************
Info: Running Quartus Prime Timing Analyzer
    Info: Version 24.1std.0 Build 1077 03/04/2025 SC Lite Edition
    Info: Copyright (C) 2025  Altera Corporation. All rights reserved.
    Info: Your use of Altera Corporation's design tools, logic functions 
    Info: and other software and tools, and any partner logic 
    Info: functions, and any output files from any of the foregoing 
    Info: (including device programming or simulation files), and any 
    Info: associated documentation or information are expressly subject 
    Info: to the terms and conditions of the Altera Program License 
    Info: Subscription Agreement, the Altera Quartus Prime License Agreement,
    Info: the Altera IP License Agreement, or other applicable license
    Info: agreement, including, without limitation, that your use is for
    Info: the sole purpose of programming logic devices manufactured by
    Info: Altera and sold by Altera or its authorized distributors.  Please
    Info: refer to the Altera Software License Subscription Agreements 
    Info: on the Quartus Prime software download page.
    Info: Processing started: Tue Sep  8 16:27:09 2026
Info: Command: quartus_sta -t /data/project/tsmc65/shared/qsyn/util/report_worst.tcl ineqsudx_scan
Info: Quartus(args): ineqsudx_scan
Info (21076): High junction temperature operating condition is not set. Assuming a default value of '85'.
Info (21076): Low junction temperature operating condition is not set. Assuming a default value of '0'.
Critical Warning (332012): Synopsys Design Constraints File file not found: '/data/project/tsmc65/shared/qsyn/basic.sdc'. A Synopsys Design Constraints File is required by the Timing Analyzer to get proper timing constraints. Without it, the Compiler will not properly optimize the design.
Info (332142): No user constrained base clocks found in the design. Calling "derive_clocks -period 1.0"
Info (332105): Deriving Clocks
    Info (332105): create_clock -period 1.000 -name clk clk
Info (332143): No user constrained clock uncertainty found in the design. Calling "derive_clock_uncertainty"
Info (332123): Deriving Clock Uncertainty. Please refer to report_sdc in the Timing Analyzer to see clock uncertainties.
Info (332115): Report Timing: Found 20 setup paths (20 violated).  Worst case slack is -20.956
    Info (332115): -setup
    Info (332115): -npaths 20
    Info (332115): -detail full_path
    Info (332115): -stdout
Info (332115): Path #1: Setup slack is -20.956 (VIOLATED)
    Info (332115): ===================================================================
    Info (332115): From Node    : ineqsudx_scan:ineqsudx_scan|ineqsudx_scan_solver:solver|domain[65][5]
    Info (332115): To Node      : ineqsudx_scan:ineqsudx_scan|ineqsudx_scan_solver:solver|state.PICK_ROWS
    Info (332115): Launch Clock : clk
    Info (332115): Latch Clock  : clk
    Info (332115): Data Arrival Path:
    Info (332115): Total (ns)  Incr (ns)     Type  Element
    Info (332115): ==========  ========= ==  ====  ===================================
    Info (332115):      0.000      0.000           launch edge time
    Info (332115):      0.000      0.000           source latency
    Info (332115):      0.000      0.000           clk
    Info (332115):      0.000      0.000 RR    IC  clk~input|i
    Info (332115):      0.708      0.708 RR  CELL  clk~input|o
    Info (332115):      1.602      0.894 RR    IC  clk~inputclkctrl|inclk[0]
    Info (332115):      1.602      0.000 RR  CELL  clk~inputclkctrl|outclk
    Info (332115):      3.197      1.595 RR    IC  ineqsudx_scan|solver|domain[65][5]|clk
    Info (332115):      3.707      0.510 RR  CELL  ineqsudx_scan:ineqsudx_scan|ineqsudx_scan_solver:solver|domain[65][5]
    Info (332115):      3.914      0.207     uTco  ineqsudx_scan:ineqsudx_scan|ineqsudx_scan_solver:solver|domain[65][5]
    Info (332115):      3.914      0.000 RR  CELL  ineqsudx_scan|solver|domain[65][5]|q
    Info (332115):      6.071      2.157 RR    IC  ineqsudx_scan|solver|singleton[65]~391|dataa
    Info (332115):      6.510      0.439 RF  CELL  ineqsudx_scan|solver|singleton[65]~391|combout
    Info (332115):      6.753      0.243 FF    IC  ineqsudx_scan|solver|singleton[65]~392|datac
    Info (332115):      7.056      0.303 FF  CELL  ineqsudx_scan|solver|singleton[65]~392|combout
    Info (332115):      7.701      0.645 FF    IC  ineqsudx_scan|solver|singleton[65]~394|datad
    Info (332115):      7.832      0.131 FF  CELL  ineqsudx_scan|solver|singleton[65]~394|combout
    Info (332115):      9.871      2.039 FF    IC  ineqsudx_scan|solver|UNITS[24].values[5][7]~25|datad
    Info (332115):     10.002      0.131 FF  CELL  ineqsudx_scan|solver|UNITS[24].values[5][7]~25|combout
    Info (332115):     11.414      1.412 FF    IC  ineqsudx_scan|solver|comb~626|datad
    Info (332115):     11.575      0.161 FR  CELL  ineqsudx_scan|solver|comb~626|combout
    Info (332115):     13.679      2.104 RR    IC  ineqsudx_scan|solver|comb~1886|datad
    Info (332115):     13.845      0.166 RR  CELL  ineqsudx_scan|solver|comb~1886|combout
    Info (332115):     15.289      1.444 RR    IC  ineqsudx_scan|solver|comb~2506|datad
    Info (332115):     15.455      0.166 RR  CELL  ineqsudx_scan|solver|comb~2506|combout
    Info (332115):     16.794      1.339 RR    IC  ineqsudx_scan|solver|CELLS[47].peer_allowed[7]~8|datad
    Info (332115):     16.960      0.166 RR  CELL  ineqsudx_scan|solver|CELLS[47].peer_allowed[7]~8|combout
    Info (332115):     18.350      1.390 RR    IC  ineqsudx_scan|solver|next_domain[47][7]|datad
    Info (332115):     18.516      0.166 RR  CELL  ineqsudx_scan|solver|next_domain[47][7]|combout
    Info (332115):     19.235      0.719 RR    IC  ineqsudx_scan|solver|WideOr1163~347|datad
    Info (332115):     19.401      0.166 RR  CELL  ineqsudx_scan|solver|WideOr1163~347|combout
    Info (332115):     20.119      0.718 RR    IC  ineqsudx_scan|solver|WideOr1163~349|datad
    Info (332115):     20.285      0.166 RR  CELL  ineqsudx_scan|solver|WideOr1163~349|combout
    Info (332115):     21.268      0.983 RR    IC  ineqsudx_scan|solver|WideOr1163~360|datad
    Info (332115):     21.434      0.166 RR  CELL  ineqsudx_scan|solver|WideOr1163~360|combout
    Info (332115):     22.169      0.735 RR    IC  ineqsudx_scan|solver|WideOr1163~424|datad
    Info (332115):     22.335      0.166 RR  CELL  ineqsudx_scan|solver|WideOr1163~424|combout
    Info (332115):     23.991      1.656 RR    IC  ineqsudx_scan|solver|WideOr1163~483|datad
    Info (332115):     24.157      0.166 RR  CELL  ineqsudx_scan|solver|WideOr1163~483|combout
    Info (332115):     24.359      0.202 RR    IC  ineqsudx_scan|solver|Selector2844~0|datac
    Info (332115):     24.639      0.280 RF  CELL  ineqsudx_scan|solver|Selector2844~0|combout
    Info (332115):     24.941      0.302 FF    IC  ineqsudx_scan|solver|Selector2845~2|datad
    Info (332115):     25.102      0.161 FR  CELL  ineqsudx_scan|solver|Selector2845~2|combout
    Info (332115):     25.348      0.246 RR    IC  ineqsudx_scan|solver|state.PICK_ROWS|ena
    Info (332115):     25.972      0.624 RR  CELL  ineqsudx_scan:ineqsudx_scan|ineqsudx_scan_solver:solver|state.PICK_ROWS
    Info (332115): Data Required Path:
    Info (332115): Total (ns)  Incr (ns)     Type  Element
    Info (332115): ==========  ========= ==  ====  ===================================
    Info (332115):      1.000      1.000           latch edge time
    Info (332115):      1.000      0.000           source latency
    Info (332115):      1.000      0.000           clk
    Info (332115):      1.000      0.000 RR    IC  clk~input|i
    Info (332115):      1.708      0.708 RR  CELL  clk~input|o
    Info (332115):      2.566      0.858 RR    IC  clk~inputclkctrl|inclk[0]
    Info (332115):      2.566      0.000 RR  CELL  clk~inputclkctrl|outclk
    Info (332115):      4.485      1.919 RR    IC  ineqsudx_scan|solver|state.PICK_ROWS|clk
    Info (332115):      4.960      0.475 RR  CELL  ineqsudx_scan:ineqsudx_scan|ineqsudx_scan_solver:solver|state.PICK_ROWS
    Info (332115):      5.023      0.063           clock pessimism removed
    Info (332115):      5.003     -0.020           clock uncertainty
    Info (332115):      5.016      0.013     uTsu  ineqsudx_scan:ineqsudx_scan|ineqsudx_scan_solver:solver|state.PICK_ROWS
    Info (332115): Data Arrival Time  :    25.972
    Info (332115): Data Required Time :     5.016
    Info (332115): Slack              :   -20.956 (VIOLATED)
    Info (332115): ===================================================================
Info (332115): Path #2: Setup slack is -20.956 (VIOLATED)
    Info (332115): ===================================================================
    Info (332115): From Node    : ineqsudx_scan:ineqsudx_scan|ineqsudx_scan_solver:solver|domain[65][5]
    Info (332115): To Node      : ineqsudx_scan:ineqsudx_scan|ineqsudx_scan_solver:solver|state.IDLE
    Info (332115): Launch Clock : clk
    Info (332115): Latch Clock  : clk
    Info (332115): Data Arrival Path:
    Info (332115): Total (ns)  Incr (ns)     Type  Element
    Info (332115): ==========  ========= ==  ====  ===================================
    Info (332115):      0.000      0.000           launch edge time
    Info (332115):      0.000      0.000           source latency
    Info (332115):      0.000      0.000           clk
    Info (332115):      0.000      0.000 RR    IC  clk~input|i
    Info (332115):      0.708      0.708 RR  CELL  clk~input|o
    Info (332115):      1.602      0.894 RR    IC  clk~inputclkctrl|inclk[0]
    Info (332115):      1.602      0.000 RR  CELL  clk~inputclkctrl|outclk
    Info (332115):      3.197      1.595 RR    IC  ineqsudx_scan|solver|domain[65][5]|clk
    Info (332115):      3.707      0.510 RR  CELL  ineqsudx_scan:ineqsudx_scan|ineqsudx_scan_solver:solver|domain[65][5]
    Info (332115):      3.914      0.207     uTco  ineqsudx_scan:ineqsudx_scan|ineqsudx_scan_solver:solver|domain[65][5]
    Info (332115):      3.914      0.000 RR  CELL  ineqsudx_scan|solver|domain[65][5]|q
    Info (332115):      6.071      2.157 RR    IC  ineqsudx_scan|solver|singleton[65]~391|dataa
    Info (332115):      6.510      0.439 RF  CELL  ineqsudx_scan|solver|singleton[65]~391|combout
    Info (332115):      6.753      0.243 FF    IC  ineqsudx_scan|solver|singleton[65]~392|datac
    Info (332115):      7.056      0.303 FF  CELL  ineqsudx_scan|solver|singleton[65]~392|combout
    Info (332115):      7.701      0.645 FF    IC  ineqsudx_scan|solver|singleton[65]~394|datad
    Info (332115):      7.832      0.131 FF  CELL  ineqsudx_scan|solver|singleton[65]~394|combout
    Info (332115):      9.871      2.039 FF    IC  ineqsudx_scan|solver|UNITS[24].values[5][7]~25|datad
    Info (332115):     10.002      0.131 FF  CELL  ineqsudx_scan|solver|UNITS[24].values[5][7]~25|combout
    Info (332115):     11.414      1.412 FF    IC  ineqsudx_scan|solver|comb~626|datad
    Info (332115):     11.575      0.161 FR  CELL  ineqsudx_scan|solver|comb~626|combout
    Info (332115):     13.679      2.104 RR    IC  ineqsudx_scan|solver|comb~1886|datad
    Info (332115):     13.845      0.166 RR  CELL  ineqsudx_scan|solver|comb~1886|combout
    Info (332115):     15.289      1.444 RR    IC  ineqsudx_scan|solver|comb~2506|datad
    Info (332115):     15.455      0.166 RR  CELL  ineqsudx_scan|solver|comb~2506|combout
    Info (332115):     16.794      1.339 RR    IC  ineqsudx_scan|solver|CELLS[47].peer_allowed[7]~8|datad
    Info (332115):     16.960      0.166 RR  CELL  ineqsudx_scan|solver|CELLS[47].peer_allowed[7]~8|combout
    Info (332115):     18.350      1.390 RR    IC  ineqsudx_scan|solver|next_domain[47][7]|datad
    Info (332115):     18.516      0.166 RR  CELL  ineqsudx_scan|solver|next_domain[47][7]|combout
    Info (332115):     19.235      0.719 RR    IC  ineqsudx_scan|solver|WideOr1163~347|datad
    Info (332115):     19.401      0.166 RR  CELL  ineqsudx_scan|solver|WideOr1163~347|combout
    Info (332115):     20.119      0.718 RR    IC  ineqsudx_scan|solver|WideOr1163~349|datad
    Info (332115):     20.285      0.166 RR  CELL  ineqsudx_scan|solver|WideOr1163~349|combout
    Info (332115):     21.268      0.983 RR    IC  ineqsudx_scan|solver|WideOr1163~360|datad
    Info (332115):     21.434      0.166 RR  CELL  ineqsudx_scan|solver|WideOr1163~360|combout
    Info (332115):     22.169      0.735 RR    IC  ineqsudx_scan|solver|WideOr1163~424|datad
    Info (332115):     22.335      0.166 RR  CELL  ineqsudx_scan|solver|WideOr1163~424|combout
    Info (332115):     23.991      1.656 RR    IC  ineqsudx_scan|solver|WideOr1163~483|datad
    Info (332115):     24.157      0.166 RR  CELL  ineqsudx_scan|solver|WideOr1163~483|combout
    Info (332115):     24.359      0.202 RR    IC  ineqsudx_scan|solver|Selector2844~0|datac
    Info (332115):     24.639      0.280 RF  CELL  ineqsudx_scan|solver|Selector2844~0|combout
    Info (332115):     24.941      0.302 FF    IC  ineqsudx_scan|solver|Selector2845~2|datad
    Info (332115):     25.102      0.161 FR  CELL  ineqsudx_scan|solver|Selector2845~2|combout
    Info (332115):     25.348      0.246 RR    IC  ineqsudx_scan|solver|state.IDLE|ena
    Info (332115):     25.972      0.624 RR  CELL  ineqsudx_scan:ineqsudx_scan|ineqsudx_scan_solver:solver|state.IDLE
    Info (332115): Data Required Path:
    Info (332115): Total (ns)  Incr (ns)     Type  Element
    Info (332115): ==========  ========= ==  ====  ===================================
    Info (332115):      1.000      1.000           latch edge time
    Info (332115):      1.000      0.000           source latency
    Info (332115):      1.000      0.000           clk
    Info (332115):      1.000      0.000 RR    IC  clk~input|i
    Info (332115):      1.708      0.708 RR  CELL  clk~input|o
    Info (332115):      2.566      0.858 RR    IC  clk~inputclkctrl|inclk[0]
    Info (332115):      2.566      0.000 RR  CELL  clk~inputclkctrl|outclk
    Info (332115):      4.485      1.919 RR    IC  ineqsudx_scan|solver|state.IDLE|clk
    Info (332115):      4.960      0.475 RR  CELL  ineqsudx_scan:ineqsudx_scan|ineqsudx_scan_solver:solver|state.IDLE
    Info (332115):      5.023      0.063           clock pessimism removed
    Info (332115):      5.003     -0.020           clock uncertainty
    Info (332115):      5.016      0.013     uTsu  ineqsudx_scan:ineqsudx_scan|ineqsudx_scan_solver:solver|state.IDLE
    Info (332115): Data Arrival Time  :    25.972
    Info (332115): Data Required Time :     5.016
    Info (332115): Slack              :   -20.956 (VIOLATED)
    Info (332115): ===================================================================
Info (332115): Path #3: Setup slack is -20.956 (VIOLATED)
    Info (332115): ===================================================================
    Info (332115): From Node    : ineqsudx_scan:ineqsudx_scan|ineqsudx_scan_solver:solver|domain[65][5]
    Info (332115): To Node      : ineqsudx_scan:ineqsudx_scan|ineqsudx_scan_solver:solver|state.FINISH_OK
    Info (332115): Launch Clock : clk
    Info (332115): Latch Clock  : clk
    Info (332115): Data Arrival Path:
    Info (332115): Total (ns)  Incr (ns)     Type  Element
    Info (332115): ==========  ========= ==  ====  ===================================
    Info (332115):      0.000      0.000           launch edge time
    Info (332115):      0.000      0.000           source latency
    Info (332115):      0.000      0.000           clk
    Info (332115):      0.000      0.000 RR    IC  clk~input|i
    Info (332115):      0.708      0.708 RR  CELL  clk~input|o
    Info (332115):      1.602      0.894 RR    IC  clk~inputclkctrl|inclk[0]
    Info (332115):      1.602      0.000 RR  CELL  clk~inputclkctrl|outclk
    Info (332115):      3.197      1.595 RR    IC  ineqsudx_scan|solver|domain[65][5]|clk
    Info (332115):      3.707      0.510 RR  CELL  ineqsudx_scan:ineqsudx_scan|ineqsudx_scan_solver:solver|domain[65][5]
    Info (332115):      3.914      0.207     uTco  ineqsudx_scan:ineqsudx_scan|ineqsudx_scan_solver:solver|domain[65][5]
    Info (332115):      3.914      0.000 RR  CELL  ineqsudx_scan|solver|domain[65][5]|q
    Info (332115):      6.071      2.157 RR    IC  ineqsudx_scan|solver|singleton[65]~391|dataa
    Info (332115):      6.510      0.439 RF  CELL  ineqsudx_scan|solver|singleton[65]~391|combout
    Info (332115):      6.753      0.243 FF    IC  ineqsudx_scan|solver|singleton[65]~392|datac
    Info (332115):      7.056      0.303 FF  CELL  ineqsudx_scan|solver|singleton[65]~392|combout
    Info (332115):      7.701      0.645 FF    IC  ineqsudx_scan|solver|singleton[65]~394|datad
    Info (332115):      7.832      0.131 FF  CELL  ineqsudx_scan|solver|singleton[65]~394|combout
    Info (332115):      9.871      2.039 FF    IC  ineqsudx_scan|solver|UNITS[24].values[5][7]~25|datad
    Info (332115):     10.002      0.131 FF  CELL  ineqsudx_scan|solver|UNITS[24].values[5][7]~25|combout
    Info (332115):     11.414      1.412 FF    IC  ineqsudx_scan|solver|comb~626|datad
    Info (332115):     11.575      0.161 FR  CELL  ineqsudx_scan|solver|comb~626|combout
    Info (332115):     13.679      2.104 RR    IC  ineqsudx_scan|solver|comb~1886|datad
    Info (332115):     13.845      0.166 RR  CELL  ineqsudx_scan|solver|comb~1886|combout
    Info (332115):     15.289      1.444 RR    IC  ineqsudx_scan|solver|comb~2506|datad
    Info (332115):     15.455      0.166 RR  CELL  ineqsudx_scan|solver|comb~2506|combout
    Info (332115):     16.794      1.339 RR    IC  ineqsudx_scan|solver|CELLS[47].peer_allowed[7]~8|datad
    Info (332115):     16.960      0.166 RR  CELL  ineqsudx_scan|solver|CELLS[47].peer_allowed[7]~8|combout
    Info (332115):     18.350      1.390 RR    IC  ineqsudx_scan|solver|next_domain[47][7]|datad
    Info (332115):     18.516      0.166 RR  CELL  ineqsudx_scan|solver|next_domain[47][7]|combout
    Info (332115):     19.235      0.719 RR    IC  ineqsudx_scan|solver|WideOr1163~347|datad
    Info (332115):     19.401      0.166 RR  CELL  ineqsudx_scan|solver|WideOr1163~347|combout
    Info (332115):     20.119      0.718 RR    IC  ineqsudx_scan|solver|WideOr1163~349|datad
    Info (332115):     20.285      0.166 RR  CELL  ineqsudx_scan|solver|WideOr1163~349|combout
    Info (332115):     21.268      0.983 RR    IC  ineqsudx_scan|solver|WideOr1163~360|datad
    Info (332115):     21.434      0.166 RR  CELL  ineqsudx_scan|solver|WideOr1163~360|combout
    Info (332115):     22.169      0.735 RR    IC  ineqsudx_scan|solver|WideOr1163~424|datad
    Info (332115):     22.335      0.166 RR  CELL  ineqsudx_scan|solver|WideOr1163~424|combout
    Info (332115):     23.991      1.656 RR    IC  ineqsudx_scan|solver|WideOr1163~483|datad
    Info (332115):     24.157      0.166 RR  CELL  ineqsudx_scan|solver|WideOr1163~483|combout
    Info (332115):     24.359      0.202 RR    IC  ineqsudx_scan|solver|Selector2844~0|datac
    Info (332115):     24.639      0.280 RF  CELL  ineqsudx_scan|solver|Selector2844~0|combout
    Info (332115):     24.941      0.302 FF    IC  ineqsudx_scan|solver|Selector2845~2|datad
    Info (332115):     25.102      0.161 FR  CELL  ineqsudx_scan|solver|Selector2845~2|combout
    Info (332115):     25.348      0.246 RR    IC  ineqsudx_scan|solver|state.FINISH_OK|ena
    Info (332115):     25.972      0.624 RR  CELL  ineqsudx_scan:ineqsudx_scan|ineqsudx_scan_solver:solver|state.FINISH_OK
    Info (332115): Data Required Path:
    Info (332115): Total (ns)  Incr (ns)     Type  Element
    Info (332115): ==========  ========= ==  ====  ===================================
    Info (332115):      1.000      1.000           latch edge time
    Info (332115):      1.000      0.000           source latency
    Info (332115):      1.000      0.000           clk
    Info (332115):      1.000      0.000 RR    IC  clk~input|i
    Info (332115):      1.708      0.708 RR  CELL  clk~input|o
    Info (332115):      2.566      0.858 RR    IC  clk~inputclkctrl|inclk[0]
    Info (332115):      2.566      0.000 RR  CELL  clk~inputclkctrl|outclk
    Info (332115):      4.485      1.919 RR    IC  ineqsudx_scan|solver|state.FINISH_OK|clk
    Info (332115):      4.960      0.475 RR  CELL  ineqsudx_scan:ineqsudx_scan|ineqsudx_scan_solver:solver|state.FINISH_OK
    Info (332115):      5.023      0.063           clock pessimism removed
    Info (332115):      5.003     -0.020           clock uncertainty
    Info (332115):      5.016      0.013     uTsu  ineqsudx_scan:ineqsudx_scan|ineqsudx_scan_solver:solver|state.FINISH_OK
    Info (332115): Data Arrival Time  :    25.972
    Info (332115): Data Required Time :     5.016
    Info (332115): Slack              :   -20.956 (VIOLATED)
    Info (332115): ===================================================================
Info (332115): Path #4: Setup slack is -20.955 (VIOLATED)
    Info (332115): ===================================================================
    Info (332115): From Node    : ineqsudx_scan:ineqsudx_scan|ineqsudx_scan_solver:solver|domain[56][0]
    Info (332115): To Node      : ineqsudx_scan:ineqsudx_scan|ineqsudx_scan_solver:solver|state.PICK_ROWS
    Info (332115): Launch Clock : clk
    Info (332115): Latch Clock  : clk
    Info (332115): Data Arrival Path:
    Info (332115): Total (ns)  Incr (ns)     Type  Element
    Info (332115): ==========  ========= ==  ====  ===================================
    Info (332115):      0.000      0.000           launch edge time
    Info (332115):      0.000      0.000           source latency
    Info (332115):      0.000      0.000           clk
    Info (332115):      0.000      0.000 RR    IC  clk~input|i
    Info (332115):      0.708      0.708 RR  CELL  clk~input|o
    Info (332115):      1.602      0.894 RR    IC  clk~inputclkctrl|inclk[0]
    Info (332115):      1.602      0.000 RR  CELL  clk~inputclkctrl|outclk
    Info (332115):      3.140      1.538 RR    IC  ineqsudx_scan|solver|domain[56][0]|clk
    Info (332115):      3.650      0.510 RR  CELL  ineqsudx_scan:ineqsudx_scan|ineqsudx_scan_solver:solver|domain[56][0]
    Info (332115):      3.857      0.207     uTco  ineqsudx_scan:ineqsudx_scan|ineqsudx_scan_solver:solver|domain[56][0]
    Info (332115):      3.857      0.000 FF  CELL  ineqsudx_scan|solver|domain[56][0]|q
    Info (332115):      6.783      2.926 FF    IC  ineqsudx_scan|solver|singleton[56]~386|datab
    Info (332115):      7.176      0.393 FF  CELL  ineqsudx_scan|solver|singleton[56]~386|combout
    Info (332115):      7.465      0.289 FF    IC  ineqsudx_scan|solver|singleton[56]~388|datad
    Info (332115):      7.596      0.131 FF  CELL  ineqsudx_scan|solver|singleton[56]~388|combout
    Info (332115):      9.546      1.950 FF    IC  ineqsudx_scan|solver|UNITS[24].values[2][7]~24|datad
    Info (332115):      9.677      0.131 FF  CELL  ineqsudx_scan|solver|UNITS[24].values[2][7]~24|combout
    Info (332115):     11.295      1.618 FF    IC  ineqsudx_scan|solver|comb~626|datac
    Info (332115):     11.574      0.279 FR  CELL  ineqsudx_scan|solver|comb~626|combout
    Info (332115):     13.678      2.104 RR    IC  ineqsudx_scan|solver|comb~1886|datad
    Info (332115):     13.844      0.166 RR  CELL  ineqsudx_scan|solver|comb~1886|combout
    Info (332115):     15.288      1.444 RR    IC  ineqsudx_scan|solver|comb~2506|datad
    Info (332115):     15.454      0.166 RR  CELL  ineqsudx_scan|solver|comb~2506|combout
    Info (332115):     16.793      1.339 RR    IC  ineqsudx_scan|solver|CELLS[47].peer_allowed[7]~8|datad
    Info (332115):     16.959      0.166 RR  CELL  ineqsudx_scan|solver|CELLS[47].peer_allowed[7]~8|combout
    Info (332115):     18.349      1.390 RR    IC  ineqsudx_scan|solver|next_domain[47][7]|datad
    Info (332115):     18.515      0.166 RR  CELL  ineqsudx_scan|solver|next_domain[47][7]|combout
    Info (332115):     19.234      0.719 RR    IC  ineqsudx_scan|solver|WideOr1163~347|datad
    Info (332115):     19.400      0.166 RR  CELL  ineqsudx_scan|solver|WideOr1163~347|combout
    Info (332115):     20.118      0.718 RR    IC  ineqsudx_scan|solver|WideOr1163~349|datad
    Info (332115):     20.284      0.166 RR  CELL  ineqsudx_scan|solver|WideOr1163~349|combout
    Info (332115):     21.267      0.983 RR    IC  ineqsudx_scan|solver|WideOr1163~360|datad
    Info (332115):     21.433      0.166 RR  CELL  ineqsudx_scan|solver|WideOr1163~360|combout
    Info (332115):     22.168      0.735 RR    IC  ineqsudx_scan|solver|WideOr1163~424|datad
    Info (332115):     22.334      0.166 RR  CELL  ineqsudx_scan|solver|WideOr1163~424|combout
    Info (332115):     23.990      1.656 RR    IC  ineqsudx_scan|solver|WideOr1163~483|datad
    Info (332115):     24.156      0.166 RR  CELL  ineqsudx_scan|solver|WideOr1163~483|combout
    Info (332115):     24.358      0.202 RR    IC  ineqsudx_scan|solver|Selector2844~0|datac
    Info (332115):     24.638      0.280 RF  CELL  ineqsudx_scan|solver|Selector2844~0|combout
    Info (332115):     24.940      0.302 FF    IC  ineqsudx_scan|solver|Selector2845~2|datad
    Info (332115):     25.101      0.161 FR  CELL  ineqsudx_scan|solver|Selector2845~2|combout
    Info (332115):     25.347      0.246 RR    IC  ineqsudx_scan|solver|state.PICK_ROWS|ena
    Info (332115):     25.971      0.624 RR  CELL  ineqsudx_scan:ineqsudx_scan|ineqsudx_scan_solver:solver|state.PICK_ROWS
    Info (332115): Data Required Path:
    Info (332115): Total (ns)  Incr (ns)     Type  Element
    Info (332115): ==========  ========= ==  ====  ===================================
    Info (332115):      1.000      1.000           latch edge time
    Info (332115):      1.000      0.000           source latency
    Info (332115):      1.000      0.000           clk
    Info (332115):      1.000      0.000 RR    IC  clk~input|i
    Info (332115):      1.708      0.708 RR  CELL  clk~input|o
    Info (332115):      2.566      0.858 RR    IC  clk~inputclkctrl|inclk[0]
    Info (332115):      2.566      0.000 RR  CELL  clk~inputclkctrl|outclk
    Info (332115):      4.485      1.919 RR    IC  ineqsudx_scan|solver|state.PICK_ROWS|clk
    Info (332115):      4.960      0.475 RR  CELL  ineqsudx_scan:ineqsudx_scan|ineqsudx_scan_solver:solver|state.PICK_ROWS
    Info (332115):      5.023      0.063           clock pessimism removed
    Info (332115):      5.003     -0.020           clock uncertainty
    Info (332115):      5.016      0.013     uTsu  ineqsudx_scan:ineqsudx_scan|ineqsudx_scan_solver:solver|state.PICK_ROWS
    Info (332115): Data Arrival Time  :    25.971
    Info (332115): Data Required Time :     5.016
    Info (332115): Slack              :   -20.955 (VIOLATED)
    Info (332115): ===================================================================
Info (332115): Path #5: Setup slack is -20.955 (VIOLATED)
    Info (332115): ===================================================================
    Info (332115): From Node    : ineqsudx_scan:ineqsudx_scan|ineqsudx_scan_solver:solver|domain[56][0]
    Info (332115): To Node      : ineqsudx_scan:ineqsudx_scan|ineqsudx_scan_solver:solver|state.IDLE
    Info (332115): Launch Clock : clk
    Info (332115): Latch Clock  : clk
    Info (332115): Data Arrival Path:
    Info (332115): Total (ns)  Incr (ns)     Type  Element
    Info (332115): ==========  ========= ==  ====  ===================================
    Info (332115):      0.000      0.000           launch edge time
    Info (332115):      0.000      0.000           source latency
    Info (332115):      0.000      0.000           clk
    Info (332115):      0.000      0.000 RR    IC  clk~input|i
    Info (332115):      0.708      0.708 RR  CELL  clk~input|o
    Info (332115):      1.602      0.894 RR    IC  clk~inputclkctrl|inclk[0]
    Info (332115):      1.602      0.000 RR  CELL  clk~inputclkctrl|outclk
    Info (332115):      3.140      1.538 RR    IC  ineqsudx_scan|solver|domain[56][0]|clk
    Info (332115):      3.650      0.510 RR  CELL  ineqsudx_scan:ineqsudx_scan|ineqsudx_scan_solver:solver|domain[56][0]
    Info (332115):      3.857      0.207     uTco  ineqsudx_scan:ineqsudx_scan|ineqsudx_scan_solver:solver|domain[56][0]
    Info (332115):      3.857      0.000 FF  CELL  ineqsudx_scan|solver|domain[56][0]|q
    Info (332115):      6.783      2.926 FF    IC  ineqsudx_scan|solver|singleton[56]~386|datab
    Info (332115):      7.176      0.393 FF  CELL  ineqsudx_scan|solver|singleton[56]~386|combout
    Info (332115):      7.465      0.289 FF    IC  ineqsudx_scan|solver|singleton[56]~388|datad
    Info (332115):      7.596      0.131 FF  CELL  ineqsudx_scan|solver|singleton[56]~388|combout
    Info (332115):      9.546      1.950 FF    IC  ineqsudx_scan|solver|UNITS[24].values[2][7]~24|datad
    Info (332115):      9.677      0.131 FF  CELL  ineqsudx_scan|solver|UNITS[24].values[2][7]~24|combout
    Info (332115):     11.295      1.618 FF    IC  ineqsudx_scan|solver|comb~626|datac
    Info (332115):     11.574      0.279 FR  CELL  ineqsudx_scan|solver|comb~626|combout
    Info (332115):     13.678      2.104 RR    IC  ineqsudx_scan|solver|comb~1886|datad
    Info (332115):     13.844      0.166 RR  CELL  ineqsudx_scan|solver|comb~1886|combout
    Info (332115):     15.288      1.444 RR    IC  ineqsudx_scan|solver|comb~2506|datad
    Info (332115):     15.454      0.166 RR  CELL  ineqsudx_scan|solver|comb~2506|combout
    Info (332115):     16.793      1.339 RR    IC  ineqsudx_scan|solver|CELLS[47].peer_allowed[7]~8|datad
    Info (332115):     16.959      0.166 RR  CELL  ineqsudx_scan|solver|CELLS[47].peer_allowed[7]~8|combout
    Info (332115):     18.349      1.390 RR    IC  ineqsudx_scan|solver|next_domain[47][7]|datad
    Info (332115):     18.515      0.166 RR  CELL  ineqsudx_scan|solver|next_domain[47][7]|combout
    Info (332115):     19.234      0.719 RR    IC  ineqsudx_scan|solver|WideOr1163~347|datad
    Info (332115):     19.400      0.166 RR  CELL  ineqsudx_scan|solver|WideOr1163~347|combout
    Info (332115):     20.118      0.718 RR    IC  ineqsudx_scan|solver|WideOr1163~349|datad
    Info (332115):     20.284      0.166 RR  CELL  ineqsudx_scan|solver|WideOr1163~349|combout
    Info (332115):     21.267      0.983 RR    IC  ineqsudx_scan|solver|WideOr1163~360|datad
    Info (332115):     21.433      0.166 RR  CELL  ineqsudx_scan|solver|WideOr1163~360|combout
    Info (332115):     22.168      0.735 RR    IC  ineqsudx_scan|solver|WideOr1163~424|datad
    Info (332115):     22.334      0.166 RR  CELL  ineqsudx_scan|solver|WideOr1163~424|combout
    Info (332115):     23.990      1.656 RR    IC  ineqsudx_scan|solver|WideOr1163~483|datad
    Info (332115):     24.156      0.166 RR  CELL  ineqsudx_scan|solver|WideOr1163~483|combout
    Info (332115):     24.358      0.202 RR    IC  ineqsudx_scan|solver|Selector2844~0|datac
    Info (332115):     24.638      0.280 RF  CELL  ineqsudx_scan|solver|Selector2844~0|combout
    Info (332115):     24.940      0.302 FF    IC  ineqsudx_scan|solver|Selector2845~2|datad
    Info (332115):     25.101      0.161 FR  CELL  ineqsudx_scan|solver|Selector2845~2|combout
    Info (332115):     25.347      0.246 RR    IC  ineqsudx_scan|solver|state.IDLE|ena
    Info (332115):     25.971      0.624 RR  CELL  ineqsudx_scan:ineqsudx_scan|ineqsudx_scan_solver:solver|state.IDLE
    Info (332115): Data Required Path:
    Info (332115): Total (ns)  Incr (ns)     Type  Element
    Info (332115): ==========  ========= ==  ====  ===================================
    Info (332115):      1.000      1.000           latch edge time
    Info (332115):      1.000      0.000           source latency
    Info (332115):      1.000      0.000           clk
    Info (332115):      1.000      0.000 RR    IC  clk~input|i
    Info (332115):      1.708      0.708 RR  CELL  clk~input|o
    Info (332115):      2.566      0.858 RR    IC  clk~inputclkctrl|inclk[0]
    Info (332115):      2.566      0.000 RR  CELL  clk~inputclkctrl|outclk
    Info (332115):      4.485      1.919 RR    IC  ineqsudx_scan|solver|state.IDLE|clk
    Info (332115):      4.960      0.475 RR  CELL  ineqsudx_scan:ineqsudx_scan|ineqsudx_scan_solver:solver|state.IDLE
    Info (332115):      5.023      0.063           clock pessimism removed
    Info (332115):      5.003     -0.020           clock uncertainty
    Info (332115):      5.016      0.013     uTsu  ineqsudx_scan:ineqsudx_scan|ineqsudx_scan_solver:solver|state.IDLE
    Info (332115): Data Arrival Time  :    25.971
    Info (332115): Data Required Time :     5.016
    Info (332115): Slack              :   -20.955 (VIOLATED)
    Info (332115): ===================================================================
Info (332115): Path #6: Setup slack is -20.955 (VIOLATED)
    Info (332115): ===================================================================
    Info (332115): From Node    : ineqsudx_scan:ineqsudx_scan|ineqsudx_scan_solver:solver|domain[56][0]
    Info (332115): To Node      : ineqsudx_scan:ineqsudx_scan|ineqsudx_scan_solver:solver|state.FINISH_OK
    Info (332115): Launch Clock : clk
    Info (332115): Latch Clock  : clk
    Info (332115): Data Arrival Path:
    Info (332115): Total (ns)  Incr (ns)     Type  Element
    Info (332115): ==========  ========= ==  ====  ===================================
    Info (332115):      0.000      0.000           launch edge time
    Info (332115):      0.000      0.000           source latency
    Info (332115):      0.000      0.000           clk
    Info (332115):      0.000      0.000 RR    IC  clk~input|i
    Info (332115):      0.708      0.708 RR  CELL  clk~input|o
    Info (332115):      1.602      0.894 RR    IC  clk~inputclkctrl|inclk[0]
    Info (332115):      1.602      0.000 RR  CELL  clk~inputclkctrl|outclk
    Info (332115):      3.140      1.538 RR    IC  ineqsudx_scan|solver|domain[56][0]|clk
    Info (332115):      3.650      0.510 RR  CELL  ineqsudx_scan:ineqsudx_scan|ineqsudx_scan_solver:solver|domain[56][0]
    Info (332115):      3.857      0.207     uTco  ineqsudx_scan:ineqsudx_scan|ineqsudx_scan_solver:solver|domain[56][0]
    Info (332115):      3.857      0.000 FF  CELL  ineqsudx_scan|solver|domain[56][0]|q
    Info (332115):      6.783      2.926 FF    IC  ineqsudx_scan|solver|singleton[56]~386|datab
    Info (332115):      7.176      0.393 FF  CELL  ineqsudx_scan|solver|singleton[56]~386|combout
    Info (332115):      7.465      0.289 FF    IC  ineqsudx_scan|solver|singleton[56]~388|datad
    Info (332115):      7.596      0.131 FF  CELL  ineqsudx_scan|solver|singleton[56]~388|combout
    Info (332115):      9.546      1.950 FF    IC  ineqsudx_scan|solver|UNITS[24].values[2][7]~24|datad
    Info (332115):      9.677      0.131 FF  CELL  ineqsudx_scan|solver|UNITS[24].values[2][7]~24|combout
    Info (332115):     11.295      1.618 FF    IC  ineqsudx_scan|solver|comb~626|datac
    Info (332115):     11.574      0.279 FR  CELL  ineqsudx_scan|solver|comb~626|combout
    Info (332115):     13.678      2.104 RR    IC  ineqsudx_scan|solver|comb~1886|datad
    Info (332115):     13.844      0.166 RR  CELL  ineqsudx_scan|solver|comb~1886|combout
    Info (332115):     15.288      1.444 RR    IC  ineqsudx_scan|solver|comb~2506|datad
    Info (332115):     15.454      0.166 RR  CELL  ineqsudx_scan|solver|comb~2506|combout
    Info (332115):     16.793      1.339 RR    IC  ineqsudx_scan|solver|CELLS[47].peer_allowed[7]~8|datad
    Info (332115):     16.959      0.166 RR  CELL  ineqsudx_scan|solver|CELLS[47].peer_allowed[7]~8|combout
    Info (332115):     18.349      1.390 RR    IC  ineqsudx_scan|solver|next_domain[47][7]|datad
    Info (332115):     18.515      0.166 RR  CELL  ineqsudx_scan|solver|next_domain[47][7]|combout
    Info (332115):     19.234      0.719 RR    IC  ineqsudx_scan|solver|WideOr1163~347|datad
    Info (332115):     19.400      0.166 RR  CELL  ineqsudx_scan|solver|WideOr1163~347|combout
    Info (332115):     20.118      0.718 RR    IC  ineqsudx_scan|solver|WideOr1163~349|datad
    Info (332115):     20.284      0.166 RR  CELL  ineqsudx_scan|solver|WideOr1163~349|combout
    Info (332115):     21.267      0.983 RR    IC  ineqsudx_scan|solver|WideOr1163~360|datad
    Info (332115):     21.433      0.166 RR  CELL  ineqsudx_scan|solver|WideOr1163~360|combout
    Info (332115):     22.168      0.735 RR    IC  ineqsudx_scan|solver|WideOr1163~424|datad
    Info (332115):     22.334      0.166 RR  CELL  ineqsudx_scan|solver|WideOr1163~424|combout
    Info (332115):     23.990      1.656 RR    IC  ineqsudx_scan|solver|WideOr1163~483|datad
    Info (332115):     24.156      0.166 RR  CELL  ineqsudx_scan|solver|WideOr1163~483|combout
    Info (332115):     24.358      0.202 RR    IC  ineqsudx_scan|solver|Selector2844~0|datac
    Info (332115):     24.638      0.280 RF  CELL  ineqsudx_scan|solver|Selector2844~0|combout
    Info (332115):     24.940      0.302 FF    IC  ineqsudx_scan|solver|Selector2845~2|datad
    Info (332115):     25.101      0.161 FR  CELL  ineqsudx_scan|solver|Selector2845~2|combout
    Info (332115):     25.347      0.246 RR    IC  ineqsudx_scan|solver|state.FINISH_OK|ena
    Info (332115):     25.971      0.624 RR  CELL  ineqsudx_scan:ineqsudx_scan|ineqsudx_scan_solver:solver|state.FINISH_OK
    Info (332115): Data Required Path:
    Info (332115): Total (ns)  Incr (ns)     Type  Element
    Info (332115): ==========  ========= ==  ====  ===================================
    Info (332115):      1.000      1.000           latch edge time
    Info (332115):      1.000      0.000           source latency
    Info (332115):      1.000      0.000           clk
    Info (332115):      1.000      0.000 RR    IC  clk~input|i
    Info (332115):      1.708      0.708 RR  CELL  clk~input|o
    Info (332115):      2.566      0.858 RR    IC  clk~inputclkctrl|inclk[0]
    Info (332115):      2.566      0.000 RR  CELL  clk~inputclkctrl|outclk
    Info (332115):      4.485      1.919 RR    IC  ineqsudx_scan|solver|state.FINISH_OK|clk
    Info (332115):      4.960      0.475 RR  CELL  ineqsudx_scan:ineqsudx_scan|ineqsudx_scan_solver:solver|state.FINISH_OK
    Info (332115):      5.023      0.063           clock pessimism removed
    Info (332115):      5.003     -0.020           clock uncertainty
    Info (332115):      5.016      0.013     uTsu  ineqsudx_scan:ineqsudx_scan|ineqsudx_scan_solver:solver|state.FINISH_OK
    Info (332115): Data Arrival Time  :    25.971
    Info (332115): Data Required Time :     5.016
    Info (332115): Slack              :   -20.955 (VIOLATED)
    Info (332115): ===================================================================
Info (332115): Path #7: Setup slack is -20.889 (VIOLATED)
    Info (332115): ===================================================================
    Info (332115): From Node    : ineqsudx_scan:ineqsudx_scan|ineqsudx_scan_solver:solver|domain[65][5]
    Info (332115): To Node      : ineqsudx_scan:ineqsudx_scan|ineqsudx_scan_solver:solver|state.PICK_ROWS
    Info (332115): Launch Clock : clk
    Info (332115): Latch Clock  : clk
    Info (332115): Data Arrival Path:
    Info (332115): Total (ns)  Incr (ns)     Type  Element
    Info (332115): ==========  ========= ==  ====  ===================================
    Info (332115):      0.000      0.000           launch edge time
    Info (332115):      0.000      0.000           source latency
    Info (332115):      0.000      0.000           clk
    Info (332115):      0.000      0.000 RR    IC  clk~input|i
    Info (332115):      0.708      0.708 RR  CELL  clk~input|o
    Info (332115):      1.602      0.894 RR    IC  clk~inputclkctrl|inclk[0]
    Info (332115):      1.602      0.000 RR  CELL  clk~inputclkctrl|outclk
    Info (332115):      3.197      1.595 RR    IC  ineqsudx_scan|solver|domain[65][5]|clk
    Info (332115):      3.707      0.510 RR  CELL  ineqsudx_scan:ineqsudx_scan|ineqsudx_scan_solver:solver|domain[65][5]
    Info (332115):      3.914      0.207     uTco  ineqsudx_scan:ineqsudx_scan|ineqsudx_scan_solver:solver|domain[65][5]
    Info (332115):      3.914      0.000 RR  CELL  ineqsudx_scan|solver|domain[65][5]|q
    Info (332115):      6.032      2.118 RR    IC  ineqsudx_scan|solver|singleton[65]~390|datac
    Info (332115):      6.312      0.280 RF  CELL  ineqsudx_scan|solver|singleton[65]~390|combout
    Info (332115):      6.633      0.321 FF    IC  ineqsudx_scan|solver|singleton[65]~392|datab
    Info (332115):      6.989      0.356 FF  CELL  ineqsudx_scan|solver|singleton[65]~392|combout
    Info (332115):      7.634      0.645 FF    IC  ineqsudx_scan|solver|singleton[65]~394|datad
    Info (332115):      7.765      0.131 FF  CELL  ineqsudx_scan|solver|singleton[65]~394|combout
    Info (332115):      9.804      2.039 FF    IC  ineqsudx_scan|solver|UNITS[24].values[5][7]~25|datad
    Info (332115):      9.935      0.131 FF  CELL  ineqsudx_scan|solver|UNITS[24].values[5][7]~25|combout
    Info (332115):     11.347      1.412 FF    IC  ineqsudx_scan|solver|comb~626|datad
    Info (332115):     11.508      0.161 FR  CELL  ineqsudx_scan|solver|comb~626|combout
    Info (332115):     13.612      2.104 RR    IC  ineqsudx_scan|solver|comb~1886|datad
    Info (332115):     13.778      0.166 RR  CELL  ineqsudx_scan|solver|comb~1886|combout
    Info (332115):     15.222      1.444 RR    IC  ineqsudx_scan|solver|comb~2506|datad
    Info (332115):     15.388      0.166 RR  CELL  ineqsudx_scan|solver|comb~2506|combout
    Info (332115):     16.727      1.339 RR    IC  ineqsudx_scan|solver|CELLS[47].peer_allowed[7]~8|datad
    Info (332115):     16.893      0.166 RR  CELL  ineqsudx_scan|solver|CELLS[47].peer_allowed[7]~8|combout
    Info (332115):     18.283      1.390 RR    IC  ineqsudx_scan|solver|next_domain[47][7]|datad
    Info (332115):     18.449      0.166 RR  CELL  ineqsudx_scan|solver|next_domain[47][7]|combout
    Info (332115):     19.168      0.719 RR    IC  ineqsudx_scan|solver|WideOr1163~347|datad
    Info (332115):     19.334      0.166 RR  CELL  ineqsudx_scan|solver|WideOr1163~347|combout
    Info (332115):     20.052      0.718 RR    IC  ineqsudx_scan|solver|WideOr1163~349|datad
    Info (332115):     20.218      0.166 RR  CELL  ineqsudx_scan|solver|WideOr1163~349|combout
    Info (332115):     21.201      0.983 RR    IC  ineqsudx_scan|solver|WideOr1163~360|datad
    Info (332115):     21.367      0.166 RR  CELL  ineqsudx_scan|solver|WideOr1163~360|combout
    Info (332115):     22.102      0.735 RR    IC  ineqsudx_scan|solver|WideOr1163~424|datad
    Info (332115):     22.268      0.166 RR  CELL  ineqsudx_scan|solver|WideOr1163~424|combout
    Info (332115):     23.924      1.656 RR    IC  ineqsudx_scan|solver|WideOr1163~483|datad
    Info (332115):     24.090      0.166 RR  CELL  ineqsudx_scan|solver|WideOr1163~483|combout
    Info (332115):     24.292      0.202 RR    IC  ineqsudx_scan|solver|Selector2844~0|datac
    Info (332115):     24.572      0.280 RF  CELL  ineqsudx_scan|solver|Selector2844~0|combout
    Info (332115):     24.874      0.302 FF    IC  ineqsudx_scan|solver|Selector2845~2|datad
    Info (332115):     25.035      0.161 FR  CELL  ineqsudx_scan|solver|Selector2845~2|combout
    Info (332115):     25.281      0.246 RR    IC  ineqsudx_scan|solver|state.PICK_ROWS|ena
    Info (332115):     25.905      0.624 RR  CELL  ineqsudx_scan:ineqsudx_scan|ineqsudx_scan_solver:solver|state.PICK_ROWS
    Info (332115): Data Required Path:
    Info (332115): Total (ns)  Incr (ns)     Type  Element
    Info (332115): ==========  ========= ==  ====  ===================================
    Info (332115):      1.000      1.000           latch edge time
    Info (332115):      1.000      0.000           source latency
    Info (332115):      1.000      0.000           clk
    Info (332115):      1.000      0.000 RR    IC  clk~input|i
    Info (332115):      1.708      0.708 RR  CELL  clk~input|o
    Info (332115):      2.566      0.858 RR    IC  clk~inputclkctrl|inclk[0]
    Info (332115):      2.566      0.000 RR  CELL  clk~inputclkctrl|outclk
    Info (332115):      4.485      1.919 RR    IC  ineqsudx_scan|solver|state.PICK_ROWS|clk
    Info (332115):      4.960      0.475 RR  CELL  ineqsudx_scan:ineqsudx_scan|ineqsudx_scan_solver:solver|state.PICK_ROWS
    Info (332115):      5.023      0.063           clock pessimism removed
    Info (332115):      5.003     -0.020           clock uncertainty
    Info (332115):      5.016      0.013     uTsu  ineqsudx_scan:ineqsudx_scan|ineqsudx_scan_solver:solver|state.PICK_ROWS
    Info (332115): Data Arrival Time  :    25.905
    Info (332115): Data Required Time :     5.016
    Info (332115): Slack              :   -20.889 (VIOLATED)
    Info (332115): ===================================================================
Info (332115): Path #8: Setup slack is -20.889 (VIOLATED)
    Info (332115): ===================================================================
    Info (332115): From Node    : ineqsudx_scan:ineqsudx_scan|ineqsudx_scan_solver:solver|domain[65][5]
    Info (332115): To Node      : ineqsudx_scan:ineqsudx_scan|ineqsudx_scan_solver:solver|state.IDLE
    Info (332115): Launch Clock : clk
    Info (332115): Latch Clock  : clk
    Info (332115): Data Arrival Path:
    Info (332115): Total (ns)  Incr (ns)     Type  Element
    Info (332115): ==========  ========= ==  ====  ===================================
    Info (332115):      0.000      0.000           launch edge time
    Info (332115):      0.000      0.000           source latency
    Info (332115):      0.000      0.000           clk
    Info (332115):      0.000      0.000 RR    IC  clk~input|i
    Info (332115):      0.708      0.708 RR  CELL  clk~input|o
    Info (332115):      1.602      0.894 RR    IC  clk~inputclkctrl|inclk[0]
    Info (332115):      1.602      0.000 RR  CELL  clk~inputclkctrl|outclk
    Info (332115):      3.197      1.595 RR    IC  ineqsudx_scan|solver|domain[65][5]|clk
    Info (332115):      3.707      0.510 RR  CELL  ineqsudx_scan:ineqsudx_scan|ineqsudx_scan_solver:solver|domain[65][5]
    Info (332115):      3.914      0.207     uTco  ineqsudx_scan:ineqsudx_scan|ineqsudx_scan_solver:solver|domain[65][5]
    Info (332115):      3.914      0.000 RR  CELL  ineqsudx_scan|solver|domain[65][5]|q
    Info (332115):      6.032      2.118 RR    IC  ineqsudx_scan|solver|singleton[65]~390|datac
    Info (332115):      6.312      0.280 RF  CELL  ineqsudx_scan|solver|singleton[65]~390|combout
    Info (332115):      6.633      0.321 FF    IC  ineqsudx_scan|solver|singleton[65]~392|datab
    Info (332115):      6.989      0.356 FF  CELL  ineqsudx_scan|solver|singleton[65]~392|combout
    Info (332115):      7.634      0.645 FF    IC  ineqsudx_scan|solver|singleton[65]~394|datad
    Info (332115):      7.765      0.131 FF  CELL  ineqsudx_scan|solver|singleton[65]~394|combout
    Info (332115):      9.804      2.039 FF    IC  ineqsudx_scan|solver|UNITS[24].values[5][7]~25|datad
    Info (332115):      9.935      0.131 FF  CELL  ineqsudx_scan|solver|UNITS[24].values[5][7]~25|combout
    Info (332115):     11.347      1.412 FF    IC  ineqsudx_scan|solver|comb~626|datad
    Info (332115):     11.508      0.161 FR  CELL  ineqsudx_scan|solver|comb~626|combout
    Info (332115):     13.612      2.104 RR    IC  ineqsudx_scan|solver|comb~1886|datad
    Info (332115):     13.778      0.166 RR  CELL  ineqsudx_scan|solver|comb~1886|combout
    Info (332115):     15.222      1.444 RR    IC  ineqsudx_scan|solver|comb~2506|datad
    Info (332115):     15.388      0.166 RR  CELL  ineqsudx_scan|solver|comb~2506|combout
    Info (332115):     16.727      1.339 RR    IC  ineqsudx_scan|solver|CELLS[47].peer_allowed[7]~8|datad
    Info (332115):     16.893      0.166 RR  CELL  ineqsudx_scan|solver|CELLS[47].peer_allowed[7]~8|combout
    Info (332115):     18.283      1.390 RR    IC  ineqsudx_scan|solver|next_domain[47][7]|datad
    Info (332115):     18.449      0.166 RR  CELL  ineqsudx_scan|solver|next_domain[47][7]|combout
    Info (332115):     19.168      0.719 RR    IC  ineqsudx_scan|solver|WideOr1163~347|datad
    Info (332115):     19.334      0.166 RR  CELL  ineqsudx_scan|solver|WideOr1163~347|combout
    Info (332115):     20.052      0.718 RR    IC  ineqsudx_scan|solver|WideOr1163~349|datad
    Info (332115):     20.218      0.166 RR  CELL  ineqsudx_scan|solver|WideOr1163~349|combout
    Info (332115):     21.201      0.983 RR    IC  ineqsudx_scan|solver|WideOr1163~360|datad
    Info (332115):     21.367      0.166 RR  CELL  ineqsudx_scan|solver|WideOr1163~360|combout
    Info (332115):     22.102      0.735 RR    IC  ineqsudx_scan|solver|WideOr1163~424|datad
    Info (332115):     22.268      0.166 RR  CELL  ineqsudx_scan|solver|WideOr1163~424|combout
    Info (332115):     23.924      1.656 RR    IC  ineqsudx_scan|solver|WideOr1163~483|datad
    Info (332115):     24.090      0.166 RR  CELL  ineqsudx_scan|solver|WideOr1163~483|combout
    Info (332115):     24.292      0.202 RR    IC  ineqsudx_scan|solver|Selector2844~0|datac
    Info (332115):     24.572      0.280 RF  CELL  ineqsudx_scan|solver|Selector2844~0|combout
    Info (332115):     24.874      0.302 FF    IC  ineqsudx_scan|solver|Selector2845~2|datad
    Info (332115):     25.035      0.161 FR  CELL  ineqsudx_scan|solver|Selector2845~2|combout
    Info (332115):     25.281      0.246 RR    IC  ineqsudx_scan|solver|state.IDLE|ena
    Info (332115):     25.905      0.624 RR  CELL  ineqsudx_scan:ineqsudx_scan|ineqsudx_scan_solver:solver|state.IDLE
    Info (332115): Data Required Path:
    Info (332115): Total (ns)  Incr (ns)     Type  Element
    Info (332115): ==========  ========= ==  ====  ===================================
    Info (332115):      1.000      1.000           latch edge time
    Info (332115):      1.000      0.000           source latency
    Info (332115):      1.000      0.000           clk
    Info (332115):      1.000      0.000 RR    IC  clk~input|i
    Info (332115):      1.708      0.708 RR  CELL  clk~input|o
    Info (332115):      2.566      0.858 RR    IC  clk~inputclkctrl|inclk[0]
    Info (332115):      2.566      0.000 RR  CELL  clk~inputclkctrl|outclk
    Info (332115):      4.485      1.919 RR    IC  ineqsudx_scan|solver|state.IDLE|clk
    Info (332115):      4.960      0.475 RR  CELL  ineqsudx_scan:ineqsudx_scan|ineqsudx_scan_solver:solver|state.IDLE
    Info (332115):      5.023      0.063           clock pessimism removed
    Info (332115):      5.003     -0.020           clock uncertainty
    Info (332115):      5.016      0.013     uTsu  ineqsudx_scan:ineqsudx_scan|ineqsudx_scan_solver:solver|state.IDLE
    Info (332115): Data Arrival Time  :    25.905
    Info (332115): Data Required Time :     5.016
    Info (332115): Slack              :   -20.889 (VIOLATED)
    Info (332115): ===================================================================
Info (332115): Path #9: Setup slack is -20.889 (VIOLATED)
    Info (332115): ===================================================================
    Info (332115): From Node    : ineqsudx_scan:ineqsudx_scan|ineqsudx_scan_solver:solver|domain[65][5]
    Info (332115): To Node      : ineqsudx_scan:ineqsudx_scan|ineqsudx_scan_solver:solver|state.FINISH_OK
    Info (332115): Launch Clock : clk
    Info (332115): Latch Clock  : clk
    Info (332115): Data Arrival Path:
    Info (332115): Total (ns)  Incr (ns)     Type  Element
    Info (332115): ==========  ========= ==  ====  ===================================
    Info (332115):      0.000      0.000           launch edge time
    Info (332115):      0.000      0.000           source latency
    Info (332115):      0.000      0.000           clk
    Info (332115):      0.000      0.000 RR    IC  clk~input|i
    Info (332115):      0.708      0.708 RR  CELL  clk~input|o
    Info (332115):      1.602      0.894 RR    IC  clk~inputclkctrl|inclk[0]
    Info (332115):      1.602      0.000 RR  CELL  clk~inputclkctrl|outclk
    Info (332115):      3.197      1.595 RR    IC  ineqsudx_scan|solver|domain[65][5]|clk
    Info (332115):      3.707      0.510 RR  CELL  ineqsudx_scan:ineqsudx_scan|ineqsudx_scan_solver:solver|domain[65][5]
    Info (332115):      3.914      0.207     uTco  ineqsudx_scan:ineqsudx_scan|ineqsudx_scan_solver:solver|domain[65][5]
    Info (332115):      3.914      0.000 RR  CELL  ineqsudx_scan|solver|domain[65][5]|q
    Info (332115):      6.032      2.118 RR    IC  ineqsudx_scan|solver|singleton[65]~390|datac
    Info (332115):      6.312      0.280 RF  CELL  ineqsudx_scan|solver|singleton[65]~390|combout
    Info (332115):      6.633      0.321 FF    IC  ineqsudx_scan|solver|singleton[65]~392|datab
    Info (332115):      6.989      0.356 FF  CELL  ineqsudx_scan|solver|singleton[65]~392|combout
    Info (332115):      7.634      0.645 FF    IC  ineqsudx_scan|solver|singleton[65]~394|datad
    Info (332115):      7.765      0.131 FF  CELL  ineqsudx_scan|solver|singleton[65]~394|combout
    Info (332115):      9.804      2.039 FF    IC  ineqsudx_scan|solver|UNITS[24].values[5][7]~25|datad
    Info (332115):      9.935      0.131 FF  CELL  ineqsudx_scan|solver|UNITS[24].values[5][7]~25|combout
    Info (332115):     11.347      1.412 FF    IC  ineqsudx_scan|solver|comb~626|datad
    Info (332115):     11.508      0.161 FR  CELL  ineqsudx_scan|solver|comb~626|combout
    Info (332115):     13.612      2.104 RR    IC  ineqsudx_scan|solver|comb~1886|datad
    Info (332115):     13.778      0.166 RR  CELL  ineqsudx_scan|solver|comb~1886|combout
    Info (332115):     15.222      1.444 RR    IC  ineqsudx_scan|solver|comb~2506|datad
    Info (332115):     15.388      0.166 RR  CELL  ineqsudx_scan|solver|comb~2506|combout
    Info (332115):     16.727      1.339 RR    IC  ineqsudx_scan|solver|CELLS[47].peer_allowed[7]~8|datad
    Info (332115):     16.893      0.166 RR  CELL  ineqsudx_scan|solver|CELLS[47].peer_allowed[7]~8|combout
    Info (332115):     18.283      1.390 RR    IC  ineqsudx_scan|solver|next_domain[47][7]|datad
    Info (332115):     18.449      0.166 RR  CELL  ineqsudx_scan|solver|next_domain[47][7]|combout
    Info (332115):     19.168      0.719 RR    IC  ineqsudx_scan|solver|WideOr1163~347|datad
    Info (332115):     19.334      0.166 RR  CELL  ineqsudx_scan|solver|WideOr1163~347|combout
    Info (332115):     20.052      0.718 RR    IC  ineqsudx_scan|solver|WideOr1163~349|datad
    Info (332115):     20.218      0.166 RR  CELL  ineqsudx_scan|solver|WideOr1163~349|combout
    Info (332115):     21.201      0.983 RR    IC  ineqsudx_scan|solver|WideOr1163~360|datad
    Info (332115):     21.367      0.166 RR  CELL  ineqsudx_scan|solver|WideOr1163~360|combout
    Info (332115):     22.102      0.735 RR    IC  ineqsudx_scan|solver|WideOr1163~424|datad
    Info (332115):     22.268      0.166 RR  CELL  ineqsudx_scan|solver|WideOr1163~424|combout
    Info (332115):     23.924      1.656 RR    IC  ineqsudx_scan|solver|WideOr1163~483|datad
    Info (332115):     24.090      0.166 RR  CELL  ineqsudx_scan|solver|WideOr1163~483|combout
    Info (332115):     24.292      0.202 RR    IC  ineqsudx_scan|solver|Selector2844~0|datac
    Info (332115):     24.572      0.280 RF  CELL  ineqsudx_scan|solver|Selector2844~0|combout
    Info (332115):     24.874      0.302 FF    IC  ineqsudx_scan|solver|Selector2845~2|datad
    Info (332115):     25.035      0.161 FR  CELL  ineqsudx_scan|solver|Selector2845~2|combout
    Info (332115):     25.281      0.246 RR    IC  ineqsudx_scan|solver|state.FINISH_OK|ena
    Info (332115):     25.905      0.624 RR  CELL  ineqsudx_scan:ineqsudx_scan|ineqsudx_scan_solver:solver|state.FINISH_OK
    Info (332115): Data Required Path:
    Info (332115): Total (ns)  Incr (ns)     Type  Element
    Info (332115): ==========  ========= ==  ====  ===================================
    Info (332115):      1.000      1.000           latch edge time
    Info (332115):      1.000      0.000           source latency
    Info (332115):      1.000      0.000           clk
    Info (332115):      1.000      0.000 RR    IC  clk~input|i
    Info (332115):      1.708      0.708 RR  CELL  clk~input|o
    Info (332115):      2.566      0.858 RR    IC  clk~inputclkctrl|inclk[0]
    Info (332115):      2.566      0.000 RR  CELL  clk~inputclkctrl|outclk
    Info (332115):      4.485      1.919 RR    IC  ineqsudx_scan|solver|state.FINISH_OK|clk
    Info (332115):      4.960      0.475 RR  CELL  ineqsudx_scan:ineqsudx_scan|ineqsudx_scan_solver:solver|state.FINISH_OK
    Info (332115):      5.023      0.063           clock pessimism removed
    Info (332115):      5.003     -0.020           clock uncertainty
    Info (332115):      5.016      0.013     uTsu  ineqsudx_scan:ineqsudx_scan|ineqsudx_scan_solver:solver|state.FINISH_OK
    Info (332115): Data Arrival Time  :    25.905
    Info (332115): Data Required Time :     5.016
    Info (332115): Slack              :   -20.889 (VIOLATED)
    Info (332115): ===================================================================
Info (332115): Path #10: Setup slack is -20.889 (VIOLATED)
    Info (332115): ===================================================================
    Info (332115): From Node    : ineqsudx_scan:ineqsudx_scan|ineqsudx_scan_solver:solver|domain[56][7]
    Info (332115): To Node      : ineqsudx_scan:ineqsudx_scan|ineqsudx_scan_solver:solver|state.PICK_ROWS
    Info (332115): Launch Clock : clk
    Info (332115): Latch Clock  : clk
    Info (332115): Data Arrival Path:
    Info (332115): Total (ns)  Incr (ns)     Type  Element
    Info (332115): ==========  ========= ==  ====  ===================================
    Info (332115):      0.000      0.000           launch edge time
    Info (332115):      0.000      0.000           source latency
    Info (332115):      0.000      0.000           clk
    Info (332115):      0.000      0.000 RR    IC  clk~input|i
    Info (332115):      0.708      0.708 RR  CELL  clk~input|o
    Info (332115):      1.602      0.894 RR    IC  clk~inputclkctrl|inclk[0]
    Info (332115):      1.602      0.000 RR  CELL  clk~inputclkctrl|outclk
    Info (332115):      3.140      1.538 RR    IC  ineqsudx_scan|solver|domain[56][7]|clk
    Info (332115):      3.650      0.510 RR  CELL  ineqsudx_scan:ineqsudx_scan|ineqsudx_scan_solver:solver|domain[56][7]
    Info (332115):      3.857      0.207     uTco  ineqsudx_scan:ineqsudx_scan|ineqsudx_scan_solver:solver|domain[56][7]
    Info (332115):      3.857      0.000 RR  CELL  ineqsudx_scan|solver|domain[56][7]|q
    Info (332115):      5.913      2.056 RR    IC  ineqsudx_scan|solver|singleton[56]~384|datab
    Info (332115):      6.355      0.442 RF  CELL  ineqsudx_scan|solver|singleton[56]~384|combout
    Info (332115):      6.705      0.350 FF    IC  ineqsudx_scan|solver|singleton[56]~386|dataa
    Info (332115):      7.110      0.405 FF  CELL  ineqsudx_scan|solver|singleton[56]~386|combout
    Info (332115):      7.399      0.289 FF    IC  ineqsudx_scan|solver|singleton[56]~388|datad
    Info (332115):      7.530      0.131 FF  CELL  ineqsudx_scan|solver|singleton[56]~388|combout
    Info (332115):      9.480      1.950 FF    IC  ineqsudx_scan|solver|UNITS[24].values[2][7]~24|datad
    Info (332115):      9.611      0.131 FF  CELL  ineqsudx_scan|solver|UNITS[24].values[2][7]~24|combout
    Info (332115):     11.229      1.618 FF    IC  ineqsudx_scan|solver|comb~626|datac
    Info (332115):     11.508      0.279 FR  CELL  ineqsudx_scan|solver|comb~626|combout
    Info (332115):     13.612      2.104 RR    IC  ineqsudx_scan|solver|comb~1886|datad
    Info (332115):     13.778      0.166 RR  CELL  ineqsudx_scan|solver|comb~1886|combout
    Info (332115):     15.222      1.444 RR    IC  ineqsudx_scan|solver|comb~2506|datad
    Info (332115):     15.388      0.166 RR  CELL  ineqsudx_scan|solver|comb~2506|combout
    Info (332115):     16.727      1.339 RR    IC  ineqsudx_scan|solver|CELLS[47].peer_allowed[7]~8|datad
    Info (332115):     16.893      0.166 RR  CELL  ineqsudx_scan|solver|CELLS[47].peer_allowed[7]~8|combout
    Info (332115):     18.283      1.390 RR    IC  ineqsudx_scan|solver|next_domain[47][7]|datad
    Info (332115):     18.449      0.166 RR  CELL  ineqsudx_scan|solver|next_domain[47][7]|combout
    Info (332115):     19.168      0.719 RR    IC  ineqsudx_scan|solver|WideOr1163~347|datad
    Info (332115):     19.334      0.166 RR  CELL  ineqsudx_scan|solver|WideOr1163~347|combout
    Info (332115):     20.052      0.718 RR    IC  ineqsudx_scan|solver|WideOr1163~349|datad
    Info (332115):     20.218      0.166 RR  CELL  ineqsudx_scan|solver|WideOr1163~349|combout
    Info (332115):     21.201      0.983 RR    IC  ineqsudx_scan|solver|WideOr1163~360|datad
    Info (332115):     21.367      0.166 RR  CELL  ineqsudx_scan|solver|WideOr1163~360|combout
    Info (332115):     22.102      0.735 RR    IC  ineqsudx_scan|solver|WideOr1163~424|datad
    Info (332115):     22.268      0.166 RR  CELL  ineqsudx_scan|solver|WideOr1163~424|combout
    Info (332115):     23.924      1.656 RR    IC  ineqsudx_scan|solver|WideOr1163~483|datad
    Info (332115):     24.090      0.166 RR  CELL  ineqsudx_scan|solver|WideOr1163~483|combout
    Info (332115):     24.292      0.202 RR    IC  ineqsudx_scan|solver|Selector2844~0|datac
    Info (332115):     24.572      0.280 RF  CELL  ineqsudx_scan|solver|Selector2844~0|combout
    Info (332115):     24.874      0.302 FF    IC  ineqsudx_scan|solver|Selector2845~2|datad
    Info (332115):     25.035      0.161 FR  CELL  ineqsudx_scan|solver|Selector2845~2|combout
    Info (332115):     25.281      0.246 RR    IC  ineqsudx_scan|solver|state.PICK_ROWS|ena
    Info (332115):     25.905      0.624 RR  CELL  ineqsudx_scan:ineqsudx_scan|ineqsudx_scan_solver:solver|state.PICK_ROWS
    Info (332115): Data Required Path:
    Info (332115): Total (ns)  Incr (ns)     Type  Element
    Info (332115): ==========  ========= ==  ====  ===================================
    Info (332115):      1.000      1.000           latch edge time
    Info (332115):      1.000      0.000           source latency
    Info (332115):      1.000      0.000           clk
    Info (332115):      1.000      0.000 RR    IC  clk~input|i
    Info (332115):      1.708      0.708 RR  CELL  clk~input|o
    Info (332115):      2.566      0.858 RR    IC  clk~inputclkctrl|inclk[0]
    Info (332115):      2.566      0.000 RR  CELL  clk~inputclkctrl|outclk
    Info (332115):      4.485      1.919 RR    IC  ineqsudx_scan|solver|state.PICK_ROWS|clk
    Info (332115):      4.960      0.475 RR  CELL  ineqsudx_scan:ineqsudx_scan|ineqsudx_scan_solver:solver|state.PICK_ROWS
    Info (332115):      5.023      0.063           clock pessimism removed
    Info (332115):      5.003     -0.020           clock uncertainty
    Info (332115):      5.016      0.013     uTsu  ineqsudx_scan:ineqsudx_scan|ineqsudx_scan_solver:solver|state.PICK_ROWS
    Info (332115): Data Arrival Time  :    25.905
    Info (332115): Data Required Time :     5.016
    Info (332115): Slack              :   -20.889 (VIOLATED)
    Info (332115): ===================================================================
Info (332115): Path #11: Setup slack is -20.889 (VIOLATED)
    Info (332115): ===================================================================
    Info (332115): From Node    : ineqsudx_scan:ineqsudx_scan|ineqsudx_scan_solver:solver|domain[56][7]
    Info (332115): To Node      : ineqsudx_scan:ineqsudx_scan|ineqsudx_scan_solver:solver|state.IDLE
    Info (332115): Launch Clock : clk
    Info (332115): Latch Clock  : clk
    Info (332115): Data Arrival Path:
    Info (332115): Total (ns)  Incr (ns)     Type  Element
    Info (332115): ==========  ========= ==  ====  ===================================
    Info (332115):      0.000      0.000           launch edge time
    Info (332115):      0.000      0.000           source latency
    Info (332115):      0.000      0.000           clk
    Info (332115):      0.000      0.000 RR    IC  clk~input|i
    Info (332115):      0.708      0.708 RR  CELL  clk~input|o
    Info (332115):      1.602      0.894 RR    IC  clk~inputclkctrl|inclk[0]
    Info (332115):      1.602      0.000 RR  CELL  clk~inputclkctrl|outclk
    Info (332115):      3.140      1.538 RR    IC  ineqsudx_scan|solver|domain[56][7]|clk
    Info (332115):      3.650      0.510 RR  CELL  ineqsudx_scan:ineqsudx_scan|ineqsudx_scan_solver:solver|domain[56][7]
    Info (332115):      3.857      0.207     uTco  ineqsudx_scan:ineqsudx_scan|ineqsudx_scan_solver:solver|domain[56][7]
    Info (332115):      3.857      0.000 RR  CELL  ineqsudx_scan|solver|domain[56][7]|q
    Info (332115):      5.913      2.056 RR    IC  ineqsudx_scan|solver|singleton[56]~384|datab
    Info (332115):      6.355      0.442 RF  CELL  ineqsudx_scan|solver|singleton[56]~384|combout
    Info (332115):      6.705      0.350 FF    IC  ineqsudx_scan|solver|singleton[56]~386|dataa
    Info (332115):      7.110      0.405 FF  CELL  ineqsudx_scan|solver|singleton[56]~386|combout
    Info (332115):      7.399      0.289 FF    IC  ineqsudx_scan|solver|singleton[56]~388|datad
    Info (332115):      7.530      0.131 FF  CELL  ineqsudx_scan|solver|singleton[56]~388|combout
    Info (332115):      9.480      1.950 FF    IC  ineqsudx_scan|solver|UNITS[24].values[2][7]~24|datad
    Info (332115):      9.611      0.131 FF  CELL  ineqsudx_scan|solver|UNITS[24].values[2][7]~24|combout
    Info (332115):     11.229      1.618 FF    IC  ineqsudx_scan|solver|comb~626|datac
    Info (332115):     11.508      0.279 FR  CELL  ineqsudx_scan|solver|comb~626|combout
    Info (332115):     13.612      2.104 RR    IC  ineqsudx_scan|solver|comb~1886|datad
    Info (332115):     13.778      0.166 RR  CELL  ineqsudx_scan|solver|comb~1886|combout
    Info (332115):     15.222      1.444 RR    IC  ineqsudx_scan|solver|comb~2506|datad
    Info (332115):     15.388      0.166 RR  CELL  ineqsudx_scan|solver|comb~2506|combout
    Info (332115):     16.727      1.339 RR    IC  ineqsudx_scan|solver|CELLS[47].peer_allowed[7]~8|datad
    Info (332115):     16.893      0.166 RR  CELL  ineqsudx_scan|solver|CELLS[47].peer_allowed[7]~8|combout
    Info (332115):     18.283      1.390 RR    IC  ineqsudx_scan|solver|next_domain[47][7]|datad
    Info (332115):     18.449      0.166 RR  CELL  ineqsudx_scan|solver|next_domain[47][7]|combout
    Info (332115):     19.168      0.719 RR    IC  ineqsudx_scan|solver|WideOr1163~347|datad
    Info (332115):     19.334      0.166 RR  CELL  ineqsudx_scan|solver|WideOr1163~347|combout
    Info (332115):     20.052      0.718 RR    IC  ineqsudx_scan|solver|WideOr1163~349|datad
    Info (332115):     20.218      0.166 RR  CELL  ineqsudx_scan|solver|WideOr1163~349|combout
    Info (332115):     21.201      0.983 RR    IC  ineqsudx_scan|solver|WideOr1163~360|datad
    Info (332115):     21.367      0.166 RR  CELL  ineqsudx_scan|solver|WideOr1163~360|combout
    Info (332115):     22.102      0.735 RR    IC  ineqsudx_scan|solver|WideOr1163~424|datad
    Info (332115):     22.268      0.166 RR  CELL  ineqsudx_scan|solver|WideOr1163~424|combout
    Info (332115):     23.924      1.656 RR    IC  ineqsudx_scan|solver|WideOr1163~483|datad
    Info (332115):     24.090      0.166 RR  CELL  ineqsudx_scan|solver|WideOr1163~483|combout
    Info (332115):     24.292      0.202 RR    IC  ineqsudx_scan|solver|Selector2844~0|datac
    Info (332115):     24.572      0.280 RF  CELL  ineqsudx_scan|solver|Selector2844~0|combout
    Info (332115):     24.874      0.302 FF    IC  ineqsudx_scan|solver|Selector2845~2|datad
    Info (332115):     25.035      0.161 FR  CELL  ineqsudx_scan|solver|Selector2845~2|combout
    Info (332115):     25.281      0.246 RR    IC  ineqsudx_scan|solver|state.IDLE|ena
    Info (332115):     25.905      0.624 RR  CELL  ineqsudx_scan:ineqsudx_scan|ineqsudx_scan_solver:solver|state.IDLE
    Info (332115): Data Required Path:
    Info (332115): Total (ns)  Incr (ns)     Type  Element
    Info (332115): ==========  ========= ==  ====  ===================================
    Info (332115):      1.000      1.000           latch edge time
    Info (332115):      1.000      0.000           source latency
    Info (332115):      1.000      0.000           clk
    Info (332115):      1.000      0.000 RR    IC  clk~input|i
    Info (332115):      1.708      0.708 RR  CELL  clk~input|o
    Info (332115):      2.566      0.858 RR    IC  clk~inputclkctrl|inclk[0]
    Info (332115):      2.566      0.000 RR  CELL  clk~inputclkctrl|outclk
    Info (332115):      4.485      1.919 RR    IC  ineqsudx_scan|solver|state.IDLE|clk
    Info (332115):      4.960      0.475 RR  CELL  ineqsudx_scan:ineqsudx_scan|ineqsudx_scan_solver:solver|state.IDLE
    Info (332115):      5.023      0.063           clock pessimism removed
    Info (332115):      5.003     -0.020           clock uncertainty
    Info (332115):      5.016      0.013     uTsu  ineqsudx_scan:ineqsudx_scan|ineqsudx_scan_solver:solver|state.IDLE
    Info (332115): Data Arrival Time  :    25.905
    Info (332115): Data Required Time :     5.016
    Info (332115): Slack              :   -20.889 (VIOLATED)
    Info (332115): ===================================================================
Info (332115): Path #12: Setup slack is -20.889 (VIOLATED)
    Info (332115): ===================================================================
    Info (332115): From Node    : ineqsudx_scan:ineqsudx_scan|ineqsudx_scan_solver:solver|domain[56][7]
    Info (332115): To Node      : ineqsudx_scan:ineqsudx_scan|ineqsudx_scan_solver:solver|state.FINISH_OK
    Info (332115): Launch Clock : clk
    Info (332115): Latch Clock  : clk
    Info (332115): Data Arrival Path:
    Info (332115): Total (ns)  Incr (ns)     Type  Element
    Info (332115): ==========  ========= ==  ====  ===================================
    Info (332115):      0.000      0.000           launch edge time
    Info (332115):      0.000      0.000           source latency
    Info (332115):      0.000      0.000           clk
    Info (332115):      0.000      0.000 RR    IC  clk~input|i
    Info (332115):      0.708      0.708 RR  CELL  clk~input|o
    Info (332115):      1.602      0.894 RR    IC  clk~inputclkctrl|inclk[0]
    Info (332115):      1.602      0.000 RR  CELL  clk~inputclkctrl|outclk
    Info (332115):      3.140      1.538 RR    IC  ineqsudx_scan|solver|domain[56][7]|clk
    Info (332115):      3.650      0.510 RR  CELL  ineqsudx_scan:ineqsudx_scan|ineqsudx_scan_solver:solver|domain[56][7]
    Info (332115):      3.857      0.207     uTco  ineqsudx_scan:ineqsudx_scan|ineqsudx_scan_solver:solver|domain[56][7]
    Info (332115):      3.857      0.000 RR  CELL  ineqsudx_scan|solver|domain[56][7]|q
    Info (332115):      5.913      2.056 RR    IC  ineqsudx_scan|solver|singleton[56]~384|datab
    Info (332115):      6.355      0.442 RF  CELL  ineqsudx_scan|solver|singleton[56]~384|combout
    Info (332115):      6.705      0.350 FF    IC  ineqsudx_scan|solver|singleton[56]~386|dataa
    Info (332115):      7.110      0.405 FF  CELL  ineqsudx_scan|solver|singleton[56]~386|combout
    Info (332115):      7.399      0.289 FF    IC  ineqsudx_scan|solver|singleton[56]~388|datad
    Info (332115):      7.530      0.131 FF  CELL  ineqsudx_scan|solver|singleton[56]~388|combout
    Info (332115):      9.480      1.950 FF    IC  ineqsudx_scan|solver|UNITS[24].values[2][7]~24|datad
    Info (332115):      9.611      0.131 FF  CELL  ineqsudx_scan|solver|UNITS[24].values[2][7]~24|combout
    Info (332115):     11.229      1.618 FF    IC  ineqsudx_scan|solver|comb~626|datac
    Info (332115):     11.508      0.279 FR  CELL  ineqsudx_scan|solver|comb~626|combout
    Info (332115):     13.612      2.104 RR    IC  ineqsudx_scan|solver|comb~1886|datad
    Info (332115):     13.778      0.166 RR  CELL  ineqsudx_scan|solver|comb~1886|combout
    Info (332115):     15.222      1.444 RR    IC  ineqsudx_scan|solver|comb~2506|datad
    Info (332115):     15.388      0.166 RR  CELL  ineqsudx_scan|solver|comb~2506|combout
    Info (332115):     16.727      1.339 RR    IC  ineqsudx_scan|solver|CELLS[47].peer_allowed[7]~8|datad
    Info (332115):     16.893      0.166 RR  CELL  ineqsudx_scan|solver|CELLS[47].peer_allowed[7]~8|combout
    Info (332115):     18.283      1.390 RR    IC  ineqsudx_scan|solver|next_domain[47][7]|datad
    Info (332115):     18.449      0.166 RR  CELL  ineqsudx_scan|solver|next_domain[47][7]|combout
    Info (332115):     19.168      0.719 RR    IC  ineqsudx_scan|solver|WideOr1163~347|datad
    Info (332115):     19.334      0.166 RR  CELL  ineqsudx_scan|solver|WideOr1163~347|combout
    Info (332115):     20.052      0.718 RR    IC  ineqsudx_scan|solver|WideOr1163~349|datad
    Info (332115):     20.218      0.166 RR  CELL  ineqsudx_scan|solver|WideOr1163~349|combout
    Info (332115):     21.201      0.983 RR    IC  ineqsudx_scan|solver|WideOr1163~360|datad
    Info (332115):     21.367      0.166 RR  CELL  ineqsudx_scan|solver|WideOr1163~360|combout
    Info (332115):     22.102      0.735 RR    IC  ineqsudx_scan|solver|WideOr1163~424|datad
    Info (332115):     22.268      0.166 RR  CELL  ineqsudx_scan|solver|WideOr1163~424|combout
    Info (332115):     23.924      1.656 RR    IC  ineqsudx_scan|solver|WideOr1163~483|datad
    Info (332115):     24.090      0.166 RR  CELL  ineqsudx_scan|solver|WideOr1163~483|combout
    Info (332115):     24.292      0.202 RR    IC  ineqsudx_scan|solver|Selector2844~0|datac
    Info (332115):     24.572      0.280 RF  CELL  ineqsudx_scan|solver|Selector2844~0|combout
    Info (332115):     24.874      0.302 FF    IC  ineqsudx_scan|solver|Selector2845~2|datad
    Info (332115):     25.035      0.161 FR  CELL  ineqsudx_scan|solver|Selector2845~2|combout
    Info (332115):     25.281      0.246 RR    IC  ineqsudx_scan|solver|state.FINISH_OK|ena
    Info (332115):     25.905      0.624 RR  CELL  ineqsudx_scan:ineqsudx_scan|ineqsudx_scan_solver:solver|state.FINISH_OK
    Info (332115): Data Required Path:
    Info (332115): Total (ns)  Incr (ns)     Type  Element
    Info (332115): ==========  ========= ==  ====  ===================================
    Info (332115):      1.000      1.000           latch edge time
    Info (332115):      1.000      0.000           source latency
    Info (332115):      1.000      0.000           clk
    Info (332115):      1.000      0.000 RR    IC  clk~input|i
    Info (332115):      1.708      0.708 RR  CELL  clk~input|o
    Info (332115):      2.566      0.858 RR    IC  clk~inputclkctrl|inclk[0]
    Info (332115):      2.566      0.000 RR  CELL  clk~inputclkctrl|outclk
    Info (332115):      4.485      1.919 RR    IC  ineqsudx_scan|solver|state.FINISH_OK|clk
    Info (332115):      4.960      0.475 RR  CELL  ineqsudx_scan:ineqsudx_scan|ineqsudx_scan_solver:solver|state.FINISH_OK
    Info (332115):      5.023      0.063           clock pessimism removed
    Info (332115):      5.003     -0.020           clock uncertainty
    Info (332115):      5.016      0.013     uTsu  ineqsudx_scan:ineqsudx_scan|ineqsudx_scan_solver:solver|state.FINISH_OK
    Info (332115): Data Arrival Time  :    25.905
    Info (332115): Data Required Time :     5.016
    Info (332115): Slack              :   -20.889 (VIOLATED)
    Info (332115): ===================================================================
Info (332115): Path #13: Setup slack is -20.795 (VIOLATED)
    Info (332115): ===================================================================
    Info (332115): From Node    : ineqsudx_scan:ineqsudx_scan|ineqsudx_scan_solver:solver|domain[56][2]
    Info (332115): To Node      : ineqsudx_scan:ineqsudx_scan|ineqsudx_scan_solver:solver|state.PICK_ROWS
    Info (332115): Launch Clock : clk
    Info (332115): Latch Clock  : clk
    Info (332115): Data Arrival Path:
    Info (332115): Total (ns)  Incr (ns)     Type  Element
    Info (332115): ==========  ========= ==  ====  ===================================
    Info (332115):      0.000      0.000           launch edge time
    Info (332115):      0.000      0.000           source latency
    Info (332115):      0.000      0.000           clk
    Info (332115):      0.000      0.000 RR    IC  clk~input|i
    Info (332115):      0.708      0.708 RR  CELL  clk~input|o
    Info (332115):      1.602      0.894 RR    IC  clk~inputclkctrl|inclk[0]
    Info (332115):      1.602      0.000 RR  CELL  clk~inputclkctrl|outclk
    Info (332115):      3.219      1.617 RR    IC  ineqsudx_scan|solver|domain[56][2]|clk
    Info (332115):      3.729      0.510 RR  CELL  ineqsudx_scan:ineqsudx_scan|ineqsudx_scan_solver:solver|domain[56][2]
    Info (332115):      3.936      0.207     uTco  ineqsudx_scan:ineqsudx_scan|ineqsudx_scan_solver:solver|domain[56][2]
    Info (332115):      3.936      0.000 RR  CELL  ineqsudx_scan|solver|domain[56][2]|q
    Info (332115):      6.011      2.075 RR    IC  ineqsudx_scan|solver|singleton[56]~383|datab
    Info (332115):      6.453      0.442 RF  CELL  ineqsudx_scan|solver|singleton[56]~383|combout
    Info (332115):      6.713      0.260 FF    IC  ineqsudx_scan|solver|singleton[56]~386|datac
    Info (332115):      7.016      0.303 FF  CELL  ineqsudx_scan|solver|singleton[56]~386|combout
    Info (332115):      7.305      0.289 FF    IC  ineqsudx_scan|solver|singleton[56]~388|datad
    Info (332115):      7.436      0.131 FF  CELL  ineqsudx_scan|solver|singleton[56]~388|combout
    Info (332115):      9.386      1.950 FF    IC  ineqsudx_scan|solver|UNITS[24].values[2][7]~24|datad
    Info (332115):      9.517      0.131 FF  CELL  ineqsudx_scan|solver|UNITS[24].values[2][7]~24|combout
    Info (332115):     11.135      1.618 FF    IC  ineqsudx_scan|solver|comb~626|datac
    Info (332115):     11.414      0.279 FR  CELL  ineqsudx_scan|solver|comb~626|combout
    Info (332115):     13.518      2.104 RR    IC  ineqsudx_scan|solver|comb~1886|datad
    Info (332115):     13.684      0.166 RR  CELL  ineqsudx_scan|solver|comb~1886|combout
    Info (332115):     15.128      1.444 RR    IC  ineqsudx_scan|solver|comb~2506|datad
    Info (332115):     15.294      0.166 RR  CELL  ineqsudx_scan|solver|comb~2506|combout
    Info (332115):     16.633      1.339 RR    IC  ineqsudx_scan|solver|CELLS[47].peer_allowed[7]~8|datad
    Info (332115):     16.799      0.166 RR  CELL  ineqsudx_scan|solver|CELLS[47].peer_allowed[7]~8|combout
    Info (332115):     18.189      1.390 RR    IC  ineqsudx_scan|solver|next_domain[47][7]|datad
    Info (332115):     18.355      0.166 RR  CELL  ineqsudx_scan|solver|next_domain[47][7]|combout
    Info (332115):     19.074      0.719 RR    IC  ineqsudx_scan|solver|WideOr1163~347|datad
    Info (332115):     19.240      0.166 RR  CELL  ineqsudx_scan|solver|WideOr1163~347|combout
    Info (332115):     19.958      0.718 RR    IC  ineqsudx_scan|solver|WideOr1163~349|datad
    Info (332115):     20.124      0.166 RR  CELL  ineqsudx_scan|solver|WideOr1163~349|combout
    Info (332115):     21.107      0.983 RR    IC  ineqsudx_scan|solver|WideOr1163~360|datad
    Info (332115):     21.273      0.166 RR  CELL  ineqsudx_scan|solver|WideOr1163~360|combout
    Info (332115):     22.008      0.735 RR    IC  ineqsudx_scan|solver|WideOr1163~424|datad
    Info (332115):     22.174      0.166 RR  CELL  ineqsudx_scan|solver|WideOr1163~424|combout
    Info (332115):     23.830      1.656 RR    IC  ineqsudx_scan|solver|WideOr1163~483|datad
    Info (332115):     23.996      0.166 RR  CELL  ineqsudx_scan|solver|WideOr1163~483|combout
    Info (332115):     24.198      0.202 RR    IC  ineqsudx_scan|solver|Selector2844~0|datac
    Info (332115):     24.478      0.280 RF  CELL  ineqsudx_scan|solver|Selector2844~0|combout
    Info (332115):     24.780      0.302 FF    IC  ineqsudx_scan|solver|Selector2845~2|datad
    Info (332115):     24.941      0.161 FR  CELL  ineqsudx_scan|solver|Selector2845~2|combout
    Info (332115):     25.187      0.246 RR    IC  ineqsudx_scan|solver|state.PICK_ROWS|ena
    Info (332115):     25.811      0.624 RR  CELL  ineqsudx_scan:ineqsudx_scan|ineqsudx_scan_solver:solver|state.PICK_ROWS
    Info (332115): Data Required Path:
    Info (332115): Total (ns)  Incr (ns)     Type  Element
    Info (332115): ==========  ========= ==  ====  ===================================
    Info (332115):      1.000      1.000           latch edge time
    Info (332115):      1.000      0.000           source latency
    Info (332115):      1.000      0.000           clk
    Info (332115):      1.000      0.000 RR    IC  clk~input|i
    Info (332115):      1.708      0.708 RR  CELL  clk~input|o
    Info (332115):      2.566      0.858 RR    IC  clk~inputclkctrl|inclk[0]
    Info (332115):      2.566      0.000 RR  CELL  clk~inputclkctrl|outclk
    Info (332115):      4.485      1.919 RR    IC  ineqsudx_scan|solver|state.PICK_ROWS|clk
    Info (332115):      4.960      0.475 RR  CELL  ineqsudx_scan:ineqsudx_scan|ineqsudx_scan_solver:solver|state.PICK_ROWS
    Info (332115):      5.023      0.063           clock pessimism removed
    Info (332115):      5.003     -0.020           clock uncertainty
    Info (332115):      5.016      0.013     uTsu  ineqsudx_scan:ineqsudx_scan|ineqsudx_scan_solver:solver|state.PICK_ROWS
    Info (332115): Data Arrival Time  :    25.811
    Info (332115): Data Required Time :     5.016
    Info (332115): Slack              :   -20.795 (VIOLATED)
    Info (332115): ===================================================================
Info (332115): Path #14: Setup slack is -20.795 (VIOLATED)
    Info (332115): ===================================================================
    Info (332115): From Node    : ineqsudx_scan:ineqsudx_scan|ineqsudx_scan_solver:solver|domain[56][2]
    Info (332115): To Node      : ineqsudx_scan:ineqsudx_scan|ineqsudx_scan_solver:solver|state.IDLE
    Info (332115): Launch Clock : clk
    Info (332115): Latch Clock  : clk
    Info (332115): Data Arrival Path:
    Info (332115): Total (ns)  Incr (ns)     Type  Element
    Info (332115): ==========  ========= ==  ====  ===================================
    Info (332115):      0.000      0.000           launch edge time
    Info (332115):      0.000      0.000           source latency
    Info (332115):      0.000      0.000           clk
    Info (332115):      0.000      0.000 RR    IC  clk~input|i
    Info (332115):      0.708      0.708 RR  CELL  clk~input|o
    Info (332115):      1.602      0.894 RR    IC  clk~inputclkctrl|inclk[0]
    Info (332115):      1.602      0.000 RR  CELL  clk~inputclkctrl|outclk
    Info (332115):      3.219      1.617 RR    IC  ineqsudx_scan|solver|domain[56][2]|clk
    Info (332115):      3.729      0.510 RR  CELL  ineqsudx_scan:ineqsudx_scan|ineqsudx_scan_solver:solver|domain[56][2]
    Info (332115):      3.936      0.207     uTco  ineqsudx_scan:ineqsudx_scan|ineqsudx_scan_solver:solver|domain[56][2]
    Info (332115):      3.936      0.000 RR  CELL  ineqsudx_scan|solver|domain[56][2]|q
    Info (332115):      6.011      2.075 RR    IC  ineqsudx_scan|solver|singleton[56]~383|datab
    Info (332115):      6.453      0.442 RF  CELL  ineqsudx_scan|solver|singleton[56]~383|combout
    Info (332115):      6.713      0.260 FF    IC  ineqsudx_scan|solver|singleton[56]~386|datac
    Info (332115):      7.016      0.303 FF  CELL  ineqsudx_scan|solver|singleton[56]~386|combout
    Info (332115):      7.305      0.289 FF    IC  ineqsudx_scan|solver|singleton[56]~388|datad
    Info (332115):      7.436      0.131 FF  CELL  ineqsudx_scan|solver|singleton[56]~388|combout
    Info (332115):      9.386      1.950 FF    IC  ineqsudx_scan|solver|UNITS[24].values[2][7]~24|datad
    Info (332115):      9.517      0.131 FF  CELL  ineqsudx_scan|solver|UNITS[24].values[2][7]~24|combout
    Info (332115):     11.135      1.618 FF    IC  ineqsudx_scan|solver|comb~626|datac
    Info (332115):     11.414      0.279 FR  CELL  ineqsudx_scan|solver|comb~626|combout
    Info (332115):     13.518      2.104 RR    IC  ineqsudx_scan|solver|comb~1886|datad
    Info (332115):     13.684      0.166 RR  CELL  ineqsudx_scan|solver|comb~1886|combout
    Info (332115):     15.128      1.444 RR    IC  ineqsudx_scan|solver|comb~2506|datad
    Info (332115):     15.294      0.166 RR  CELL  ineqsudx_scan|solver|comb~2506|combout
    Info (332115):     16.633      1.339 RR    IC  ineqsudx_scan|solver|CELLS[47].peer_allowed[7]~8|datad
    Info (332115):     16.799      0.166 RR  CELL  ineqsudx_scan|solver|CELLS[47].peer_allowed[7]~8|combout
    Info (332115):     18.189      1.390 RR    IC  ineqsudx_scan|solver|next_domain[47][7]|datad
    Info (332115):     18.355      0.166 RR  CELL  ineqsudx_scan|solver|next_domain[47][7]|combout
    Info (332115):     19.074      0.719 RR    IC  ineqsudx_scan|solver|WideOr1163~347|datad
    Info (332115):     19.240      0.166 RR  CELL  ineqsudx_scan|solver|WideOr1163~347|combout
    Info (332115):     19.958      0.718 RR    IC  ineqsudx_scan|solver|WideOr1163~349|datad
    Info (332115):     20.124      0.166 RR  CELL  ineqsudx_scan|solver|WideOr1163~349|combout
    Info (332115):     21.107      0.983 RR    IC  ineqsudx_scan|solver|WideOr1163~360|datad
    Info (332115):     21.273      0.166 RR  CELL  ineqsudx_scan|solver|WideOr1163~360|combout
    Info (332115):     22.008      0.735 RR    IC  ineqsudx_scan|solver|WideOr1163~424|datad
    Info (332115):     22.174      0.166 RR  CELL  ineqsudx_scan|solver|WideOr1163~424|combout
    Info (332115):     23.830      1.656 RR    IC  ineqsudx_scan|solver|WideOr1163~483|datad
    Info (332115):     23.996      0.166 RR  CELL  ineqsudx_scan|solver|WideOr1163~483|combout
    Info (332115):     24.198      0.202 RR    IC  ineqsudx_scan|solver|Selector2844~0|datac
    Info (332115):     24.478      0.280 RF  CELL  ineqsudx_scan|solver|Selector2844~0|combout
    Info (332115):     24.780      0.302 FF    IC  ineqsudx_scan|solver|Selector2845~2|datad
    Info (332115):     24.941      0.161 FR  CELL  ineqsudx_scan|solver|Selector2845~2|combout
    Info (332115):     25.187      0.246 RR    IC  ineqsudx_scan|solver|state.IDLE|ena
    Info (332115):     25.811      0.624 RR  CELL  ineqsudx_scan:ineqsudx_scan|ineqsudx_scan_solver:solver|state.IDLE
    Info (332115): Data Required Path:
    Info (332115): Total (ns)  Incr (ns)     Type  Element
    Info (332115): ==========  ========= ==  ====  ===================================
    Info (332115):      1.000      1.000           latch edge time
    Info (332115):      1.000      0.000           source latency
    Info (332115):      1.000      0.000           clk
    Info (332115):      1.000      0.000 RR    IC  clk~input|i
    Info (332115):      1.708      0.708 RR  CELL  clk~input|o
    Info (332115):      2.566      0.858 RR    IC  clk~inputclkctrl|inclk[0]
    Info (332115):      2.566      0.000 RR  CELL  clk~inputclkctrl|outclk
    Info (332115):      4.485      1.919 RR    IC  ineqsudx_scan|solver|state.IDLE|clk
    Info (332115):      4.960      0.475 RR  CELL  ineqsudx_scan:ineqsudx_scan|ineqsudx_scan_solver:solver|state.IDLE
    Info (332115):      5.023      0.063           clock pessimism removed
    Info (332115):      5.003     -0.020           clock uncertainty
    Info (332115):      5.016      0.013     uTsu  ineqsudx_scan:ineqsudx_scan|ineqsudx_scan_solver:solver|state.IDLE
    Info (332115): Data Arrival Time  :    25.811
    Info (332115): Data Required Time :     5.016
    Info (332115): Slack              :   -20.795 (VIOLATED)
    Info (332115): ===================================================================
Info (332115): Path #15: Setup slack is -20.795 (VIOLATED)
    Info (332115): ===================================================================
    Info (332115): From Node    : ineqsudx_scan:ineqsudx_scan|ineqsudx_scan_solver:solver|domain[56][2]
    Info (332115): To Node      : ineqsudx_scan:ineqsudx_scan|ineqsudx_scan_solver:solver|state.FINISH_OK
    Info (332115): Launch Clock : clk
    Info (332115): Latch Clock  : clk
    Info (332115): Data Arrival Path:
    Info (332115): Total (ns)  Incr (ns)     Type  Element
    Info (332115): ==========  ========= ==  ====  ===================================
    Info (332115):      0.000      0.000           launch edge time
    Info (332115):      0.000      0.000           source latency
    Info (332115):      0.000      0.000           clk
    Info (332115):      0.000      0.000 RR    IC  clk~input|i
    Info (332115):      0.708      0.708 RR  CELL  clk~input|o
    Info (332115):      1.602      0.894 RR    IC  clk~inputclkctrl|inclk[0]
    Info (332115):      1.602      0.000 RR  CELL  clk~inputclkctrl|outclk
    Info (332115):      3.219      1.617 RR    IC  ineqsudx_scan|solver|domain[56][2]|clk
    Info (332115):      3.729      0.510 RR  CELL  ineqsudx_scan:ineqsudx_scan|ineqsudx_scan_solver:solver|domain[56][2]
    Info (332115):      3.936      0.207     uTco  ineqsudx_scan:ineqsudx_scan|ineqsudx_scan_solver:solver|domain[56][2]
    Info (332115):      3.936      0.000 RR  CELL  ineqsudx_scan|solver|domain[56][2]|q
    Info (332115):      6.011      2.075 RR    IC  ineqsudx_scan|solver|singleton[56]~383|datab
    Info (332115):      6.453      0.442 RF  CELL  ineqsudx_scan|solver|singleton[56]~383|combout
    Info (332115):      6.713      0.260 FF    IC  ineqsudx_scan|solver|singleton[56]~386|datac
    Info (332115):      7.016      0.303 FF  CELL  ineqsudx_scan|solver|singleton[56]~386|combout
    Info (332115):      7.305      0.289 FF    IC  ineqsudx_scan|solver|singleton[56]~388|datad
    Info (332115):      7.436      0.131 FF  CELL  ineqsudx_scan|solver|singleton[56]~388|combout
    Info (332115):      9.386      1.950 FF    IC  ineqsudx_scan|solver|UNITS[24].values[2][7]~24|datad
    Info (332115):      9.517      0.131 FF  CELL  ineqsudx_scan|solver|UNITS[24].values[2][7]~24|combout
    Info (332115):     11.135      1.618 FF    IC  ineqsudx_scan|solver|comb~626|datac
    Info (332115):     11.414      0.279 FR  CELL  ineqsudx_scan|solver|comb~626|combout
    Info (332115):     13.518      2.104 RR    IC  ineqsudx_scan|solver|comb~1886|datad
    Info (332115):     13.684      0.166 RR  CELL  ineqsudx_scan|solver|comb~1886|combout
    Info (332115):     15.128      1.444 RR    IC  ineqsudx_scan|solver|comb~2506|datad
    Info (332115):     15.294      0.166 RR  CELL  ineqsudx_scan|solver|comb~2506|combout
    Info (332115):     16.633      1.339 RR    IC  ineqsudx_scan|solver|CELLS[47].peer_allowed[7]~8|datad
    Info (332115):     16.799      0.166 RR  CELL  ineqsudx_scan|solver|CELLS[47].peer_allowed[7]~8|combout
    Info (332115):     18.189      1.390 RR    IC  ineqsudx_scan|solver|next_domain[47][7]|datad
    Info (332115):     18.355      0.166 RR  CELL  ineqsudx_scan|solver|next_domain[47][7]|combout
    Info (332115):     19.074      0.719 RR    IC  ineqsudx_scan|solver|WideOr1163~347|datad
    Info (332115):     19.240      0.166 RR  CELL  ineqsudx_scan|solver|WideOr1163~347|combout
    Info (332115):     19.958      0.718 RR    IC  ineqsudx_scan|solver|WideOr1163~349|datad
    Info (332115):     20.124      0.166 RR  CELL  ineqsudx_scan|solver|WideOr1163~349|combout
    Info (332115):     21.107      0.983 RR    IC  ineqsudx_scan|solver|WideOr1163~360|datad
    Info (332115):     21.273      0.166 RR  CELL  ineqsudx_scan|solver|WideOr1163~360|combout
    Info (332115):     22.008      0.735 RR    IC  ineqsudx_scan|solver|WideOr1163~424|datad
    Info (332115):     22.174      0.166 RR  CELL  ineqsudx_scan|solver|WideOr1163~424|combout
    Info (332115):     23.830      1.656 RR    IC  ineqsudx_scan|solver|WideOr1163~483|datad
    Info (332115):     23.996      0.166 RR  CELL  ineqsudx_scan|solver|WideOr1163~483|combout
    Info (332115):     24.198      0.202 RR    IC  ineqsudx_scan|solver|Selector2844~0|datac
    Info (332115):     24.478      0.280 RF  CELL  ineqsudx_scan|solver|Selector2844~0|combout
    Info (332115):     24.780      0.302 FF    IC  ineqsudx_scan|solver|Selector2845~2|datad
    Info (332115):     24.941      0.161 FR  CELL  ineqsudx_scan|solver|Selector2845~2|combout
    Info (332115):     25.187      0.246 RR    IC  ineqsudx_scan|solver|state.FINISH_OK|ena
    Info (332115):     25.811      0.624 RR  CELL  ineqsudx_scan:ineqsudx_scan|ineqsudx_scan_solver:solver|state.FINISH_OK
    Info (332115): Data Required Path:
    Info (332115): Total (ns)  Incr (ns)     Type  Element
    Info (332115): ==========  ========= ==  ====  ===================================
    Info (332115):      1.000      1.000           latch edge time
    Info (332115):      1.000      0.000           source latency
    Info (332115):      1.000      0.000           clk
    Info (332115):      1.000      0.000 RR    IC  clk~input|i
    Info (332115):      1.708      0.708 RR  CELL  clk~input|o
    Info (332115):      2.566      0.858 RR    IC  clk~inputclkctrl|inclk[0]
    Info (332115):      2.566      0.000 RR  CELL  clk~inputclkctrl|outclk
    Info (332115):      4.485      1.919 RR    IC  ineqsudx_scan|solver|state.FINISH_OK|clk
    Info (332115):      4.960      0.475 RR  CELL  ineqsudx_scan:ineqsudx_scan|ineqsudx_scan_solver:solver|state.FINISH_OK
    Info (332115):      5.023      0.063           clock pessimism removed
    Info (332115):      5.003     -0.020           clock uncertainty
    Info (332115):      5.016      0.013     uTsu  ineqsudx_scan:ineqsudx_scan|ineqsudx_scan_solver:solver|state.FINISH_OK
    Info (332115): Data Arrival Time  :    25.811
    Info (332115): Data Required Time :     5.016
    Info (332115): Slack              :   -20.795 (VIOLATED)
    Info (332115): ===================================================================
Info (332115): Path #16: Setup slack is -20.782 (VIOLATED)
    Info (332115): ===================================================================
    Info (332115): From Node    : ineqsudx_scan:ineqsudx_scan|ineqsudx_scan_solver:solver|domain[54][4]
    Info (332115): To Node      : ineqsudx_scan:ineqsudx_scan|ineqsudx_scan_solver:solver|state.PICK_ROWS
    Info (332115): Launch Clock : clk
    Info (332115): Latch Clock  : clk
    Info (332115): Data Arrival Path:
    Info (332115): Total (ns)  Incr (ns)     Type  Element
    Info (332115): ==========  ========= ==  ====  ===================================
    Info (332115):      0.000      0.000           launch edge time
    Info (332115):      0.000      0.000           source latency
    Info (332115):      0.000      0.000           clk
    Info (332115):      0.000      0.000 RR    IC  clk~input|i
    Info (332115):      0.708      0.708 RR  CELL  clk~input|o
    Info (332115):      1.602      0.894 RR    IC  clk~inputclkctrl|inclk[0]
    Info (332115):      1.602      0.000 RR  CELL  clk~inputclkctrl|outclk
    Info (332115):      3.186      1.584 RR    IC  ineqsudx_scan|solver|domain[54][4]|clk
    Info (332115):      3.696      0.510 RR  CELL  ineqsudx_scan:ineqsudx_scan|ineqsudx_scan_solver:solver|domain[54][4]
    Info (332115):      3.903      0.207     uTco  ineqsudx_scan:ineqsudx_scan|ineqsudx_scan_solver:solver|domain[54][4]
    Info (332115):      3.903      0.000 RR  CELL  ineqsudx_scan|solver|domain[54][4]|q
    Info (332115):      5.393      1.490 RR    IC  ineqsudx_scan|solver|singleton[54]~365|dataa
    Info (332115):      5.812      0.419 RF  CELL  ineqsudx_scan|solver|singleton[54]~365|combout
    Info (332115):      6.999      1.187 FF    IC  ineqsudx_scan|solver|singleton[54]~368|datad
    Info (332115):      7.130      0.131 FF  CELL  ineqsudx_scan|solver|singleton[54]~368|combout
    Info (332115):      7.388      0.258 FF    IC  ineqsudx_scan|solver|singleton[54]~370|datad
    Info (332115):      7.519      0.131 FF  CELL  ineqsudx_scan|solver|singleton[54]~370|combout
    Info (332115):      9.730      2.211 FF    IC  ineqsudx_scan|solver|comb~571|datac
    Info (332115):     10.011      0.281 FR  CELL  ineqsudx_scan|solver|comb~571|combout
    Info (332115):     11.748      1.737 RR    IC  ineqsudx_scan|solver|comb~880|datad
    Info (332115):     11.914      0.166 RR  CELL  ineqsudx_scan|solver|comb~880|combout
    Info (332115):     12.958      1.044 RR    IC  ineqsudx_scan|solver|comb~2391|datad
    Info (332115):     13.124      0.166 RR  CELL  ineqsudx_scan|solver|comb~2391|combout
    Info (332115):     13.757      0.633 RR    IC  ineqsudx_scan|solver|comb~924|datac
    Info (332115):     14.062      0.305 RR  CELL  ineqsudx_scan|solver|comb~924|combout
    Info (332115):     15.895      1.833 RR    IC  ineqsudx_scan|solver|next_domain[73][6]~1119|datac
    Info (332115):     16.200      0.305 RR  CELL  ineqsudx_scan|solver|next_domain[73][6]~1119|combout
    Info (332115):     16.930      0.730 RR    IC  ineqsudx_scan|solver|next_domain[73][6]|datad
    Info (332115):     17.096      0.166 RR  CELL  ineqsudx_scan|solver|next_domain[73][6]|combout
    Info (332115):     18.647      1.551 RR    IC  ineqsudx_scan|solver|WideOr1163~114|datad
    Info (332115):     18.813      0.166 RR  CELL  ineqsudx_scan|solver|WideOr1163~114|combout
    Info (332115):     20.530      1.717 RR    IC  ineqsudx_scan|solver|WideOr1163~116|datab
    Info (332115):     20.882      0.352 RR  CELL  ineqsudx_scan|solver|WideOr1163~116|combout
    Info (332115):     21.085      0.203 RR    IC  ineqsudx_scan|solver|WideOr1163~132|datac
    Info (332115):     21.390      0.305 RR  CELL  ineqsudx_scan|solver|WideOr1163~132|combout
    Info (332115):     22.431      1.041 RR    IC  ineqsudx_scan|solver|WideOr1163~133|datad
    Info (332115):     22.597      0.166 RR  CELL  ineqsudx_scan|solver|WideOr1163~133|combout
    Info (332115):     23.634      1.037 RR    IC  ineqsudx_scan|solver|WideOr1163~151|datad
    Info (332115):     23.800      0.166 RR  CELL  ineqsudx_scan|solver|WideOr1163~151|combout
    Info (332115):     24.040      0.240 RR    IC  ineqsudx_scan|solver|Selector2844~0|datab
    Info (332115):     24.465      0.425 RF  CELL  ineqsudx_scan|solver|Selector2844~0|combout
    Info (332115):     24.767      0.302 FF    IC  ineqsudx_scan|solver|Selector2845~2|datad
    Info (332115):     24.928      0.161 FR  CELL  ineqsudx_scan|solver|Selector2845~2|combout
    Info (332115):     25.174      0.246 RR    IC  ineqsudx_scan|solver|state.PICK_ROWS|ena
    Info (332115):     25.798      0.624 RR  CELL  ineqsudx_scan:ineqsudx_scan|ineqsudx_scan_solver:solver|state.PICK_ROWS
    Info (332115): Data Required Path:
    Info (332115): Total (ns)  Incr (ns)     Type  Element
    Info (332115): ==========  ========= ==  ====  ===================================
    Info (332115):      1.000      1.000           latch edge time
    Info (332115):      1.000      0.000           source latency
    Info (332115):      1.000      0.000           clk
    Info (332115):      1.000      0.000 RR    IC  clk~input|i
    Info (332115):      1.708      0.708 RR  CELL  clk~input|o
    Info (332115):      2.566      0.858 RR    IC  clk~inputclkctrl|inclk[0]
    Info (332115):      2.566      0.000 RR  CELL  clk~inputclkctrl|outclk
    Info (332115):      4.485      1.919 RR    IC  ineqsudx_scan|solver|state.PICK_ROWS|clk
    Info (332115):      4.960      0.475 RR  CELL  ineqsudx_scan:ineqsudx_scan|ineqsudx_scan_solver:solver|state.PICK_ROWS
    Info (332115):      5.023      0.063           clock pessimism removed
    Info (332115):      5.003     -0.020           clock uncertainty
    Info (332115):      5.016      0.013     uTsu  ineqsudx_scan:ineqsudx_scan|ineqsudx_scan_solver:solver|state.PICK_ROWS
    Info (332115): Data Arrival Time  :    25.798
    Info (332115): Data Required Time :     5.016
    Info (332115): Slack              :   -20.782 (VIOLATED)
    Info (332115): ===================================================================
Info (332115): Path #17: Setup slack is -20.782 (VIOLATED)
    Info (332115): ===================================================================
    Info (332115): From Node    : ineqsudx_scan:ineqsudx_scan|ineqsudx_scan_solver:solver|domain[54][4]
    Info (332115): To Node      : ineqsudx_scan:ineqsudx_scan|ineqsudx_scan_solver:solver|state.IDLE
    Info (332115): Launch Clock : clk
    Info (332115): Latch Clock  : clk
    Info (332115): Data Arrival Path:
    Info (332115): Total (ns)  Incr (ns)     Type  Element
    Info (332115): ==========  ========= ==  ====  ===================================
    Info (332115):      0.000      0.000           launch edge time
    Info (332115):      0.000      0.000           source latency
    Info (332115):      0.000      0.000           clk
    Info (332115):      0.000      0.000 RR    IC  clk~input|i
    Info (332115):      0.708      0.708 RR  CELL  clk~input|o
    Info (332115):      1.602      0.894 RR    IC  clk~inputclkctrl|inclk[0]
    Info (332115):      1.602      0.000 RR  CELL  clk~inputclkctrl|outclk
    Info (332115):      3.186      1.584 RR    IC  ineqsudx_scan|solver|domain[54][4]|clk
    Info (332115):      3.696      0.510 RR  CELL  ineqsudx_scan:ineqsudx_scan|ineqsudx_scan_solver:solver|domain[54][4]
    Info (332115):      3.903      0.207     uTco  ineqsudx_scan:ineqsudx_scan|ineqsudx_scan_solver:solver|domain[54][4]
    Info (332115):      3.903      0.000 RR  CELL  ineqsudx_scan|solver|domain[54][4]|q
    Info (332115):      5.393      1.490 RR    IC  ineqsudx_scan|solver|singleton[54]~365|dataa
    Info (332115):      5.812      0.419 RF  CELL  ineqsudx_scan|solver|singleton[54]~365|combout
    Info (332115):      6.999      1.187 FF    IC  ineqsudx_scan|solver|singleton[54]~368|datad
    Info (332115):      7.130      0.131 FF  CELL  ineqsudx_scan|solver|singleton[54]~368|combout
    Info (332115):      7.388      0.258 FF    IC  ineqsudx_scan|solver|singleton[54]~370|datad
    Info (332115):      7.519      0.131 FF  CELL  ineqsudx_scan|solver|singleton[54]~370|combout
    Info (332115):      9.730      2.211 FF    IC  ineqsudx_scan|solver|comb~571|datac
    Info (332115):     10.011      0.281 FR  CELL  ineqsudx_scan|solver|comb~571|combout
    Info (332115):     11.748      1.737 RR    IC  ineqsudx_scan|solver|comb~880|datad
    Info (332115):     11.914      0.166 RR  CELL  ineqsudx_scan|solver|comb~880|combout
    Info (332115):     12.958      1.044 RR    IC  ineqsudx_scan|solver|comb~2391|datad
    Info (332115):     13.124      0.166 RR  CELL  ineqsudx_scan|solver|comb~2391|combout
    Info (332115):     13.757      0.633 RR    IC  ineqsudx_scan|solver|comb~924|datac
    Info (332115):     14.062      0.305 RR  CELL  ineqsudx_scan|solver|comb~924|combout
    Info (332115):     15.895      1.833 RR    IC  ineqsudx_scan|solver|next_domain[73][6]~1119|datac
    Info (332115):     16.200      0.305 RR  CELL  ineqsudx_scan|solver|next_domain[73][6]~1119|combout
    Info (332115):     16.930      0.730 RR    IC  ineqsudx_scan|solver|next_domain[73][6]|datad
    Info (332115):     17.096      0.166 RR  CELL  ineqsudx_scan|solver|next_domain[73][6]|combout
    Info (332115):     18.647      1.551 RR    IC  ineqsudx_scan|solver|WideOr1163~114|datad
    Info (332115):     18.813      0.166 RR  CELL  ineqsudx_scan|solver|WideOr1163~114|combout
    Info (332115):     20.530      1.717 RR    IC  ineqsudx_scan|solver|WideOr1163~116|datab
    Info (332115):     20.882      0.352 RR  CELL  ineqsudx_scan|solver|WideOr1163~116|combout
    Info (332115):     21.085      0.203 RR    IC  ineqsudx_scan|solver|WideOr1163~132|datac
    Info (332115):     21.390      0.305 RR  CELL  ineqsudx_scan|solver|WideOr1163~132|combout
    Info (332115):     22.431      1.041 RR    IC  ineqsudx_scan|solver|WideOr1163~133|datad
    Info (332115):     22.597      0.166 RR  CELL  ineqsudx_scan|solver|WideOr1163~133|combout
    Info (332115):     23.634      1.037 RR    IC  ineqsudx_scan|solver|WideOr1163~151|datad
    Info (332115):     23.800      0.166 RR  CELL  ineqsudx_scan|solver|WideOr1163~151|combout
    Info (332115):     24.040      0.240 RR    IC  ineqsudx_scan|solver|Selector2844~0|datab
    Info (332115):     24.465      0.425 RF  CELL  ineqsudx_scan|solver|Selector2844~0|combout
    Info (332115):     24.767      0.302 FF    IC  ineqsudx_scan|solver|Selector2845~2|datad
    Info (332115):     24.928      0.161 FR  CELL  ineqsudx_scan|solver|Selector2845~2|combout
    Info (332115):     25.174      0.246 RR    IC  ineqsudx_scan|solver|state.IDLE|ena
    Info (332115):     25.798      0.624 RR  CELL  ineqsudx_scan:ineqsudx_scan|ineqsudx_scan_solver:solver|state.IDLE
    Info (332115): Data Required Path:
    Info (332115): Total (ns)  Incr (ns)     Type  Element
    Info (332115): ==========  ========= ==  ====  ===================================
    Info (332115):      1.000      1.000           latch edge time
    Info (332115):      1.000      0.000           source latency
    Info (332115):      1.000      0.000           clk
    Info (332115):      1.000      0.000 RR    IC  clk~input|i
    Info (332115):      1.708      0.708 RR  CELL  clk~input|o
    Info (332115):      2.566      0.858 RR    IC  clk~inputclkctrl|inclk[0]
    Info (332115):      2.566      0.000 RR  CELL  clk~inputclkctrl|outclk
    Info (332115):      4.485      1.919 RR    IC  ineqsudx_scan|solver|state.IDLE|clk
    Info (332115):      4.960      0.475 RR  CELL  ineqsudx_scan:ineqsudx_scan|ineqsudx_scan_solver:solver|state.IDLE
    Info (332115):      5.023      0.063           clock pessimism removed
    Info (332115):      5.003     -0.020           clock uncertainty
    Info (332115):      5.016      0.013     uTsu  ineqsudx_scan:ineqsudx_scan|ineqsudx_scan_solver:solver|state.IDLE
    Info (332115): Data Arrival Time  :    25.798
    Info (332115): Data Required Time :     5.016
    Info (332115): Slack              :   -20.782 (VIOLATED)
    Info (332115): ===================================================================
Info (332115): Path #18: Setup slack is -20.782 (VIOLATED)
    Info (332115): ===================================================================
    Info (332115): From Node    : ineqsudx_scan:ineqsudx_scan|ineqsudx_scan_solver:solver|domain[54][4]
    Info (332115): To Node      : ineqsudx_scan:ineqsudx_scan|ineqsudx_scan_solver:solver|state.FINISH_OK
    Info (332115): Launch Clock : clk
    Info (332115): Latch Clock  : clk
    Info (332115): Data Arrival Path:
    Info (332115): Total (ns)  Incr (ns)     Type  Element
    Info (332115): ==========  ========= ==  ====  ===================================
    Info (332115):      0.000      0.000           launch edge time
    Info (332115):      0.000      0.000           source latency
    Info (332115):      0.000      0.000           clk
    Info (332115):      0.000      0.000 RR    IC  clk~input|i
    Info (332115):      0.708      0.708 RR  CELL  clk~input|o
    Info (332115):      1.602      0.894 RR    IC  clk~inputclkctrl|inclk[0]
    Info (332115):      1.602      0.000 RR  CELL  clk~inputclkctrl|outclk
    Info (332115):      3.186      1.584 RR    IC  ineqsudx_scan|solver|domain[54][4]|clk
    Info (332115):      3.696      0.510 RR  CELL  ineqsudx_scan:ineqsudx_scan|ineqsudx_scan_solver:solver|domain[54][4]
    Info (332115):      3.903      0.207     uTco  ineqsudx_scan:ineqsudx_scan|ineqsudx_scan_solver:solver|domain[54][4]
    Info (332115):      3.903      0.000 RR  CELL  ineqsudx_scan|solver|domain[54][4]|q
    Info (332115):      5.393      1.490 RR    IC  ineqsudx_scan|solver|singleton[54]~365|dataa
    Info (332115):      5.812      0.419 RF  CELL  ineqsudx_scan|solver|singleton[54]~365|combout
    Info (332115):      6.999      1.187 FF    IC  ineqsudx_scan|solver|singleton[54]~368|datad
    Info (332115):      7.130      0.131 FF  CELL  ineqsudx_scan|solver|singleton[54]~368|combout
    Info (332115):      7.388      0.258 FF    IC  ineqsudx_scan|solver|singleton[54]~370|datad
    Info (332115):      7.519      0.131 FF  CELL  ineqsudx_scan|solver|singleton[54]~370|combout
    Info (332115):      9.730      2.211 FF    IC  ineqsudx_scan|solver|comb~571|datac
    Info (332115):     10.011      0.281 FR  CELL  ineqsudx_scan|solver|comb~571|combout
    Info (332115):     11.748      1.737 RR    IC  ineqsudx_scan|solver|comb~880|datad
    Info (332115):     11.914      0.166 RR  CELL  ineqsudx_scan|solver|comb~880|combout
    Info (332115):     12.958      1.044 RR    IC  ineqsudx_scan|solver|comb~2391|datad
    Info (332115):     13.124      0.166 RR  CELL  ineqsudx_scan|solver|comb~2391|combout
    Info (332115):     13.757      0.633 RR    IC  ineqsudx_scan|solver|comb~924|datac
    Info (332115):     14.062      0.305 RR  CELL  ineqsudx_scan|solver|comb~924|combout
    Info (332115):     15.895      1.833 RR    IC  ineqsudx_scan|solver|next_domain[73][6]~1119|datac
    Info (332115):     16.200      0.305 RR  CELL  ineqsudx_scan|solver|next_domain[73][6]~1119|combout
    Info (332115):     16.930      0.730 RR    IC  ineqsudx_scan|solver|next_domain[73][6]|datad
    Info (332115):     17.096      0.166 RR  CELL  ineqsudx_scan|solver|next_domain[73][6]|combout
    Info (332115):     18.647      1.551 RR    IC  ineqsudx_scan|solver|WideOr1163~114|datad
    Info (332115):     18.813      0.166 RR  CELL  ineqsudx_scan|solver|WideOr1163~114|combout
    Info (332115):     20.530      1.717 RR    IC  ineqsudx_scan|solver|WideOr1163~116|datab
    Info (332115):     20.882      0.352 RR  CELL  ineqsudx_scan|solver|WideOr1163~116|combout
    Info (332115):     21.085      0.203 RR    IC  ineqsudx_scan|solver|WideOr1163~132|datac
    Info (332115):     21.390      0.305 RR  CELL  ineqsudx_scan|solver|WideOr1163~132|combout
    Info (332115):     22.431      1.041 RR    IC  ineqsudx_scan|solver|WideOr1163~133|datad
    Info (332115):     22.597      0.166 RR  CELL  ineqsudx_scan|solver|WideOr1163~133|combout
    Info (332115):     23.634      1.037 RR    IC  ineqsudx_scan|solver|WideOr1163~151|datad
    Info (332115):     23.800      0.166 RR  CELL  ineqsudx_scan|solver|WideOr1163~151|combout
    Info (332115):     24.040      0.240 RR    IC  ineqsudx_scan|solver|Selector2844~0|datab
    Info (332115):     24.465      0.425 RF  CELL  ineqsudx_scan|solver|Selector2844~0|combout
    Info (332115):     24.767      0.302 FF    IC  ineqsudx_scan|solver|Selector2845~2|datad
    Info (332115):     24.928      0.161 FR  CELL  ineqsudx_scan|solver|Selector2845~2|combout
    Info (332115):     25.174      0.246 RR    IC  ineqsudx_scan|solver|state.FINISH_OK|ena
    Info (332115):     25.798      0.624 RR  CELL  ineqsudx_scan:ineqsudx_scan|ineqsudx_scan_solver:solver|state.FINISH_OK
    Info (332115): Data Required Path:
    Info (332115): Total (ns)  Incr (ns)     Type  Element
    Info (332115): ==========  ========= ==  ====  ===================================
    Info (332115):      1.000      1.000           latch edge time
    Info (332115):      1.000      0.000           source latency
    Info (332115):      1.000      0.000           clk
    Info (332115):      1.000      0.000 RR    IC  clk~input|i
    Info (332115):      1.708      0.708 RR  CELL  clk~input|o
    Info (332115):      2.566      0.858 RR    IC  clk~inputclkctrl|inclk[0]
    Info (332115):      2.566      0.000 RR  CELL  clk~inputclkctrl|outclk
    Info (332115):      4.485      1.919 RR    IC  ineqsudx_scan|solver|state.FINISH_OK|clk
    Info (332115):      4.960      0.475 RR  CELL  ineqsudx_scan:ineqsudx_scan|ineqsudx_scan_solver:solver|state.FINISH_OK
    Info (332115):      5.023      0.063           clock pessimism removed
    Info (332115):      5.003     -0.020           clock uncertainty
    Info (332115):      5.016      0.013     uTsu  ineqsudx_scan:ineqsudx_scan|ineqsudx_scan_solver:solver|state.FINISH_OK
    Info (332115): Data Arrival Time  :    25.798
    Info (332115): Data Required Time :     5.016
    Info (332115): Slack              :   -20.782 (VIOLATED)
    Info (332115): ===================================================================
Info (332115): Path #19: Setup slack is -20.766 (VIOLATED)
    Info (332115): ===================================================================
    Info (332115): From Node    : ineqsudx_scan:ineqsudx_scan|ineqsudx_scan_solver:solver|domain[56][6]
    Info (332115): To Node      : ineqsudx_scan:ineqsudx_scan|ineqsudx_scan_solver:solver|state.PICK_ROWS
    Info (332115): Launch Clock : clk
    Info (332115): Latch Clock  : clk
    Info (332115): Data Arrival Path:
    Info (332115): Total (ns)  Incr (ns)     Type  Element
    Info (332115): ==========  ========= ==  ====  ===================================
    Info (332115):      0.000      0.000           launch edge time
    Info (332115):      0.000      0.000           source latency
    Info (332115):      0.000      0.000           clk
    Info (332115):      0.000      0.000 RR    IC  clk~input|i
    Info (332115):      0.708      0.708 RR  CELL  clk~input|o
    Info (332115):      1.602      0.894 RR    IC  clk~inputclkctrl|inclk[0]
    Info (332115):      1.602      0.000 RR  CELL  clk~inputclkctrl|outclk
    Info (332115):      3.140      1.538 RR    IC  ineqsudx_scan|solver|domain[56][6]|clk
    Info (332115):      3.650      0.510 RR  CELL  ineqsudx_scan:ineqsudx_scan|ineqsudx_scan_solver:solver|domain[56][6]
    Info (332115):      3.857      0.207     uTco  ineqsudx_scan:ineqsudx_scan|ineqsudx_scan_solver:solver|domain[56][6]
    Info (332115):      3.857      0.000 RR  CELL  ineqsudx_scan|solver|domain[56][6]|q
    Info (332115):      5.813      1.956 RR    IC  ineqsudx_scan|solver|singleton[56]~384|dataa
    Info (332115):      6.232      0.419 RF  CELL  ineqsudx_scan|solver|singleton[56]~384|combout
    Info (332115):      6.582      0.350 FF    IC  ineqsudx_scan|solver|singleton[56]~386|dataa
    Info (332115):      6.987      0.405 FF  CELL  ineqsudx_scan|solver|singleton[56]~386|combout
    Info (332115):      7.276      0.289 FF    IC  ineqsudx_scan|solver|singleton[56]~388|datad
    Info (332115):      7.407      0.131 FF  CELL  ineqsudx_scan|solver|singleton[56]~388|combout
    Info (332115):      9.357      1.950 FF    IC  ineqsudx_scan|solver|UNITS[24].values[2][7]~24|datad
    Info (332115):      9.488      0.131 FF  CELL  ineqsudx_scan|solver|UNITS[24].values[2][7]~24|combout
    Info (332115):     11.106      1.618 FF    IC  ineqsudx_scan|solver|comb~626|datac
    Info (332115):     11.385      0.279 FR  CELL  ineqsudx_scan|solver|comb~626|combout
    Info (332115):     13.489      2.104 RR    IC  ineqsudx_scan|solver|comb~1886|datad
    Info (332115):     13.655      0.166 RR  CELL  ineqsudx_scan|solver|comb~1886|combout
    Info (332115):     15.099      1.444 RR    IC  ineqsudx_scan|solver|comb~2506|datad
    Info (332115):     15.265      0.166 RR  CELL  ineqsudx_scan|solver|comb~2506|combout
    Info (332115):     16.604      1.339 RR    IC  ineqsudx_scan|solver|CELLS[47].peer_allowed[7]~8|datad
    Info (332115):     16.770      0.166 RR  CELL  ineqsudx_scan|solver|CELLS[47].peer_allowed[7]~8|combout
    Info (332115):     18.160      1.390 RR    IC  ineqsudx_scan|solver|next_domain[47][7]|datad
    Info (332115):     18.326      0.166 RR  CELL  ineqsudx_scan|solver|next_domain[47][7]|combout
    Info (332115):     19.045      0.719 RR    IC  ineqsudx_scan|solver|WideOr1163~347|datad
    Info (332115):     19.211      0.166 RR  CELL  ineqsudx_scan|solver|WideOr1163~347|combout
    Info (332115):     19.929      0.718 RR    IC  ineqsudx_scan|solver|WideOr1163~349|datad
    Info (332115):     20.095      0.166 RR  CELL  ineqsudx_scan|solver|WideOr1163~349|combout
    Info (332115):     21.078      0.983 RR    IC  ineqsudx_scan|solver|WideOr1163~360|datad
    Info (332115):     21.244      0.166 RR  CELL  ineqsudx_scan|solver|WideOr1163~360|combout
    Info (332115):     21.979      0.735 RR    IC  ineqsudx_scan|solver|WideOr1163~424|datad
    Info (332115):     22.145      0.166 RR  CELL  ineqsudx_scan|solver|WideOr1163~424|combout
    Info (332115):     23.801      1.656 RR    IC  ineqsudx_scan|solver|WideOr1163~483|datad
    Info (332115):     23.967      0.166 RR  CELL  ineqsudx_scan|solver|WideOr1163~483|combout
    Info (332115):     24.169      0.202 RR    IC  ineqsudx_scan|solver|Selector2844~0|datac
    Info (332115):     24.449      0.280 RF  CELL  ineqsudx_scan|solver|Selector2844~0|combout
    Info (332115):     24.751      0.302 FF    IC  ineqsudx_scan|solver|Selector2845~2|datad
    Info (332115):     24.912      0.161 FR  CELL  ineqsudx_scan|solver|Selector2845~2|combout
    Info (332115):     25.158      0.246 RR    IC  ineqsudx_scan|solver|state.PICK_ROWS|ena
    Info (332115):     25.782      0.624 RR  CELL  ineqsudx_scan:ineqsudx_scan|ineqsudx_scan_solver:solver|state.PICK_ROWS
    Info (332115): Data Required Path:
    Info (332115): Total (ns)  Incr (ns)     Type  Element
    Info (332115): ==========  ========= ==  ====  ===================================
    Info (332115):      1.000      1.000           latch edge time
    Info (332115):      1.000      0.000           source latency
    Info (332115):      1.000      0.000           clk
    Info (332115):      1.000      0.000 RR    IC  clk~input|i
    Info (332115):      1.708      0.708 RR  CELL  clk~input|o
    Info (332115):      2.566      0.858 RR    IC  clk~inputclkctrl|inclk[0]
    Info (332115):      2.566      0.000 RR  CELL  clk~inputclkctrl|outclk
    Info (332115):      4.485      1.919 RR    IC  ineqsudx_scan|solver|state.PICK_ROWS|clk
    Info (332115):      4.960      0.475 RR  CELL  ineqsudx_scan:ineqsudx_scan|ineqsudx_scan_solver:solver|state.PICK_ROWS
    Info (332115):      5.023      0.063           clock pessimism removed
    Info (332115):      5.003     -0.020           clock uncertainty
    Info (332115):      5.016      0.013     uTsu  ineqsudx_scan:ineqsudx_scan|ineqsudx_scan_solver:solver|state.PICK_ROWS
    Info (332115): Data Arrival Time  :    25.782
    Info (332115): Data Required Time :     5.016
    Info (332115): Slack              :   -20.766 (VIOLATED)
    Info (332115): ===================================================================
Info (332115): Path #20: Setup slack is -20.766 (VIOLATED)
    Info (332115): ===================================================================
    Info (332115): From Node    : ineqsudx_scan:ineqsudx_scan|ineqsudx_scan_solver:solver|domain[56][6]
    Info (332115): To Node      : ineqsudx_scan:ineqsudx_scan|ineqsudx_scan_solver:solver|state.IDLE
    Info (332115): Launch Clock : clk
    Info (332115): Latch Clock  : clk
    Info (332115): Data Arrival Path:
    Info (332115): Total (ns)  Incr (ns)     Type  Element
    Info (332115): ==========  ========= ==  ====  ===================================
    Info (332115):      0.000      0.000           launch edge time
    Info (332115):      0.000      0.000           source latency
    Info (332115):      0.000      0.000           clk
    Info (332115):      0.000      0.000 RR    IC  clk~input|i
    Info (332115):      0.708      0.708 RR  CELL  clk~input|o
    Info (332115):      1.602      0.894 RR    IC  clk~inputclkctrl|inclk[0]
    Info (332115):      1.602      0.000 RR  CELL  clk~inputclkctrl|outclk
    Info (332115):      3.140      1.538 RR    IC  ineqsudx_scan|solver|domain[56][6]|clk
    Info (332115):      3.650      0.510 RR  CELL  ineqsudx_scan:ineqsudx_scan|ineqsudx_scan_solver:solver|domain[56][6]
    Info (332115):      3.857      0.207     uTco  ineqsudx_scan:ineqsudx_scan|ineqsudx_scan_solver:solver|domain[56][6]
    Info (332115):      3.857      0.000 RR  CELL  ineqsudx_scan|solver|domain[56][6]|q
    Info (332115):      5.813      1.956 RR    IC  ineqsudx_scan|solver|singleton[56]~384|dataa
    Info (332115):      6.232      0.419 RF  CELL  ineqsudx_scan|solver|singleton[56]~384|combout
    Info (332115):      6.582      0.350 FF    IC  ineqsudx_scan|solver|singleton[56]~386|dataa
    Info (332115):      6.987      0.405 FF  CELL  ineqsudx_scan|solver|singleton[56]~386|combout
    Info (332115):      7.276      0.289 FF    IC  ineqsudx_scan|solver|singleton[56]~388|datad
    Info (332115):      7.407      0.131 FF  CELL  ineqsudx_scan|solver|singleton[56]~388|combout
    Info (332115):      9.357      1.950 FF    IC  ineqsudx_scan|solver|UNITS[24].values[2][7]~24|datad
    Info (332115):      9.488      0.131 FF  CELL  ineqsudx_scan|solver|UNITS[24].values[2][7]~24|combout
    Info (332115):     11.106      1.618 FF    IC  ineqsudx_scan|solver|comb~626|datac
    Info (332115):     11.385      0.279 FR  CELL  ineqsudx_scan|solver|comb~626|combout
    Info (332115):     13.489      2.104 RR    IC  ineqsudx_scan|solver|comb~1886|datad
    Info (332115):     13.655      0.166 RR  CELL  ineqsudx_scan|solver|comb~1886|combout
    Info (332115):     15.099      1.444 RR    IC  ineqsudx_scan|solver|comb~2506|datad
    Info (332115):     15.265      0.166 RR  CELL  ineqsudx_scan|solver|comb~2506|combout
    Info (332115):     16.604      1.339 RR    IC  ineqsudx_scan|solver|CELLS[47].peer_allowed[7]~8|datad
    Info (332115):     16.770      0.166 RR  CELL  ineqsudx_scan|solver|CELLS[47].peer_allowed[7]~8|combout
    Info (332115):     18.160      1.390 RR    IC  ineqsudx_scan|solver|next_domain[47][7]|datad
    Info (332115):     18.326      0.166 RR  CELL  ineqsudx_scan|solver|next_domain[47][7]|combout
    Info (332115):     19.045      0.719 RR    IC  ineqsudx_scan|solver|WideOr1163~347|datad
    Info (332115):     19.211      0.166 RR  CELL  ineqsudx_scan|solver|WideOr1163~347|combout
    Info (332115):     19.929      0.718 RR    IC  ineqsudx_scan|solver|WideOr1163~349|datad
    Info (332115):     20.095      0.166 RR  CELL  ineqsudx_scan|solver|WideOr1163~349|combout
    Info (332115):     21.078      0.983 RR    IC  ineqsudx_scan|solver|WideOr1163~360|datad
    Info (332115):     21.244      0.166 RR  CELL  ineqsudx_scan|solver|WideOr1163~360|combout
    Info (332115):     21.979      0.735 RR    IC  ineqsudx_scan|solver|WideOr1163~424|datad
    Info (332115):     22.145      0.166 RR  CELL  ineqsudx_scan|solver|WideOr1163~424|combout
    Info (332115):     23.801      1.656 RR    IC  ineqsudx_scan|solver|WideOr1163~483|datad
    Info (332115):     23.967      0.166 RR  CELL  ineqsudx_scan|solver|WideOr1163~483|combout
    Info (332115):     24.169      0.202 RR    IC  ineqsudx_scan|solver|Selector2844~0|datac
    Info (332115):     24.449      0.280 RF  CELL  ineqsudx_scan|solver|Selector2844~0|combout
    Info (332115):     24.751      0.302 FF    IC  ineqsudx_scan|solver|Selector2845~2|datad
    Info (332115):     24.912      0.161 FR  CELL  ineqsudx_scan|solver|Selector2845~2|combout
    Info (332115):     25.158      0.246 RR    IC  ineqsudx_scan|solver|state.IDLE|ena
    Info (332115):     25.782      0.624 RR  CELL  ineqsudx_scan:ineqsudx_scan|ineqsudx_scan_solver:solver|state.IDLE
    Info (332115): Data Required Path:
    Info (332115): Total (ns)  Incr (ns)     Type  Element
    Info (332115): ==========  ========= ==  ====  ===================================
    Info (332115):      1.000      1.000           latch edge time
    Info (332115):      1.000      0.000           source latency
    Info (332115):      1.000      0.000           clk
    Info (332115):      1.000      0.000 RR    IC  clk~input|i
    Info (332115):      1.708      0.708 RR  CELL  clk~input|o
    Info (332115):      2.566      0.858 RR    IC  clk~inputclkctrl|inclk[0]
    Info (332115):      2.566      0.000 RR  CELL  clk~inputclkctrl|outclk
    Info (332115):      4.485      1.919 RR    IC  ineqsudx_scan|solver|state.IDLE|clk
    Info (332115):      4.960      0.475 RR  CELL  ineqsudx_scan:ineqsudx_scan|ineqsudx_scan_solver:solver|state.IDLE
    Info (332115):      5.023      0.063           clock pessimism removed
    Info (332115):      5.003     -0.020           clock uncertainty
    Info (332115):      5.016      0.013     uTsu  ineqsudx_scan:ineqsudx_scan|ineqsudx_scan_solver:solver|state.IDLE
    Info (332115): Data Arrival Time  :    25.782
    Info (332115): Data Required Time :     5.016
    Info (332115): Slack              :   -20.766 (VIOLATED)
    Info (332115): ===================================================================
Info (23030): Evaluation of Tcl script /data/project/tsmc65/shared/qsyn/util/report_worst.tcl was successful
Info: Quartus Prime Timing Analyzer was successful. 0 errors, 1 warning
    Info: Peak virtual memory: 630 megabytes
    Info: Processing ended: Tue Sep  8 16:27:14 2026
    Info: Elapsed time: 00:00:05
    Info: Total CPU time (on all processors): 00:00:02
