Analysis & Synthesis report for ineqsudx_scan
Wed Sep  9 06:51:33 2026
Quartus Prime Version 24.1std.0 Build 1077 03/04/2025 SC Lite Edition


---------------------
; Table of Contents ;
---------------------
  1. Legal Notice
  2. Analysis & Synthesis Summary
  3. Analysis & Synthesis Settings
  4. Parallel Compilation
  5. Analysis & Synthesis Source Files Read
  6. Analysis & Synthesis Resource Usage Summary
  7. Analysis & Synthesis Resource Utilization by Entity
  8. Analysis & Synthesis RAM Summary
  9. State Machine - |qsyn_dummy_xlr_wrap|ineqsudx_scan:ineqsudx_scan|ineqsudx_scan_solver:solver|state
 10. Registers Removed During Synthesis
 11. Removed Registers Triggering Further Register Optimizations
 12. General Register Statistics
 13. Registers Packed Into Inferred Megafunctions
 14. Multiplexer Restructuring Statistics (Restructuring Performed)
 15. Source assignments for ineqsudx_scan:ineqsudx_scan|ineqsudx_scan_solver:solver|altsyncram:decisions_rtl_0|altsyncram_84d1:auto_generated
 16. Source assignments for ineqsudx_scan:ineqsudx_scan|ineqsudx_scan_solver:solver|altsyncram:snapshots_rtl_0|altsyncram_gad1:auto_generated
 17. Parameter Settings for User Entity Instance: mem_intf_read:mem_intf_read
 18. Parameter Settings for User Entity Instance: mem_intf_write:mem_intf_write
 19. Parameter Settings for User Entity Instance: ineqsudx_scan:ineqsudx_scan|ineqsudx_scan_solver:solver
 20. Parameter Settings for Inferred Entity Instance: ineqsudx_scan:ineqsudx_scan|ineqsudx_scan_solver:solver|altsyncram:decisions_rtl_0
 21. Parameter Settings for Inferred Entity Instance: ineqsudx_scan:ineqsudx_scan|ineqsudx_scan_solver:solver|altsyncram:snapshots_rtl_0
 22. altsyncram Parameter Settings by Entity Instance
 23. Post-Synthesis Netlist Statistics for Top Partition
 24. Elapsed Time Per Partition
 25. Analysis & Synthesis Messages
 26. Analysis & Synthesis Suppressed Messages



----------------
; Legal Notice ;
----------------
Copyright (C) 2025  Altera Corporation. All rights reserved.
Your use of Altera Corporation's design tools, logic functions 
and other software and tools, and any partner logic 
functions, and any output files from any of the foregoing 
(including device programming or simulation files), and any 
associated documentation or information are expressly subject 
to the terms and conditions of the Altera Program License 
Subscription Agreement, the Altera Quartus Prime License Agreement,
the Altera IP License Agreement, or other applicable license
agreement, including, without limitation, that your use is for
the sole purpose of programming logic devices manufactured by
Altera and sold by Altera or its authorized distributors.  Please
refer to the Altera Software License Subscription Agreements 
on the Quartus Prime software download page.



+--------------------------------------------------------------------------------------+
; Analysis & Synthesis Summary                                                         ;
+------------------------------------+-------------------------------------------------+
; Analysis & Synthesis Status        ; Successful - Wed Sep  9 06:51:32 2026           ;
; Quartus Prime Version              ; 24.1std.0 Build 1077 03/04/2025 SC Lite Edition ;
; Revision Name                      ; ineqsudx_scan                                   ;
; Top-level Entity Name              ; qsyn_dummy_xlr_wrap                             ;
; Family                             ; MAX 10                                          ;
; Total logic elements               ; 23,097                                          ;
;     Total combinational functions  ; 21,942                                          ;
;     Dedicated logic registers      ; 3,276                                           ;
; Total registers                    ; 3276                                            ;
; Total pins                         ; 120                                             ;
; Total virtual pins                 ; 0                                               ;
; Total memory bits                  ; 60,264                                          ;
; Embedded Multiplier 9-bit elements ; 0                                               ;
; Total PLLs                         ; 0                                               ;
; UFM blocks                         ; 0                                               ;
; ADC blocks                         ; 0                                               ;
+------------------------------------+-------------------------------------------------+


+-------------------------------------------------------------------------------------------------------------+
; Analysis & Synthesis Settings                                                                               ;
+------------------------------------------------------------------+---------------------+--------------------+
; Option                                                           ; Setting             ; Default Value      ;
+------------------------------------------------------------------+---------------------+--------------------+
; Device                                                           ; 10M50DAF484C7G      ;                    ;
; Top-level entity name                                            ; qsyn_dummy_xlr_wrap ; ineqsudx_scan      ;
; Family name                                                      ; MAX 10              ; Cyclone V          ;
; Maximum processors allowed for parallel compilation              ; 1                   ;                    ;
; Use smart compilation                                            ; Off                 ; Off                ;
; Enable parallel Assembler and Timing Analyzer during compilation ; On                  ; On                 ;
; Enable compact report table                                      ; Off                 ; Off                ;
; Restructure Multiplexers                                         ; Auto                ; Auto               ;
; Create Debugging Nodes for IP Cores                              ; Off                 ; Off                ;
; Preserve fewer node names                                        ; On                  ; On                 ;
; Intel FPGA IP Evaluation Mode                                    ; Enable              ; Enable             ;
; Verilog Version                                                  ; Verilog_2001        ; Verilog_2001       ;
; VHDL Version                                                     ; VHDL_1993           ; VHDL_1993          ;
; State Machine Processing                                         ; Auto                ; Auto               ;
; Safe State Machine                                               ; Off                 ; Off                ;
; Extract Verilog State Machines                                   ; On                  ; On                 ;
; Extract VHDL State Machines                                      ; On                  ; On                 ;
; Ignore Verilog initial constructs                                ; Off                 ; Off                ;
; Iteration limit for constant Verilog loops                       ; 5000                ; 5000               ;
; Iteration limit for non-constant Verilog loops                   ; 250                 ; 250                ;
; Add Pass-Through Logic to Inferred RAMs                          ; On                  ; On                 ;
; Infer RAMs from Raw Logic                                        ; On                  ; On                 ;
; Parallel Synthesis                                               ; On                  ; On                 ;
; DSP Block Balancing                                              ; Auto                ; Auto               ;
; NOT Gate Push-Back                                               ; On                  ; On                 ;
; Power-Up Don't Care                                              ; On                  ; On                 ;
; Remove Redundant Logic Cells                                     ; Off                 ; Off                ;
; Remove Duplicate Registers                                       ; On                  ; On                 ;
; Ignore CARRY Buffers                                             ; Off                 ; Off                ;
; Ignore CASCADE Buffers                                           ; Off                 ; Off                ;
; Ignore GLOBAL Buffers                                            ; Off                 ; Off                ;
; Ignore ROW GLOBAL Buffers                                        ; Off                 ; Off                ;
; Ignore LCELL Buffers                                             ; Off                 ; Off                ;
; Ignore SOFT Buffers                                              ; On                  ; On                 ;
; Limit AHDL Integers to 32 Bits                                   ; Off                 ; Off                ;
; Optimization Technique                                           ; Balanced            ; Balanced           ;
; Carry Chain Length                                               ; 70                  ; 70                 ;
; Auto Carry Chains                                                ; On                  ; On                 ;
; Auto Open-Drain Pins                                             ; On                  ; On                 ;
; Perform WYSIWYG Primitive Resynthesis                            ; Off                 ; Off                ;
; Auto ROM Replacement                                             ; On                  ; On                 ;
; Auto RAM Replacement                                             ; On                  ; On                 ;
; Auto DSP Block Replacement                                       ; On                  ; On                 ;
; Auto Shift Register Replacement                                  ; Auto                ; Auto               ;
; Allow Shift Register Merging across Hierarchies                  ; Auto                ; Auto               ;
; Auto Clock Enable Replacement                                    ; On                  ; On                 ;
; Strict RAM Replacement                                           ; Off                 ; Off                ;
; Allow Synchronous Control Signals                                ; On                  ; On                 ;
; Force Use of Synchronous Clear Signals                           ; Off                 ; Off                ;
; Auto RAM Block Balancing                                         ; On                  ; On                 ;
; Auto RAM to Logic Cell Conversion                                ; Off                 ; Off                ;
; Auto Resource Sharing                                            ; Off                 ; Off                ;
; Allow Any RAM Size For Recognition                               ; Off                 ; Off                ;
; Allow Any ROM Size For Recognition                               ; Off                 ; Off                ;
; Allow Any Shift Register Size For Recognition                    ; Off                 ; Off                ;
; Use LogicLock Constraints during Resource Balancing              ; On                  ; On                 ;
; Ignore translate_off and synthesis_off directives                ; Off                 ; Off                ;
; Timing-Driven Synthesis                                          ; On                  ; On                 ;
; Report Parameter Settings                                        ; On                  ; On                 ;
; Report Source Assignments                                        ; On                  ; On                 ;
; Report Connectivity Checks                                       ; On                  ; On                 ;
; Ignore Maximum Fan-Out Assignments                               ; Off                 ; Off                ;
; Synchronization Register Chain Length                            ; 2                   ; 2                  ;
; Power Optimization During Synthesis                              ; Normal compilation  ; Normal compilation ;
; HDL message level                                                ; Level2              ; Level2             ;
; Suppress Register Optimization Related Messages                  ; Off                 ; Off                ;
; Number of Removed Registers Reported in Synthesis Report         ; 5000                ; 5000               ;
; Number of Swept Nodes Reported in Synthesis Report               ; 5000                ; 5000               ;
; Number of Inverted Registers Reported in Synthesis Report        ; 100                 ; 100                ;
; Clock MUX Protection                                             ; On                  ; On                 ;
; Auto Gated Clock Conversion                                      ; Off                 ; Off                ;
; Block Design Naming                                              ; Auto                ; Auto               ;
; SDC constraint protection                                        ; Off                 ; Off                ;
; Synthesis Effort                                                 ; Auto                ; Auto               ;
; Shift Register Replacement - Allow Asynchronous Clear Signal     ; On                  ; On                 ;
; Pre-Mapping Resynthesis Optimization                             ; Off                 ; Off                ;
; Analysis & Synthesis Message Level                               ; Medium              ; Medium             ;
; Disable Register Merging Across Hierarchies                      ; Auto                ; Auto               ;
; Resource Aware Inference For Block RAM                           ; On                  ; On                 ;
+------------------------------------------------------------------+---------------------+--------------------+


Parallel compilation was disabled, but you have multiple processors available. Enable parallel compilation to reduce compilation time.
+-------------------------------------+
; Parallel Compilation                ;
+----------------------------+--------+
; Processors                 ; Number ;
+----------------------------+--------+
; Number detected on machine ; 2      ;
; Maximum allowed            ; 1      ;
+----------------------------+--------+


+-------------------------------------------------------------------------------------------------------------------------------------------------------------------------------------------------------------------------------------------------------------------------------------+
; Analysis & Synthesis Source Files Read                                                                                                                                                                                                                                              ;
+-----------------------------------------------------------------------------------------+-----------------+------------------------------+--------------------------------------------------------------------------------------------------------------------------------+---------+
; File Name with User-Entered Path                                                        ; Used in Netlist ; File Type                    ; File Name with Absolute Path                                                                                                   ; Library ;
+-----------------------------------------------------------------------------------------+-----------------+------------------------------+--------------------------------------------------------------------------------------------------------------------------------+---------+
; ../../../../../../../../shared/k5_share/k5_xbox/hw/xbox/xbox_def_pkg.sv                 ; yes             ; User SystemVerilog HDL File  ; /project/tsmc65/shared/k5_share/k5_xbox/hw/xbox/xbox_def_pkg.sv                                                                ;         ;
; ../../../../../../../../shared/k5_share/k5_xbox/hw/xbox/xbox_xlrs/mem/mem_intf_read.sv  ; yes             ; User SystemVerilog HDL File  ; /project/tsmc65/shared/k5_share/k5_xbox/hw/xbox/xbox_xlrs/mem/mem_intf_read.sv                                                 ;         ;
; ../../../../../../../../shared/k5_share/k5_xbox/hw/xbox/xbox_xlrs/mem/mem_intf_write.sv ; yes             ; User SystemVerilog HDL File  ; /project/tsmc65/shared/k5_share/k5_xbox/hw/xbox/xbox_xlrs/mem/mem_intf_write.sv                                                ;         ;
; ../../../../../../../../shared/k5_share/k5_xbox/hw/xbox/host_regs_intrf.sv              ; yes             ; User SystemVerilog HDL File  ; /project/tsmc65/shared/k5_share/k5_xbox/hw/xbox/host_regs_intrf.sv                                                             ;         ;
; /data/project/tsmc65/shared/qsyn/qsyn_dummy_xlr_wrap/qsyn_dummy_xlr_wrap_hri.sv         ; yes             ; User SystemVerilog HDL File  ; /data/project/tsmc65/shared/qsyn/qsyn_dummy_xlr_wrap/qsyn_dummy_xlr_wrap_hri.sv                                                ;         ;
; ineqsudx_def_pkg.sv                                                                     ; yes             ; User SystemVerilog HDL File  ; /project/tsmc65/users/perezba/ws/AlwaysSudxIneqBuild/logs/experiment-mrv-decide/rtl_work/ineqsudx_scan/ineqsudx_def_pkg.sv     ;         ;
; ineqsudx_scan.sv                                                                        ; yes             ; User SystemVerilog HDL File  ; /project/tsmc65/users/perezba/ws/AlwaysSudxIneqBuild/logs/experiment-mrv-decide/rtl_work/ineqsudx_scan/ineqsudx_scan.sv        ;         ;
; ineqsudx_scan_solver.sv                                                                 ; yes             ; User SystemVerilog HDL File  ; /project/tsmc65/users/perezba/ws/AlwaysSudxIneqBuild/logs/experiment-mrv-decide/rtl_work/ineqsudx_scan/ineqsudx_scan_solver.sv ;         ;
; ineqsudx_scan_enums.svh                                                                 ; yes             ; Auto-Found Unspecified File  ; /project/tsmc65/users/perezba/ws/AlwaysSudxIneqBuild/sw/apps/ineqsudx_scan/ineqsudx_scan_enums.svh                             ;         ;
; altsyncram.tdf                                                                          ; yes             ; Megafunction                 ; /data/project/tsmc65/shared/quartus_install/intelFPGA_lite/24.1std/quartus/libraries/megafunctions/altsyncram.tdf              ;         ;
; stratix_ram_block.inc                                                                   ; yes             ; Megafunction                 ; /data/project/tsmc65/shared/quartus_install/intelFPGA_lite/24.1std/quartus/libraries/megafunctions/stratix_ram_block.inc       ;         ;
; lpm_mux.inc                                                                             ; yes             ; Megafunction                 ; /data/project/tsmc65/shared/quartus_install/intelFPGA_lite/24.1std/quartus/libraries/megafunctions/lpm_mux.inc                 ;         ;
; lpm_decode.inc                                                                          ; yes             ; Megafunction                 ; /data/project/tsmc65/shared/quartus_install/intelFPGA_lite/24.1std/quartus/libraries/megafunctions/lpm_decode.inc              ;         ;
; aglobal241.inc                                                                          ; yes             ; Megafunction                 ; /data/project/tsmc65/shared/quartus_install/intelFPGA_lite/24.1std/quartus/libraries/megafunctions/aglobal241.inc              ;         ;
; a_rdenreg.inc                                                                           ; yes             ; Megafunction                 ; /data/project/tsmc65/shared/quartus_install/intelFPGA_lite/24.1std/quartus/libraries/megafunctions/a_rdenreg.inc               ;         ;
; altrom.inc                                                                              ; yes             ; Megafunction                 ; /data/project/tsmc65/shared/quartus_install/intelFPGA_lite/24.1std/quartus/libraries/megafunctions/altrom.inc                  ;         ;
; altram.inc                                                                              ; yes             ; Megafunction                 ; /data/project/tsmc65/shared/quartus_install/intelFPGA_lite/24.1std/quartus/libraries/megafunctions/altram.inc                  ;         ;
; altdpram.inc                                                                            ; yes             ; Megafunction                 ; /data/project/tsmc65/shared/quartus_install/intelFPGA_lite/24.1std/quartus/libraries/megafunctions/altdpram.inc                ;         ;
; db/altsyncram_84d1.tdf                                                                  ; yes             ; Auto-Generated Megafunction  ; /project/tsmc65/users/perezba/ws/AlwaysSudxIneqBuild/logs/experiment-mrv-decide/rtl_work/ineqsudx_scan/db/altsyncram_84d1.tdf  ;         ;
; db/altsyncram_gad1.tdf                                                                  ; yes             ; Auto-Generated Megafunction  ; /project/tsmc65/users/perezba/ws/AlwaysSudxIneqBuild/logs/experiment-mrv-decide/rtl_work/ineqsudx_scan/db/altsyncram_gad1.tdf  ;         ;
+-----------------------------------------------------------------------------------------+-----------------+------------------------------+--------------------------------------------------------------------------------------------------------------------------------+---------+


+---------------------------------------------------------+
; Analysis & Synthesis Resource Usage Summary             ;
+---------------------------------------------+-----------+
; Resource                                    ; Usage     ;
+---------------------------------------------+-----------+
; Estimated Total logic elements              ; 23,097    ;
;                                             ;           ;
; Total combinational functions               ; 21942     ;
; Logic element usage by number of LUT inputs ;           ;
;     -- 4 input functions                    ; 16595     ;
;     -- 3 input functions                    ; 3430      ;
;     -- <=2 input functions                  ; 1917      ;
;                                             ;           ;
; Logic elements by mode                      ;           ;
;     -- normal mode                          ; 21606     ;
;     -- arithmetic mode                      ; 336       ;
;                                             ;           ;
; Total registers                             ; 3276      ;
;     -- Dedicated logic registers            ; 3276      ;
;     -- I/O registers                        ; 0         ;
;                                             ;           ;
; I/O pins                                    ; 120       ;
; Total memory bits                           ; 60264     ;
;                                             ;           ;
; Embedded Multiplier 9-bit elements          ; 0         ;
;                                             ;           ;
; Maximum fan-out node                        ; clk~input ;
; Maximum fan-out                             ; 3534      ;
; Total fan-out                               ; 97331     ;
; Average fan-out                             ; 3.78      ;
+---------------------------------------------+-----------+


+------------------------------------------------------------------------------------------------------------------------------------------------------------------------------------------------------------------------------------------------------------------------------------------------------------------------------------------------------------------------------------------+
; Analysis & Synthesis Resource Utilization by Entity                                                                                                                                                                                                                                                                                                                                      ;
+------------------------------------------------------+---------------------+---------------------------+-------------+------------+--------------+---------+-----------+------+--------------+------------+----------------------------------------------------------------------------------------------------------------------------------------+----------------------+--------------+
; Compilation Hierarchy Node                           ; Combinational ALUTs ; Dedicated Logic Registers ; Memory Bits ; UFM Blocks ; DSP Elements ; DSP 9x9 ; DSP 18x18 ; Pins ; Virtual Pins ; ADC blocks ; Full Hierarchy Name                                                                                                                    ; Entity Name          ; Library Name ;
+------------------------------------------------------+---------------------+---------------------------+-------------+------------+--------------+---------+-----------+------+--------------+------------+----------------------------------------------------------------------------------------------------------------------------------------+----------------------+--------------+
; |qsyn_dummy_xlr_wrap                                 ; 21942 (484)         ; 3276 (334)                ; 60264       ; 0          ; 0            ; 0       ; 0         ; 120  ; 0            ; 0          ; |qsyn_dummy_xlr_wrap                                                                                                                   ; qsyn_dummy_xlr_wrap  ; work         ;
;    |ineqsudx_scan:ineqsudx_scan|                     ; 21458 (868)         ; 2942 (677)                ; 60264       ; 0          ; 0            ; 0       ; 0         ; 0    ; 0            ; 0          ; |qsyn_dummy_xlr_wrap|ineqsudx_scan:ineqsudx_scan                                                                                       ; ineqsudx_scan        ; work         ;
;       |ineqsudx_scan_solver:solver|                  ; 20590 (19118)       ; 2265 (2265)               ; 60264       ; 0          ; 0            ; 0       ; 0         ; 0    ; 0            ; 0          ; |qsyn_dummy_xlr_wrap|ineqsudx_scan:ineqsudx_scan|ineqsudx_scan_solver:solver                                                           ; ineqsudx_scan_solver ; work         ;
;          |altsyncram:decisions_rtl_0|                ; 0 (0)               ; 0 (0)                     ; 1215        ; 0          ; 0            ; 0       ; 0         ; 0    ; 0            ; 0          ; |qsyn_dummy_xlr_wrap|ineqsudx_scan:ineqsudx_scan|ineqsudx_scan_solver:solver|altsyncram:decisions_rtl_0                                ; altsyncram           ; work         ;
;             |altsyncram_84d1:auto_generated|         ; 0 (0)               ; 0 (0)                     ; 1215        ; 0          ; 0            ; 0       ; 0         ; 0    ; 0            ; 0          ; |qsyn_dummy_xlr_wrap|ineqsudx_scan:ineqsudx_scan|ineqsudx_scan_solver:solver|altsyncram:decisions_rtl_0|altsyncram_84d1:auto_generated ; altsyncram_84d1      ; work         ;
;          |altsyncram:snapshots_rtl_0|                ; 0 (0)               ; 0 (0)                     ; 59049       ; 0          ; 0            ; 0       ; 0         ; 0    ; 0            ; 0          ; |qsyn_dummy_xlr_wrap|ineqsudx_scan:ineqsudx_scan|ineqsudx_scan_solver:solver|altsyncram:snapshots_rtl_0                                ; altsyncram           ; work         ;
;             |altsyncram_gad1:auto_generated|         ; 0 (0)               ; 0 (0)                     ; 59049       ; 0          ; 0            ; 0       ; 0         ; 0    ; 0            ; 0          ; |qsyn_dummy_xlr_wrap|ineqsudx_scan:ineqsudx_scan|ineqsudx_scan_solver:solver|altsyncram:snapshots_rtl_0|altsyncram_gad1:auto_generated ; altsyncram_gad1      ; work         ;
;          |ineqsudx_union9:UNITS[0].board_union|      ; 38 (38)             ; 0 (0)                     ; 0           ; 0          ; 0            ; 0       ; 0         ; 0    ; 0            ; 0          ; |qsyn_dummy_xlr_wrap|ineqsudx_scan:ineqsudx_scan|ineqsudx_scan_solver:solver|ineqsudx_union9:UNITS[0].board_union                      ; ineqsudx_union9      ; work         ;
;          |ineqsudx_union9:UNITS[0].candidate_union|  ; 14 (14)             ; 0 (0)                     ; 0           ; 0          ; 0            ; 0       ; 0         ; 0    ; 0            ; 0          ; |qsyn_dummy_xlr_wrap|ineqsudx_scan:ineqsudx_scan|ineqsudx_scan_solver:solver|ineqsudx_union9:UNITS[0].candidate_union                  ; ineqsudx_union9      ; work         ;
;          |ineqsudx_union9:UNITS[10].board_union|     ; 27 (27)             ; 0 (0)                     ; 0           ; 0          ; 0            ; 0       ; 0         ; 0    ; 0            ; 0          ; |qsyn_dummy_xlr_wrap|ineqsudx_scan:ineqsudx_scan|ineqsudx_scan_solver:solver|ineqsudx_union9:UNITS[10].board_union                     ; ineqsudx_union9      ; work         ;
;          |ineqsudx_union9:UNITS[10].candidate_union| ; 27 (27)             ; 0 (0)                     ; 0           ; 0          ; 0            ; 0       ; 0         ; 0    ; 0            ; 0          ; |qsyn_dummy_xlr_wrap|ineqsudx_scan:ineqsudx_scan|ineqsudx_scan_solver:solver|ineqsudx_union9:UNITS[10].candidate_union                 ; ineqsudx_union9      ; work         ;
;          |ineqsudx_union9:UNITS[11].board_union|     ; 27 (27)             ; 0 (0)                     ; 0           ; 0          ; 0            ; 0       ; 0         ; 0    ; 0            ; 0          ; |qsyn_dummy_xlr_wrap|ineqsudx_scan:ineqsudx_scan|ineqsudx_scan_solver:solver|ineqsudx_union9:UNITS[11].board_union                     ; ineqsudx_union9      ; work         ;
;          |ineqsudx_union9:UNITS[11].candidate_union| ; 25 (25)             ; 0 (0)                     ; 0           ; 0          ; 0            ; 0       ; 0         ; 0    ; 0            ; 0          ; |qsyn_dummy_xlr_wrap|ineqsudx_scan:ineqsudx_scan|ineqsudx_scan_solver:solver|ineqsudx_union9:UNITS[11].candidate_union                 ; ineqsudx_union9      ; work         ;
;          |ineqsudx_union9:UNITS[12].board_union|     ; 27 (27)             ; 0 (0)                     ; 0           ; 0          ; 0            ; 0       ; 0         ; 0    ; 0            ; 0          ; |qsyn_dummy_xlr_wrap|ineqsudx_scan:ineqsudx_scan|ineqsudx_scan_solver:solver|ineqsudx_union9:UNITS[12].board_union                     ; ineqsudx_union9      ; work         ;
;          |ineqsudx_union9:UNITS[12].candidate_union| ; 25 (25)             ; 0 (0)                     ; 0           ; 0          ; 0            ; 0       ; 0         ; 0    ; 0            ; 0          ; |qsyn_dummy_xlr_wrap|ineqsudx_scan:ineqsudx_scan|ineqsudx_scan_solver:solver|ineqsudx_union9:UNITS[12].candidate_union                 ; ineqsudx_union9      ; work         ;
;          |ineqsudx_union9:UNITS[13].board_union|     ; 31 (31)             ; 0 (0)                     ; 0           ; 0          ; 0            ; 0       ; 0         ; 0    ; 0            ; 0          ; |qsyn_dummy_xlr_wrap|ineqsudx_scan:ineqsudx_scan|ineqsudx_scan_solver:solver|ineqsudx_union9:UNITS[13].board_union                     ; ineqsudx_union9      ; work         ;
;          |ineqsudx_union9:UNITS[13].candidate_union| ; 27 (27)             ; 0 (0)                     ; 0           ; 0          ; 0            ; 0       ; 0         ; 0    ; 0            ; 0          ; |qsyn_dummy_xlr_wrap|ineqsudx_scan:ineqsudx_scan|ineqsudx_scan_solver:solver|ineqsudx_union9:UNITS[13].candidate_union                 ; ineqsudx_union9      ; work         ;
;          |ineqsudx_union9:UNITS[14].board_union|     ; 36 (36)             ; 0 (0)                     ; 0           ; 0          ; 0            ; 0       ; 0         ; 0    ; 0            ; 0          ; |qsyn_dummy_xlr_wrap|ineqsudx_scan:ineqsudx_scan|ineqsudx_scan_solver:solver|ineqsudx_union9:UNITS[14].board_union                     ; ineqsudx_union9      ; work         ;
;          |ineqsudx_union9:UNITS[14].candidate_union| ; 27 (27)             ; 0 (0)                     ; 0           ; 0          ; 0            ; 0       ; 0         ; 0    ; 0            ; 0          ; |qsyn_dummy_xlr_wrap|ineqsudx_scan:ineqsudx_scan|ineqsudx_scan_solver:solver|ineqsudx_union9:UNITS[14].candidate_union                 ; ineqsudx_union9      ; work         ;
;          |ineqsudx_union9:UNITS[15].board_union|     ; 43 (43)             ; 0 (0)                     ; 0           ; 0          ; 0            ; 0       ; 0         ; 0    ; 0            ; 0          ; |qsyn_dummy_xlr_wrap|ineqsudx_scan:ineqsudx_scan|ineqsudx_scan_solver:solver|ineqsudx_union9:UNITS[15].board_union                     ; ineqsudx_union9      ; work         ;
;          |ineqsudx_union9:UNITS[15].candidate_union| ; 27 (27)             ; 0 (0)                     ; 0           ; 0          ; 0            ; 0       ; 0         ; 0    ; 0            ; 0          ; |qsyn_dummy_xlr_wrap|ineqsudx_scan:ineqsudx_scan|ineqsudx_scan_solver:solver|ineqsudx_union9:UNITS[15].candidate_union                 ; ineqsudx_union9      ; work         ;
;          |ineqsudx_union9:UNITS[16].board_union|     ; 43 (43)             ; 0 (0)                     ; 0           ; 0          ; 0            ; 0       ; 0         ; 0    ; 0            ; 0          ; |qsyn_dummy_xlr_wrap|ineqsudx_scan:ineqsudx_scan|ineqsudx_scan_solver:solver|ineqsudx_union9:UNITS[16].board_union                     ; ineqsudx_union9      ; work         ;
;          |ineqsudx_union9:UNITS[16].candidate_union| ; 27 (27)             ; 0 (0)                     ; 0           ; 0          ; 0            ; 0       ; 0         ; 0    ; 0            ; 0          ; |qsyn_dummy_xlr_wrap|ineqsudx_scan:ineqsudx_scan|ineqsudx_scan_solver:solver|ineqsudx_union9:UNITS[16].candidate_union                 ; ineqsudx_union9      ; work         ;
;          |ineqsudx_union9:UNITS[17].board_union|     ; 27 (27)             ; 0 (0)                     ; 0           ; 0          ; 0            ; 0       ; 0         ; 0    ; 0            ; 0          ; |qsyn_dummy_xlr_wrap|ineqsudx_scan:ineqsudx_scan|ineqsudx_scan_solver:solver|ineqsudx_union9:UNITS[17].board_union                     ; ineqsudx_union9      ; work         ;
;          |ineqsudx_union9:UNITS[17].candidate_union| ; 27 (27)             ; 0 (0)                     ; 0           ; 0          ; 0            ; 0       ; 0         ; 0    ; 0            ; 0          ; |qsyn_dummy_xlr_wrap|ineqsudx_scan:ineqsudx_scan|ineqsudx_scan_solver:solver|ineqsudx_union9:UNITS[17].candidate_union                 ; ineqsudx_union9      ; work         ;
;          |ineqsudx_union9:UNITS[18].board_union|     ; 37 (37)             ; 0 (0)                     ; 0           ; 0          ; 0            ; 0       ; 0         ; 0    ; 0            ; 0          ; |qsyn_dummy_xlr_wrap|ineqsudx_scan:ineqsudx_scan|ineqsudx_scan_solver:solver|ineqsudx_union9:UNITS[18].board_union                     ; ineqsudx_union9      ; work         ;
;          |ineqsudx_union9:UNITS[18].candidate_union| ; 20 (20)             ; 0 (0)                     ; 0           ; 0          ; 0            ; 0       ; 0         ; 0    ; 0            ; 0          ; |qsyn_dummy_xlr_wrap|ineqsudx_scan:ineqsudx_scan|ineqsudx_scan_solver:solver|ineqsudx_union9:UNITS[18].candidate_union                 ; ineqsudx_union9      ; work         ;
;          |ineqsudx_union9:UNITS[19].board_union|     ; 27 (27)             ; 0 (0)                     ; 0           ; 0          ; 0            ; 0       ; 0         ; 0    ; 0            ; 0          ; |qsyn_dummy_xlr_wrap|ineqsudx_scan:ineqsudx_scan|ineqsudx_scan_solver:solver|ineqsudx_union9:UNITS[19].board_union                     ; ineqsudx_union9      ; work         ;
;          |ineqsudx_union9:UNITS[19].candidate_union| ; 25 (25)             ; 0 (0)                     ; 0           ; 0          ; 0            ; 0       ; 0         ; 0    ; 0            ; 0          ; |qsyn_dummy_xlr_wrap|ineqsudx_scan:ineqsudx_scan|ineqsudx_scan_solver:solver|ineqsudx_union9:UNITS[19].candidate_union                 ; ineqsudx_union9      ; work         ;
;          |ineqsudx_union9:UNITS[1].board_union|      ; 27 (27)             ; 0 (0)                     ; 0           ; 0          ; 0            ; 0       ; 0         ; 0    ; 0            ; 0          ; |qsyn_dummy_xlr_wrap|ineqsudx_scan:ineqsudx_scan|ineqsudx_scan_solver:solver|ineqsudx_union9:UNITS[1].board_union                      ; ineqsudx_union9      ; work         ;
;          |ineqsudx_union9:UNITS[1].candidate_union|  ; 25 (25)             ; 0 (0)                     ; 0           ; 0          ; 0            ; 0       ; 0         ; 0    ; 0            ; 0          ; |qsyn_dummy_xlr_wrap|ineqsudx_scan:ineqsudx_scan|ineqsudx_scan_solver:solver|ineqsudx_union9:UNITS[1].candidate_union                  ; ineqsudx_union9      ; work         ;
;          |ineqsudx_union9:UNITS[20].board_union|     ; 38 (38)             ; 0 (0)                     ; 0           ; 0          ; 0            ; 0       ; 0         ; 0    ; 0            ; 0          ; |qsyn_dummy_xlr_wrap|ineqsudx_scan:ineqsudx_scan|ineqsudx_scan_solver:solver|ineqsudx_union9:UNITS[20].board_union                     ; ineqsudx_union9      ; work         ;
;          |ineqsudx_union9:UNITS[20].candidate_union| ; 18 (18)             ; 0 (0)                     ; 0           ; 0          ; 0            ; 0       ; 0         ; 0    ; 0            ; 0          ; |qsyn_dummy_xlr_wrap|ineqsudx_scan:ineqsudx_scan|ineqsudx_scan_solver:solver|ineqsudx_union9:UNITS[20].candidate_union                 ; ineqsudx_union9      ; work         ;
;          |ineqsudx_union9:UNITS[21].board_union|     ; 35 (35)             ; 0 (0)                     ; 0           ; 0          ; 0            ; 0       ; 0         ; 0    ; 0            ; 0          ; |qsyn_dummy_xlr_wrap|ineqsudx_scan:ineqsudx_scan|ineqsudx_scan_solver:solver|ineqsudx_union9:UNITS[21].board_union                     ; ineqsudx_union9      ; work         ;
;          |ineqsudx_union9:UNITS[21].candidate_union| ; 16 (16)             ; 0 (0)                     ; 0           ; 0          ; 0            ; 0       ; 0         ; 0    ; 0            ; 0          ; |qsyn_dummy_xlr_wrap|ineqsudx_scan:ineqsudx_scan|ineqsudx_scan_solver:solver|ineqsudx_union9:UNITS[21].candidate_union                 ; ineqsudx_union9      ; work         ;
;          |ineqsudx_union9:UNITS[22].board_union|     ; 39 (39)             ; 0 (0)                     ; 0           ; 0          ; 0            ; 0       ; 0         ; 0    ; 0            ; 0          ; |qsyn_dummy_xlr_wrap|ineqsudx_scan:ineqsudx_scan|ineqsudx_scan_solver:solver|ineqsudx_union9:UNITS[22].board_union                     ; ineqsudx_union9      ; work         ;
;          |ineqsudx_union9:UNITS[22].candidate_union| ; 27 (27)             ; 0 (0)                     ; 0           ; 0          ; 0            ; 0       ; 0         ; 0    ; 0            ; 0          ; |qsyn_dummy_xlr_wrap|ineqsudx_scan:ineqsudx_scan|ineqsudx_scan_solver:solver|ineqsudx_union9:UNITS[22].candidate_union                 ; ineqsudx_union9      ; work         ;
;          |ineqsudx_union9:UNITS[23].board_union|     ; 27 (27)             ; 0 (0)                     ; 0           ; 0          ; 0            ; 0       ; 0         ; 0    ; 0            ; 0          ; |qsyn_dummy_xlr_wrap|ineqsudx_scan:ineqsudx_scan|ineqsudx_scan_solver:solver|ineqsudx_union9:UNITS[23].board_union                     ; ineqsudx_union9      ; work         ;
;          |ineqsudx_union9:UNITS[23].candidate_union| ; 19 (19)             ; 0 (0)                     ; 0           ; 0          ; 0            ; 0       ; 0         ; 0    ; 0            ; 0          ; |qsyn_dummy_xlr_wrap|ineqsudx_scan:ineqsudx_scan|ineqsudx_scan_solver:solver|ineqsudx_union9:UNITS[23].candidate_union                 ; ineqsudx_union9      ; work         ;
;          |ineqsudx_union9:UNITS[24].board_union|     ; 36 (36)             ; 0 (0)                     ; 0           ; 0          ; 0            ; 0       ; 0         ; 0    ; 0            ; 0          ; |qsyn_dummy_xlr_wrap|ineqsudx_scan:ineqsudx_scan|ineqsudx_scan_solver:solver|ineqsudx_union9:UNITS[24].board_union                     ; ineqsudx_union9      ; work         ;
;          |ineqsudx_union9:UNITS[24].candidate_union| ; 15 (15)             ; 0 (0)                     ; 0           ; 0          ; 0            ; 0       ; 0         ; 0    ; 0            ; 0          ; |qsyn_dummy_xlr_wrap|ineqsudx_scan:ineqsudx_scan|ineqsudx_scan_solver:solver|ineqsudx_union9:UNITS[24].candidate_union                 ; ineqsudx_union9      ; work         ;
;          |ineqsudx_union9:UNITS[25].board_union|     ; 37 (37)             ; 0 (0)                     ; 0           ; 0          ; 0            ; 0       ; 0         ; 0    ; 0            ; 0          ; |qsyn_dummy_xlr_wrap|ineqsudx_scan:ineqsudx_scan|ineqsudx_scan_solver:solver|ineqsudx_union9:UNITS[25].board_union                     ; ineqsudx_union9      ; work         ;
;          |ineqsudx_union9:UNITS[25].candidate_union| ; 23 (23)             ; 0 (0)                     ; 0           ; 0          ; 0            ; 0       ; 0         ; 0    ; 0            ; 0          ; |qsyn_dummy_xlr_wrap|ineqsudx_scan:ineqsudx_scan|ineqsudx_scan_solver:solver|ineqsudx_union9:UNITS[25].candidate_union                 ; ineqsudx_union9      ; work         ;
;          |ineqsudx_union9:UNITS[26].board_union|     ; 20 (20)             ; 0 (0)                     ; 0           ; 0          ; 0            ; 0       ; 0         ; 0    ; 0            ; 0          ; |qsyn_dummy_xlr_wrap|ineqsudx_scan:ineqsudx_scan|ineqsudx_scan_solver:solver|ineqsudx_union9:UNITS[26].board_union                     ; ineqsudx_union9      ; work         ;
;          |ineqsudx_union9:UNITS[26].candidate_union| ; 17 (17)             ; 0 (0)                     ; 0           ; 0          ; 0            ; 0       ; 0         ; 0    ; 0            ; 0          ; |qsyn_dummy_xlr_wrap|ineqsudx_scan:ineqsudx_scan|ineqsudx_scan_solver:solver|ineqsudx_union9:UNITS[26].candidate_union                 ; ineqsudx_union9      ; work         ;
;          |ineqsudx_union9:UNITS[2].board_union|      ; 27 (27)             ; 0 (0)                     ; 0           ; 0          ; 0            ; 0       ; 0         ; 0    ; 0            ; 0          ; |qsyn_dummy_xlr_wrap|ineqsudx_scan:ineqsudx_scan|ineqsudx_scan_solver:solver|ineqsudx_union9:UNITS[2].board_union                      ; ineqsudx_union9      ; work         ;
;          |ineqsudx_union9:UNITS[2].candidate_union|  ; 18 (18)             ; 0 (0)                     ; 0           ; 0          ; 0            ; 0       ; 0         ; 0    ; 0            ; 0          ; |qsyn_dummy_xlr_wrap|ineqsudx_scan:ineqsudx_scan|ineqsudx_scan_solver:solver|ineqsudx_union9:UNITS[2].candidate_union                  ; ineqsudx_union9      ; work         ;
;          |ineqsudx_union9:UNITS[3].board_union|      ; 27 (27)             ; 0 (0)                     ; 0           ; 0          ; 0            ; 0       ; 0         ; 0    ; 0            ; 0          ; |qsyn_dummy_xlr_wrap|ineqsudx_scan:ineqsudx_scan|ineqsudx_scan_solver:solver|ineqsudx_union9:UNITS[3].board_union                      ; ineqsudx_union9      ; work         ;
;          |ineqsudx_union9:UNITS[3].candidate_union|  ; 16 (16)             ; 0 (0)                     ; 0           ; 0          ; 0            ; 0       ; 0         ; 0    ; 0            ; 0          ; |qsyn_dummy_xlr_wrap|ineqsudx_scan:ineqsudx_scan|ineqsudx_scan_solver:solver|ineqsudx_union9:UNITS[3].candidate_union                  ; ineqsudx_union9      ; work         ;
;          |ineqsudx_union9:UNITS[4].board_union|      ; 29 (29)             ; 0 (0)                     ; 0           ; 0          ; 0            ; 0       ; 0         ; 0    ; 0            ; 0          ; |qsyn_dummy_xlr_wrap|ineqsudx_scan:ineqsudx_scan|ineqsudx_scan_solver:solver|ineqsudx_union9:UNITS[4].board_union                      ; ineqsudx_union9      ; work         ;
;          |ineqsudx_union9:UNITS[4].candidate_union|  ; 25 (25)             ; 0 (0)                     ; 0           ; 0          ; 0            ; 0       ; 0         ; 0    ; 0            ; 0          ; |qsyn_dummy_xlr_wrap|ineqsudx_scan:ineqsudx_scan|ineqsudx_scan_solver:solver|ineqsudx_union9:UNITS[4].candidate_union                  ; ineqsudx_union9      ; work         ;
;          |ineqsudx_union9:UNITS[5].board_union|      ; 27 (27)             ; 0 (0)                     ; 0           ; 0          ; 0            ; 0       ; 0         ; 0    ; 0            ; 0          ; |qsyn_dummy_xlr_wrap|ineqsudx_scan:ineqsudx_scan|ineqsudx_scan_solver:solver|ineqsudx_union9:UNITS[5].board_union                      ; ineqsudx_union9      ; work         ;
;          |ineqsudx_union9:UNITS[5].candidate_union|  ; 19 (19)             ; 0 (0)                     ; 0           ; 0          ; 0            ; 0       ; 0         ; 0    ; 0            ; 0          ; |qsyn_dummy_xlr_wrap|ineqsudx_scan:ineqsudx_scan|ineqsudx_scan_solver:solver|ineqsudx_union9:UNITS[5].candidate_union                  ; ineqsudx_union9      ; work         ;
;          |ineqsudx_union9:UNITS[6].board_union|      ; 36 (36)             ; 0 (0)                     ; 0           ; 0          ; 0            ; 0       ; 0         ; 0    ; 0            ; 0          ; |qsyn_dummy_xlr_wrap|ineqsudx_scan:ineqsudx_scan|ineqsudx_scan_solver:solver|ineqsudx_union9:UNITS[6].board_union                      ; ineqsudx_union9      ; work         ;
;          |ineqsudx_union9:UNITS[6].candidate_union|  ; 21 (21)             ; 0 (0)                     ; 0           ; 0          ; 0            ; 0       ; 0         ; 0    ; 0            ; 0          ; |qsyn_dummy_xlr_wrap|ineqsudx_scan:ineqsudx_scan|ineqsudx_scan_solver:solver|ineqsudx_union9:UNITS[6].candidate_union                  ; ineqsudx_union9      ; work         ;
;          |ineqsudx_union9:UNITS[7].board_union|      ; 27 (27)             ; 0 (0)                     ; 0           ; 0          ; 0            ; 0       ; 0         ; 0    ; 0            ; 0          ; |qsyn_dummy_xlr_wrap|ineqsudx_scan:ineqsudx_scan|ineqsudx_scan_solver:solver|ineqsudx_union9:UNITS[7].board_union                      ; ineqsudx_union9      ; work         ;
;          |ineqsudx_union9:UNITS[7].candidate_union|  ; 25 (25)             ; 0 (0)                     ; 0           ; 0          ; 0            ; 0       ; 0         ; 0    ; 0            ; 0          ; |qsyn_dummy_xlr_wrap|ineqsudx_scan:ineqsudx_scan|ineqsudx_scan_solver:solver|ineqsudx_union9:UNITS[7].candidate_union                  ; ineqsudx_union9      ; work         ;
;          |ineqsudx_union9:UNITS[8].board_union|      ; 36 (36)             ; 0 (0)                     ; 0           ; 0          ; 0            ; 0       ; 0         ; 0    ; 0            ; 0          ; |qsyn_dummy_xlr_wrap|ineqsudx_scan:ineqsudx_scan|ineqsudx_scan_solver:solver|ineqsudx_union9:UNITS[8].board_union                      ; ineqsudx_union9      ; work         ;
;          |ineqsudx_union9:UNITS[8].candidate_union|  ; 17 (17)             ; 0 (0)                     ; 0           ; 0          ; 0            ; 0       ; 0         ; 0    ; 0            ; 0          ; |qsyn_dummy_xlr_wrap|ineqsudx_scan:ineqsudx_scan|ineqsudx_scan_solver:solver|ineqsudx_union9:UNITS[8].candidate_union                  ; ineqsudx_union9      ; work         ;
;          |ineqsudx_union9:UNITS[9].board_union|      ; 46 (46)             ; 0 (0)                     ; 0           ; 0          ; 0            ; 0       ; 0         ; 0    ; 0            ; 0          ; |qsyn_dummy_xlr_wrap|ineqsudx_scan:ineqsudx_scan|ineqsudx_scan_solver:solver|ineqsudx_union9:UNITS[9].board_union                      ; ineqsudx_union9      ; work         ;
;          |ineqsudx_union9:UNITS[9].candidate_union|  ; 23 (23)             ; 0 (0)                     ; 0           ; 0          ; 0            ; 0       ; 0         ; 0    ; 0            ; 0          ; |qsyn_dummy_xlr_wrap|ineqsudx_scan:ineqsudx_scan|ineqsudx_scan_solver:solver|ineqsudx_union9:UNITS[9].candidate_union                  ; ineqsudx_union9      ; work         ;
+------------------------------------------------------+---------------------+---------------------------+-------------+------------+--------------+---------+-----------+------+--------------+------------+----------------------------------------------------------------------------------------------------------------------------------------+----------------------+--------------+
Note: For table entries with two numbers listed, the numbers in parentheses indicate the number of resources of the given type used by the specific entity alone. The numbers listed outside of parentheses indicate the total resources of the given type used by the specific entity and all of its sub-entities in the hierarchy.


+-----------------------------------------------------------------------------------------------------------------------------------------------------------------------------------------------------------------------------------+
; Analysis & Synthesis RAM Summary                                                                                                                                                                                                  ;
+------------------------------------------------------------------------------------------------------------------------------+------+------------------+--------------+--------------+--------------+--------------+-------+------+
; Name                                                                                                                         ; Type ; Mode             ; Port A Depth ; Port A Width ; Port B Depth ; Port B Width ; Size  ; MIF  ;
+------------------------------------------------------------------------------------------------------------------------------+------+------------------+--------------+--------------+--------------+--------------+-------+------+
; ineqsudx_scan:ineqsudx_scan|ineqsudx_scan_solver:solver|altsyncram:decisions_rtl_0|altsyncram_84d1:auto_generated|ALTSYNCRAM ; AUTO ; Simple Dual Port ; 81           ; 15           ; 81           ; 15           ; 1215  ; None ;
; ineqsudx_scan:ineqsudx_scan|ineqsudx_scan_solver:solver|altsyncram:snapshots_rtl_0|altsyncram_gad1:auto_generated|ALTSYNCRAM ; AUTO ; Simple Dual Port ; 243          ; 243          ; 243          ; 243          ; 59049 ; None ;
+------------------------------------------------------------------------------------------------------------------------------+------+------------------+--------------+--------------+--------------+--------------+-------+------+


Encoding Type:  One-Hot
+-----------------------------------------------------------------------------------------------------------------------------------------------------------------------------------------------------------------------------------------------------------+
; State Machine - |qsyn_dummy_xlr_wrap|ineqsudx_scan:ineqsudx_scan|ineqsudx_scan_solver:solver|state                                                                                                                                                        ;
+-------------------+-------------------+-----------------+------------------+------------------+------------------+-----------------+-------------+-----------------+-----------------+--------------+--------------+------------+------------+------------+
; Name              ; state.FINISH_FAIL ; state.FINISH_OK ; state.BACK_APPLY ; state.BACK_READ2 ; state.BACK_READ1 ; state.BACK_READ ; state.PLACE ; state.PICK_CELL ; state.PICK_ROWS ; state.DECIDE ; state.DOMAIN ; state.SCAN ; state.INIT ; state.IDLE ;
+-------------------+-------------------+-----------------+------------------+------------------+------------------+-----------------+-------------+-----------------+-----------------+--------------+--------------+------------+------------+------------+
; state.IDLE        ; 0                 ; 0               ; 0                ; 0                ; 0                ; 0               ; 0           ; 0               ; 0               ; 0            ; 0            ; 0          ; 0          ; 0          ;
; state.INIT        ; 0                 ; 0               ; 0                ; 0                ; 0                ; 0               ; 0           ; 0               ; 0               ; 0            ; 0            ; 0          ; 1          ; 1          ;
; state.SCAN        ; 0                 ; 0               ; 0                ; 0                ; 0                ; 0               ; 0           ; 0               ; 0               ; 0            ; 0            ; 1          ; 0          ; 1          ;
; state.DOMAIN      ; 0                 ; 0               ; 0                ; 0                ; 0                ; 0               ; 0           ; 0               ; 0               ; 0            ; 1            ; 0          ; 0          ; 1          ;
; state.DECIDE      ; 0                 ; 0               ; 0                ; 0                ; 0                ; 0               ; 0           ; 0               ; 0               ; 1            ; 0            ; 0          ; 0          ; 1          ;
; state.PICK_ROWS   ; 0                 ; 0               ; 0                ; 0                ; 0                ; 0               ; 0           ; 0               ; 1               ; 0            ; 0            ; 0          ; 0          ; 1          ;
; state.PICK_CELL   ; 0                 ; 0               ; 0                ; 0                ; 0                ; 0               ; 0           ; 1               ; 0               ; 0            ; 0            ; 0          ; 0          ; 1          ;
; state.PLACE       ; 0                 ; 0               ; 0                ; 0                ; 0                ; 0               ; 1           ; 0               ; 0               ; 0            ; 0            ; 0          ; 0          ; 1          ;
; state.BACK_READ   ; 0                 ; 0               ; 0                ; 0                ; 0                ; 1               ; 0           ; 0               ; 0               ; 0            ; 0            ; 0          ; 0          ; 1          ;
; state.BACK_READ1  ; 0                 ; 0               ; 0                ; 0                ; 1                ; 0               ; 0           ; 0               ; 0               ; 0            ; 0            ; 0          ; 0          ; 1          ;
; state.BACK_READ2  ; 0                 ; 0               ; 0                ; 1                ; 0                ; 0               ; 0           ; 0               ; 0               ; 0            ; 0            ; 0          ; 0          ; 1          ;
; state.BACK_APPLY  ; 0                 ; 0               ; 1                ; 0                ; 0                ; 0               ; 0           ; 0               ; 0               ; 0            ; 0            ; 0          ; 0          ; 1          ;
; state.FINISH_OK   ; 0                 ; 1               ; 0                ; 0                ; 0                ; 0               ; 0           ; 0               ; 0               ; 0            ; 0            ; 0          ; 0          ; 1          ;
; state.FINISH_FAIL ; 1                 ; 0               ; 0                ; 0                ; 0                ; 0               ; 0           ; 0               ; 0               ; 0            ; 0            ; 0          ; 0          ; 1          ;
+-------------------+-------------------+-----------------+------------------+------------------+------------------+-----------------+-------------+-----------------+-----------------+--------------+--------------+------------+------------+------------+


+-----------------------------------------------------------------------------------------------------------------------------------------------------------------------+
; Registers Removed During Synthesis                                                                                                                                    ;
+-----------------------------------------------------------------------------+-----------------------------------------------------------------------------------------+
; Register name                                                               ; Reason for Removal                                                                      ;
+-----------------------------------------------------------------------------+-----------------------------------------------------------------------------------------+
; ineqsudx_scan:ineqsudx_scan|ineqsudx_scan_solver:solver|triplet_q[26][5]    ; Stuck at GND due to stuck port data_in                                                  ;
; ineqsudx_scan:ineqsudx_scan|ineqsudx_scan_solver:solver|triplet_q[26][6]    ; Stuck at VCC due to stuck port data_in                                                  ;
; ineqsudx_scan:ineqsudx_scan|ineqsudx_scan_solver:solver|triplet_q[25][3]    ; Stuck at VCC due to stuck port data_in                                                  ;
; ineqsudx_scan:ineqsudx_scan|ineqsudx_scan_solver:solver|triplet_q[25][4]    ; Stuck at GND due to stuck port data_in                                                  ;
; ineqsudx_scan:ineqsudx_scan|ineqsudx_scan_solver:solver|triplet_q[25][5]    ; Stuck at GND due to stuck port data_in                                                  ;
; ineqsudx_scan:ineqsudx_scan|ineqsudx_scan_solver:solver|triplet_q[25][6]    ; Stuck at VCC due to stuck port data_in                                                  ;
; ineqsudx_scan:ineqsudx_scan|ineqsudx_scan_solver:solver|triplet_q[24][2]    ; Stuck at GND due to stuck port data_in                                                  ;
; ineqsudx_scan:ineqsudx_scan|ineqsudx_scan_solver:solver|triplet_q[24][3]    ; Stuck at VCC due to stuck port data_in                                                  ;
; ineqsudx_scan:ineqsudx_scan|ineqsudx_scan_solver:solver|triplet_q[24][4]    ; Stuck at GND due to stuck port data_in                                                  ;
; ineqsudx_scan:ineqsudx_scan|ineqsudx_scan_solver:solver|triplet_q[24][5]    ; Stuck at GND due to stuck port data_in                                                  ;
; ineqsudx_scan:ineqsudx_scan|ineqsudx_scan_solver:solver|triplet_q[24][6]    ; Stuck at VCC due to stuck port data_in                                                  ;
; ineqsudx_scan:ineqsudx_scan|ineqsudx_scan_solver:solver|triplet_q[23][2]    ; Stuck at VCC due to stuck port data_in                                                  ;
; ineqsudx_scan:ineqsudx_scan|ineqsudx_scan_solver:solver|triplet_q[23][3]    ; Stuck at GND due to stuck port data_in                                                  ;
; ineqsudx_scan:ineqsudx_scan|ineqsudx_scan_solver:solver|triplet_q[23][4]    ; Stuck at GND due to stuck port data_in                                                  ;
; ineqsudx_scan:ineqsudx_scan|ineqsudx_scan_solver:solver|triplet_q[23][5]    ; Stuck at GND due to stuck port data_in                                                  ;
; ineqsudx_scan:ineqsudx_scan|ineqsudx_scan_solver:solver|triplet_q[23][6]    ; Stuck at VCC due to stuck port data_in                                                  ;
; ineqsudx_scan:ineqsudx_scan|ineqsudx_scan_solver:solver|triplet_q[22][3]    ; Stuck at GND due to stuck port data_in                                                  ;
; ineqsudx_scan:ineqsudx_scan|ineqsudx_scan_solver:solver|triplet_q[22][4]    ; Stuck at GND due to stuck port data_in                                                  ;
; ineqsudx_scan:ineqsudx_scan|ineqsudx_scan_solver:solver|triplet_q[22][5]    ; Stuck at GND due to stuck port data_in                                                  ;
; ineqsudx_scan:ineqsudx_scan|ineqsudx_scan_solver:solver|triplet_q[22][6]    ; Stuck at VCC due to stuck port data_in                                                  ;
; ineqsudx_scan:ineqsudx_scan|ineqsudx_scan_solver:solver|triplet_q[20][2]    ; Stuck at VCC due to stuck port data_in                                                  ;
; ineqsudx_scan:ineqsudx_scan|ineqsudx_scan_solver:solver|triplet_q[20][3]    ; Stuck at VCC due to stuck port data_in                                                  ;
; ineqsudx_scan:ineqsudx_scan|ineqsudx_scan_solver:solver|triplet_q[20][4]    ; Stuck at VCC due to stuck port data_in                                                  ;
; ineqsudx_scan:ineqsudx_scan|ineqsudx_scan_solver:solver|triplet_q[20][5]    ; Stuck at VCC due to stuck port data_in                                                  ;
; ineqsudx_scan:ineqsudx_scan|ineqsudx_scan_solver:solver|triplet_q[20][6]    ; Stuck at GND due to stuck port data_in                                                  ;
; ineqsudx_scan:ineqsudx_scan|ineqsudx_scan_solver:solver|triplet_q[19][2]    ; Stuck at GND due to stuck port data_in                                                  ;
; ineqsudx_scan:ineqsudx_scan|ineqsudx_scan_solver:solver|triplet_q[19][3]    ; Stuck at VCC due to stuck port data_in                                                  ;
; ineqsudx_scan:ineqsudx_scan|ineqsudx_scan_solver:solver|triplet_q[19][4]    ; Stuck at VCC due to stuck port data_in                                                  ;
; ineqsudx_scan:ineqsudx_scan|ineqsudx_scan_solver:solver|triplet_q[19][5]    ; Stuck at VCC due to stuck port data_in                                                  ;
; ineqsudx_scan:ineqsudx_scan|ineqsudx_scan_solver:solver|triplet_q[19][6]    ; Stuck at GND due to stuck port data_in                                                  ;
; ineqsudx_scan:ineqsudx_scan|ineqsudx_scan_solver:solver|triplet_q[18][4]    ; Stuck at VCC due to stuck port data_in                                                  ;
; ineqsudx_scan:ineqsudx_scan|ineqsudx_scan_solver:solver|triplet_q[18][5]    ; Stuck at VCC due to stuck port data_in                                                  ;
; ineqsudx_scan:ineqsudx_scan|ineqsudx_scan_solver:solver|triplet_q[18][6]    ; Stuck at GND due to stuck port data_in                                                  ;
; ineqsudx_scan:ineqsudx_scan|ineqsudx_scan_solver:solver|triplet_q[17][3]    ; Stuck at GND due to stuck port data_in                                                  ;
; ineqsudx_scan:ineqsudx_scan|ineqsudx_scan_solver:solver|triplet_q[17][4]    ; Stuck at VCC due to stuck port data_in                                                  ;
; ineqsudx_scan:ineqsudx_scan|ineqsudx_scan_solver:solver|triplet_q[17][5]    ; Stuck at VCC due to stuck port data_in                                                  ;
; ineqsudx_scan:ineqsudx_scan|ineqsudx_scan_solver:solver|triplet_q[17][6]    ; Stuck at GND due to stuck port data_in                                                  ;
; ineqsudx_scan:ineqsudx_scan|ineqsudx_scan_solver:solver|triplet_q[16][2]    ; Stuck at GND due to stuck port data_in                                                  ;
; ineqsudx_scan:ineqsudx_scan|ineqsudx_scan_solver:solver|triplet_q[16][3]    ; Stuck at GND due to stuck port data_in                                                  ;
; ineqsudx_scan:ineqsudx_scan|ineqsudx_scan_solver:solver|triplet_q[16][4]    ; Stuck at VCC due to stuck port data_in                                                  ;
; ineqsudx_scan:ineqsudx_scan|ineqsudx_scan_solver:solver|triplet_q[16][5]    ; Stuck at VCC due to stuck port data_in                                                  ;
; ineqsudx_scan:ineqsudx_scan|ineqsudx_scan_solver:solver|triplet_q[16][6]    ; Stuck at GND due to stuck port data_in                                                  ;
; ineqsudx_scan:ineqsudx_scan|ineqsudx_scan_solver:solver|triplet_q[15][2]    ; Stuck at VCC due to stuck port data_in                                                  ;
; ineqsudx_scan:ineqsudx_scan|ineqsudx_scan_solver:solver|triplet_q[15][3]    ; Stuck at VCC due to stuck port data_in                                                  ;
; ineqsudx_scan:ineqsudx_scan|ineqsudx_scan_solver:solver|triplet_q[15][4]    ; Stuck at GND due to stuck port data_in                                                  ;
; ineqsudx_scan:ineqsudx_scan|ineqsudx_scan_solver:solver|triplet_q[15][5]    ; Stuck at VCC due to stuck port data_in                                                  ;
; ineqsudx_scan:ineqsudx_scan|ineqsudx_scan_solver:solver|triplet_q[15][6]    ; Stuck at GND due to stuck port data_in                                                  ;
; ineqsudx_scan:ineqsudx_scan|ineqsudx_scan_solver:solver|triplet_q[14][3]    ; Stuck at VCC due to stuck port data_in                                                  ;
; ineqsudx_scan:ineqsudx_scan|ineqsudx_scan_solver:solver|triplet_q[14][4]    ; Stuck at GND due to stuck port data_in                                                  ;
; ineqsudx_scan:ineqsudx_scan|ineqsudx_scan_solver:solver|triplet_q[14][5]    ; Stuck at VCC due to stuck port data_in                                                  ;
; ineqsudx_scan:ineqsudx_scan|ineqsudx_scan_solver:solver|triplet_q[14][6]    ; Stuck at GND due to stuck port data_in                                                  ;
; ineqsudx_scan:ineqsudx_scan|ineqsudx_scan_solver:solver|triplet_q[13][4]    ; Stuck at GND due to stuck port data_in                                                  ;
; ineqsudx_scan:ineqsudx_scan|ineqsudx_scan_solver:solver|triplet_q[13][5]    ; Stuck at VCC due to stuck port data_in                                                  ;
; ineqsudx_scan:ineqsudx_scan|ineqsudx_scan_solver:solver|triplet_q[13][6]    ; Stuck at GND due to stuck port data_in                                                  ;
; ineqsudx_scan:ineqsudx_scan|ineqsudx_scan_solver:solver|triplet_q[12][2]    ; Stuck at VCC due to stuck port data_in                                                  ;
; ineqsudx_scan:ineqsudx_scan|ineqsudx_scan_solver:solver|triplet_q[12][3]    ; Stuck at GND due to stuck port data_in                                                  ;
; ineqsudx_scan:ineqsudx_scan|ineqsudx_scan_solver:solver|triplet_q[12][4]    ; Stuck at GND due to stuck port data_in                                                  ;
; ineqsudx_scan:ineqsudx_scan|ineqsudx_scan_solver:solver|triplet_q[12][5]    ; Stuck at VCC due to stuck port data_in                                                  ;
; ineqsudx_scan:ineqsudx_scan|ineqsudx_scan_solver:solver|triplet_q[12][6]    ; Stuck at GND due to stuck port data_in                                                  ;
; ineqsudx_scan:ineqsudx_scan|ineqsudx_scan_solver:solver|triplet_q[11][2]    ; Stuck at GND due to stuck port data_in                                                  ;
; ineqsudx_scan:ineqsudx_scan|ineqsudx_scan_solver:solver|triplet_q[11][3]    ; Stuck at GND due to stuck port data_in                                                  ;
; ineqsudx_scan:ineqsudx_scan|ineqsudx_scan_solver:solver|triplet_q[11][4]    ; Stuck at GND due to stuck port data_in                                                  ;
; ineqsudx_scan:ineqsudx_scan|ineqsudx_scan_solver:solver|triplet_q[11][5]    ; Stuck at VCC due to stuck port data_in                                                  ;
; ineqsudx_scan:ineqsudx_scan|ineqsudx_scan_solver:solver|triplet_q[11][6]    ; Stuck at GND due to stuck port data_in                                                  ;
; ineqsudx_scan:ineqsudx_scan|ineqsudx_scan_solver:solver|triplet_q[10][6]    ; Stuck at GND due to stuck port data_in                                                  ;
; ineqsudx_scan:ineqsudx_scan|ineqsudx_scan_solver:solver|triplet_q[9][3]     ; Stuck at VCC due to stuck port data_in                                                  ;
; ineqsudx_scan:ineqsudx_scan|ineqsudx_scan_solver:solver|triplet_q[9][4]     ; Stuck at VCC due to stuck port data_in                                                  ;
; ineqsudx_scan:ineqsudx_scan|ineqsudx_scan_solver:solver|triplet_q[9][5]     ; Stuck at GND due to stuck port data_in                                                  ;
; ineqsudx_scan:ineqsudx_scan|ineqsudx_scan_solver:solver|triplet_q[9][6]     ; Stuck at GND due to stuck port data_in                                                  ;
; ineqsudx_scan:ineqsudx_scan|ineqsudx_scan_solver:solver|triplet_q[8][2]     ; Stuck at GND due to stuck port data_in                                                  ;
; ineqsudx_scan:ineqsudx_scan|ineqsudx_scan_solver:solver|triplet_q[8][3]     ; Stuck at VCC due to stuck port data_in                                                  ;
; ineqsudx_scan:ineqsudx_scan|ineqsudx_scan_solver:solver|triplet_q[8][4]     ; Stuck at VCC due to stuck port data_in                                                  ;
; ineqsudx_scan:ineqsudx_scan|ineqsudx_scan_solver:solver|triplet_q[8][5]     ; Stuck at GND due to stuck port data_in                                                  ;
; ineqsudx_scan:ineqsudx_scan|ineqsudx_scan_solver:solver|triplet_q[8][6]     ; Stuck at GND due to stuck port data_in                                                  ;
; ineqsudx_scan:ineqsudx_scan|ineqsudx_scan_solver:solver|triplet_q[7][2]     ; Stuck at VCC due to stuck port data_in                                                  ;
; ineqsudx_scan:ineqsudx_scan|ineqsudx_scan_solver:solver|triplet_q[7][3]     ; Stuck at GND due to stuck port data_in                                                  ;
; ineqsudx_scan:ineqsudx_scan|ineqsudx_scan_solver:solver|triplet_q[7][4]     ; Stuck at VCC due to stuck port data_in                                                  ;
; ineqsudx_scan:ineqsudx_scan|ineqsudx_scan_solver:solver|triplet_q[7][5]     ; Stuck at GND due to stuck port data_in                                                  ;
; ineqsudx_scan:ineqsudx_scan|ineqsudx_scan_solver:solver|triplet_q[7][6]     ; Stuck at GND due to stuck port data_in                                                  ;
; ineqsudx_scan:ineqsudx_scan|ineqsudx_scan_solver:solver|triplet_q[6][3]     ; Stuck at GND due to stuck port data_in                                                  ;
; ineqsudx_scan:ineqsudx_scan|ineqsudx_scan_solver:solver|triplet_q[6][4]     ; Stuck at VCC due to stuck port data_in                                                  ;
; ineqsudx_scan:ineqsudx_scan|ineqsudx_scan_solver:solver|triplet_q[6][5]     ; Stuck at GND due to stuck port data_in                                                  ;
; ineqsudx_scan:ineqsudx_scan|ineqsudx_scan_solver:solver|triplet_q[6][6]     ; Stuck at GND due to stuck port data_in                                                  ;
; ineqsudx_scan:ineqsudx_scan|ineqsudx_scan_solver:solver|triplet_q[5][5]     ; Stuck at GND due to stuck port data_in                                                  ;
; ineqsudx_scan:ineqsudx_scan|ineqsudx_scan_solver:solver|triplet_q[5][6]     ; Stuck at GND due to stuck port data_in                                                  ;
; ineqsudx_scan:ineqsudx_scan|ineqsudx_scan_solver:solver|triplet_q[4][2]     ; Stuck at VCC due to stuck port data_in                                                  ;
; ineqsudx_scan:ineqsudx_scan|ineqsudx_scan_solver:solver|triplet_q[4][3]     ; Stuck at VCC due to stuck port data_in                                                  ;
; ineqsudx_scan:ineqsudx_scan|ineqsudx_scan_solver:solver|triplet_q[4][4]     ; Stuck at GND due to stuck port data_in                                                  ;
; ineqsudx_scan:ineqsudx_scan|ineqsudx_scan_solver:solver|triplet_q[4][5]     ; Stuck at GND due to stuck port data_in                                                  ;
; ineqsudx_scan:ineqsudx_scan|ineqsudx_scan_solver:solver|triplet_q[4][6]     ; Stuck at GND due to stuck port data_in                                                  ;
; ineqsudx_scan:ineqsudx_scan|ineqsudx_scan_solver:solver|triplet_q[3][2]     ; Stuck at GND due to stuck port data_in                                                  ;
; ineqsudx_scan:ineqsudx_scan|ineqsudx_scan_solver:solver|triplet_q[3][3]     ; Stuck at VCC due to stuck port data_in                                                  ;
; ineqsudx_scan:ineqsudx_scan|ineqsudx_scan_solver:solver|triplet_q[3][4]     ; Stuck at GND due to stuck port data_in                                                  ;
; ineqsudx_scan:ineqsudx_scan|ineqsudx_scan_solver:solver|triplet_q[3][5]     ; Stuck at GND due to stuck port data_in                                                  ;
; ineqsudx_scan:ineqsudx_scan|ineqsudx_scan_solver:solver|triplet_q[3][6]     ; Stuck at GND due to stuck port data_in                                                  ;
; ineqsudx_scan:ineqsudx_scan|ineqsudx_scan_solver:solver|triplet_q[2][4]     ; Stuck at GND due to stuck port data_in                                                  ;
; ineqsudx_scan:ineqsudx_scan|ineqsudx_scan_solver:solver|triplet_q[2][5]     ; Stuck at GND due to stuck port data_in                                                  ;
; ineqsudx_scan:ineqsudx_scan|ineqsudx_scan_solver:solver|triplet_q[2][6]     ; Stuck at GND due to stuck port data_in                                                  ;
; ineqsudx_scan:ineqsudx_scan|ineqsudx_scan_solver:solver|triplet_q[1][3]     ; Stuck at GND due to stuck port data_in                                                  ;
; ineqsudx_scan:ineqsudx_scan|ineqsudx_scan_solver:solver|triplet_q[1][4]     ; Stuck at GND due to stuck port data_in                                                  ;
; ineqsudx_scan:ineqsudx_scan|ineqsudx_scan_solver:solver|triplet_q[1][5]     ; Stuck at GND due to stuck port data_in                                                  ;
; ineqsudx_scan:ineqsudx_scan|ineqsudx_scan_solver:solver|triplet_q[1][6]     ; Stuck at GND due to stuck port data_in                                                  ;
; ineqsudx_scan:ineqsudx_scan|ineqsudx_scan_solver:solver|triplet_q[0][2]     ; Stuck at GND due to stuck port data_in                                                  ;
; ineqsudx_scan:ineqsudx_scan|ineqsudx_scan_solver:solver|triplet_q[0][3]     ; Stuck at GND due to stuck port data_in                                                  ;
; ineqsudx_scan:ineqsudx_scan|ineqsudx_scan_solver:solver|triplet_q[0][4]     ; Stuck at GND due to stuck port data_in                                                  ;
; ineqsudx_scan:ineqsudx_scan|ineqsudx_scan_solver:solver|triplet_q[0][5]     ; Stuck at GND due to stuck port data_in                                                  ;
; ineqsudx_scan:ineqsudx_scan|ineqsudx_scan_solver:solver|triplet_q[0][6]     ; Stuck at GND due to stuck port data_in                                                  ;
; ineqsudx_scan:ineqsudx_scan|ineqsudx_scan_solver:solver|row_choice_q[8][5]  ; Stuck at GND due to stuck port data_in                                                  ;
; ineqsudx_scan:ineqsudx_scan|ineqsudx_scan_solver:solver|row_choice_q[8][6]  ; Stuck at VCC due to stuck port data_in                                                  ;
; ineqsudx_scan:ineqsudx_scan|ineqsudx_scan_solver:solver|row_choice_q[6][4]  ; Stuck at VCC due to stuck port data_in                                                  ;
; ineqsudx_scan:ineqsudx_scan|ineqsudx_scan_solver:solver|row_choice_q[6][5]  ; Stuck at VCC due to stuck port data_in                                                  ;
; ineqsudx_scan:ineqsudx_scan|ineqsudx_scan_solver:solver|row_choice_q[6][6]  ; Stuck at GND due to stuck port data_in                                                  ;
; ineqsudx_scan:ineqsudx_scan|ineqsudx_scan_solver:solver|row_choice_q[5][5]  ; Stuck at VCC due to stuck port data_in                                                  ;
; ineqsudx_scan:ineqsudx_scan|ineqsudx_scan_solver:solver|row_choice_q[5][6]  ; Stuck at GND due to stuck port data_in                                                  ;
; ineqsudx_scan:ineqsudx_scan|ineqsudx_scan_solver:solver|row_choice_q[4][4]  ; Stuck at GND due to stuck port data_in                                                  ;
; ineqsudx_scan:ineqsudx_scan|ineqsudx_scan_solver:solver|row_choice_q[4][5]  ; Stuck at VCC due to stuck port data_in                                                  ;
; ineqsudx_scan:ineqsudx_scan|ineqsudx_scan_solver:solver|row_choice_q[4][6]  ; Stuck at GND due to stuck port data_in                                                  ;
; ineqsudx_scan:ineqsudx_scan|ineqsudx_scan_solver:solver|row_choice_q[3][6]  ; Stuck at GND due to stuck port data_in                                                  ;
; ineqsudx_scan:ineqsudx_scan|ineqsudx_scan_solver:solver|row_choice_q[2][4]  ; Stuck at VCC due to stuck port data_in                                                  ;
; ineqsudx_scan:ineqsudx_scan|ineqsudx_scan_solver:solver|row_choice_q[2][5]  ; Stuck at GND due to stuck port data_in                                                  ;
; ineqsudx_scan:ineqsudx_scan|ineqsudx_scan_solver:solver|row_choice_q[2][6]  ; Stuck at GND due to stuck port data_in                                                  ;
; ineqsudx_scan:ineqsudx_scan|ineqsudx_scan_solver:solver|row_choice_q[1][5]  ; Stuck at GND due to stuck port data_in                                                  ;
; ineqsudx_scan:ineqsudx_scan|ineqsudx_scan_solver:solver|row_choice_q[1][6]  ; Stuck at GND due to stuck port data_in                                                  ;
; ineqsudx_scan:ineqsudx_scan|ineqsudx_scan_solver:solver|row_choice_q[0][4]  ; Stuck at GND due to stuck port data_in                                                  ;
; ineqsudx_scan:ineqsudx_scan|ineqsudx_scan_solver:solver|row_choice_q[0][5]  ; Stuck at GND due to stuck port data_in                                                  ;
; ineqsudx_scan:ineqsudx_scan|ineqsudx_scan_solver:solver|row_choice_q[0][6]  ; Stuck at GND due to stuck port data_in                                                  ;
; ineqsudx_scan:ineqsudx_scan|ineqsudx_scan_solver:solver|band_choice_q[1][6] ; Stuck at GND due to stuck port data_in                                                  ;
; ineqsudx_scan:ineqsudx_scan|ineqsudx_scan_solver:solver|band_choice_q[0][5] ; Stuck at GND due to stuck port data_in                                                  ;
; ineqsudx_scan:ineqsudx_scan|ineqsudx_scan_solver:solver|band_choice_q[0][6] ; Stuck at GND due to stuck port data_in                                                  ;
; ineqsudx_scan:ineqsudx_scan|ineqsudx_scan_solver:solver|top[0]              ; Stuck at GND due to stuck port data_in                                                  ;
; ineqsudx_scan:ineqsudx_scan|ineqsudx_scan_solver:solver|triplet_q[26][2]    ; Merged with ineqsudx_scan:ineqsudx_scan|ineqsudx_scan_solver:solver|triplet_q[26][1]    ;
; ineqsudx_scan:ineqsudx_scan|ineqsudx_scan_solver:solver|triplet_q[26][3]    ; Merged with ineqsudx_scan:ineqsudx_scan|ineqsudx_scan_solver:solver|triplet_q[26][1]    ;
; ineqsudx_scan:ineqsudx_scan|ineqsudx_scan_solver:solver|triplet_q[26][4]    ; Merged with ineqsudx_scan:ineqsudx_scan|ineqsudx_scan_solver:solver|triplet_q[26][1]    ;
; ineqsudx_scan:ineqsudx_scan|ineqsudx_scan_solver:solver|triplet_q[22][2]    ; Merged with ineqsudx_scan:ineqsudx_scan|ineqsudx_scan_solver:solver|triplet_q[22][1]    ;
; ineqsudx_scan:ineqsudx_scan|ineqsudx_scan_solver:solver|triplet_q[21][2]    ; Merged with ineqsudx_scan:ineqsudx_scan|ineqsudx_scan_solver:solver|triplet_q[21][1]    ;
; ineqsudx_scan:ineqsudx_scan|ineqsudx_scan_solver:solver|triplet_q[21][3]    ; Merged with ineqsudx_scan:ineqsudx_scan|ineqsudx_scan_solver:solver|triplet_q[21][1]    ;
; ineqsudx_scan:ineqsudx_scan|ineqsudx_scan_solver:solver|triplet_q[21][4]    ; Merged with ineqsudx_scan:ineqsudx_scan|ineqsudx_scan_solver:solver|triplet_q[21][1]    ;
; ineqsudx_scan:ineqsudx_scan|ineqsudx_scan_solver:solver|triplet_q[21][5]    ; Merged with ineqsudx_scan:ineqsudx_scan|ineqsudx_scan_solver:solver|triplet_q[21][1]    ;
; ineqsudx_scan:ineqsudx_scan|ineqsudx_scan_solver:solver|triplet_q[18][2]    ; Merged with ineqsudx_scan:ineqsudx_scan|ineqsudx_scan_solver:solver|triplet_q[18][1]    ;
; ineqsudx_scan:ineqsudx_scan|ineqsudx_scan_solver:solver|triplet_q[18][3]    ; Merged with ineqsudx_scan:ineqsudx_scan|ineqsudx_scan_solver:solver|triplet_q[18][1]    ;
; ineqsudx_scan:ineqsudx_scan|ineqsudx_scan_solver:solver|triplet_q[14][2]    ; Merged with ineqsudx_scan:ineqsudx_scan|ineqsudx_scan_solver:solver|triplet_q[14][1]    ;
; ineqsudx_scan:ineqsudx_scan|ineqsudx_scan_solver:solver|triplet_q[13][2]    ; Merged with ineqsudx_scan:ineqsudx_scan|ineqsudx_scan_solver:solver|triplet_q[13][1]    ;
; ineqsudx_scan:ineqsudx_scan|ineqsudx_scan_solver:solver|triplet_q[10][2]    ; Merged with ineqsudx_scan:ineqsudx_scan|ineqsudx_scan_solver:solver|triplet_q[10][1]    ;
; ineqsudx_scan:ineqsudx_scan|ineqsudx_scan_solver:solver|triplet_q[10][3]    ; Merged with ineqsudx_scan:ineqsudx_scan|ineqsudx_scan_solver:solver|triplet_q[10][1]    ;
; ineqsudx_scan:ineqsudx_scan|ineqsudx_scan_solver:solver|triplet_q[10][4]    ; Merged with ineqsudx_scan:ineqsudx_scan|ineqsudx_scan_solver:solver|triplet_q[10][1]    ;
; ineqsudx_scan:ineqsudx_scan|ineqsudx_scan_solver:solver|triplet_q[10][5]    ; Merged with ineqsudx_scan:ineqsudx_scan|ineqsudx_scan_solver:solver|triplet_q[10][1]    ;
; ineqsudx_scan:ineqsudx_scan|ineqsudx_scan_solver:solver|triplet_q[6][2]     ; Merged with ineqsudx_scan:ineqsudx_scan|ineqsudx_scan_solver:solver|triplet_q[6][1]     ;
; ineqsudx_scan:ineqsudx_scan|ineqsudx_scan_solver:solver|triplet_q[5][2]     ; Merged with ineqsudx_scan:ineqsudx_scan|ineqsudx_scan_solver:solver|triplet_q[5][1]     ;
; ineqsudx_scan:ineqsudx_scan|ineqsudx_scan_solver:solver|triplet_q[5][3]     ; Merged with ineqsudx_scan:ineqsudx_scan|ineqsudx_scan_solver:solver|triplet_q[5][1]     ;
; ineqsudx_scan:ineqsudx_scan|ineqsudx_scan_solver:solver|triplet_q[2][2]     ; Merged with ineqsudx_scan:ineqsudx_scan|ineqsudx_scan_solver:solver|triplet_q[2][1]     ;
; ineqsudx_scan:ineqsudx_scan|ineqsudx_scan_solver:solver|triplet_q[2][3]     ; Merged with ineqsudx_scan:ineqsudx_scan|ineqsudx_scan_solver:solver|triplet_q[2][1]     ;
; ineqsudx_scan:ineqsudx_scan|state[3..9,11..31]                              ; Merged with ineqsudx_scan:ineqsudx_scan|state[10]                                       ;
; ineqsudx_scan:ineqsudx_scan|ineqsudx_scan_solver:solver|row_choice_q[7][4]  ; Merged with ineqsudx_scan:ineqsudx_scan|ineqsudx_scan_solver:solver|row_choice_q[7][3]  ;
; ineqsudx_scan:ineqsudx_scan|ineqsudx_scan_solver:solver|row_choice_q[7][5]  ; Merged with ineqsudx_scan:ineqsudx_scan|ineqsudx_scan_solver:solver|row_choice_q[7][3]  ;
; ineqsudx_scan:ineqsudx_scan|ineqsudx_scan_solver:solver|row_choice_q[3][4]  ; Merged with ineqsudx_scan:ineqsudx_scan|ineqsudx_scan_solver:solver|row_choice_q[3][3]  ;
; ineqsudx_scan:ineqsudx_scan|state[10]                                       ; Stuck at GND due to stuck port data_in                                                  ;
; ineqsudx_scan:ineqsudx_scan|ineqsudx_scan_solver:solver|state~9             ; Lost fanout                                                                             ;
; ineqsudx_scan:ineqsudx_scan|ineqsudx_scan_solver:solver|state~10            ; Lost fanout                                                                             ;
; ineqsudx_scan:ineqsudx_scan|ineqsudx_scan_solver:solver|state~11            ; Lost fanout                                                                             ;
; ineqsudx_scan:ineqsudx_scan|ineqsudx_scan_solver:solver|state~12            ; Lost fanout                                                                             ;
; ineqsudx_scan:ineqsudx_scan|ineqsudx_scan_solver:solver|row_choice_q[8][4]  ; Merged with ineqsudx_scan:ineqsudx_scan|ineqsudx_scan_solver:solver|row_choice_q[8][3]  ;
; ineqsudx_scan:ineqsudx_scan|ineqsudx_scan_solver:solver|row_choice_q[5][4]  ; Merged with ineqsudx_scan:ineqsudx_scan|ineqsudx_scan_solver:solver|row_choice_q[5][3]  ;
; ineqsudx_scan:ineqsudx_scan|ineqsudx_scan_solver:solver|triplet_q[25][2]    ; Merged with ineqsudx_scan:ineqsudx_scan|ineqsudx_scan_solver:solver|triplet_q[25][1]    ;
; ineqsudx_scan:ineqsudx_scan|ineqsudx_scan_solver:solver|triplet_q[21][6]    ; Merged with ineqsudx_scan:ineqsudx_scan|ineqsudx_scan_solver:solver|triplet_q[21][1]    ;
; ineqsudx_scan:ineqsudx_scan|ineqsudx_scan_solver:solver|triplet_q[1][2]     ; Merged with ineqsudx_scan:ineqsudx_scan|ineqsudx_scan_solver:solver|triplet_q[1][1]     ;
; ineqsudx_scan:ineqsudx_scan|ineqsudx_scan_solver:solver|triplet_q[5][4]     ; Merged with ineqsudx_scan:ineqsudx_scan|ineqsudx_scan_solver:solver|triplet_q[5][1]     ;
; ineqsudx_scan:ineqsudx_scan|ineqsudx_scan_solver:solver|triplet_q[17][2]    ; Merged with ineqsudx_scan:ineqsudx_scan|ineqsudx_scan_solver:solver|triplet_q[17][1]    ;
; ineqsudx_scan:ineqsudx_scan|ineqsudx_scan_solver:solver|triplet_q[9][2]     ; Merged with ineqsudx_scan:ineqsudx_scan|ineqsudx_scan_solver:solver|triplet_q[9][1]     ;
; ineqsudx_scan:ineqsudx_scan|ineqsudx_scan_solver:solver|triplet_q[13][3]    ; Merged with ineqsudx_scan:ineqsudx_scan|ineqsudx_scan_solver:solver|triplet_q[13][1]    ;
; ineqsudx_scan:ineqsudx_scan|ineqsudx_scan_solver:solver|row_choice_q[1][3]  ; Merged with ineqsudx_scan:ineqsudx_scan|ineqsudx_scan_solver:solver|row_choice_q[1][4]  ;
; ineqsudx_scan:ineqsudx_scan|ineqsudx_scan_solver:solver|row_choice_q[7][6]  ; Merged with ineqsudx_scan:ineqsudx_scan|ineqsudx_scan_solver:solver|row_choice_q[7][3]  ;
; ineqsudx_scan:ineqsudx_scan|ineqsudx_scan_solver:solver|band_choice_q[2][6] ; Merged with ineqsudx_scan:ineqsudx_scan|ineqsudx_scan_solver:solver|band_choice_q[2][5] ;
; ineqsudx_scan:ineqsudx_scan|ineqsudx_scan_solver:solver|row_choice_q[3][5]  ; Merged with ineqsudx_scan:ineqsudx_scan|ineqsudx_scan_solver:solver|row_choice_q[3][3]  ;
; Total Number of Removed Registers = 200                                     ;                                                                                         ;
+-----------------------------------------------------------------------------+-----------------------------------------------------------------------------------------+


+------------------------------------------------------------------------------------------------------------------------------------------------------------------------------------+
; Removed Registers Triggering Further Register Optimizations                                                                                                                        ;
+--------------------------------------------------------------------------+---------------------------+-----------------------------------------------------------------------------+
; Register name                                                            ; Reason for Removal        ; Registers Removed due to This Register                                      ;
+--------------------------------------------------------------------------+---------------------------+-----------------------------------------------------------------------------+
; ineqsudx_scan:ineqsudx_scan|ineqsudx_scan_solver:solver|triplet_q[17][6] ; Stuck at GND              ; ineqsudx_scan:ineqsudx_scan|ineqsudx_scan_solver:solver|row_choice_q[5][6], ;
;                                                                          ; due to stuck port data_in ; ineqsudx_scan:ineqsudx_scan|ineqsudx_scan_solver:solver|band_choice_q[1][6] ;
; ineqsudx_scan:ineqsudx_scan|ineqsudx_scan_solver:solver|triplet_q[8][6]  ; Stuck at GND              ; ineqsudx_scan:ineqsudx_scan|ineqsudx_scan_solver:solver|row_choice_q[2][6], ;
;                                                                          ; due to stuck port data_in ; ineqsudx_scan:ineqsudx_scan|ineqsudx_scan_solver:solver|band_choice_q[0][6] ;
; ineqsudx_scan:ineqsudx_scan|ineqsudx_scan_solver:solver|triplet_q[8][5]  ; Stuck at GND              ; ineqsudx_scan:ineqsudx_scan|ineqsudx_scan_solver:solver|row_choice_q[2][5], ;
;                                                                          ; due to stuck port data_in ; ineqsudx_scan:ineqsudx_scan|ineqsudx_scan_solver:solver|band_choice_q[0][5] ;
; ineqsudx_scan:ineqsudx_scan|ineqsudx_scan_solver:solver|triplet_q[14][6] ; Stuck at GND              ; ineqsudx_scan:ineqsudx_scan|ineqsudx_scan_solver:solver|row_choice_q[4][6]  ;
;                                                                          ; due to stuck port data_in ;                                                                             ;
; ineqsudx_scan:ineqsudx_scan|ineqsudx_scan_solver:solver|triplet_q[2][6]  ; Stuck at GND              ; ineqsudx_scan:ineqsudx_scan|ineqsudx_scan_solver:solver|row_choice_q[0][6]  ;
;                                                                          ; due to stuck port data_in ;                                                                             ;
; ineqsudx_scan:ineqsudx_scan|ineqsudx_scan_solver:solver|triplet_q[2][5]  ; Stuck at GND              ; ineqsudx_scan:ineqsudx_scan|ineqsudx_scan_solver:solver|row_choice_q[0][5]  ;
;                                                                          ; due to stuck port data_in ;                                                                             ;
; ineqsudx_scan:ineqsudx_scan|ineqsudx_scan_solver:solver|triplet_q[2][4]  ; Stuck at GND              ; ineqsudx_scan:ineqsudx_scan|ineqsudx_scan_solver:solver|row_choice_q[0][4]  ;
;                                                                          ; due to stuck port data_in ;                                                                             ;
; ineqsudx_scan:ineqsudx_scan|ineqsudx_scan_solver:solver|triplet_q[5][6]  ; Stuck at GND              ; ineqsudx_scan:ineqsudx_scan|ineqsudx_scan_solver:solver|row_choice_q[1][6]  ;
;                                                                          ; due to stuck port data_in ;                                                                             ;
; ineqsudx_scan:ineqsudx_scan|ineqsudx_scan_solver:solver|triplet_q[5][5]  ; Stuck at GND              ; ineqsudx_scan:ineqsudx_scan|ineqsudx_scan_solver:solver|row_choice_q[1][5]  ;
;                                                                          ; due to stuck port data_in ;                                                                             ;
; ineqsudx_scan:ineqsudx_scan|ineqsudx_scan_solver:solver|triplet_q[8][4]  ; Stuck at VCC              ; ineqsudx_scan:ineqsudx_scan|ineqsudx_scan_solver:solver|row_choice_q[2][4]  ;
;                                                                          ; due to stuck port data_in ;                                                                             ;
; ineqsudx_scan:ineqsudx_scan|ineqsudx_scan_solver:solver|triplet_q[11][6] ; Stuck at GND              ; ineqsudx_scan:ineqsudx_scan|ineqsudx_scan_solver:solver|row_choice_q[3][6]  ;
;                                                                          ; due to stuck port data_in ;                                                                             ;
; ineqsudx_scan:ineqsudx_scan|ineqsudx_scan_solver:solver|triplet_q[26][5] ; Stuck at GND              ; ineqsudx_scan:ineqsudx_scan|ineqsudx_scan_solver:solver|row_choice_q[8][5]  ;
;                                                                          ; due to stuck port data_in ;                                                                             ;
; ineqsudx_scan:ineqsudx_scan|ineqsudx_scan_solver:solver|triplet_q[14][5] ; Stuck at VCC              ; ineqsudx_scan:ineqsudx_scan|ineqsudx_scan_solver:solver|row_choice_q[4][5]  ;
;                                                                          ; due to stuck port data_in ;                                                                             ;
; ineqsudx_scan:ineqsudx_scan|ineqsudx_scan_solver:solver|triplet_q[14][4] ; Stuck at GND              ; ineqsudx_scan:ineqsudx_scan|ineqsudx_scan_solver:solver|row_choice_q[4][4]  ;
;                                                                          ; due to stuck port data_in ;                                                                             ;
; ineqsudx_scan:ineqsudx_scan|ineqsudx_scan_solver:solver|triplet_q[17][5] ; Stuck at VCC              ; ineqsudx_scan:ineqsudx_scan|ineqsudx_scan_solver:solver|row_choice_q[5][5]  ;
;                                                                          ; due to stuck port data_in ;                                                                             ;
; ineqsudx_scan:ineqsudx_scan|ineqsudx_scan_solver:solver|triplet_q[20][6] ; Stuck at GND              ; ineqsudx_scan:ineqsudx_scan|ineqsudx_scan_solver:solver|row_choice_q[6][6]  ;
;                                                                          ; due to stuck port data_in ;                                                                             ;
; ineqsudx_scan:ineqsudx_scan|ineqsudx_scan_solver:solver|triplet_q[20][5] ; Stuck at VCC              ; ineqsudx_scan:ineqsudx_scan|ineqsudx_scan_solver:solver|row_choice_q[6][5]  ;
;                                                                          ; due to stuck port data_in ;                                                                             ;
; ineqsudx_scan:ineqsudx_scan|ineqsudx_scan_solver:solver|triplet_q[20][4] ; Stuck at VCC              ; ineqsudx_scan:ineqsudx_scan|ineqsudx_scan_solver:solver|row_choice_q[6][4]  ;
;                                                                          ; due to stuck port data_in ;                                                                             ;
; ineqsudx_scan:ineqsudx_scan|ineqsudx_scan_solver:solver|triplet_q[26][6] ; Stuck at VCC              ; ineqsudx_scan:ineqsudx_scan|ineqsudx_scan_solver:solver|row_choice_q[8][6]  ;
;                                                                          ; due to stuck port data_in ;                                                                             ;
+--------------------------------------------------------------------------+---------------------------+-----------------------------------------------------------------------------+


+------------------------------------------------------+
; General Register Statistics                          ;
+----------------------------------------------+-------+
; Statistic                                    ; Value ;
+----------------------------------------------+-------+
; Total registers                              ; 3276  ;
; Number of registers using Synchronous Clear  ; 0     ;
; Number of registers using Synchronous Load   ; 205   ;
; Number of registers using Asynchronous Clear ; 1771  ;
; Number of registers using Asynchronous Load  ; 0     ;
; Number of registers using Clock Enable       ; 2942  ;
; Number of registers using Preset             ; 0     ;
+----------------------------------------------+-------+


+-------------------------------------------------------------------------------------------------------------------------------------------------------------+
; Registers Packed Into Inferred Megafunctions                                                                                                                ;
+----------------------------------------------------------------------------+-------------------------------------------------------------------------+------+
; Register Name                                                              ; Megafunction                                                            ; Type ;
+----------------------------------------------------------------------------+-------------------------------------------------------------------------+------+
; ineqsudx_scan:ineqsudx_scan|ineqsudx_scan_solver:solver|top[1..15]         ; ineqsudx_scan:ineqsudx_scan|ineqsudx_scan_solver:solver|decisions_rtl_0 ; RAM  ;
; ineqsudx_scan:ineqsudx_scan|ineqsudx_scan_solver:solver|snapshot_q[0..242] ; ineqsudx_scan:ineqsudx_scan|ineqsudx_scan_solver:solver|snapshots_rtl_0 ; RAM  ;
+----------------------------------------------------------------------------+-------------------------------------------------------------------------+------+


+------------------------------------------------------------------------------------------------------------------------------------------------------------------------------------------------------------------+
; Multiplexer Restructuring Statistics (Restructuring Performed)                                                                                                                                                   ;
+--------------------+-----------+---------------+----------------------+------------------------+------------+----------------------------------------------------------------------------------------------------+
; Multiplexer Inputs ; Bus Width ; Baseline Area ; Area if Restructured ; Saving if Restructured ; Registered ; Example Multiplexer Output                                                                         ;
+--------------------+-----------+---------------+----------------------+------------------------+------------+----------------------------------------------------------------------------------------------------+
; 3:1                ; 5 bits    ; 10 LEs        ; 10 LEs               ; 0 LEs                  ; Yes        ; |qsyn_dummy_xlr_wrap|ineqsudx_scan:ineqsudx_scan|ineqsudx_scan_solver:solver|chosen_cell[4]        ;
; 3:1                ; 4 bits    ; 8 LEs         ; 8 LEs                ; 0 LEs                  ; Yes        ; |qsyn_dummy_xlr_wrap|ineqsudx_scan:ineqsudx_scan|ineqsudx_scan_solver:solver|band_choice_q[2][0]   ;
; 3:1                ; 4 bits    ; 8 LEs         ; 8 LEs                ; 0 LEs                  ; Yes        ; |qsyn_dummy_xlr_wrap|ineqsudx_scan:ineqsudx_scan|ineqsudx_scan_solver:solver|band_choice_q[1][0]   ;
; 3:1                ; 4 bits    ; 8 LEs         ; 8 LEs                ; 0 LEs                  ; Yes        ; |qsyn_dummy_xlr_wrap|ineqsudx_scan:ineqsudx_scan|ineqsudx_scan_solver:solver|band_choice_q[0][0]   ;
; 3:1                ; 2 bits    ; 4 LEs         ; 2 LEs                ; 2 LEs                  ; Yes        ; |qsyn_dummy_xlr_wrap|ineqsudx_scan:ineqsudx_scan|ineqsudx_scan_solver:solver|row_choice_q[7][6]    ;
; 3:1                ; 2 bits    ; 4 LEs         ; 4 LEs                ; 0 LEs                  ; Yes        ; |qsyn_dummy_xlr_wrap|ineqsudx_scan:ineqsudx_scan|ineqsudx_scan_solver:solver|row_choice_q[7][1]    ;
; 3:1                ; 2 bits    ; 4 LEs         ; 4 LEs                ; 0 LEs                  ; Yes        ; |qsyn_dummy_xlr_wrap|ineqsudx_scan:ineqsudx_scan|ineqsudx_scan_solver:solver|row_choice_q[6][3]    ;
; 3:1                ; 2 bits    ; 4 LEs         ; 4 LEs                ; 0 LEs                  ; Yes        ; |qsyn_dummy_xlr_wrap|ineqsudx_scan:ineqsudx_scan|ineqsudx_scan_solver:solver|row_choice_q[6][1]    ;
; 3:1                ; 2 bits    ; 4 LEs         ; 4 LEs                ; 0 LEs                  ; Yes        ; |qsyn_dummy_xlr_wrap|ineqsudx_scan:ineqsudx_scan|ineqsudx_scan_solver:solver|row_choice_q[8][1]    ;
; 3:1                ; 2 bits    ; 4 LEs         ; 4 LEs                ; 0 LEs                  ; Yes        ; |qsyn_dummy_xlr_wrap|ineqsudx_scan:ineqsudx_scan|ineqsudx_scan_solver:solver|row_choice_q[5][1]    ;
; 3:1                ; 2 bits    ; 4 LEs         ; 4 LEs                ; 0 LEs                  ; Yes        ; |qsyn_dummy_xlr_wrap|ineqsudx_scan:ineqsudx_scan|ineqsudx_scan_solver:solver|row_choice_q[4][0]    ;
; 3:1                ; 2 bits    ; 4 LEs         ; 4 LEs                ; 0 LEs                  ; Yes        ; |qsyn_dummy_xlr_wrap|ineqsudx_scan:ineqsudx_scan|ineqsudx_scan_solver:solver|row_choice_q[3][3]    ;
; 3:1                ; 2 bits    ; 4 LEs         ; 4 LEs                ; 0 LEs                  ; Yes        ; |qsyn_dummy_xlr_wrap|ineqsudx_scan:ineqsudx_scan|ineqsudx_scan_solver:solver|row_choice_q[3][0]    ;
; 3:1                ; 2 bits    ; 4 LEs         ; 4 LEs                ; 0 LEs                  ; Yes        ; |qsyn_dummy_xlr_wrap|ineqsudx_scan:ineqsudx_scan|ineqsudx_scan_solver:solver|row_choice_q[2][1]    ;
; 3:1                ; 2 bits    ; 4 LEs         ; 4 LEs                ; 0 LEs                  ; Yes        ; |qsyn_dummy_xlr_wrap|ineqsudx_scan:ineqsudx_scan|ineqsudx_scan_solver:solver|row_choice_q[1][0]    ;
; 3:1                ; 2 bits    ; 4 LEs         ; 4 LEs                ; 0 LEs                  ; Yes        ; |qsyn_dummy_xlr_wrap|ineqsudx_scan:ineqsudx_scan|ineqsudx_scan_solver:solver|row_choice_q[0][0]    ;
; 5:1                ; 7 bits    ; 21 LEs        ; 14 LEs               ; 7 LEs                  ; Yes        ; |qsyn_dummy_xlr_wrap|ineqsudx_scan:ineqsudx_scan|ineqsudx_scan_solver:solver|depth[0]              ;
; 24:1               ; 32 bits   ; 512 LEs       ; 512 LEs              ; 0 LEs                  ; Yes        ; |qsyn_dummy_xlr_wrap|dummy_dout[31]~reg0                                                           ;
; 10:1               ; 2 bits    ; 12 LEs        ; 4 LEs                ; 8 LEs                  ; Yes        ; |qsyn_dummy_xlr_wrap|ineqsudx_scan:ineqsudx_scan|state[2]                                          ;
; 13:1               ; 2 bits    ; 16 LEs        ; 6 LEs                ; 10 LEs                 ; Yes        ; |qsyn_dummy_xlr_wrap|ineqsudx_scan:ineqsudx_scan|state[1]                                          ;
; 3:1                ; 7 bits    ; 14 LEs        ; 14 LEs               ; 0 LEs                  ; No         ; |qsyn_dummy_xlr_wrap|ineqsudx_scan:ineqsudx_scan|ineqsudx_scan_solver:solver|snapshot_read_addr[7] ;
; 3:1                ; 250 bits  ; 500 LEs       ; 500 LEs              ; 0 LEs                  ; No         ; |qsyn_dummy_xlr_wrap|ineqsudx_scan:ineqsudx_scan|ineqsudx_scan_solver:solver|Selector2611          ;
; 4:1                ; 6 bits    ; 12 LEs        ; 6 LEs                ; 6 LEs                  ; No         ; |qsyn_dummy_xlr_wrap|ineqsudx_scan:ineqsudx_scan|mem_intf_read.mem_size_bytes[5]                   ;
; 4:1                ; 6 bits    ; 12 LEs        ; 6 LEs                ; 6 LEs                  ; No         ; |qsyn_dummy_xlr_wrap|ineqsudx_scan:ineqsudx_scan|mem_intf_write.mem_size_bytes[1]                  ;
; 3:1                ; 7 bits    ; 14 LEs        ; 14 LEs               ; 0 LEs                  ; No         ; |qsyn_dummy_xlr_wrap|ineqsudx_scan:ineqsudx_scan|ineqsudx_scan_solver:solver|Selector2576          ;
; 3:1                ; 7 bits    ; 14 LEs        ; 14 LEs               ; 0 LEs                  ; No         ; |qsyn_dummy_xlr_wrap|ineqsudx_scan:ineqsudx_scan|ineqsudx_scan_solver:solver|Selector2548          ;
; 3:1                ; 7 bits    ; 14 LEs        ; 14 LEs               ; 0 LEs                  ; No         ; |qsyn_dummy_xlr_wrap|ineqsudx_scan:ineqsudx_scan|ineqsudx_scan_solver:solver|Selector2346          ;
; 3:1                ; 7 bits    ; 14 LEs        ; 14 LEs               ; 0 LEs                  ; No         ; |qsyn_dummy_xlr_wrap|ineqsudx_scan:ineqsudx_scan|ineqsudx_scan_solver:solver|Selector2584          ;
; 3:1                ; 7 bits    ; 14 LEs        ; 14 LEs               ; 0 LEs                  ; No         ; |qsyn_dummy_xlr_wrap|ineqsudx_scan:ineqsudx_scan|ineqsudx_scan_solver:solver|Selector2559          ;
; 3:1                ; 7 bits    ; 14 LEs        ; 14 LEs               ; 0 LEs                  ; No         ; |qsyn_dummy_xlr_wrap|ineqsudx_scan:ineqsudx_scan|ineqsudx_scan_solver:solver|Selector2526          ;
; 3:1                ; 7 bits    ; 14 LEs        ; 14 LEs               ; 0 LEs                  ; No         ; |qsyn_dummy_xlr_wrap|ineqsudx_scan:ineqsudx_scan|ineqsudx_scan_solver:solver|Selector2570          ;
; 3:1                ; 7 bits    ; 14 LEs        ; 14 LEs               ; 0 LEs                  ; No         ; |qsyn_dummy_xlr_wrap|ineqsudx_scan:ineqsudx_scan|ineqsudx_scan_solver:solver|Selector2319          ;
; 3:1                ; 7 bits    ; 14 LEs        ; 14 LEs               ; 0 LEs                  ; No         ; |qsyn_dummy_xlr_wrap|ineqsudx_scan:ineqsudx_scan|ineqsudx_scan_solver:solver|Selector2532          ;
; 3:1                ; 7 bits    ; 14 LEs        ; 14 LEs               ; 0 LEs                  ; No         ; |qsyn_dummy_xlr_wrap|ineqsudx_scan:ineqsudx_scan|ineqsudx_scan_solver:solver|Selector2496          ;
; 3:1                ; 7 bits    ; 14 LEs        ; 14 LEs               ; 0 LEs                  ; No         ; |qsyn_dummy_xlr_wrap|ineqsudx_scan:ineqsudx_scan|ineqsudx_scan_solver:solver|Selector2284          ;
; 3:1                ; 7 bits    ; 14 LEs        ; 14 LEs               ; 0 LEs                  ; No         ; |qsyn_dummy_xlr_wrap|ineqsudx_scan:ineqsudx_scan|ineqsudx_scan_solver:solver|Selector2539          ;
; 3:1                ; 7 bits    ; 14 LEs        ; 14 LEs               ; 0 LEs                  ; No         ; |qsyn_dummy_xlr_wrap|ineqsudx_scan:ineqsudx_scan|ineqsudx_scan_solver:solver|Selector2508          ;
; 3:1                ; 7 bits    ; 14 LEs        ; 14 LEs               ; 0 LEs                  ; No         ; |qsyn_dummy_xlr_wrap|ineqsudx_scan:ineqsudx_scan|ineqsudx_scan_solver:solver|Selector2472          ;
; 3:1                ; 7 bits    ; 14 LEs        ; 14 LEs               ; 0 LEs                  ; No         ; |qsyn_dummy_xlr_wrap|ineqsudx_scan:ineqsudx_scan|ineqsudx_scan_solver:solver|Selector2517          ;
; 3:1                ; 7 bits    ; 14 LEs        ; 14 LEs               ; 0 LEs                  ; No         ; |qsyn_dummy_xlr_wrap|ineqsudx_scan:ineqsudx_scan|ineqsudx_scan_solver:solver|Selector2245          ;
; 3:1                ; 7 bits    ; 14 LEs        ; 14 LEs               ; 0 LEs                  ; No         ; |qsyn_dummy_xlr_wrap|ineqsudx_scan:ineqsudx_scan|ineqsudx_scan_solver:solver|Selector2443          ;
; 3:1                ; 7 bits    ; 14 LEs        ; 14 LEs               ; 0 LEs                  ; No         ; |qsyn_dummy_xlr_wrap|ineqsudx_scan:ineqsudx_scan|ineqsudx_scan_solver:solver|Selector2482          ;
; 3:1                ; 7 bits    ; 14 LEs        ; 14 LEs               ; 0 LEs                  ; No         ; |qsyn_dummy_xlr_wrap|ineqsudx_scan:ineqsudx_scan|ineqsudx_scan_solver:solver|Selector2491          ;
; 3:1                ; 7 bits    ; 14 LEs        ; 14 LEs               ; 0 LEs                  ; No         ; |qsyn_dummy_xlr_wrap|ineqsudx_scan:ineqsudx_scan|ineqsudx_scan_solver:solver|Selector2212          ;
; 3:1                ; 7 bits    ; 14 LEs        ; 14 LEs               ; 0 LEs                  ; No         ; |qsyn_dummy_xlr_wrap|ineqsudx_scan:ineqsudx_scan|ineqsudx_scan_solver:solver|Selector2450          ;
; 3:1                ; 7 bits    ; 14 LEs        ; 14 LEs               ; 0 LEs                  ; No         ; |qsyn_dummy_xlr_wrap|ineqsudx_scan:ineqsudx_scan|ineqsudx_scan_solver:solver|Selector2417          ;
; 3:1                ; 7 bits    ; 14 LEs        ; 14 LEs               ; 0 LEs                  ; No         ; |qsyn_dummy_xlr_wrap|ineqsudx_scan:ineqsudx_scan|ineqsudx_scan_solver:solver|Selector2171          ;
; 3:1                ; 7 bits    ; 14 LEs        ; 14 LEs               ; 0 LEs                  ; No         ; |qsyn_dummy_xlr_wrap|ineqsudx_scan:ineqsudx_scan|ineqsudx_scan_solver:solver|Selector2460          ;
; 3:1                ; 7 bits    ; 14 LEs        ; 14 LEs               ; 0 LEs                  ; No         ; |qsyn_dummy_xlr_wrap|ineqsudx_scan:ineqsudx_scan|ineqsudx_scan_solver:solver|Selector2425          ;
; 3:1                ; 7 bits    ; 14 LEs        ; 14 LEs               ; 0 LEs                  ; No         ; |qsyn_dummy_xlr_wrap|ineqsudx_scan:ineqsudx_scan|ineqsudx_scan_solver:solver|Selector2386          ;
; 3:1                ; 7 bits    ; 14 LEs        ; 14 LEs               ; 0 LEs                  ; No         ; |qsyn_dummy_xlr_wrap|ineqsudx_scan:ineqsudx_scan|ineqsudx_scan_solver:solver|Selector2139          ;
; 3:1                ; 7 bits    ; 14 LEs        ; 14 LEs               ; 0 LEs                  ; No         ; |qsyn_dummy_xlr_wrap|ineqsudx_scan:ineqsudx_scan|ineqsudx_scan_solver:solver|Selector2431          ;
; 3:1                ; 7 bits    ; 14 LEs        ; 14 LEs               ; 0 LEs                  ; No         ; |qsyn_dummy_xlr_wrap|ineqsudx_scan:ineqsudx_scan|ineqsudx_scan_solver:solver|Selector2395          ;
; 3:1                ; 7 bits    ; 14 LEs        ; 14 LEs               ; 0 LEs                  ; No         ; |qsyn_dummy_xlr_wrap|ineqsudx_scan:ineqsudx_scan|ineqsudx_scan_solver:solver|Selector2371          ;
; 3:1                ; 7 bits    ; 14 LEs        ; 14 LEs               ; 0 LEs                  ; No         ; |qsyn_dummy_xlr_wrap|ineqsudx_scan:ineqsudx_scan|ineqsudx_scan_solver:solver|Selector2098          ;
; 3:1                ; 7 bits    ; 14 LEs        ; 14 LEs               ; 0 LEs                  ; No         ; |qsyn_dummy_xlr_wrap|ineqsudx_scan:ineqsudx_scan|ineqsudx_scan_solver:solver|Selector2405          ;
; 3:1                ; 7 bits    ; 14 LEs        ; 14 LEs               ; 0 LEs                  ; No         ; |qsyn_dummy_xlr_wrap|ineqsudx_scan:ineqsudx_scan|ineqsudx_scan_solver:solver|Selector2378          ;
; 3:1                ; 7 bits    ; 14 LEs        ; 14 LEs               ; 0 LEs                  ; No         ; |qsyn_dummy_xlr_wrap|ineqsudx_scan:ineqsudx_scan|ineqsudx_scan_solver:solver|Selector2076          ;
; 3:1                ; 7 bits    ; 14 LEs        ; 14 LEs               ; 0 LEs                  ; No         ; |qsyn_dummy_xlr_wrap|ineqsudx_scan:ineqsudx_scan|ineqsudx_scan_solver:solver|Selector2355          ;
; 3:1                ; 7 bits    ; 14 LEs        ; 14 LEs               ; 0 LEs                  ; No         ; |qsyn_dummy_xlr_wrap|ineqsudx_scan:ineqsudx_scan|ineqsudx_scan_solver:solver|Selector2306          ;
; 3:1                ; 7 bits    ; 14 LEs        ; 14 LEs               ; 0 LEs                  ; No         ; |qsyn_dummy_xlr_wrap|ineqsudx_scan:ineqsudx_scan|ineqsudx_scan_solver:solver|Selector2037          ;
; 3:1                ; 7 bits    ; 14 LEs        ; 14 LEs               ; 0 LEs                  ; No         ; |qsyn_dummy_xlr_wrap|ineqsudx_scan:ineqsudx_scan|ineqsudx_scan_solver:solver|Selector2360          ;
; 3:1                ; 7 bits    ; 14 LEs        ; 14 LEs               ; 0 LEs                  ; No         ; |qsyn_dummy_xlr_wrap|ineqsudx_scan:ineqsudx_scan|ineqsudx_scan_solver:solver|Selector2269          ;
; 3:1                ; 7 bits    ; 14 LEs        ; 14 LEs               ; 0 LEs                  ; No         ; |qsyn_dummy_xlr_wrap|ineqsudx_scan:ineqsudx_scan|ineqsudx_scan_solver:solver|Selector2324          ;
; 3:1                ; 7 bits    ; 14 LEs        ; 14 LEs               ; 0 LEs                  ; No         ; |qsyn_dummy_xlr_wrap|ineqsudx_scan:ineqsudx_scan|ineqsudx_scan_solver:solver|Selector2335          ;
; 3:1                ; 7 bits    ; 14 LEs        ; 14 LEs               ; 0 LEs                  ; No         ; |qsyn_dummy_xlr_wrap|ineqsudx_scan:ineqsudx_scan|ineqsudx_scan_solver:solver|Selector2010          ;
; 3:1                ; 7 bits    ; 14 LEs        ; 14 LEs               ; 0 LEs                  ; No         ; |qsyn_dummy_xlr_wrap|ineqsudx_scan:ineqsudx_scan|ineqsudx_scan_solver:solver|Selector2237          ;
; 3:1                ; 7 bits    ; 14 LEs        ; 14 LEs               ; 0 LEs                  ; No         ; |qsyn_dummy_xlr_wrap|ineqsudx_scan:ineqsudx_scan|ineqsudx_scan_solver:solver|Selector2292          ;
; 3:1                ; 7 bits    ; 14 LEs        ; 14 LEs               ; 0 LEs                  ; No         ; |qsyn_dummy_xlr_wrap|ineqsudx_scan:ineqsudx_scan|ineqsudx_scan_solver:solver|Selector2298          ;
; 3:1                ; 7 bits    ; 14 LEs        ; 14 LEs               ; 0 LEs                  ; No         ; |qsyn_dummy_xlr_wrap|ineqsudx_scan:ineqsudx_scan|ineqsudx_scan_solver:solver|Selector1978          ;
; 3:1                ; 7 bits    ; 14 LEs        ; 14 LEs               ; 0 LEs                  ; No         ; |qsyn_dummy_xlr_wrap|ineqsudx_scan:ineqsudx_scan|ineqsudx_scan_solver:solver|Selector2200          ;
; 3:1                ; 7 bits    ; 14 LEs        ; 14 LEs               ; 0 LEs                  ; No         ; |qsyn_dummy_xlr_wrap|ineqsudx_scan:ineqsudx_scan|ineqsudx_scan_solver:solver|Selector2253          ;
; 3:1                ; 7 bits    ; 14 LEs        ; 14 LEs               ; 0 LEs                  ; No         ; |qsyn_dummy_xlr_wrap|ineqsudx_scan:ineqsudx_scan|ineqsudx_scan_solver:solver|Selector1937          ;
; 3:1                ; 7 bits    ; 14 LEs        ; 14 LEs               ; 0 LEs                  ; No         ; |qsyn_dummy_xlr_wrap|ineqsudx_scan:ineqsudx_scan|ineqsudx_scan_solver:solver|Selector2262          ;
; 3:1                ; 7 bits    ; 14 LEs        ; 14 LEs               ; 0 LEs                  ; No         ; |qsyn_dummy_xlr_wrap|ineqsudx_scan:ineqsudx_scan|ineqsudx_scan_solver:solver|Selector2163          ;
; 3:1                ; 7 bits    ; 14 LEs        ; 14 LEs               ; 0 LEs                  ; No         ; |qsyn_dummy_xlr_wrap|ineqsudx_scan:ineqsudx_scan|ineqsudx_scan_solver:solver|Selector2215          ;
; 3:1                ; 7 bits    ; 14 LEs        ; 14 LEs               ; 0 LEs                  ; No         ; |qsyn_dummy_xlr_wrap|ineqsudx_scan:ineqsudx_scan|ineqsudx_scan_solver:solver|Selector2227          ;
; 3:1                ; 7 bits    ; 14 LEs        ; 14 LEs               ; 0 LEs                  ; No         ; |qsyn_dummy_xlr_wrap|ineqsudx_scan:ineqsudx_scan|ineqsudx_scan_solver:solver|Selector1906          ;
; 3:1                ; 7 bits    ; 14 LEs        ; 14 LEs               ; 0 LEs                  ; No         ; |qsyn_dummy_xlr_wrap|ineqsudx_scan:ineqsudx_scan|ineqsudx_scan_solver:solver|Selector2182          ;
; 3:1                ; 7 bits    ; 14 LEs        ; 14 LEs               ; 0 LEs                  ; No         ; |qsyn_dummy_xlr_wrap|ineqsudx_scan:ineqsudx_scan|ineqsudx_scan_solver:solver|Selector2131          ;
; 3:1                ; 7 bits    ; 14 LEs        ; 14 LEs               ; 0 LEs                  ; No         ; |qsyn_dummy_xlr_wrap|ineqsudx_scan:ineqsudx_scan|ineqsudx_scan_solver:solver|Selector2190          ;
; 3:1                ; 7 bits    ; 14 LEs        ; 14 LEs               ; 0 LEs                  ; No         ; |qsyn_dummy_xlr_wrap|ineqsudx_scan:ineqsudx_scan|ineqsudx_scan_solver:solver|Selector1868          ;
; 3:1                ; 7 bits    ; 14 LEs        ; 14 LEs               ; 0 LEs                  ; No         ; |qsyn_dummy_xlr_wrap|ineqsudx_scan:ineqsudx_scan|ineqsudx_scan_solver:solver|Selector2146          ;
; 3:1                ; 7 bits    ; 14 LEs        ; 14 LEs               ; 0 LEs                  ; No         ; |qsyn_dummy_xlr_wrap|ineqsudx_scan:ineqsudx_scan|ineqsudx_scan_solver:solver|Selector2089          ;
; 3:1                ; 7 bits    ; 14 LEs        ; 14 LEs               ; 0 LEs                  ; No         ; |qsyn_dummy_xlr_wrap|ineqsudx_scan:ineqsudx_scan|ineqsudx_scan_solver:solver|Selector2155          ;
; 3:1                ; 7 bits    ; 14 LEs        ; 14 LEs               ; 0 LEs                  ; No         ; |qsyn_dummy_xlr_wrap|ineqsudx_scan:ineqsudx_scan|ineqsudx_scan_solver:solver|Selector1829          ;
; 3:1                ; 7 bits    ; 14 LEs        ; 14 LEs               ; 0 LEs                  ; No         ; |qsyn_dummy_xlr_wrap|ineqsudx_scan:ineqsudx_scan|ineqsudx_scan_solver:solver|Selector2113          ;
; 3:1                ; 7 bits    ; 14 LEs        ; 14 LEs               ; 0 LEs                  ; No         ; |qsyn_dummy_xlr_wrap|ineqsudx_scan:ineqsudx_scan|ineqsudx_scan_solver:solver|Selector2067          ;
; 3:1                ; 7 bits    ; 14 LEs        ; 14 LEs               ; 0 LEs                  ; No         ; |qsyn_dummy_xlr_wrap|ineqsudx_scan:ineqsudx_scan|ineqsudx_scan_solver:solver|Selector2122          ;
; 3:1                ; 7 bits    ; 14 LEs        ; 14 LEs               ; 0 LEs                  ; No         ; |qsyn_dummy_xlr_wrap|ineqsudx_scan:ineqsudx_scan|ineqsudx_scan_solver:solver|Selector1792          ;
; 3:1                ; 7 bits    ; 14 LEs        ; 14 LEs               ; 0 LEs                  ; No         ; |qsyn_dummy_xlr_wrap|ineqsudx_scan:ineqsudx_scan|ineqsudx_scan_solver:solver|Selector1766          ;
; 3:1                ; 7 bits    ; 14 LEs        ; 14 LEs               ; 0 LEs                  ; No         ; |qsyn_dummy_xlr_wrap|ineqsudx_scan:ineqsudx_scan|ineqsudx_scan_solver:solver|Selector2080          ;
; 3:1                ; 7 bits    ; 14 LEs        ; 14 LEs               ; 0 LEs                  ; No         ; |qsyn_dummy_xlr_wrap|ineqsudx_scan:ineqsudx_scan|ineqsudx_scan_solver:solver|Selector2049          ;
; 3:1                ; 7 bits    ; 14 LEs        ; 14 LEs               ; 0 LEs                  ; No         ; |qsyn_dummy_xlr_wrap|ineqsudx_scan:ineqsudx_scan|ineqsudx_scan_solver:solver|Selector1999          ;
; 3:1                ; 7 bits    ; 14 LEs        ; 14 LEs               ; 0 LEs                  ; No         ; |qsyn_dummy_xlr_wrap|ineqsudx_scan:ineqsudx_scan|ineqsudx_scan_solver:solver|Selector1733          ;
; 3:1                ; 7 bits    ; 14 LEs        ; 14 LEs               ; 0 LEs                  ; No         ; |qsyn_dummy_xlr_wrap|ineqsudx_scan:ineqsudx_scan|ineqsudx_scan_solver:solver|Selector2059          ;
; 3:1                ; 7 bits    ; 14 LEs        ; 14 LEs               ; 0 LEs                  ; No         ; |qsyn_dummy_xlr_wrap|ineqsudx_scan:ineqsudx_scan|ineqsudx_scan_solver:solver|Selector1968          ;
; 3:1                ; 7 bits    ; 14 LEs        ; 14 LEs               ; 0 LEs                  ; No         ; |qsyn_dummy_xlr_wrap|ineqsudx_scan:ineqsudx_scan|ineqsudx_scan_solver:solver|Selector2023          ;
; 3:1                ; 7 bits    ; 14 LEs        ; 14 LEs               ; 0 LEs                  ; No         ; |qsyn_dummy_xlr_wrap|ineqsudx_scan:ineqsudx_scan|ineqsudx_scan_solver:solver|Selector2027          ;
; 3:1                ; 7 bits    ; 14 LEs        ; 14 LEs               ; 0 LEs                  ; No         ; |qsyn_dummy_xlr_wrap|ineqsudx_scan:ineqsudx_scan|ineqsudx_scan_solver:solver|Selector1703          ;
; 3:1                ; 7 bits    ; 14 LEs        ; 14 LEs               ; 0 LEs                  ; No         ; |qsyn_dummy_xlr_wrap|ineqsudx_scan:ineqsudx_scan|ineqsudx_scan_solver:solver|Selector1929          ;
; 3:1                ; 7 bits    ; 14 LEs        ; 14 LEs               ; 0 LEs                  ; No         ; |qsyn_dummy_xlr_wrap|ineqsudx_scan:ineqsudx_scan|ineqsudx_scan_solver:solver|Selector1983          ;
; 3:1                ; 7 bits    ; 14 LEs        ; 14 LEs               ; 0 LEs                  ; No         ; |qsyn_dummy_xlr_wrap|ineqsudx_scan:ineqsudx_scan|ineqsudx_scan_solver:solver|Selector1671          ;
; 3:1                ; 7 bits    ; 14 LEs        ; 14 LEs               ; 0 LEs                  ; No         ; |qsyn_dummy_xlr_wrap|ineqsudx_scan:ineqsudx_scan|ineqsudx_scan_solver:solver|Selector1996          ;
; 3:1                ; 7 bits    ; 14 LEs        ; 14 LEs               ; 0 LEs                  ; No         ; |qsyn_dummy_xlr_wrap|ineqsudx_scan:ineqsudx_scan|ineqsudx_scan_solver:solver|Selector1945          ;
; 3:1                ; 7 bits    ; 14 LEs        ; 14 LEs               ; 0 LEs                  ; No         ; |qsyn_dummy_xlr_wrap|ineqsudx_scan:ineqsudx_scan|ineqsudx_scan_solver:solver|Selector1895          ;
; 3:1                ; 7 bits    ; 14 LEs        ; 14 LEs               ; 0 LEs                  ; No         ; |qsyn_dummy_xlr_wrap|ineqsudx_scan:ineqsudx_scan|ineqsudx_scan_solver:solver|Selector1636          ;
; 3:1                ; 7 bits    ; 14 LEs        ; 14 LEs               ; 0 LEs                  ; No         ; |qsyn_dummy_xlr_wrap|ineqsudx_scan:ineqsudx_scan|ineqsudx_scan_solver:solver|Selector1955          ;
; 3:1                ; 7 bits    ; 14 LEs        ; 14 LEs               ; 0 LEs                  ; No         ; |qsyn_dummy_xlr_wrap|ineqsudx_scan:ineqsudx_scan|ineqsudx_scan_solver:solver|Selector1856          ;
; 3:1                ; 7 bits    ; 14 LEs        ; 14 LEs               ; 0 LEs                  ; No         ; |qsyn_dummy_xlr_wrap|ineqsudx_scan:ineqsudx_scan|ineqsudx_scan_solver:solver|Selector1915          ;
; 3:1                ; 7 bits    ; 14 LEs        ; 14 LEs               ; 0 LEs                  ; No         ; |qsyn_dummy_xlr_wrap|ineqsudx_scan:ineqsudx_scan|ineqsudx_scan_solver:solver|Selector1924          ;
; 3:1                ; 7 bits    ; 14 LEs        ; 14 LEs               ; 0 LEs                  ; No         ; |qsyn_dummy_xlr_wrap|ineqsudx_scan:ineqsudx_scan|ineqsudx_scan_solver:solver|Selector1599          ;
; 3:1                ; 7 bits    ; 14 LEs        ; 14 LEs               ; 0 LEs                  ; No         ; |qsyn_dummy_xlr_wrap|ineqsudx_scan:ineqsudx_scan|ineqsudx_scan_solver:solver|Selector1821          ;
; 3:1                ; 7 bits    ; 14 LEs        ; 14 LEs               ; 0 LEs                  ; No         ; |qsyn_dummy_xlr_wrap|ineqsudx_scan:ineqsudx_scan|ineqsudx_scan_solver:solver|Selector1874          ;
; 3:1                ; 7 bits    ; 14 LEs        ; 14 LEs               ; 0 LEs                  ; No         ; |qsyn_dummy_xlr_wrap|ineqsudx_scan:ineqsudx_scan|ineqsudx_scan_solver:solver|Selector1559          ;
; 3:1                ; 7 bits    ; 14 LEs        ; 14 LEs               ; 0 LEs                  ; No         ; |qsyn_dummy_xlr_wrap|ineqsudx_scan:ineqsudx_scan|ineqsudx_scan_solver:solver|Selector1882          ;
; 3:1                ; 7 bits    ; 14 LEs        ; 14 LEs               ; 0 LEs                  ; No         ; |qsyn_dummy_xlr_wrap|ineqsudx_scan:ineqsudx_scan|ineqsudx_scan_solver:solver|Selector1842          ;
; 3:1                ; 7 bits    ; 14 LEs        ; 14 LEs               ; 0 LEs                  ; No         ; |qsyn_dummy_xlr_wrap|ineqsudx_scan:ineqsudx_scan|ineqsudx_scan_solver:solver|Selector1788          ;
; 3:1                ; 7 bits    ; 14 LEs        ; 14 LEs               ; 0 LEs                  ; No         ; |qsyn_dummy_xlr_wrap|ineqsudx_scan:ineqsudx_scan|ineqsudx_scan_solver:solver|Selector1847          ;
; 3:1                ; 7 bits    ; 14 LEs        ; 14 LEs               ; 0 LEs                  ; No         ; |qsyn_dummy_xlr_wrap|ineqsudx_scan:ineqsudx_scan|ineqsudx_scan_solver:solver|Selector1526          ;
; 3:1                ; 7 bits    ; 14 LEs        ; 14 LEs               ; 0 LEs                  ; No         ; |qsyn_dummy_xlr_wrap|ineqsudx_scan:ineqsudx_scan|ineqsudx_scan_solver:solver|Selector1758          ;
; 3:1                ; 7 bits    ; 14 LEs        ; 14 LEs               ; 0 LEs                  ; No         ; |qsyn_dummy_xlr_wrap|ineqsudx_scan:ineqsudx_scan|ineqsudx_scan_solver:solver|Selector1803          ;
; 3:1                ; 7 bits    ; 14 LEs        ; 14 LEs               ; 0 LEs                  ; No         ; |qsyn_dummy_xlr_wrap|ineqsudx_scan:ineqsudx_scan|ineqsudx_scan_solver:solver|Selector1486          ;
; 3:1                ; 7 bits    ; 14 LEs        ; 14 LEs               ; 0 LEs                  ; No         ; |qsyn_dummy_xlr_wrap|ineqsudx_scan:ineqsudx_scan|ineqsudx_scan_solver:solver|Selector1811          ;
; 3:1                ; 7 bits    ; 14 LEs        ; 14 LEs               ; 0 LEs                  ; No         ; |qsyn_dummy_xlr_wrap|ineqsudx_scan:ineqsudx_scan|ineqsudx_scan_solver:solver|Selector1780          ;
; 3:1                ; 7 bits    ; 14 LEs        ; 14 LEs               ; 0 LEs                  ; No         ; |qsyn_dummy_xlr_wrap|ineqsudx_scan:ineqsudx_scan|ineqsudx_scan_solver:solver|Selector1464          ;
; 3:1                ; 7 bits    ; 14 LEs        ; 14 LEs               ; 0 LEs                  ; No         ; |qsyn_dummy_xlr_wrap|ineqsudx_scan:ineqsudx_scan|ineqsudx_scan_solver:solver|Selector1696          ;
; 3:1                ; 7 bits    ; 14 LEs        ; 14 LEs               ; 0 LEs                  ; No         ; |qsyn_dummy_xlr_wrap|ineqsudx_scan:ineqsudx_scan|ineqsudx_scan_solver:solver|Selector1738          ;
; 3:1                ; 7 bits    ; 14 LEs        ; 14 LEs               ; 0 LEs                  ; No         ; |qsyn_dummy_xlr_wrap|ineqsudx_scan:ineqsudx_scan|ineqsudx_scan_solver:solver|Selector1429          ;
; 3:1                ; 7 bits    ; 14 LEs        ; 14 LEs               ; 0 LEs                  ; No         ; |qsyn_dummy_xlr_wrap|ineqsudx_scan:ineqsudx_scan|ineqsudx_scan_solver:solver|Selector1751          ;
; 3:1                ; 7 bits    ; 14 LEs        ; 14 LEs               ; 0 LEs                  ; No         ; |qsyn_dummy_xlr_wrap|ineqsudx_scan:ineqsudx_scan|ineqsudx_scan_solver:solver|Selector1713          ;
; 3:1                ; 7 bits    ; 14 LEs        ; 14 LEs               ; 0 LEs                  ; No         ; |qsyn_dummy_xlr_wrap|ineqsudx_scan:ineqsudx_scan|ineqsudx_scan_solver:solver|Selector1663          ;
; 3:1                ; 7 bits    ; 14 LEs        ; 14 LEs               ; 0 LEs                  ; No         ; |qsyn_dummy_xlr_wrap|ineqsudx_scan:ineqsudx_scan|ineqsudx_scan_solver:solver|Selector1725          ;
; 3:1                ; 7 bits    ; 14 LEs        ; 14 LEs               ; 0 LEs                  ; No         ; |qsyn_dummy_xlr_wrap|ineqsudx_scan:ineqsudx_scan|ineqsudx_scan_solver:solver|Selector1397          ;
; 3:1                ; 7 bits    ; 14 LEs        ; 14 LEs               ; 0 LEs                  ; No         ; |qsyn_dummy_xlr_wrap|ineqsudx_scan:ineqsudx_scan|ineqsudx_scan_solver:solver|Selector1626          ;
; 3:1                ; 7 bits    ; 14 LEs        ; 14 LEs               ; 0 LEs                  ; No         ; |qsyn_dummy_xlr_wrap|ineqsudx_scan:ineqsudx_scan|ineqsudx_scan_solver:solver|Selector1675          ;
; 3:1                ; 7 bits    ; 14 LEs        ; 14 LEs               ; 0 LEs                  ; No         ; |qsyn_dummy_xlr_wrap|ineqsudx_scan:ineqsudx_scan|ineqsudx_scan_solver:solver|Selector1360          ;
; 3:1                ; 7 bits    ; 14 LEs        ; 14 LEs               ; 0 LEs                  ; No         ; |qsyn_dummy_xlr_wrap|ineqsudx_scan:ineqsudx_scan|ineqsudx_scan_solver:solver|Selector1684          ;
; 3:1                ; 7 bits    ; 14 LEs        ; 14 LEs               ; 0 LEs                  ; No         ; |qsyn_dummy_xlr_wrap|ineqsudx_scan:ineqsudx_scan|ineqsudx_scan_solver:solver|Selector1585          ;
; 3:1                ; 7 bits    ; 14 LEs        ; 14 LEs               ; 0 LEs                  ; No         ; |qsyn_dummy_xlr_wrap|ineqsudx_scan:ineqsudx_scan|ineqsudx_scan_solver:solver|Selector1643          ;
; 3:1                ; 7 bits    ; 14 LEs        ; 14 LEs               ; 0 LEs                  ; No         ; |qsyn_dummy_xlr_wrap|ineqsudx_scan:ineqsudx_scan|ineqsudx_scan_solver:solver|Selector1652          ;
; 3:1                ; 7 bits    ; 14 LEs        ; 14 LEs               ; 0 LEs                  ; No         ; |qsyn_dummy_xlr_wrap|ineqsudx_scan:ineqsudx_scan|ineqsudx_scan_solver:solver|Selector1327          ;
; 3:1                ; 7 bits    ; 14 LEs        ; 14 LEs               ; 0 LEs                  ; No         ; |qsyn_dummy_xlr_wrap|ineqsudx_scan:ineqsudx_scan|ineqsudx_scan_solver:solver|Selector1552          ;
; 3:1                ; 7 bits    ; 14 LEs        ; 14 LEs               ; 0 LEs                  ; No         ; |qsyn_dummy_xlr_wrap|ineqsudx_scan:ineqsudx_scan|ineqsudx_scan_solver:solver|Selector1604          ;
; 3:1                ; 7 bits    ; 14 LEs        ; 14 LEs               ; 0 LEs                  ; No         ; |qsyn_dummy_xlr_wrap|ineqsudx_scan:ineqsudx_scan|ineqsudx_scan_solver:solver|Selector1288          ;
; 3:1                ; 7 bits    ; 14 LEs        ; 14 LEs               ; 0 LEs                  ; No         ; |qsyn_dummy_xlr_wrap|ineqsudx_scan:ineqsudx_scan|ineqsudx_scan_solver:solver|Selector1614          ;
; 3:1                ; 7 bits    ; 14 LEs        ; 14 LEs               ; 0 LEs                  ; No         ; |qsyn_dummy_xlr_wrap|ineqsudx_scan:ineqsudx_scan|ineqsudx_scan_solver:solver|Selector1571          ;
; 3:1                ; 7 bits    ; 14 LEs        ; 14 LEs               ; 0 LEs                  ; No         ; |qsyn_dummy_xlr_wrap|ineqsudx_scan:ineqsudx_scan|ineqsudx_scan_solver:solver|Selector1516          ;
; 3:1                ; 7 bits    ; 14 LEs        ; 14 LEs               ; 0 LEs                  ; No         ; |qsyn_dummy_xlr_wrap|ineqsudx_scan:ineqsudx_scan|ineqsudx_scan_solver:solver|Selector1576          ;
; 3:1                ; 7 bits    ; 14 LEs        ; 14 LEs               ; 0 LEs                  ; No         ; |qsyn_dummy_xlr_wrap|ineqsudx_scan:ineqsudx_scan|ineqsudx_scan_solver:solver|Selector1258          ;
; 3:1                ; 7 bits    ; 14 LEs        ; 14 LEs               ; 0 LEs                  ; No         ; |qsyn_dummy_xlr_wrap|ineqsudx_scan:ineqsudx_scan|ineqsudx_scan_solver:solver|Selector1480          ;
; 3:1                ; 7 bits    ; 14 LEs        ; 14 LEs               ; 0 LEs                  ; No         ; |qsyn_dummy_xlr_wrap|ineqsudx_scan:ineqsudx_scan|ineqsudx_scan_solver:solver|Selector1534          ;
; 3:1                ; 7 bits    ; 14 LEs        ; 14 LEs               ; 0 LEs                  ; No         ; |qsyn_dummy_xlr_wrap|ineqsudx_scan:ineqsudx_scan|ineqsudx_scan_solver:solver|Selector1217          ;
; 3:1                ; 7 bits    ; 14 LEs        ; 14 LEs               ; 0 LEs                  ; No         ; |qsyn_dummy_xlr_wrap|ineqsudx_scan:ineqsudx_scan|ineqsudx_scan_solver:solver|Selector1545          ;
; 3:1                ; 7 bits    ; 14 LEs        ; 14 LEs               ; 0 LEs                  ; No         ; |qsyn_dummy_xlr_wrap|ineqsudx_scan:ineqsudx_scan|ineqsudx_scan_solver:solver|Selector1496          ;
; 3:1                ; 7 bits    ; 14 LEs        ; 14 LEs               ; 0 LEs                  ; No         ; |qsyn_dummy_xlr_wrap|ineqsudx_scan:ineqsudx_scan|ineqsudx_scan_solver:solver|Selector1450          ;
; 3:1                ; 7 bits    ; 14 LEs        ; 14 LEs               ; 0 LEs                  ; No         ; |qsyn_dummy_xlr_wrap|ineqsudx_scan:ineqsudx_scan|ineqsudx_scan_solver:solver|Selector1185          ;
; 3:1                ; 7 bits    ; 14 LEs        ; 14 LEs               ; 0 LEs                  ; No         ; |qsyn_dummy_xlr_wrap|ineqsudx_scan:ineqsudx_scan|ineqsudx_scan_solver:solver|Selector1504          ;
; 3:1                ; 7 bits    ; 14 LEs        ; 14 LEs               ; 0 LEs                  ; No         ; |qsyn_dummy_xlr_wrap|ineqsudx_scan:ineqsudx_scan|ineqsudx_scan_solver:solver|Selector1156          ;
; 3:1                ; 7 bits    ; 14 LEs        ; 14 LEs               ; 0 LEs                  ; No         ; |qsyn_dummy_xlr_wrap|ineqsudx_scan:ineqsudx_scan|ineqsudx_scan_solver:solver|Selector1469          ;
; 3:1                ; 7 bits    ; 14 LEs        ; 14 LEs               ; 0 LEs                  ; No         ; |qsyn_dummy_xlr_wrap|ineqsudx_scan:ineqsudx_scan|ineqsudx_scan_solver:solver|Selector1436          ;
; 3:1                ; 7 bits    ; 14 LEs        ; 14 LEs               ; 0 LEs                  ; No         ; |qsyn_dummy_xlr_wrap|ineqsudx_scan:ineqsudx_scan|ineqsudx_scan_solver:solver|Selector1393          ;
; 3:1                ; 7 bits    ; 14 LEs        ; 14 LEs               ; 0 LEs                  ; No         ; |qsyn_dummy_xlr_wrap|ineqsudx_scan:ineqsudx_scan|ineqsudx_scan_solver:solver|Selector1120          ;
; 3:1                ; 7 bits    ; 14 LEs        ; 14 LEs               ; 0 LEs                  ; No         ; |qsyn_dummy_xlr_wrap|ineqsudx_scan:ineqsudx_scan|ineqsudx_scan_solver:solver|Selector1447          ;
; 3:1                ; 7 bits    ; 14 LEs        ; 14 LEs               ; 0 LEs                  ; No         ; |qsyn_dummy_xlr_wrap|ineqsudx_scan:ineqsudx_scan|ineqsudx_scan_solver:solver|Selector1409          ;
; 3:1                ; 7 bits    ; 14 LEs        ; 14 LEs               ; 0 LEs                  ; No         ; |qsyn_dummy_xlr_wrap|ineqsudx_scan:ineqsudx_scan|ineqsudx_scan_solver:solver|Selector1356          ;
; 3:1                ; 7 bits    ; 14 LEs        ; 14 LEs               ; 0 LEs                  ; No         ; |qsyn_dummy_xlr_wrap|ineqsudx_scan:ineqsudx_scan|ineqsudx_scan_solver:solver|Selector1416          ;
; 3:1                ; 7 bits    ; 14 LEs        ; 14 LEs               ; 0 LEs                  ; No         ; |qsyn_dummy_xlr_wrap|ineqsudx_scan:ineqsudx_scan|ineqsudx_scan_solver:solver|Selector1094          ;
; 3:1                ; 7 bits    ; 14 LEs        ; 14 LEs               ; 0 LEs                  ; No         ; |qsyn_dummy_xlr_wrap|ineqsudx_scan:ineqsudx_scan|ineqsudx_scan_solver:solver|Selector1374          ;
; 3:1                ; 7 bits    ; 14 LEs        ; 14 LEs               ; 0 LEs                  ; No         ; |qsyn_dummy_xlr_wrap|ineqsudx_scan:ineqsudx_scan|ineqsudx_scan_solver:solver|Selector1315          ;
; 3:1                ; 7 bits    ; 14 LEs        ; 14 LEs               ; 0 LEs                  ; No         ; |qsyn_dummy_xlr_wrap|ineqsudx_scan:ineqsudx_scan|ineqsudx_scan_solver:solver|Selector1060          ;
; 3:1                ; 7 bits    ; 14 LEs        ; 14 LEs               ; 0 LEs                  ; No         ; |qsyn_dummy_xlr_wrap|ineqsudx_scan:ineqsudx_scan|ineqsudx_scan_solver:solver|Selector1379          ;
; 3:1                ; 7 bits    ; 14 LEs        ; 14 LEs               ; 0 LEs                  ; No         ; |qsyn_dummy_xlr_wrap|ineqsudx_scan:ineqsudx_scan|ineqsudx_scan_solver:solver|Selector1283          ;
; 3:1                ; 7 bits    ; 14 LEs        ; 14 LEs               ; 0 LEs                  ; No         ; |qsyn_dummy_xlr_wrap|ineqsudx_scan:ineqsudx_scan|ineqsudx_scan_solver:solver|Selector1339          ;
; 3:1                ; 7 bits    ; 14 LEs        ; 14 LEs               ; 0 LEs                  ; No         ; |qsyn_dummy_xlr_wrap|ineqsudx_scan:ineqsudx_scan|ineqsudx_scan_solver:solver|Selector1345          ;
; 3:1                ; 7 bits    ; 14 LEs        ; 14 LEs               ; 0 LEs                  ; No         ; |qsyn_dummy_xlr_wrap|ineqsudx_scan:ineqsudx_scan|ineqsudx_scan_solver:solver|Selector1018          ;
; 3:1                ; 7 bits    ; 14 LEs        ; 14 LEs               ; 0 LEs                  ; No         ; |qsyn_dummy_xlr_wrap|ineqsudx_scan:ineqsudx_scan|ineqsudx_scan_solver:solver|Selector1246          ;
; 3:1                ; 7 bits    ; 14 LEs        ; 14 LEs               ; 0 LEs                  ; No         ; |qsyn_dummy_xlr_wrap|ineqsudx_scan:ineqsudx_scan|ineqsudx_scan_solver:solver|Selector1302          ;
; 3:1                ; 7 bits    ; 14 LEs        ; 14 LEs               ; 0 LEs                  ; No         ; |qsyn_dummy_xlr_wrap|ineqsudx_scan:ineqsudx_scan|ineqsudx_scan_solver:solver|Selector1309          ;
; 3:1                ; 7 bits    ; 14 LEs        ; 14 LEs               ; 0 LEs                  ; No         ; |qsyn_dummy_xlr_wrap|ineqsudx_scan:ineqsudx_scan|ineqsudx_scan_solver:solver|Selector987           ;
; 3:1                ; 7 bits    ; 14 LEs        ; 14 LEs               ; 0 LEs                  ; No         ; |qsyn_dummy_xlr_wrap|ineqsudx_scan:ineqsudx_scan|ineqsudx_scan_solver:solver|Selector1211          ;
; 3:1                ; 7 bits    ; 14 LEs        ; 14 LEs               ; 0 LEs                  ; No         ; |qsyn_dummy_xlr_wrap|ineqsudx_scan:ineqsudx_scan|ineqsudx_scan_solver:solver|Selector1267          ;
; 3:1                ; 7 bits    ; 14 LEs        ; 14 LEs               ; 0 LEs                  ; No         ; |qsyn_dummy_xlr_wrap|ineqsudx_scan:ineqsudx_scan|ineqsudx_scan_solver:solver|Selector950           ;
; 3:1                ; 7 bits    ; 14 LEs        ; 14 LEs               ; 0 LEs                  ; No         ; |qsyn_dummy_xlr_wrap|ineqsudx_scan:ineqsudx_scan|ineqsudx_scan_solver:solver|Selector1272          ;
; 3:1                ; 7 bits    ; 14 LEs        ; 14 LEs               ; 0 LEs                  ; No         ; |qsyn_dummy_xlr_wrap|ineqsudx_scan:ineqsudx_scan|ineqsudx_scan_solver:solver|Selector1227          ;
; 3:1                ; 7 bits    ; 14 LEs        ; 14 LEs               ; 0 LEs                  ; No         ; |qsyn_dummy_xlr_wrap|ineqsudx_scan:ineqsudx_scan|ineqsudx_scan_solver:solver|Selector1174          ;
; 3:1                ; 7 bits    ; 14 LEs        ; 14 LEs               ; 0 LEs                  ; No         ; |qsyn_dummy_xlr_wrap|ineqsudx_scan:ineqsudx_scan|ineqsudx_scan_solver:solver|Selector1239          ;
; 3:1                ; 7 bits    ; 14 LEs        ; 14 LEs               ; 0 LEs                  ; No         ; |qsyn_dummy_xlr_wrap|ineqsudx_scan:ineqsudx_scan|ineqsudx_scan_solver:solver|Selector912           ;
; 3:1                ; 7 bits    ; 14 LEs        ; 14 LEs               ; 0 LEs                  ; No         ; |qsyn_dummy_xlr_wrap|ineqsudx_scan:ineqsudx_scan|ineqsudx_scan_solver:solver|Selector1148          ;
; 3:1                ; 7 bits    ; 14 LEs        ; 14 LEs               ; 0 LEs                  ; No         ; |qsyn_dummy_xlr_wrap|ineqsudx_scan:ineqsudx_scan|ineqsudx_scan_solver:solver|Selector1191          ;
; 3:1                ; 7 bits    ; 14 LEs        ; 14 LEs               ; 0 LEs                  ; No         ; |qsyn_dummy_xlr_wrap|ineqsudx_scan:ineqsudx_scan|ineqsudx_scan_solver:solver|Selector879           ;
; 3:1                ; 7 bits    ; 14 LEs        ; 14 LEs               ; 0 LEs                  ; No         ; |qsyn_dummy_xlr_wrap|ineqsudx_scan:ineqsudx_scan|ineqsudx_scan_solver:solver|Selector1198          ;
; 3:1                ; 7 bits    ; 14 LEs        ; 14 LEs               ; 0 LEs                  ; No         ; |qsyn_dummy_xlr_wrap|ineqsudx_scan:ineqsudx_scan|ineqsudx_scan_solver:solver|Selector852           ;
; 3:1                ; 7 bits    ; 14 LEs        ; 14 LEs               ; 0 LEs                  ; No         ; |qsyn_dummy_xlr_wrap|ineqsudx_scan:ineqsudx_scan|ineqsudx_scan_solver:solver|Selector1164          ;
; 3:1                ; 7 bits    ; 14 LEs        ; 14 LEs               ; 0 LEs                  ; No         ; |qsyn_dummy_xlr_wrap|ineqsudx_scan:ineqsudx_scan|ineqsudx_scan_solver:solver|Selector1129          ;
; 3:1                ; 7 bits    ; 14 LEs        ; 14 LEs               ; 0 LEs                  ; No         ; |qsyn_dummy_xlr_wrap|ineqsudx_scan:ineqsudx_scan|ineqsudx_scan_solver:solver|Selector1081          ;
; 3:1                ; 7 bits    ; 14 LEs        ; 14 LEs               ; 0 LEs                  ; No         ; |qsyn_dummy_xlr_wrap|ineqsudx_scan:ineqsudx_scan|ineqsudx_scan_solver:solver|Selector814           ;
; 3:1                ; 7 bits    ; 14 LEs        ; 14 LEs               ; 0 LEs                  ; No         ; |qsyn_dummy_xlr_wrap|ineqsudx_scan:ineqsudx_scan|ineqsudx_scan_solver:solver|Selector1140          ;
; 3:1                ; 7 bits    ; 14 LEs        ; 14 LEs               ; 0 LEs                  ; No         ; |qsyn_dummy_xlr_wrap|ineqsudx_scan:ineqsudx_scan|ineqsudx_scan_solver:solver|Selector1046          ;
; 3:1                ; 7 bits    ; 14 LEs        ; 14 LEs               ; 0 LEs                  ; No         ; |qsyn_dummy_xlr_wrap|ineqsudx_scan:ineqsudx_scan|ineqsudx_scan_solver:solver|Selector1105          ;
; 3:1                ; 7 bits    ; 14 LEs        ; 14 LEs               ; 0 LEs                  ; No         ; |qsyn_dummy_xlr_wrap|ineqsudx_scan:ineqsudx_scan|ineqsudx_scan_solver:solver|Selector1113          ;
; 3:1                ; 7 bits    ; 14 LEs        ; 14 LEs               ; 0 LEs                  ; No         ; |qsyn_dummy_xlr_wrap|ineqsudx_scan:ineqsudx_scan|ineqsudx_scan_solver:solver|Selector785           ;
; 3:1                ; 7 bits    ; 14 LEs        ; 14 LEs               ; 0 LEs                  ; No         ; |qsyn_dummy_xlr_wrap|ineqsudx_scan:ineqsudx_scan|ineqsudx_scan_solver:solver|Selector1011          ;
; 3:1                ; 7 bits    ; 14 LEs        ; 14 LEs               ; 0 LEs                  ; No         ; |qsyn_dummy_xlr_wrap|ineqsudx_scan:ineqsudx_scan|ineqsudx_scan_solver:solver|Selector1068          ;
; 3:1                ; 7 bits    ; 14 LEs        ; 14 LEs               ; 0 LEs                  ; No         ; |qsyn_dummy_xlr_wrap|ineqsudx_scan:ineqsudx_scan|ineqsudx_scan_solver:solver|Selector1078          ;
; 3:1                ; 7 bits    ; 14 LEs        ; 14 LEs               ; 0 LEs                  ; No         ; |qsyn_dummy_xlr_wrap|ineqsudx_scan:ineqsudx_scan|ineqsudx_scan_solver:solver|Selector751           ;
; 3:1                ; 7 bits    ; 14 LEs        ; 14 LEs               ; 0 LEs                  ; No         ; |qsyn_dummy_xlr_wrap|ineqsudx_scan:ineqsudx_scan|ineqsudx_scan_solver:solver|Selector1030          ;
; 3:1                ; 7 bits    ; 14 LEs        ; 14 LEs               ; 0 LEs                  ; No         ; |qsyn_dummy_xlr_wrap|ineqsudx_scan:ineqsudx_scan|ineqsudx_scan_solver:solver|Selector976           ;
; 3:1                ; 7 bits    ; 14 LEs        ; 14 LEs               ; 0 LEs                  ; No         ; |qsyn_dummy_xlr_wrap|ineqsudx_scan:ineqsudx_scan|ineqsudx_scan_solver:solver|Selector715           ;
; 3:1                ; 7 bits    ; 14 LEs        ; 14 LEs               ; 0 LEs                  ; No         ; |qsyn_dummy_xlr_wrap|ineqsudx_scan:ineqsudx_scan|ineqsudx_scan_solver:solver|Selector1041          ;
; 3:1                ; 7 bits    ; 14 LEs        ; 14 LEs               ; 0 LEs                  ; No         ; |qsyn_dummy_xlr_wrap|ineqsudx_scan:ineqsudx_scan|ineqsudx_scan_solver:solver|Selector941           ;
; 3:1                ; 7 bits    ; 14 LEs        ; 14 LEs               ; 0 LEs                  ; No         ; |qsyn_dummy_xlr_wrap|ineqsudx_scan:ineqsudx_scan|ineqsudx_scan_solver:solver|Selector994           ;
; 3:1                ; 7 bits    ; 14 LEs        ; 14 LEs               ; 0 LEs                  ; No         ; |qsyn_dummy_xlr_wrap|ineqsudx_scan:ineqsudx_scan|ineqsudx_scan_solver:solver|Selector1005          ;
; 3:1                ; 7 bits    ; 14 LEs        ; 14 LEs               ; 0 LEs                  ; No         ; |qsyn_dummy_xlr_wrap|ineqsudx_scan:ineqsudx_scan|ineqsudx_scan_solver:solver|Selector678           ;
; 3:1                ; 7 bits    ; 14 LEs        ; 14 LEs               ; 0 LEs                  ; No         ; |qsyn_dummy_xlr_wrap|ineqsudx_scan:ineqsudx_scan|ineqsudx_scan_solver:solver|Selector959           ;
; 3:1                ; 7 bits    ; 14 LEs        ; 14 LEs               ; 0 LEs                  ; No         ; |qsyn_dummy_xlr_wrap|ineqsudx_scan:ineqsudx_scan|ineqsudx_scan_solver:solver|Selector907           ;
; 3:1                ; 7 bits    ; 14 LEs        ; 14 LEs               ; 0 LEs                  ; No         ; |qsyn_dummy_xlr_wrap|ineqsudx_scan:ineqsudx_scan|ineqsudx_scan_solver:solver|Selector640           ;
; 3:1                ; 7 bits    ; 14 LEs        ; 14 LEs               ; 0 LEs                  ; No         ; |qsyn_dummy_xlr_wrap|ineqsudx_scan:ineqsudx_scan|ineqsudx_scan_solver:solver|Selector969           ;
; 3:1                ; 7 bits    ; 14 LEs        ; 14 LEs               ; 0 LEs                  ; No         ; |qsyn_dummy_xlr_wrap|ineqsudx_scan:ineqsudx_scan|ineqsudx_scan_solver:solver|Selector922           ;
; 3:1                ; 7 bits    ; 14 LEs        ; 14 LEs               ; 0 LEs                  ; No         ; |qsyn_dummy_xlr_wrap|ineqsudx_scan:ineqsudx_scan|ineqsudx_scan_solver:solver|Selector868           ;
; 3:1                ; 7 bits    ; 14 LEs        ; 14 LEs               ; 0 LEs                  ; No         ; |qsyn_dummy_xlr_wrap|ineqsudx_scan:ineqsudx_scan|ineqsudx_scan_solver:solver|Selector929           ;
; 3:1                ; 7 bits    ; 14 LEs        ; 14 LEs               ; 0 LEs                  ; No         ; |qsyn_dummy_xlr_wrap|ineqsudx_scan:ineqsudx_scan|ineqsudx_scan_solver:solver|Selector607           ;
; 3:1                ; 7 bits    ; 14 LEs        ; 14 LEs               ; 0 LEs                  ; No         ; |qsyn_dummy_xlr_wrap|ineqsudx_scan:ineqsudx_scan|ineqsudx_scan_solver:solver|Selector842           ;
; 3:1                ; 7 bits    ; 14 LEs        ; 14 LEs               ; 0 LEs                  ; No         ; |qsyn_dummy_xlr_wrap|ineqsudx_scan:ineqsudx_scan|ineqsudx_scan_solver:solver|Selector887           ;
; 3:1                ; 7 bits    ; 14 LEs        ; 14 LEs               ; 0 LEs                  ; No         ; |qsyn_dummy_xlr_wrap|ineqsudx_scan:ineqsudx_scan|ineqsudx_scan_solver:solver|Selector898           ;
; 3:1                ; 7 bits    ; 14 LEs        ; 14 LEs               ; 0 LEs                  ; No         ; |qsyn_dummy_xlr_wrap|ineqsudx_scan:ineqsudx_scan|ineqsudx_scan_solver:solver|Selector568           ;
; 3:1                ; 7 bits    ; 14 LEs        ; 14 LEs               ; 0 LEs                  ; No         ; |qsyn_dummy_xlr_wrap|ineqsudx_scan:ineqsudx_scan|ineqsudx_scan_solver:solver|Selector859           ;
; 3:1                ; 7 bits    ; 14 LEs        ; 14 LEs               ; 0 LEs                  ; No         ; |qsyn_dummy_xlr_wrap|ineqsudx_scan:ineqsudx_scan|ineqsudx_scan_solver:solver|Selector543           ;
; 3:1                ; 7 bits    ; 14 LEs        ; 14 LEs               ; 0 LEs                  ; No         ; |qsyn_dummy_xlr_wrap|ineqsudx_scan:ineqsudx_scan|ineqsudx_scan_solver:solver|Selector822           ;
; 3:1                ; 7 bits    ; 14 LEs        ; 14 LEs               ; 0 LEs                  ; No         ; |qsyn_dummy_xlr_wrap|ineqsudx_scan:ineqsudx_scan|ineqsudx_scan_solver:solver|Selector777           ;
; 3:1                ; 7 bits    ; 14 LEs        ; 14 LEs               ; 0 LEs                  ; No         ; |qsyn_dummy_xlr_wrap|ineqsudx_scan:ineqsudx_scan|ineqsudx_scan_solver:solver|Selector509           ;
; 3:1                ; 7 bits    ; 14 LEs        ; 14 LEs               ; 0 LEs                  ; No         ; |qsyn_dummy_xlr_wrap|ineqsudx_scan:ineqsudx_scan|ineqsudx_scan_solver:solver|Selector829           ;
; 3:1                ; 7 bits    ; 14 LEs        ; 14 LEs               ; 0 LEs                  ; No         ; |qsyn_dummy_xlr_wrap|ineqsudx_scan:ineqsudx_scan|ineqsudx_scan_solver:solver|Selector797           ;
; 3:1                ; 7 bits    ; 14 LEs        ; 14 LEs               ; 0 LEs                  ; No         ; |qsyn_dummy_xlr_wrap|ineqsudx_scan:ineqsudx_scan|ineqsudx_scan_solver:solver|Selector739           ;
; 3:1                ; 7 bits    ; 14 LEs        ; 14 LEs               ; 0 LEs                  ; No         ; |qsyn_dummy_xlr_wrap|ineqsudx_scan:ineqsudx_scan|ineqsudx_scan_solver:solver|Selector481           ;
; 3:1                ; 7 bits    ; 14 LEs        ; 14 LEs               ; 0 LEs                  ; No         ; |qsyn_dummy_xlr_wrap|ineqsudx_scan:ineqsudx_scan|ineqsudx_scan_solver:solver|Selector808           ;
; 3:1                ; 7 bits    ; 14 LEs        ; 14 LEs               ; 0 LEs                  ; No         ; |qsyn_dummy_xlr_wrap|ineqsudx_scan:ineqsudx_scan|ineqsudx_scan_solver:solver|Selector709           ;
; 3:1                ; 7 bits    ; 14 LEs        ; 14 LEs               ; 0 LEs                  ; No         ; |qsyn_dummy_xlr_wrap|ineqsudx_scan:ineqsudx_scan|ineqsudx_scan_solver:solver|Selector761           ;
; 3:1                ; 7 bits    ; 14 LEs        ; 14 LEs               ; 0 LEs                  ; No         ; |qsyn_dummy_xlr_wrap|ineqsudx_scan:ineqsudx_scan|ineqsudx_scan_solver:solver|Selector770           ;
; 3:1                ; 7 bits    ; 14 LEs        ; 14 LEs               ; 0 LEs                  ; No         ; |qsyn_dummy_xlr_wrap|ineqsudx_scan:ineqsudx_scan|ineqsudx_scan_solver:solver|Selector446           ;
; 3:1                ; 7 bits    ; 14 LEs        ; 14 LEs               ; 0 LEs                  ; No         ; |qsyn_dummy_xlr_wrap|ineqsudx_scan:ineqsudx_scan|ineqsudx_scan_solver:solver|Selector670           ;
; 3:1                ; 7 bits    ; 14 LEs        ; 14 LEs               ; 0 LEs                  ; No         ; |qsyn_dummy_xlr_wrap|ineqsudx_scan:ineqsudx_scan|ineqsudx_scan_solver:solver|Selector727           ;
; 3:1                ; 7 bits    ; 14 LEs        ; 14 LEs               ; 0 LEs                  ; No         ; |qsyn_dummy_xlr_wrap|ineqsudx_scan:ineqsudx_scan|ineqsudx_scan_solver:solver|Selector735           ;
; 3:1                ; 7 bits    ; 14 LEs        ; 14 LEs               ; 0 LEs                  ; No         ; |qsyn_dummy_xlr_wrap|ineqsudx_scan:ineqsudx_scan|ineqsudx_scan_solver:solver|Selector406           ;
; 3:1                ; 7 bits    ; 14 LEs        ; 14 LEs               ; 0 LEs                  ; No         ; |qsyn_dummy_xlr_wrap|ineqsudx_scan:ineqsudx_scan|ineqsudx_scan_solver:solver|Selector686           ;
; 3:1                ; 7 bits    ; 14 LEs        ; 14 LEs               ; 0 LEs                  ; No         ; |qsyn_dummy_xlr_wrap|ineqsudx_scan:ineqsudx_scan|ineqsudx_scan_solver:solver|Selector633           ;
; 3:1                ; 7 bits    ; 14 LEs        ; 14 LEs               ; 0 LEs                  ; No         ; |qsyn_dummy_xlr_wrap|ineqsudx_scan:ineqsudx_scan|ineqsudx_scan_solver:solver|Selector700           ;
; 3:1                ; 7 bits    ; 14 LEs        ; 14 LEs               ; 0 LEs                  ; No         ; |qsyn_dummy_xlr_wrap|ineqsudx_scan:ineqsudx_scan|ineqsudx_scan_solver:solver|Selector376           ;
; 3:1                ; 7 bits    ; 14 LEs        ; 14 LEs               ; 0 LEs                  ; No         ; |qsyn_dummy_xlr_wrap|ineqsudx_scan:ineqsudx_scan|ineqsudx_scan_solver:solver|Selector595           ;
; 3:1                ; 7 bits    ; 14 LEs        ; 14 LEs               ; 0 LEs                  ; No         ; |qsyn_dummy_xlr_wrap|ineqsudx_scan:ineqsudx_scan|ineqsudx_scan_solver:solver|Selector650           ;
; 3:1                ; 7 bits    ; 14 LEs        ; 14 LEs               ; 0 LEs                  ; No         ; |qsyn_dummy_xlr_wrap|ineqsudx_scan:ineqsudx_scan|ineqsudx_scan_solver:solver|Selector340           ;
; 3:1                ; 7 bits    ; 14 LEs        ; 14 LEs               ; 0 LEs                  ; No         ; |qsyn_dummy_xlr_wrap|ineqsudx_scan:ineqsudx_scan|ineqsudx_scan_solver:solver|Selector663           ;
; 3:1                ; 7 bits    ; 14 LEs        ; 14 LEs               ; 0 LEs                  ; No         ; |qsyn_dummy_xlr_wrap|ineqsudx_scan:ineqsudx_scan|ineqsudx_scan_solver:solver|Selector616           ;
; 3:1                ; 7 bits    ; 14 LEs        ; 14 LEs               ; 0 LEs                  ; No         ; |qsyn_dummy_xlr_wrap|ineqsudx_scan:ineqsudx_scan|ineqsudx_scan_solver:solver|Selector559           ;
; 3:1                ; 7 bits    ; 14 LEs        ; 14 LEs               ; 0 LEs                  ; No         ; |qsyn_dummy_xlr_wrap|ineqsudx_scan:ineqsudx_scan|ineqsudx_scan_solver:solver|Selector300           ;
; 3:1                ; 7 bits    ; 14 LEs        ; 14 LEs               ; 0 LEs                  ; No         ; |qsyn_dummy_xlr_wrap|ineqsudx_scan:ineqsudx_scan|ineqsudx_scan_solver:solver|Selector627           ;
; 3:1                ; 7 bits    ; 14 LEs        ; 14 LEs               ; 0 LEs                  ; No         ; |qsyn_dummy_xlr_wrap|ineqsudx_scan:ineqsudx_scan|ineqsudx_scan_solver:solver|Selector583           ;
; 3:1                ; 7 bits    ; 14 LEs        ; 14 LEs               ; 0 LEs                  ; No         ; |qsyn_dummy_xlr_wrap|ineqsudx_scan:ineqsudx_scan|ineqsudx_scan_solver:solver|Selector535           ;
; 3:1                ; 7 bits    ; 14 LEs        ; 14 LEs               ; 0 LEs                  ; No         ; |qsyn_dummy_xlr_wrap|ineqsudx_scan:ineqsudx_scan|ineqsudx_scan_solver:solver|Selector262           ;
; 3:1                ; 7 bits    ; 14 LEs        ; 14 LEs               ; 0 LEs                  ; No         ; |qsyn_dummy_xlr_wrap|ineqsudx_scan:ineqsudx_scan|ineqsudx_scan_solver:solver|Selector591           ;
; 3:1                ; 7 bits    ; 14 LEs        ; 14 LEs               ; 0 LEs                  ; No         ; |qsyn_dummy_xlr_wrap|ineqsudx_scan:ineqsudx_scan|ineqsudx_scan_solver:solver|Selector554           ;
; 3:1                ; 7 bits    ; 14 LEs        ; 14 LEs               ; 0 LEs                  ; No         ; |qsyn_dummy_xlr_wrap|ineqsudx_scan:ineqsudx_scan|ineqsudx_scan_solver:solver|Selector238           ;
; 3:1                ; 7 bits    ; 14 LEs        ; 14 LEs               ; 0 LEs                  ; No         ; |qsyn_dummy_xlr_wrap|ineqsudx_scan:ineqsudx_scan|ineqsudx_scan_solver:solver|Selector517           ;
; 3:1                ; 7 bits    ; 14 LEs        ; 14 LEs               ; 0 LEs                  ; No         ; |qsyn_dummy_xlr_wrap|ineqsudx_scan:ineqsudx_scan|ineqsudx_scan_solver:solver|Selector472           ;
; 3:1                ; 7 bits    ; 14 LEs        ; 14 LEs               ; 0 LEs                  ; No         ; |qsyn_dummy_xlr_wrap|ineqsudx_scan:ineqsudx_scan|ineqsudx_scan_solver:solver|Selector214           ;
; 3:1                ; 7 bits    ; 14 LEs        ; 14 LEs               ; 0 LEs                  ; No         ; |qsyn_dummy_xlr_wrap|ineqsudx_scan:ineqsudx_scan|ineqsudx_scan_solver:solver|Selector524           ;
; 3:1                ; 7 bits    ; 14 LEs        ; 14 LEs               ; 0 LEs                  ; No         ; |qsyn_dummy_xlr_wrap|ineqsudx_scan:ineqsudx_scan|ineqsudx_scan_solver:solver|Selector492           ;
; 3:1                ; 7 bits    ; 14 LEs        ; 14 LEs               ; 0 LEs                  ; No         ; |qsyn_dummy_xlr_wrap|ineqsudx_scan:ineqsudx_scan|ineqsudx_scan_solver:solver|Selector439           ;
; 3:1                ; 7 bits    ; 14 LEs        ; 14 LEs               ; 0 LEs                  ; No         ; |qsyn_dummy_xlr_wrap|ineqsudx_scan:ineqsudx_scan|ineqsudx_scan_solver:solver|Selector194           ;
; 3:1                ; 7 bits    ; 14 LEs        ; 14 LEs               ; 0 LEs                  ; No         ; |qsyn_dummy_xlr_wrap|ineqsudx_scan:ineqsudx_scan|ineqsudx_scan_solver:solver|Selector500           ;
; 3:1                ; 7 bits    ; 14 LEs        ; 14 LEs               ; 0 LEs                  ; No         ; |qsyn_dummy_xlr_wrap|ineqsudx_scan:ineqsudx_scan|ineqsudx_scan_solver:solver|Selector401           ;
; 3:1                ; 7 bits    ; 14 LEs        ; 14 LEs               ; 0 LEs                  ; No         ; |qsyn_dummy_xlr_wrap|ineqsudx_scan:ineqsudx_scan|ineqsudx_scan_solver:solver|Selector455           ;
; 3:1                ; 7 bits    ; 14 LEs        ; 14 LEs               ; 0 LEs                  ; No         ; |qsyn_dummy_xlr_wrap|ineqsudx_scan:ineqsudx_scan|ineqsudx_scan_solver:solver|Selector163           ;
; 3:1                ; 7 bits    ; 14 LEs        ; 14 LEs               ; 0 LEs                  ; No         ; |qsyn_dummy_xlr_wrap|ineqsudx_scan:ineqsudx_scan|ineqsudx_scan_solver:solver|Selector463           ;
; 3:1                ; 7 bits    ; 14 LEs        ; 14 LEs               ; 0 LEs                  ; No         ; |qsyn_dummy_xlr_wrap|ineqsudx_scan:ineqsudx_scan|ineqsudx_scan_solver:solver|Selector365           ;
; 3:1                ; 7 bits    ; 14 LEs        ; 14 LEs               ; 0 LEs                  ; No         ; |qsyn_dummy_xlr_wrap|ineqsudx_scan:ineqsudx_scan|ineqsudx_scan_solver:solver|Selector415           ;
; 3:1                ; 7 bits    ; 14 LEs        ; 14 LEs               ; 0 LEs                  ; No         ; |qsyn_dummy_xlr_wrap|ineqsudx_scan:ineqsudx_scan|ineqsudx_scan_solver:solver|Selector428           ;
; 3:1                ; 7 bits    ; 14 LEs        ; 14 LEs               ; 0 LEs                  ; No         ; |qsyn_dummy_xlr_wrap|ineqsudx_scan:ineqsudx_scan|ineqsudx_scan_solver:solver|Selector139           ;
; 3:1                ; 7 bits    ; 14 LEs        ; 14 LEs               ; 0 LEs                  ; No         ; |qsyn_dummy_xlr_wrap|ineqsudx_scan:ineqsudx_scan|ineqsudx_scan_solver:solver|Selector381           ;
; 3:1                ; 7 bits    ; 14 LEs        ; 14 LEs               ; 0 LEs                  ; No         ; |qsyn_dummy_xlr_wrap|ineqsudx_scan:ineqsudx_scan|ineqsudx_scan_solver:solver|Selector331           ;
; 3:1                ; 7 bits    ; 14 LEs        ; 14 LEs               ; 0 LEs                  ; No         ; |qsyn_dummy_xlr_wrap|ineqsudx_scan:ineqsudx_scan|ineqsudx_scan_solver:solver|Selector112           ;
; 3:1                ; 7 bits    ; 14 LEs        ; 14 LEs               ; 0 LEs                  ; No         ; |qsyn_dummy_xlr_wrap|ineqsudx_scan:ineqsudx_scan|ineqsudx_scan_solver:solver|Selector392           ;
; 3:1                ; 7 bits    ; 14 LEs        ; 14 LEs               ; 0 LEs                  ; No         ; |qsyn_dummy_xlr_wrap|ineqsudx_scan:ineqsudx_scan|ineqsudx_scan_solver:solver|Selector349           ;
; 3:1                ; 7 bits    ; 14 LEs        ; 14 LEs               ; 0 LEs                  ; No         ; |qsyn_dummy_xlr_wrap|ineqsudx_scan:ineqsudx_scan|ineqsudx_scan_solver:solver|Selector295           ;
; 3:1                ; 7 bits    ; 14 LEs        ; 14 LEs               ; 0 LEs                  ; No         ; |qsyn_dummy_xlr_wrap|ineqsudx_scan:ineqsudx_scan|ineqsudx_scan_solver:solver|Selector87            ;
; 3:1                ; 7 bits    ; 14 LEs        ; 14 LEs               ; 0 LEs                  ; No         ; |qsyn_dummy_xlr_wrap|ineqsudx_scan:ineqsudx_scan|ineqsudx_scan_solver:solver|Selector354           ;
; 3:1                ; 7 bits    ; 14 LEs        ; 14 LEs               ; 0 LEs                  ; No         ; |qsyn_dummy_xlr_wrap|ineqsudx_scan:ineqsudx_scan|ineqsudx_scan_solver:solver|Selector253           ;
; 3:1                ; 7 bits    ; 14 LEs        ; 14 LEs               ; 0 LEs                  ; No         ; |qsyn_dummy_xlr_wrap|ineqsudx_scan:ineqsudx_scan|ineqsudx_scan_solver:solver|Selector307           ;
; 3:1                ; 7 bits    ; 14 LEs        ; 14 LEs               ; 0 LEs                  ; No         ; |qsyn_dummy_xlr_wrap|ineqsudx_scan:ineqsudx_scan|ineqsudx_scan_solver:solver|Selector58            ;
; 3:1                ; 7 bits    ; 14 LEs        ; 14 LEs               ; 0 LEs                  ; No         ; |qsyn_dummy_xlr_wrap|ineqsudx_scan:ineqsudx_scan|ineqsudx_scan_solver:solver|Selector322           ;
; 3:1                ; 7 bits    ; 14 LEs        ; 14 LEs               ; 0 LEs                  ; No         ; |qsyn_dummy_xlr_wrap|ineqsudx_scan:ineqsudx_scan|ineqsudx_scan_solver:solver|Selector276           ;
; 3:1                ; 7 bits    ; 14 LEs        ; 14 LEs               ; 0 LEs                  ; No         ; |qsyn_dummy_xlr_wrap|ineqsudx_scan:ineqsudx_scan|ineqsudx_scan_solver:solver|Selector226           ;
; 3:1                ; 7 bits    ; 14 LEs        ; 14 LEs               ; 0 LEs                  ; No         ; |qsyn_dummy_xlr_wrap|ineqsudx_scan:ineqsudx_scan|ineqsudx_scan_solver:solver|Selector33            ;
; 3:1                ; 7 bits    ; 14 LEs        ; 14 LEs               ; 0 LEs                  ; No         ; |qsyn_dummy_xlr_wrap|ineqsudx_scan:ineqsudx_scan|ineqsudx_scan_solver:solver|Selector283           ;
; 3:1                ; 7 bits    ; 14 LEs        ; 14 LEs               ; 0 LEs                  ; No         ; |qsyn_dummy_xlr_wrap|ineqsudx_scan:ineqsudx_scan|ineqsudx_scan_solver:solver|Selector247           ;
; 3:1                ; 7 bits    ; 14 LEs        ; 14 LEs               ; 0 LEs                  ; No         ; |qsyn_dummy_xlr_wrap|ineqsudx_scan:ineqsudx_scan|ineqsudx_scan_solver:solver|Selector11            ;
; 3:1                ; 7 bits    ; 14 LEs        ; 14 LEs               ; 0 LEs                  ; No         ; |qsyn_dummy_xlr_wrap|ineqsudx_scan:ineqsudx_scan|ineqsudx_scan_solver:solver|Selector182           ;
; 3:1                ; 7 bits    ; 14 LEs        ; 14 LEs               ; 0 LEs                  ; No         ; |qsyn_dummy_xlr_wrap|ineqsudx_scan:ineqsudx_scan|ineqsudx_scan_solver:solver|Selector217           ;
; 3:1                ; 7 bits    ; 14 LEs        ; 14 LEs               ; 0 LEs                  ; No         ; |qsyn_dummy_xlr_wrap|ineqsudx_scan:ineqsudx_scan|ineqsudx_scan_solver:solver|Selector199           ;
; 3:1                ; 7 bits    ; 14 LEs        ; 14 LEs               ; 0 LEs                  ; No         ; |qsyn_dummy_xlr_wrap|ineqsudx_scan:ineqsudx_scan|ineqsudx_scan_solver:solver|Selector156           ;
; 3:1                ; 7 bits    ; 14 LEs        ; 14 LEs               ; 0 LEs                  ; No         ; |qsyn_dummy_xlr_wrap|ineqsudx_scan:ineqsudx_scan|ineqsudx_scan_solver:solver|Selector174           ;
; 3:1                ; 7 bits    ; 14 LEs        ; 14 LEs               ; 0 LEs                  ; No         ; |qsyn_dummy_xlr_wrap|ineqsudx_scan:ineqsudx_scan|ineqsudx_scan_solver:solver|Selector128           ;
; 3:1                ; 7 bits    ; 14 LEs        ; 14 LEs               ; 0 LEs                  ; No         ; |qsyn_dummy_xlr_wrap|ineqsudx_scan:ineqsudx_scan|ineqsudx_scan_solver:solver|Selector145           ;
; 3:1                ; 7 bits    ; 14 LEs        ; 14 LEs               ; 0 LEs                  ; No         ; |qsyn_dummy_xlr_wrap|ineqsudx_scan:ineqsudx_scan|ineqsudx_scan_solver:solver|Selector103           ;
; 3:1                ; 7 bits    ; 14 LEs        ; 14 LEs               ; 0 LEs                  ; No         ; |qsyn_dummy_xlr_wrap|ineqsudx_scan:ineqsudx_scan|ineqsudx_scan_solver:solver|Selector123           ;
; 3:1                ; 7 bits    ; 14 LEs        ; 14 LEs               ; 0 LEs                  ; No         ; |qsyn_dummy_xlr_wrap|ineqsudx_scan:ineqsudx_scan|ineqsudx_scan_solver:solver|Selector78            ;
; 3:1                ; 7 bits    ; 14 LEs        ; 14 LEs               ; 0 LEs                  ; No         ; |qsyn_dummy_xlr_wrap|ineqsudx_scan:ineqsudx_scan|ineqsudx_scan_solver:solver|Selector46            ;
; 3:1                ; 7 bits    ; 14 LEs        ; 14 LEs               ; 0 LEs                  ; No         ; |qsyn_dummy_xlr_wrap|ineqsudx_scan:ineqsudx_scan|ineqsudx_scan_solver:solver|Selector93            ;
; 3:1                ; 7 bits    ; 14 LEs        ; 14 LEs               ; 0 LEs                  ; No         ; |qsyn_dummy_xlr_wrap|ineqsudx_scan:ineqsudx_scan|ineqsudx_scan_solver:solver|Selector70            ;
; 3:1                ; 7 bits    ; 14 LEs        ; 14 LEs               ; 0 LEs                  ; No         ; |qsyn_dummy_xlr_wrap|ineqsudx_scan:ineqsudx_scan|ineqsudx_scan_solver:solver|Selector19            ;
; 3:1                ; 7 bits    ; 14 LEs        ; 14 LEs               ; 0 LEs                  ; No         ; |qsyn_dummy_xlr_wrap|ineqsudx_scan:ineqsudx_scan|ineqsudx_scan_solver:solver|Selector1             ;
; 3:1                ; 7 bits    ; 14 LEs        ; 14 LEs               ; 0 LEs                  ; No         ; |qsyn_dummy_xlr_wrap|ineqsudx_scan:ineqsudx_scan|ineqsudx_scan_solver:solver|Selector41            ;
; 5:1                ; 2 bits    ; 6 LEs         ; 4 LEs                ; 2 LEs                  ; No         ; |qsyn_dummy_xlr_wrap|ineqsudx_scan:ineqsudx_scan|ineqsudx_scan_solver:solver|Selector2855          ;
; 128:1              ; 9 bits    ; 765 LEs       ; 495 LEs              ; 270 LEs                ; No         ; |qsyn_dummy_xlr_wrap|ineqsudx_scan:ineqsudx_scan|ineqsudx_scan_solver:solver|Mux5                  ;
; 130:1              ; 60 bits   ; 5160 LEs      ; 120 LEs              ; 5040 LEs               ; No         ; |qsyn_dummy_xlr_wrap|ineqsudx_scan:ineqsudx_scan|mem_intf_write.mem_data[27][4]                    ;
; 130:1              ; 68 bits   ; 5848 LEs      ; 204 LEs              ; 5644 LEs               ; No         ; |qsyn_dummy_xlr_wrap|ineqsudx_scan:ineqsudx_scan|mem_intf_write.mem_data[14][7]                    ;
+--------------------+-----------+---------------+----------------------+------------------------+------------+----------------------------------------------------------------------------------------------------+


+------------------------------------------------------------------------------------------------------------------------------------------+
; Source assignments for ineqsudx_scan:ineqsudx_scan|ineqsudx_scan_solver:solver|altsyncram:decisions_rtl_0|altsyncram_84d1:auto_generated ;
+---------------------------------+--------------------+------+----------------------------------------------------------------------------+
; Assignment                      ; Value              ; From ; To                                                                         ;
+---------------------------------+--------------------+------+----------------------------------------------------------------------------+
; OPTIMIZE_POWER_DURING_SYNTHESIS ; NORMAL_COMPILATION ; -    ; -                                                                          ;
+---------------------------------+--------------------+------+----------------------------------------------------------------------------+


+------------------------------------------------------------------------------------------------------------------------------------------+
; Source assignments for ineqsudx_scan:ineqsudx_scan|ineqsudx_scan_solver:solver|altsyncram:snapshots_rtl_0|altsyncram_gad1:auto_generated ;
+---------------------------------+--------------------+------+----------------------------------------------------------------------------+
; Assignment                      ; Value              ; From ; To                                                                         ;
+---------------------------------+--------------------+------+----------------------------------------------------------------------------+
; OPTIMIZE_POWER_DURING_SYNTHESIS ; NORMAL_COMPILATION ; -    ; -                                                                          ;
+---------------------------------+--------------------+------+----------------------------------------------------------------------------+


+--------------------------------------------------------------------------+
; Parameter Settings for User Entity Instance: mem_intf_read:mem_intf_read ;
+-------------------+-------+----------------------------------------------+
; Parameter Name    ; Value ; Type                                         ;
+-------------------+-------+----------------------------------------------+
; BYTE_WIDTH        ; 8     ; Signed Integer                               ;
; NUM_BYTES_IN_LINE ; 32    ; Signed Integer                               ;
+-------------------+-------+----------------------------------------------+
Note: In order to hide this table in the UI and the text report file, please set the "Show Parameter Settings in Synthesis Report" option in "Analysis and Synthesis Settings -> More Settings" to "Off".


+----------------------------------------------------------------------------+
; Parameter Settings for User Entity Instance: mem_intf_write:mem_intf_write ;
+-------------------+-------+------------------------------------------------+
; Parameter Name    ; Value ; Type                                           ;
+-------------------+-------+------------------------------------------------+
; BYTE_WIDTH        ; 8     ; Signed Integer                                 ;
; NUM_BYTES_IN_LINE ; 32    ; Signed Integer                                 ;
+-------------------+-------+------------------------------------------------+
Note: In order to hide this table in the UI and the text report file, please set the "Show Parameter Settings in Synthesis Report" option in "Analysis and Synthesis Settings -> More Settings" to "Off".


+------------------------------------------------------------------------------------------------------+
; Parameter Settings for User Entity Instance: ineqsudx_scan:ineqsudx_scan|ineqsudx_scan_solver:solver ;
+----------------+-------+-----------------------------------------------------------------------------+
; Parameter Name ; Value ; Type                                                                        ;
+----------------+-------+-----------------------------------------------------------------------------+
; HIDDEN_SINGLES ; 1     ; Unsigned Binary                                                             ;
+----------------+-------+-----------------------------------------------------------------------------+
Note: In order to hide this table in the UI and the text report file, please set the "Show Parameter Settings in Synthesis Report" option in "Analysis and Synthesis Settings -> More Settings" to "Off".


+-------------------------------------------------------------------------------------------------------------------------------------+
; Parameter Settings for Inferred Entity Instance: ineqsudx_scan:ineqsudx_scan|ineqsudx_scan_solver:solver|altsyncram:decisions_rtl_0 ;
+------------------------------------+----------------------+-------------------------------------------------------------------------+
; Parameter Name                     ; Value                ; Type                                                                    ;
+------------------------------------+----------------------+-------------------------------------------------------------------------+
; BYTE_SIZE_BLOCK                    ; 8                    ; Untyped                                                                 ;
; AUTO_CARRY_CHAINS                  ; ON                   ; AUTO_CARRY                                                              ;
; IGNORE_CARRY_BUFFERS               ; OFF                  ; IGNORE_CARRY                                                            ;
; AUTO_CASCADE_CHAINS                ; ON                   ; AUTO_CASCADE                                                            ;
; IGNORE_CASCADE_BUFFERS             ; OFF                  ; IGNORE_CASCADE                                                          ;
; WIDTH_BYTEENA                      ; 1                    ; Untyped                                                                 ;
; OPERATION_MODE                     ; DUAL_PORT            ; Untyped                                                                 ;
; WIDTH_A                            ; 15                   ; Untyped                                                                 ;
; WIDTHAD_A                          ; 7                    ; Untyped                                                                 ;
; NUMWORDS_A                         ; 81                   ; Untyped                                                                 ;
; OUTDATA_REG_A                      ; UNREGISTERED         ; Untyped                                                                 ;
; ADDRESS_ACLR_A                     ; NONE                 ; Untyped                                                                 ;
; OUTDATA_ACLR_A                     ; NONE                 ; Untyped                                                                 ;
; WRCONTROL_ACLR_A                   ; NONE                 ; Untyped                                                                 ;
; INDATA_ACLR_A                      ; NONE                 ; Untyped                                                                 ;
; BYTEENA_ACLR_A                     ; NONE                 ; Untyped                                                                 ;
; WIDTH_B                            ; 15                   ; Untyped                                                                 ;
; WIDTHAD_B                          ; 7                    ; Untyped                                                                 ;
; NUMWORDS_B                         ; 81                   ; Untyped                                                                 ;
; INDATA_REG_B                       ; CLOCK1               ; Untyped                                                                 ;
; WRCONTROL_WRADDRESS_REG_B          ; CLOCK1               ; Untyped                                                                 ;
; RDCONTROL_REG_B                    ; CLOCK1               ; Untyped                                                                 ;
; ADDRESS_REG_B                      ; CLOCK1               ; Untyped                                                                 ;
; OUTDATA_REG_B                      ; UNREGISTERED         ; Untyped                                                                 ;
; BYTEENA_REG_B                      ; CLOCK1               ; Untyped                                                                 ;
; INDATA_ACLR_B                      ; NONE                 ; Untyped                                                                 ;
; WRCONTROL_ACLR_B                   ; NONE                 ; Untyped                                                                 ;
; ADDRESS_ACLR_B                     ; NONE                 ; Untyped                                                                 ;
; OUTDATA_ACLR_B                     ; NONE                 ; Untyped                                                                 ;
; RDCONTROL_ACLR_B                   ; NONE                 ; Untyped                                                                 ;
; BYTEENA_ACLR_B                     ; NONE                 ; Untyped                                                                 ;
; WIDTH_BYTEENA_A                    ; 1                    ; Untyped                                                                 ;
; WIDTH_BYTEENA_B                    ; 1                    ; Untyped                                                                 ;
; RAM_BLOCK_TYPE                     ; AUTO                 ; Untyped                                                                 ;
; BYTE_SIZE                          ; 8                    ; Untyped                                                                 ;
; READ_DURING_WRITE_MODE_MIXED_PORTS ; DONT_CARE            ; Untyped                                                                 ;
; READ_DURING_WRITE_MODE_PORT_A      ; NEW_DATA_NO_NBE_READ ; Untyped                                                                 ;
; READ_DURING_WRITE_MODE_PORT_B      ; NEW_DATA_NO_NBE_READ ; Untyped                                                                 ;
; INIT_FILE                          ; UNUSED               ; Untyped                                                                 ;
; INIT_FILE_LAYOUT                   ; PORT_A               ; Untyped                                                                 ;
; MAXIMUM_DEPTH                      ; 0                    ; Untyped                                                                 ;
; CLOCK_ENABLE_INPUT_A               ; NORMAL               ; Untyped                                                                 ;
; CLOCK_ENABLE_INPUT_B               ; NORMAL               ; Untyped                                                                 ;
; CLOCK_ENABLE_OUTPUT_A              ; NORMAL               ; Untyped                                                                 ;
; CLOCK_ENABLE_OUTPUT_B              ; NORMAL               ; Untyped                                                                 ;
; CLOCK_ENABLE_CORE_A                ; USE_INPUT_CLKEN      ; Untyped                                                                 ;
; CLOCK_ENABLE_CORE_B                ; USE_INPUT_CLKEN      ; Untyped                                                                 ;
; ENABLE_ECC                         ; FALSE                ; Untyped                                                                 ;
; ECC_PIPELINE_STAGE_ENABLED         ; FALSE                ; Untyped                                                                 ;
; WIDTH_ECCSTATUS                    ; 3                    ; Untyped                                                                 ;
; DEVICE_FAMILY                      ; MAX 10               ; Untyped                                                                 ;
; CBXI_PARAMETER                     ; altsyncram_84d1      ; Untyped                                                                 ;
+------------------------------------+----------------------+-------------------------------------------------------------------------+
Note: In order to hide this table in the UI and the text report file, please set the "Show Parameter Settings in Synthesis Report" option in "Analysis and Synthesis Settings -> More Settings" to "Off".


+-------------------------------------------------------------------------------------------------------------------------------------+
; Parameter Settings for Inferred Entity Instance: ineqsudx_scan:ineqsudx_scan|ineqsudx_scan_solver:solver|altsyncram:snapshots_rtl_0 ;
+------------------------------------+----------------------+-------------------------------------------------------------------------+
; Parameter Name                     ; Value                ; Type                                                                    ;
+------------------------------------+----------------------+-------------------------------------------------------------------------+
; BYTE_SIZE_BLOCK                    ; 8                    ; Untyped                                                                 ;
; AUTO_CARRY_CHAINS                  ; ON                   ; AUTO_CARRY                                                              ;
; IGNORE_CARRY_BUFFERS               ; OFF                  ; IGNORE_CARRY                                                            ;
; AUTO_CASCADE_CHAINS                ; ON                   ; AUTO_CASCADE                                                            ;
; IGNORE_CASCADE_BUFFERS             ; OFF                  ; IGNORE_CASCADE                                                          ;
; WIDTH_BYTEENA                      ; 1                    ; Untyped                                                                 ;
; OPERATION_MODE                     ; DUAL_PORT            ; Untyped                                                                 ;
; WIDTH_A                            ; 243                  ; Untyped                                                                 ;
; WIDTHAD_A                          ; 8                    ; Untyped                                                                 ;
; NUMWORDS_A                         ; 243                  ; Untyped                                                                 ;
; OUTDATA_REG_A                      ; UNREGISTERED         ; Untyped                                                                 ;
; ADDRESS_ACLR_A                     ; NONE                 ; Untyped                                                                 ;
; OUTDATA_ACLR_A                     ; NONE                 ; Untyped                                                                 ;
; WRCONTROL_ACLR_A                   ; NONE                 ; Untyped                                                                 ;
; INDATA_ACLR_A                      ; NONE                 ; Untyped                                                                 ;
; BYTEENA_ACLR_A                     ; NONE                 ; Untyped                                                                 ;
; WIDTH_B                            ; 243                  ; Untyped                                                                 ;
; WIDTHAD_B                          ; 8                    ; Untyped                                                                 ;
; NUMWORDS_B                         ; 243                  ; Untyped                                                                 ;
; INDATA_REG_B                       ; CLOCK1               ; Untyped                                                                 ;
; WRCONTROL_WRADDRESS_REG_B          ; CLOCK1               ; Untyped                                                                 ;
; RDCONTROL_REG_B                    ; CLOCK1               ; Untyped                                                                 ;
; ADDRESS_REG_B                      ; CLOCK1               ; Untyped                                                                 ;
; OUTDATA_REG_B                      ; UNREGISTERED         ; Untyped                                                                 ;
; BYTEENA_REG_B                      ; CLOCK1               ; Untyped                                                                 ;
; INDATA_ACLR_B                      ; NONE                 ; Untyped                                                                 ;
; WRCONTROL_ACLR_B                   ; NONE                 ; Untyped                                                                 ;
; ADDRESS_ACLR_B                     ; NONE                 ; Untyped                                                                 ;
; OUTDATA_ACLR_B                     ; NONE                 ; Untyped                                                                 ;
; RDCONTROL_ACLR_B                   ; NONE                 ; Untyped                                                                 ;
; BYTEENA_ACLR_B                     ; NONE                 ; Untyped                                                                 ;
; WIDTH_BYTEENA_A                    ; 1                    ; Untyped                                                                 ;
; WIDTH_BYTEENA_B                    ; 1                    ; Untyped                                                                 ;
; RAM_BLOCK_TYPE                     ; AUTO                 ; Untyped                                                                 ;
; BYTE_SIZE                          ; 8                    ; Untyped                                                                 ;
; READ_DURING_WRITE_MODE_MIXED_PORTS ; DONT_CARE            ; Untyped                                                                 ;
; READ_DURING_WRITE_MODE_PORT_A      ; NEW_DATA_NO_NBE_READ ; Untyped                                                                 ;
; READ_DURING_WRITE_MODE_PORT_B      ; NEW_DATA_NO_NBE_READ ; Untyped                                                                 ;
; INIT_FILE                          ; UNUSED               ; Untyped                                                                 ;
; INIT_FILE_LAYOUT                   ; PORT_A               ; Untyped                                                                 ;
; MAXIMUM_DEPTH                      ; 0                    ; Untyped                                                                 ;
; CLOCK_ENABLE_INPUT_A               ; NORMAL               ; Untyped                                                                 ;
; CLOCK_ENABLE_INPUT_B               ; NORMAL               ; Untyped                                                                 ;
; CLOCK_ENABLE_OUTPUT_A              ; NORMAL               ; Untyped                                                                 ;
; CLOCK_ENABLE_OUTPUT_B              ; NORMAL               ; Untyped                                                                 ;
; CLOCK_ENABLE_CORE_A                ; USE_INPUT_CLKEN      ; Untyped                                                                 ;
; CLOCK_ENABLE_CORE_B                ; USE_INPUT_CLKEN      ; Untyped                                                                 ;
; ENABLE_ECC                         ; FALSE                ; Untyped                                                                 ;
; ECC_PIPELINE_STAGE_ENABLED         ; FALSE                ; Untyped                                                                 ;
; WIDTH_ECCSTATUS                    ; 3                    ; Untyped                                                                 ;
; DEVICE_FAMILY                      ; MAX 10               ; Untyped                                                                 ;
; CBXI_PARAMETER                     ; altsyncram_gad1      ; Untyped                                                                 ;
+------------------------------------+----------------------+-------------------------------------------------------------------------+
Note: In order to hide this table in the UI and the text report file, please set the "Show Parameter Settings in Synthesis Report" option in "Analysis and Synthesis Settings -> More Settings" to "Off".


+--------------------------------------------------------------------------------------------------------------------------------+
; altsyncram Parameter Settings by Entity Instance                                                                               ;
+-------------------------------------------+------------------------------------------------------------------------------------+
; Name                                      ; Value                                                                              ;
+-------------------------------------------+------------------------------------------------------------------------------------+
; Number of entity instances                ; 2                                                                                  ;
; Entity Instance                           ; ineqsudx_scan:ineqsudx_scan|ineqsudx_scan_solver:solver|altsyncram:decisions_rtl_0 ;
;     -- OPERATION_MODE                     ; DUAL_PORT                                                                          ;
;     -- WIDTH_A                            ; 15                                                                                 ;
;     -- NUMWORDS_A                         ; 81                                                                                 ;
;     -- OUTDATA_REG_A                      ; UNREGISTERED                                                                       ;
;     -- WIDTH_B                            ; 15                                                                                 ;
;     -- NUMWORDS_B                         ; 81                                                                                 ;
;     -- ADDRESS_REG_B                      ; CLOCK1                                                                             ;
;     -- OUTDATA_REG_B                      ; UNREGISTERED                                                                       ;
;     -- RAM_BLOCK_TYPE                     ; AUTO                                                                               ;
;     -- READ_DURING_WRITE_MODE_MIXED_PORTS ; DONT_CARE                                                                          ;
; Entity Instance                           ; ineqsudx_scan:ineqsudx_scan|ineqsudx_scan_solver:solver|altsyncram:snapshots_rtl_0 ;
;     -- OPERATION_MODE                     ; DUAL_PORT                                                                          ;
;     -- WIDTH_A                            ; 243                                                                                ;
;     -- NUMWORDS_A                         ; 243                                                                                ;
;     -- OUTDATA_REG_A                      ; UNREGISTERED                                                                       ;
;     -- WIDTH_B                            ; 243                                                                                ;
;     -- NUMWORDS_B                         ; 243                                                                                ;
;     -- ADDRESS_REG_B                      ; CLOCK1                                                                             ;
;     -- OUTDATA_REG_B                      ; UNREGISTERED                                                                       ;
;     -- RAM_BLOCK_TYPE                     ; AUTO                                                                               ;
;     -- READ_DURING_WRITE_MODE_MIXED_PORTS ; DONT_CARE                                                                          ;
+-------------------------------------------+------------------------------------------------------------------------------------+


+-----------------------------------------------------+
; Post-Synthesis Netlist Statistics for Top Partition ;
+-----------------------+-----------------------------+
; Type                  ; Count                       ;
+-----------------------+-----------------------------+
; boundary_port         ; 120                         ;
; cycloneiii_ff         ; 3276                        ;
;     CLR               ; 302                         ;
;     CLR SLD           ; 32                          ;
;     ENA               ; 1337                        ;
;     ENA CLR           ; 1432                        ;
;     ENA CLR SLD       ; 5                           ;
;     ENA SLD           ; 168                         ;
; cycloneiii_lcell_comb ; 21942                       ;
;     arith             ; 336                         ;
;         2 data inputs ; 92                          ;
;         3 data inputs ; 244                         ;
;     normal            ; 21606                       ;
;         0 data inputs ; 67                          ;
;         1 data inputs ; 21                          ;
;         2 data inputs ; 1737                        ;
;         3 data inputs ; 3186                        ;
;         4 data inputs ; 16595                       ;
; cycloneiii_ram_block  ; 258                         ;
;                       ;                             ;
; Max LUT depth         ; 11.30                       ;
; Average LUT depth     ; 6.98                        ;
+-----------------------+-----------------------------+


+-------------------------------+
; Elapsed Time Per Partition    ;
+----------------+--------------+
; Partition Name ; Elapsed Time ;
+----------------+--------------+
; Top            ; 00:01:42     ;
+----------------+--------------+


+-------------------------------+
; Analysis & Synthesis Messages ;
+-------------------------------+
Info: *******************************************************************
Info: Running Quartus Prime Analysis & Synthesis
    Info: Version 24.1std.0 Build 1077 03/04/2025 SC Lite Edition
    Info: Copyright (C) 2025  Altera Corporation. All rights reserved.
    Info: Your use of Altera Corporation's design tools, logic functions 
    Info: and other software and tools, and any partner logic 
    Info: functions, and any output files from any of the foregoing 
    Info: (including device programming or simulation files), and any 
    Info: associated documentation or information are expressly subject 
    Info: to the terms and conditions of the Altera Program License 
    Info: Subscription Agreement, the Altera Quartus Prime License Agreement,
    Info: the Altera IP License Agreement, or other applicable license
    Info: agreement, including, without limitation, that your use is for
    Info: the sole purpose of programming logic devices manufactured by
    Info: Altera and sold by Altera or its authorized distributors.  Please
    Info: refer to the Altera Software License Subscription Agreements 
    Info: on the Quartus Prime software download page.
    Info: Processing started: Wed Sep  9 06:48:45 2026
Info: Command: quartus_map --read_settings_files=on --write_settings_files=off ineqsudx_scan -c ineqsudx_scan
Info (12021): Found 1 design units, including 0 entities, in source file /project/tsmc65/shared/k5_share/k5_xbox/hw/xbox/xbox_def_pkg.sv
    Info (12022): Found design unit 1: xbox_def_pkg (SystemVerilog) File: /project/tsmc65/shared/k5_share/k5_xbox/hw/xbox/xbox_def_pkg.sv Line: 1
Info (12021): Found 1 design units, including 1 entities, in source file /project/tsmc65/shared/k5_share/k5_xbox/hw/xbox/xbox_xlrs/mem/mem_intf_read.sv
    Info (12023): Found entity 1: mem_intf_read File: /project/tsmc65/shared/k5_share/k5_xbox/hw/xbox/xbox_xlrs/mem/mem_intf_read.sv Line: 2
Info (12021): Found 1 design units, including 1 entities, in source file /project/tsmc65/shared/k5_share/k5_xbox/hw/xbox/xbox_xlrs/mem/mem_intf_write.sv
    Info (12023): Found entity 1: mem_intf_write File: /project/tsmc65/shared/k5_share/k5_xbox/hw/xbox/xbox_xlrs/mem/mem_intf_write.sv Line: 3
Info (12021): Found 1 design units, including 1 entities, in source file /project/tsmc65/shared/k5_share/k5_xbox/hw/xbox/host_regs_intrf.sv
    Info (12023): Found entity 1: host_regs_intrf File: /project/tsmc65/shared/k5_share/k5_xbox/hw/xbox/host_regs_intrf.sv Line: 3
Info (12021): Found 1 design units, including 1 entities, in source file /data/project/tsmc65/shared/qsyn/qsyn_dummy_xlr_wrap/qsyn_dummy_xlr_wrap_hri.sv
    Info (12023): Found entity 1: qsyn_dummy_xlr_wrap File: /data/project/tsmc65/shared/qsyn/qsyn_dummy_xlr_wrap/qsyn_dummy_xlr_wrap_hri.sv Line: 4
Info (12021): Found 1 design units, including 0 entities, in source file ineqsudx_def_pkg.sv
    Info (12022): Found design unit 1: ineqsudx_def_pkg (SystemVerilog) File: /project/tsmc65/users/perezba/ws/AlwaysSudxIneqBuild/logs/experiment-mrv-decide/rtl_work/ineqsudx_scan/ineqsudx_def_pkg.sv Line: 1
Info (12021): Found 1 design units, including 1 entities, in source file ineqsudx_scan.sv
    Info (12023): Found entity 1: ineqsudx_scan File: /project/tsmc65/users/perezba/ws/AlwaysSudxIneqBuild/logs/experiment-mrv-decide/rtl_work/ineqsudx_scan/ineqsudx_scan.sv Line: 4
Info (12021): Found 2 design units, including 2 entities, in source file ineqsudx_scan_solver.sv
    Info (12023): Found entity 1: ineqsudx_scan_solver File: /project/tsmc65/users/perezba/ws/AlwaysSudxIneqBuild/logs/experiment-mrv-decide/rtl_work/ineqsudx_scan/ineqsudx_scan_solver.sv Line: 4
    Info (12023): Found entity 2: ineqsudx_union9 File: /project/tsmc65/users/perezba/ws/AlwaysSudxIneqBuild/logs/experiment-mrv-decide/rtl_work/ineqsudx_scan/ineqsudx_scan_solver.sv Line: 304
Info (12127): Elaborating entity "qsyn_dummy_xlr_wrap" for the top level hierarchy
Warning (10036): Verilog HDL or VHDL warning at qsyn_dummy_xlr_wrap_hri.sv(42): object "host_regs_read_pulse_s" assigned a value but never read File: /data/project/tsmc65/shared/qsyn/qsyn_dummy_xlr_wrap/qsyn_dummy_xlr_wrap_hri.sv Line: 42
Info (12128): Elaborating entity "mem_intf_read" for hierarchy "mem_intf_read:mem_intf_read" File: /data/project/tsmc65/shared/qsyn/qsyn_dummy_xlr_wrap/qsyn_dummy_xlr_wrap_hri.sv Line: 34
Warning (12158): Entity "mem_intf_read" contains only dangling pins File: /data/project/tsmc65/shared/qsyn/qsyn_dummy_xlr_wrap/qsyn_dummy_xlr_wrap_hri.sv Line: 34
Info (12128): Elaborating entity "mem_intf_write" for hierarchy "mem_intf_write:mem_intf_write" File: /data/project/tsmc65/shared/qsyn/qsyn_dummy_xlr_wrap/qsyn_dummy_xlr_wrap_hri.sv Line: 35
Warning (12158): Entity "mem_intf_write" contains only dangling pins File: /data/project/tsmc65/shared/qsyn/qsyn_dummy_xlr_wrap/qsyn_dummy_xlr_wrap_hri.sv Line: 35
Info (12128): Elaborating entity "host_regs_intrf" for hierarchy "host_regs_intrf:host_regs_intrf" File: /data/project/tsmc65/shared/qsyn/qsyn_dummy_xlr_wrap/qsyn_dummy_xlr_wrap_hri.sv Line: 36
Warning (12158): Entity "host_regs_intrf" contains only dangling pins File: /data/project/tsmc65/shared/qsyn/qsyn_dummy_xlr_wrap/qsyn_dummy_xlr_wrap_hri.sv Line: 36
Info (12128): Elaborating entity "ineqsudx_scan" for hierarchy "ineqsudx_scan:ineqsudx_scan" File: /data/project/tsmc65/shared/qsyn/qsyn_dummy_xlr_wrap/qsyn_dummy_xlr_wrap_hri.sv Line: 74
Warning (10230): Verilog HDL assignment warning at ineqsudx_scan.sv(85): truncated value with size 32 to match size of target (16) File: /project/tsmc65/users/perezba/ws/AlwaysSudxIneqBuild/logs/experiment-mrv-decide/rtl_work/ineqsudx_scan/ineqsudx_scan.sv Line: 85
Warning (10230): Verilog HDL assignment warning at ineqsudx_scan.sv(145): truncated value with size 32 to match size of target (6) File: /project/tsmc65/users/perezba/ws/AlwaysSudxIneqBuild/logs/experiment-mrv-decide/rtl_work/ineqsudx_scan/ineqsudx_scan.sv Line: 145
Warning (10230): Verilog HDL assignment warning at ineqsudx_scan.sv(168): truncated value with size 32 to match size of target (6) File: /project/tsmc65/users/perezba/ws/AlwaysSudxIneqBuild/logs/experiment-mrv-decide/rtl_work/ineqsudx_scan/ineqsudx_scan.sv Line: 168
Info (10008): Verilog HDL or VHDL information: EDA Netlist Writer cannot regroup multidimensional array "board" into its bus
Info (10008): Verilog HDL or VHDL information: EDA Netlist Writer cannot regroup multidimensional array "board_ps" into its bus
Info (10008): Verilog HDL or VHDL information: EDA Netlist Writer cannot regroup multidimensional array "solver_puzzle_out" into its bus
Info (12128): Elaborating entity "ineqsudx_scan_solver" for hierarchy "ineqsudx_scan:ineqsudx_scan|ineqsudx_scan_solver:solver" File: /project/tsmc65/users/perezba/ws/AlwaysSudxIneqBuild/logs/experiment-mrv-decide/rtl_work/ineqsudx_scan/ineqsudx_scan.sv Line: 249
Warning (10036): Verilog HDL or VHDL warning at ineqsudx_scan_solver.sv(25): object "empty_q" assigned a value but never read File: /project/tsmc65/users/perezba/ws/AlwaysSudxIneqBuild/logs/experiment-mrv-decide/rtl_work/ineqsudx_scan/ineqsudx_scan_solver.sv Line: 25
Info (10264): Verilog HDL Case Statement information at ineqsudx_scan_solver.sv(65): all case item expressions in this case statement are onehot File: /project/tsmc65/users/perezba/ws/AlwaysSudxIneqBuild/logs/experiment-mrv-decide/rtl_work/ineqsudx_scan/ineqsudx_scan_solver.sv Line: 65
Info (10264): Verilog HDL Case Statement information at ineqsudx_scan_solver.sv(182): all case item expressions in this case statement are onehot File: /project/tsmc65/users/perezba/ws/AlwaysSudxIneqBuild/logs/experiment-mrv-decide/rtl_work/ineqsudx_scan/ineqsudx_scan_solver.sv Line: 182
Info (10008): Verilog HDL or VHDL information: EDA Netlist Writer cannot regroup multidimensional array "puzzle_in" into its bus
Info (10008): Verilog HDL or VHDL information: EDA Netlist Writer cannot regroup multidimensional array "solved_puzzle" into its bus
Info (10008): Verilog HDL or VHDL information: EDA Netlist Writer cannot regroup multidimensional array "puzzle_in" into its bus
Info (10008): Verilog HDL or VHDL information: EDA Netlist Writer cannot regroup multidimensional array "solved_puzzle" into its bus
Info (12128): Elaborating entity "ineqsudx_union9" for hierarchy "ineqsudx_scan:ineqsudx_scan|ineqsudx_scan_solver:solver|ineqsudx_union9:UNITS[0].board_union" File: /project/tsmc65/users/perezba/ws/AlwaysSudxIneqBuild/logs/experiment-mrv-decide/rtl_work/ineqsudx_scan/ineqsudx_scan_solver.sv Line: 101
Warning (12161): Node "host_regs_intrf:host_regs_intrf|host_regs_intrf.host_regs_read_pulse[9]" is stuck at GND because node is in wire loop and does not have a source File: /project/tsmc65/shared/k5_share/k5_xbox/hw/xbox/host_regs_intrf.sv Line: 3
Warning (12161): Node "host_regs_intrf:host_regs_intrf|host_regs_intrf.host_regs_read_pulse[8]" is stuck at GND because node is in wire loop and does not have a source File: /project/tsmc65/shared/k5_share/k5_xbox/hw/xbox/host_regs_intrf.sv Line: 3
Warning (12161): Node "host_regs_intrf:host_regs_intrf|host_regs_intrf.host_regs_read_pulse[7]" is stuck at GND because node is in wire loop and does not have a source File: /project/tsmc65/shared/k5_share/k5_xbox/hw/xbox/host_regs_intrf.sv Line: 3
Warning (12161): Node "host_regs_intrf:host_regs_intrf|host_regs_intrf.host_regs_read_pulse[6]" is stuck at GND because node is in wire loop and does not have a source File: /project/tsmc65/shared/k5_share/k5_xbox/hw/xbox/host_regs_intrf.sv Line: 3
Warning (12161): Node "host_regs_intrf:host_regs_intrf|host_regs_intrf.host_regs_read_pulse[5]" is stuck at GND because node is in wire loop and does not have a source File: /project/tsmc65/shared/k5_share/k5_xbox/hw/xbox/host_regs_intrf.sv Line: 3
Warning (12161): Node "host_regs_intrf:host_regs_intrf|host_regs_intrf.host_regs_read_pulse[4]" is stuck at GND because node is in wire loop and does not have a source File: /project/tsmc65/shared/k5_share/k5_xbox/hw/xbox/host_regs_intrf.sv Line: 3
Warning (12161): Node "host_regs_intrf:host_regs_intrf|host_regs_intrf.host_regs_read_pulse[3]" is stuck at GND because node is in wire loop and does not have a source File: /project/tsmc65/shared/k5_share/k5_xbox/hw/xbox/host_regs_intrf.sv Line: 3
Warning (12161): Node "host_regs_intrf:host_regs_intrf|host_regs_intrf.host_regs_read_pulse[2]" is stuck at GND because node is in wire loop and does not have a source File: /project/tsmc65/shared/k5_share/k5_xbox/hw/xbox/host_regs_intrf.sv Line: 3
Warning (12161): Node "host_regs_intrf:host_regs_intrf|host_regs_intrf.host_regs_read_pulse[1]" is stuck at GND because node is in wire loop and does not have a source File: /project/tsmc65/shared/k5_share/k5_xbox/hw/xbox/host_regs_intrf.sv Line: 3
Warning (12161): Node "host_regs_intrf:host_regs_intrf|host_regs_intrf.host_regs_read_pulse[15]" is stuck at GND because node is in wire loop and does not have a source File: /project/tsmc65/shared/k5_share/k5_xbox/hw/xbox/host_regs_intrf.sv Line: 3
Warning (12161): Node "host_regs_intrf:host_regs_intrf|host_regs_intrf.host_regs_read_pulse[14]" is stuck at GND because node is in wire loop and does not have a source File: /project/tsmc65/shared/k5_share/k5_xbox/hw/xbox/host_regs_intrf.sv Line: 3
Warning (12161): Node "host_regs_intrf:host_regs_intrf|host_regs_intrf.host_regs_read_pulse[13]" is stuck at GND because node is in wire loop and does not have a source File: /project/tsmc65/shared/k5_share/k5_xbox/hw/xbox/host_regs_intrf.sv Line: 3
Warning (12161): Node "host_regs_intrf:host_regs_intrf|host_regs_intrf.host_regs_read_pulse[12]" is stuck at GND because node is in wire loop and does not have a source File: /project/tsmc65/shared/k5_share/k5_xbox/hw/xbox/host_regs_intrf.sv Line: 3
Warning (12161): Node "host_regs_intrf:host_regs_intrf|host_regs_intrf.host_regs_read_pulse[11]" is stuck at GND because node is in wire loop and does not have a source File: /project/tsmc65/shared/k5_share/k5_xbox/hw/xbox/host_regs_intrf.sv Line: 3
Warning (12161): Node "host_regs_intrf:host_regs_intrf|host_regs_intrf.host_regs_read_pulse[10]" is stuck at GND because node is in wire loop and does not have a source File: /project/tsmc65/shared/k5_share/k5_xbox/hw/xbox/host_regs_intrf.sv Line: 3
Warning (12161): Node "host_regs_intrf:host_regs_intrf|host_regs_intrf.host_regs_read_pulse[0]" is stuck at GND because node is in wire loop and does not have a source File: /project/tsmc65/shared/k5_share/k5_xbox/hw/xbox/host_regs_intrf.sv Line: 3
Warning (276027): Inferred dual-clock RAM node "ineqsudx_scan:ineqsudx_scan|ineqsudx_scan_solver:solver|decisions_rtl_0" from synchronous design logic.  The read-during-write behavior of a dual-clock RAM is undefined and may not match the behavior of the original design.
Warning (276027): Inferred dual-clock RAM node "ineqsudx_scan:ineqsudx_scan|ineqsudx_scan_solver:solver|snapshots_rtl_0" from synchronous design logic.  The read-during-write behavior of a dual-clock RAM is undefined and may not match the behavior of the original design.
Info (19000): Inferred 2 megafunctions from design logic
    Info (276029): Inferred altsyncram megafunction from the following design logic: "ineqsudx_scan:ineqsudx_scan|ineqsudx_scan_solver:solver|decisions_rtl_0" 
        Info (286033): Parameter OPERATION_MODE set to DUAL_PORT
        Info (286033): Parameter WIDTH_A set to 15
        Info (286033): Parameter WIDTHAD_A set to 7
        Info (286033): Parameter NUMWORDS_A set to 81
        Info (286033): Parameter WIDTH_B set to 15
        Info (286033): Parameter WIDTHAD_B set to 7
        Info (286033): Parameter NUMWORDS_B set to 81
        Info (286033): Parameter ADDRESS_ACLR_A set to NONE
        Info (286033): Parameter OUTDATA_REG_B set to UNREGISTERED
        Info (286033): Parameter ADDRESS_ACLR_B set to NONE
        Info (286033): Parameter OUTDATA_ACLR_B set to NONE
        Info (286033): Parameter ADDRESS_REG_B set to CLOCK1
        Info (286033): Parameter INDATA_ACLR_A set to NONE
        Info (286033): Parameter WRCONTROL_ACLR_A set to NONE
    Info (276029): Inferred altsyncram megafunction from the following design logic: "ineqsudx_scan:ineqsudx_scan|ineqsudx_scan_solver:solver|snapshots_rtl_0" 
        Info (286033): Parameter OPERATION_MODE set to DUAL_PORT
        Info (286033): Parameter WIDTH_A set to 243
        Info (286033): Parameter WIDTHAD_A set to 8
        Info (286033): Parameter NUMWORDS_A set to 243
        Info (286033): Parameter WIDTH_B set to 243
        Info (286033): Parameter WIDTHAD_B set to 8
        Info (286033): Parameter NUMWORDS_B set to 243
        Info (286033): Parameter ADDRESS_ACLR_A set to NONE
        Info (286033): Parameter OUTDATA_REG_B set to UNREGISTERED
        Info (286033): Parameter ADDRESS_ACLR_B set to NONE
        Info (286033): Parameter OUTDATA_ACLR_B set to NONE
        Info (286033): Parameter ADDRESS_REG_B set to CLOCK1
        Info (286033): Parameter INDATA_ACLR_A set to NONE
        Info (286033): Parameter WRCONTROL_ACLR_A set to NONE
Info (12130): Elaborated megafunction instantiation "ineqsudx_scan:ineqsudx_scan|ineqsudx_scan_solver:solver|altsyncram:decisions_rtl_0"
Info (12133): Instantiated megafunction "ineqsudx_scan:ineqsudx_scan|ineqsudx_scan_solver:solver|altsyncram:decisions_rtl_0" with the following parameter:
    Info (12134): Parameter "OPERATION_MODE" = "DUAL_PORT"
    Info (12134): Parameter "WIDTH_A" = "15"
    Info (12134): Parameter "WIDTHAD_A" = "7"
    Info (12134): Parameter "NUMWORDS_A" = "81"
    Info (12134): Parameter "WIDTH_B" = "15"
    Info (12134): Parameter "WIDTHAD_B" = "7"
    Info (12134): Parameter "NUMWORDS_B" = "81"
    Info (12134): Parameter "ADDRESS_ACLR_A" = "NONE"
    Info (12134): Parameter "OUTDATA_REG_B" = "UNREGISTERED"
    Info (12134): Parameter "ADDRESS_ACLR_B" = "NONE"
    Info (12134): Parameter "OUTDATA_ACLR_B" = "NONE"
    Info (12134): Parameter "ADDRESS_REG_B" = "CLOCK1"
    Info (12134): Parameter "INDATA_ACLR_A" = "NONE"
    Info (12134): Parameter "WRCONTROL_ACLR_A" = "NONE"
Info (12021): Found 1 design units, including 1 entities, in source file db/altsyncram_84d1.tdf
    Info (12023): Found entity 1: altsyncram_84d1 File: /project/tsmc65/users/perezba/ws/AlwaysSudxIneqBuild/logs/experiment-mrv-decide/rtl_work/ineqsudx_scan/db/altsyncram_84d1.tdf Line: 28
Info (12130): Elaborated megafunction instantiation "ineqsudx_scan:ineqsudx_scan|ineqsudx_scan_solver:solver|altsyncram:snapshots_rtl_0"
Info (12133): Instantiated megafunction "ineqsudx_scan:ineqsudx_scan|ineqsudx_scan_solver:solver|altsyncram:snapshots_rtl_0" with the following parameter:
    Info (12134): Parameter "OPERATION_MODE" = "DUAL_PORT"
    Info (12134): Parameter "WIDTH_A" = "243"
    Info (12134): Parameter "WIDTHAD_A" = "8"
    Info (12134): Parameter "NUMWORDS_A" = "243"
    Info (12134): Parameter "WIDTH_B" = "243"
    Info (12134): Parameter "WIDTHAD_B" = "8"
    Info (12134): Parameter "NUMWORDS_B" = "243"
    Info (12134): Parameter "ADDRESS_ACLR_A" = "NONE"
    Info (12134): Parameter "OUTDATA_REG_B" = "UNREGISTERED"
    Info (12134): Parameter "ADDRESS_ACLR_B" = "NONE"
    Info (12134): Parameter "OUTDATA_ACLR_B" = "NONE"
    Info (12134): Parameter "ADDRESS_REG_B" = "CLOCK1"
    Info (12134): Parameter "INDATA_ACLR_A" = "NONE"
    Info (12134): Parameter "WRCONTROL_ACLR_A" = "NONE"
Info (12021): Found 1 design units, including 1 entities, in source file db/altsyncram_gad1.tdf
    Info (12023): Found entity 1: altsyncram_gad1 File: /project/tsmc65/users/perezba/ws/AlwaysSudxIneqBuild/logs/experiment-mrv-decide/rtl_work/ineqsudx_scan/db/altsyncram_gad1.tdf Line: 28
Info (286030): Timing-Driven Synthesis is running
Info (17049): 4 registers lost all their fanouts during netlist optimizations.
Info (144001): Generated suppressed messages file /project/tsmc65/users/perezba/ws/AlwaysSudxIneqBuild/logs/experiment-mrv-decide/rtl_work/ineqsudx_scan/qsyn_output_files/ineqsudx_scan.map.smsg
Info (16010): Generating hard_block partition "hard_block:auto_generated_inst"
    Info (16011): Adding 0 node(s), including 0 DDIO, 0 PLL, 0 transceiver and 0 LCELL
Warning (21074): Design contains 16 input pin(s) that do not drive logic
    Warning (15610): No output dependent on input pin "host_regs_read_pulse[0]" File: /data/project/tsmc65/shared/qsyn/qsyn_dummy_xlr_wrap/qsyn_dummy_xlr_wrap_hri.sv Line: 27
    Warning (15610): No output dependent on input pin "host_regs_read_pulse[1]" File: /data/project/tsmc65/shared/qsyn/qsyn_dummy_xlr_wrap/qsyn_dummy_xlr_wrap_hri.sv Line: 27
    Warning (15610): No output dependent on input pin "host_regs_read_pulse[2]" File: /data/project/tsmc65/shared/qsyn/qsyn_dummy_xlr_wrap/qsyn_dummy_xlr_wrap_hri.sv Line: 27
    Warning (15610): No output dependent on input pin "host_regs_read_pulse[3]" File: /data/project/tsmc65/shared/qsyn/qsyn_dummy_xlr_wrap/qsyn_dummy_xlr_wrap_hri.sv Line: 27
    Warning (15610): No output dependent on input pin "host_regs_read_pulse[4]" File: /data/project/tsmc65/shared/qsyn/qsyn_dummy_xlr_wrap/qsyn_dummy_xlr_wrap_hri.sv Line: 27
    Warning (15610): No output dependent on input pin "host_regs_read_pulse[5]" File: /data/project/tsmc65/shared/qsyn/qsyn_dummy_xlr_wrap/qsyn_dummy_xlr_wrap_hri.sv Line: 27
    Warning (15610): No output dependent on input pin "host_regs_read_pulse[6]" File: /data/project/tsmc65/shared/qsyn/qsyn_dummy_xlr_wrap/qsyn_dummy_xlr_wrap_hri.sv Line: 27
    Warning (15610): No output dependent on input pin "host_regs_read_pulse[7]" File: /data/project/tsmc65/shared/qsyn/qsyn_dummy_xlr_wrap/qsyn_dummy_xlr_wrap_hri.sv Line: 27
    Warning (15610): No output dependent on input pin "host_regs_read_pulse[8]" File: /data/project/tsmc65/shared/qsyn/qsyn_dummy_xlr_wrap/qsyn_dummy_xlr_wrap_hri.sv Line: 27
    Warning (15610): No output dependent on input pin "host_regs_read_pulse[9]" File: /data/project/tsmc65/shared/qsyn/qsyn_dummy_xlr_wrap/qsyn_dummy_xlr_wrap_hri.sv Line: 27
    Warning (15610): No output dependent on input pin "host_regs_read_pulse[10]" File: /data/project/tsmc65/shared/qsyn/qsyn_dummy_xlr_wrap/qsyn_dummy_xlr_wrap_hri.sv Line: 27
    Warning (15610): No output dependent on input pin "host_regs_read_pulse[11]" File: /data/project/tsmc65/shared/qsyn/qsyn_dummy_xlr_wrap/qsyn_dummy_xlr_wrap_hri.sv Line: 27
    Warning (15610): No output dependent on input pin "host_regs_read_pulse[12]" File: /data/project/tsmc65/shared/qsyn/qsyn_dummy_xlr_wrap/qsyn_dummy_xlr_wrap_hri.sv Line: 27
    Warning (15610): No output dependent on input pin "host_regs_read_pulse[13]" File: /data/project/tsmc65/shared/qsyn/qsyn_dummy_xlr_wrap/qsyn_dummy_xlr_wrap_hri.sv Line: 27
    Warning (15610): No output dependent on input pin "host_regs_read_pulse[14]" File: /data/project/tsmc65/shared/qsyn/qsyn_dummy_xlr_wrap/qsyn_dummy_xlr_wrap_hri.sv Line: 27
    Warning (15610): No output dependent on input pin "host_regs_read_pulse[15]" File: /data/project/tsmc65/shared/qsyn/qsyn_dummy_xlr_wrap/qsyn_dummy_xlr_wrap_hri.sv Line: 27
Info (21057): Implemented 23587 device resources after synthesis - the final resource count might be different
    Info (21058): Implemented 63 input pins
    Info (21059): Implemented 57 output pins
    Info (21061): Implemented 23209 logic cells
    Info (21064): Implemented 258 RAM segments
Info: Quartus Prime Analysis & Synthesis was successful. 0 errors, 43 warnings
    Info: Peak virtual memory: 600 megabytes
    Info: Processing ended: Wed Sep  9 06:51:33 2026
    Info: Elapsed time: 00:02:48
    Info: Total CPU time (on all processors): 00:00:00


+------------------------------------------+
; Analysis & Synthesis Suppressed Messages ;
+------------------------------------------+
The suppressed messages can be found in /project/tsmc65/users/perezba/ws/AlwaysSudxIneqBuild/logs/experiment-mrv-decide/rtl_work/ineqsudx_scan/qsyn_output_files/ineqsudx_scan.map.smsg.


