Info: *******************************************************************
Info: Running Quartus Prime Timing Analyzer
    Info: Version 24.1std.0 Build 1077 03/04/2025 SC Lite Edition
    Info: Copyright (C) 2025  Altera Corporation. All rights reserved.
    Info: Your use of Altera Corporation's design tools, logic functions 
    Info: and other software and tools, and any partner logic 
    Info: functions, and any output files from any of the foregoing 
    Info: (including device programming or simulation files), and any 
    Info: associated documentation or information are expressly subject 
    Info: to the terms and conditions of the Altera Program License 
    Info: Subscription Agreement, the Altera Quartus Prime License Agreement,
    Info: the Altera IP License Agreement, or other applicable license
    Info: agreement, including, without limitation, that your use is for
    Info: the sole purpose of programming logic devices manufactured by
    Info: Altera and sold by Altera or its authorized distributors.  Please
    Info: refer to the Altera Software License Subscription Agreements 
    Info: on the Quartus Prime software download page.
    Info: Processing started: Tue Sep  8 08:36:28 2026
Info: Command: quartus_sta -t /data/project/tsmc65/shared/qsyn/util/report_worst.tcl sudx_scan
Info: Quartus(args): sudx_scan
Info (21076): High junction temperature operating condition is not set. Assuming a default value of '85'.
Info (21076): Low junction temperature operating condition is not set. Assuming a default value of '0'.
Critical Warning (332012): Synopsys Design Constraints File file not found: '/data/project/tsmc65/shared/qsyn/basic.sdc'. A Synopsys Design Constraints File is required by the Timing Analyzer to get proper timing constraints. Without it, the Compiler will not properly optimize the design.
Info (332142): No user constrained base clocks found in the design. Calling "derive_clocks -period 1.0"
Info (332105): Deriving Clocks
    Info (332105): create_clock -period 1.000 -name clk clk
Info (332143): No user constrained clock uncertainty found in the design. Calling "derive_clock_uncertainty"
Info (332123): Deriving Clock Uncertainty. Please refer to report_sdc in the Timing Analyzer to see clock uncertainties.
Info (332115): Report Timing: Found 20 setup paths (20 violated).  Worst case slack is -16.212
    Info (332115): -setup
    Info (332115): -npaths 20
    Info (332115): -detail full_path
    Info (332115): -stdout
Info (332115): Path #1: Setup slack is -16.212 (VIOLATED)
    Info (332115): ===================================================================
    Info (332115): From Node    : sudx_scan:sudx_scan|sudx_scan_solver:solver|candidate[66][0]
    Info (332115): To Node      : sudx_scan:sudx_scan|sudx_scan_solver:solver|assigned_depth[20][2]
    Info (332115): Launch Clock : clk
    Info (332115): Latch Clock  : clk
    Info (332115): Data Arrival Path:
    Info (332115): Total (ns)  Incr (ns)     Type  Element
    Info (332115): ==========  ========= ==  ====  ===================================
    Info (332115):      0.000      0.000           launch edge time
    Info (332115):      0.000      0.000           source latency
    Info (332115):      0.000      0.000           clk
    Info (332115):      0.000      0.000 RR    IC  clk~input|i
    Info (332115):      0.787      0.787 RR  CELL  clk~input|o
    Info (332115):      1.681      0.894 RR    IC  clk~inputclkctrl|inclk[0]
    Info (332115):      1.681      0.000 RR  CELL  clk~inputclkctrl|outclk
    Info (332115):      3.242      1.561 RR    IC  sudx_scan|solver|candidate[66][0]|clk
    Info (332115):      3.752      0.510 RR  CELL  sudx_scan:sudx_scan|sudx_scan_solver:solver|candidate[66][0]
    Info (332115):      3.959      0.207     uTco  sudx_scan:sudx_scan|sudx_scan_solver:solver|candidate[66][0]
    Info (332115):      3.959      0.000 FF  CELL  sudx_scan|solver|candidate[66][0]|q
    Info (332115):      5.188      1.229 FF    IC  sudx_scan|solver|UNITS[25].candidate_union|any_digit[2][0]~2|dataa
    Info (332115):      5.590      0.402 FF  CELL  sudx_scan|solver|UNITS[25].candidate_union|any_digit[2][0]~2|combout
    Info (332115):      5.850      0.260 FF    IC  sudx_scan|solver|unique_digit[25][0]~70|datac
    Info (332115):      6.148      0.298 FF  CELL  sudx_scan|solver|unique_digit[25][0]~70|combout
    Info (332115):      6.391      0.243 FF    IC  sudx_scan|solver|unique_digit[25][0]~74|datac
    Info (332115):      6.694      0.303 FF  CELL  sudx_scan|solver|unique_digit[25][0]~74|combout
    Info (332115):      8.114      1.420 FF    IC  sudx_scan|solver|forced[58][0]~84|datac
    Info (332115):      8.393      0.279 FR  CELL  sudx_scan|solver|forced[58][0]~84|combout
    Info (332115):      8.650      0.257 RR    IC  sudx_scan|solver|forced[76][0]~85|datab
    Info (332115):      9.099      0.449 RF  CELL  sudx_scan|solver|forced[76][0]~85|combout
    Info (332115):     10.589      1.490 FF    IC  sudx_scan|solver|Equal1308~0|datac
    Info (332115):     10.868      0.279 FR  CELL  sudx_scan|solver|Equal1308~0|combout
    Info (332115):     11.833      0.965 RR    IC  sudx_scan|solver|WideOr130~0|datad
    Info (332115):     11.999      0.166 RR  CELL  sudx_scan|solver|WideOr130~0|combout
    Info (332115):     12.413      0.414 RR    IC  sudx_scan|solver|WideOr130~1|datad
    Info (332115):     12.579      0.166 RR  CELL  sudx_scan|solver|WideOr130~1|combout
    Info (332115):     12.798      0.219 RR    IC  sudx_scan|solver|Selector7~450|datad
    Info (332115):     12.964      0.166 RR  CELL  sudx_scan|solver|Selector7~450|combout
    Info (332115):     13.922      0.958 RR    IC  sudx_scan|solver|Selector7~455|datad
    Info (332115):     14.088      0.166 RR  CELL  sudx_scan|solver|Selector7~455|combout
    Info (332115):     15.312      1.224 RR    IC  sudx_scan|solver|Selector7~496|datac
    Info (332115):     15.617      0.305 RR  CELL  sudx_scan|solver|Selector7~496|combout
    Info (332115):     15.820      0.203 RR    IC  sudx_scan|solver|Selector7~497|datac
    Info (332115):     16.125      0.305 RR  CELL  sudx_scan|solver|Selector7~497|combout
    Info (332115):     16.335      0.210 RR    IC  sudx_scan|solver|propagate~0|datac
    Info (332115):     16.640      0.305 RR  CELL  sudx_scan|solver|propagate~0|combout
    Info (332115):     18.794      2.154 RR    IC  sudx_scan|solver|assigned_depth[20][1]~12|datad
    Info (332115):     18.960      0.166 RR  CELL  sudx_scan|solver|assigned_depth[20][1]~12|combout
    Info (332115):     20.186      1.226 RR    IC  sudx_scan|solver|assigned_depth[20][2]|ena
    Info (332115):     20.810      0.624 RR  CELL  sudx_scan:sudx_scan|sudx_scan_solver:solver|assigned_depth[20][2]
    Info (332115): Data Required Path:
    Info (332115): Total (ns)  Incr (ns)     Type  Element
    Info (332115): ==========  ========= ==  ====  ===================================
    Info (332115):      1.000      1.000           latch edge time
    Info (332115):      1.000      0.000           source latency
    Info (332115):      1.000      0.000           clk
    Info (332115):      1.000      0.000 RR    IC  clk~input|i
    Info (332115):      1.787      0.787 RR  CELL  clk~input|o
    Info (332115):      2.645      0.858 RR    IC  clk~inputclkctrl|inclk[0]
    Info (332115):      2.645      0.000 RR  CELL  clk~inputclkctrl|outclk
    Info (332115):      4.093      1.448 RR    IC  sudx_scan|solver|assigned_depth[20][2]|clk
    Info (332115):      4.568      0.475 RR  CELL  sudx_scan:sudx_scan|sudx_scan_solver:solver|assigned_depth[20][2]
    Info (332115):      4.605      0.037           clock pessimism removed
    Info (332115):      4.585     -0.020           clock uncertainty
    Info (332115):      4.598      0.013     uTsu  sudx_scan:sudx_scan|sudx_scan_solver:solver|assigned_depth[20][2]
    Info (332115): Data Arrival Time  :    20.810
    Info (332115): Data Required Time :     4.598
    Info (332115): Slack              :   -16.212 (VIOLATED)
    Info (332115): ===================================================================
Info (332115): Path #2: Setup slack is -16.212 (VIOLATED)
    Info (332115): ===================================================================
    Info (332115): From Node    : sudx_scan:sudx_scan|sudx_scan_solver:solver|candidate[66][0]
    Info (332115): To Node      : sudx_scan:sudx_scan|sudx_scan_solver:solver|assigned_depth[20][3]
    Info (332115): Launch Clock : clk
    Info (332115): Latch Clock  : clk
    Info (332115): Data Arrival Path:
    Info (332115): Total (ns)  Incr (ns)     Type  Element
    Info (332115): ==========  ========= ==  ====  ===================================
    Info (332115):      0.000      0.000           launch edge time
    Info (332115):      0.000      0.000           source latency
    Info (332115):      0.000      0.000           clk
    Info (332115):      0.000      0.000 RR    IC  clk~input|i
    Info (332115):      0.787      0.787 RR  CELL  clk~input|o
    Info (332115):      1.681      0.894 RR    IC  clk~inputclkctrl|inclk[0]
    Info (332115):      1.681      0.000 RR  CELL  clk~inputclkctrl|outclk
    Info (332115):      3.242      1.561 RR    IC  sudx_scan|solver|candidate[66][0]|clk
    Info (332115):      3.752      0.510 RR  CELL  sudx_scan:sudx_scan|sudx_scan_solver:solver|candidate[66][0]
    Info (332115):      3.959      0.207     uTco  sudx_scan:sudx_scan|sudx_scan_solver:solver|candidate[66][0]
    Info (332115):      3.959      0.000 FF  CELL  sudx_scan|solver|candidate[66][0]|q
    Info (332115):      5.188      1.229 FF    IC  sudx_scan|solver|UNITS[25].candidate_union|any_digit[2][0]~2|dataa
    Info (332115):      5.590      0.402 FF  CELL  sudx_scan|solver|UNITS[25].candidate_union|any_digit[2][0]~2|combout
    Info (332115):      5.850      0.260 FF    IC  sudx_scan|solver|unique_digit[25][0]~70|datac
    Info (332115):      6.148      0.298 FF  CELL  sudx_scan|solver|unique_digit[25][0]~70|combout
    Info (332115):      6.391      0.243 FF    IC  sudx_scan|solver|unique_digit[25][0]~74|datac
    Info (332115):      6.694      0.303 FF  CELL  sudx_scan|solver|unique_digit[25][0]~74|combout
    Info (332115):      8.114      1.420 FF    IC  sudx_scan|solver|forced[58][0]~84|datac
    Info (332115):      8.393      0.279 FR  CELL  sudx_scan|solver|forced[58][0]~84|combout
    Info (332115):      8.650      0.257 RR    IC  sudx_scan|solver|forced[76][0]~85|datab
    Info (332115):      9.099      0.449 RF  CELL  sudx_scan|solver|forced[76][0]~85|combout
    Info (332115):     10.589      1.490 FF    IC  sudx_scan|solver|Equal1308~0|datac
    Info (332115):     10.868      0.279 FR  CELL  sudx_scan|solver|Equal1308~0|combout
    Info (332115):     11.833      0.965 RR    IC  sudx_scan|solver|WideOr130~0|datad
    Info (332115):     11.999      0.166 RR  CELL  sudx_scan|solver|WideOr130~0|combout
    Info (332115):     12.413      0.414 RR    IC  sudx_scan|solver|WideOr130~1|datad
    Info (332115):     12.579      0.166 RR  CELL  sudx_scan|solver|WideOr130~1|combout
    Info (332115):     12.798      0.219 RR    IC  sudx_scan|solver|Selector7~450|datad
    Info (332115):     12.964      0.166 RR  CELL  sudx_scan|solver|Selector7~450|combout
    Info (332115):     13.922      0.958 RR    IC  sudx_scan|solver|Selector7~455|datad
    Info (332115):     14.088      0.166 RR  CELL  sudx_scan|solver|Selector7~455|combout
    Info (332115):     15.312      1.224 RR    IC  sudx_scan|solver|Selector7~496|datac
    Info (332115):     15.617      0.305 RR  CELL  sudx_scan|solver|Selector7~496|combout
    Info (332115):     15.820      0.203 RR    IC  sudx_scan|solver|Selector7~497|datac
    Info (332115):     16.125      0.305 RR  CELL  sudx_scan|solver|Selector7~497|combout
    Info (332115):     16.335      0.210 RR    IC  sudx_scan|solver|propagate~0|datac
    Info (332115):     16.640      0.305 RR  CELL  sudx_scan|solver|propagate~0|combout
    Info (332115):     18.794      2.154 RR    IC  sudx_scan|solver|assigned_depth[20][1]~12|datad
    Info (332115):     18.960      0.166 RR  CELL  sudx_scan|solver|assigned_depth[20][1]~12|combout
    Info (332115):     20.186      1.226 RR    IC  sudx_scan|solver|assigned_depth[20][3]|ena
    Info (332115):     20.810      0.624 RR  CELL  sudx_scan:sudx_scan|sudx_scan_solver:solver|assigned_depth[20][3]
    Info (332115): Data Required Path:
    Info (332115): Total (ns)  Incr (ns)     Type  Element
    Info (332115): ==========  ========= ==  ====  ===================================
    Info (332115):      1.000      1.000           latch edge time
    Info (332115):      1.000      0.000           source latency
    Info (332115):      1.000      0.000           clk
    Info (332115):      1.000      0.000 RR    IC  clk~input|i
    Info (332115):      1.787      0.787 RR  CELL  clk~input|o
    Info (332115):      2.645      0.858 RR    IC  clk~inputclkctrl|inclk[0]
    Info (332115):      2.645      0.000 RR  CELL  clk~inputclkctrl|outclk
    Info (332115):      4.093      1.448 RR    IC  sudx_scan|solver|assigned_depth[20][3]|clk
    Info (332115):      4.568      0.475 RR  CELL  sudx_scan:sudx_scan|sudx_scan_solver:solver|assigned_depth[20][3]
    Info (332115):      4.605      0.037           clock pessimism removed
    Info (332115):      4.585     -0.020           clock uncertainty
    Info (332115):      4.598      0.013     uTsu  sudx_scan:sudx_scan|sudx_scan_solver:solver|assigned_depth[20][3]
    Info (332115): Data Arrival Time  :    20.810
    Info (332115): Data Required Time :     4.598
    Info (332115): Slack              :   -16.212 (VIOLATED)
    Info (332115): ===================================================================
Info (332115): Path #3: Setup slack is -16.212 (VIOLATED)
    Info (332115): ===================================================================
    Info (332115): From Node    : sudx_scan:sudx_scan|sudx_scan_solver:solver|candidate[66][0]
    Info (332115): To Node      : sudx_scan:sudx_scan|sudx_scan_solver:solver|assigned_depth[20][1]
    Info (332115): Launch Clock : clk
    Info (332115): Latch Clock  : clk
    Info (332115): Data Arrival Path:
    Info (332115): Total (ns)  Incr (ns)     Type  Element
    Info (332115): ==========  ========= ==  ====  ===================================
    Info (332115):      0.000      0.000           launch edge time
    Info (332115):      0.000      0.000           source latency
    Info (332115):      0.000      0.000           clk
    Info (332115):      0.000      0.000 RR    IC  clk~input|i
    Info (332115):      0.787      0.787 RR  CELL  clk~input|o
    Info (332115):      1.681      0.894 RR    IC  clk~inputclkctrl|inclk[0]
    Info (332115):      1.681      0.000 RR  CELL  clk~inputclkctrl|outclk
    Info (332115):      3.242      1.561 RR    IC  sudx_scan|solver|candidate[66][0]|clk
    Info (332115):      3.752      0.510 RR  CELL  sudx_scan:sudx_scan|sudx_scan_solver:solver|candidate[66][0]
    Info (332115):      3.959      0.207     uTco  sudx_scan:sudx_scan|sudx_scan_solver:solver|candidate[66][0]
    Info (332115):      3.959      0.000 FF  CELL  sudx_scan|solver|candidate[66][0]|q
    Info (332115):      5.188      1.229 FF    IC  sudx_scan|solver|UNITS[25].candidate_union|any_digit[2][0]~2|dataa
    Info (332115):      5.590      0.402 FF  CELL  sudx_scan|solver|UNITS[25].candidate_union|any_digit[2][0]~2|combout
    Info (332115):      5.850      0.260 FF    IC  sudx_scan|solver|unique_digit[25][0]~70|datac
    Info (332115):      6.148      0.298 FF  CELL  sudx_scan|solver|unique_digit[25][0]~70|combout
    Info (332115):      6.391      0.243 FF    IC  sudx_scan|solver|unique_digit[25][0]~74|datac
    Info (332115):      6.694      0.303 FF  CELL  sudx_scan|solver|unique_digit[25][0]~74|combout
    Info (332115):      8.114      1.420 FF    IC  sudx_scan|solver|forced[58][0]~84|datac
    Info (332115):      8.393      0.279 FR  CELL  sudx_scan|solver|forced[58][0]~84|combout
    Info (332115):      8.650      0.257 RR    IC  sudx_scan|solver|forced[76][0]~85|datab
    Info (332115):      9.099      0.449 RF  CELL  sudx_scan|solver|forced[76][0]~85|combout
    Info (332115):     10.589      1.490 FF    IC  sudx_scan|solver|Equal1308~0|datac
    Info (332115):     10.868      0.279 FR  CELL  sudx_scan|solver|Equal1308~0|combout
    Info (332115):     11.833      0.965 RR    IC  sudx_scan|solver|WideOr130~0|datad
    Info (332115):     11.999      0.166 RR  CELL  sudx_scan|solver|WideOr130~0|combout
    Info (332115):     12.413      0.414 RR    IC  sudx_scan|solver|WideOr130~1|datad
    Info (332115):     12.579      0.166 RR  CELL  sudx_scan|solver|WideOr130~1|combout
    Info (332115):     12.798      0.219 RR    IC  sudx_scan|solver|Selector7~450|datad
    Info (332115):     12.964      0.166 RR  CELL  sudx_scan|solver|Selector7~450|combout
    Info (332115):     13.922      0.958 RR    IC  sudx_scan|solver|Selector7~455|datad
    Info (332115):     14.088      0.166 RR  CELL  sudx_scan|solver|Selector7~455|combout
    Info (332115):     15.312      1.224 RR    IC  sudx_scan|solver|Selector7~496|datac
    Info (332115):     15.617      0.305 RR  CELL  sudx_scan|solver|Selector7~496|combout
    Info (332115):     15.820      0.203 RR    IC  sudx_scan|solver|Selector7~497|datac
    Info (332115):     16.125      0.305 RR  CELL  sudx_scan|solver|Selector7~497|combout
    Info (332115):     16.335      0.210 RR    IC  sudx_scan|solver|propagate~0|datac
    Info (332115):     16.640      0.305 RR  CELL  sudx_scan|solver|propagate~0|combout
    Info (332115):     18.794      2.154 RR    IC  sudx_scan|solver|assigned_depth[20][1]~12|datad
    Info (332115):     18.960      0.166 RR  CELL  sudx_scan|solver|assigned_depth[20][1]~12|combout
    Info (332115):     20.186      1.226 RR    IC  sudx_scan|solver|assigned_depth[20][1]|ena
    Info (332115):     20.810      0.624 RR  CELL  sudx_scan:sudx_scan|sudx_scan_solver:solver|assigned_depth[20][1]
    Info (332115): Data Required Path:
    Info (332115): Total (ns)  Incr (ns)     Type  Element
    Info (332115): ==========  ========= ==  ====  ===================================
    Info (332115):      1.000      1.000           latch edge time
    Info (332115):      1.000      0.000           source latency
    Info (332115):      1.000      0.000           clk
    Info (332115):      1.000      0.000 RR    IC  clk~input|i
    Info (332115):      1.787      0.787 RR  CELL  clk~input|o
    Info (332115):      2.645      0.858 RR    IC  clk~inputclkctrl|inclk[0]
    Info (332115):      2.645      0.000 RR  CELL  clk~inputclkctrl|outclk
    Info (332115):      4.093      1.448 RR    IC  sudx_scan|solver|assigned_depth[20][1]|clk
    Info (332115):      4.568      0.475 RR  CELL  sudx_scan:sudx_scan|sudx_scan_solver:solver|assigned_depth[20][1]
    Info (332115):      4.605      0.037           clock pessimism removed
    Info (332115):      4.585     -0.020           clock uncertainty
    Info (332115):      4.598      0.013     uTsu  sudx_scan:sudx_scan|sudx_scan_solver:solver|assigned_depth[20][1]
    Info (332115): Data Arrival Time  :    20.810
    Info (332115): Data Required Time :     4.598
    Info (332115): Slack              :   -16.212 (VIOLATED)
    Info (332115): ===================================================================
Info (332115): Path #4: Setup slack is -16.212 (VIOLATED)
    Info (332115): ===================================================================
    Info (332115): From Node    : sudx_scan:sudx_scan|sudx_scan_solver:solver|candidate[66][0]
    Info (332115): To Node      : sudx_scan:sudx_scan|sudx_scan_solver:solver|assigned_depth[20][0]
    Info (332115): Launch Clock : clk
    Info (332115): Latch Clock  : clk
    Info (332115): Data Arrival Path:
    Info (332115): Total (ns)  Incr (ns)     Type  Element
    Info (332115): ==========  ========= ==  ====  ===================================
    Info (332115):      0.000      0.000           launch edge time
    Info (332115):      0.000      0.000           source latency
    Info (332115):      0.000      0.000           clk
    Info (332115):      0.000      0.000 RR    IC  clk~input|i
    Info (332115):      0.787      0.787 RR  CELL  clk~input|o
    Info (332115):      1.681      0.894 RR    IC  clk~inputclkctrl|inclk[0]
    Info (332115):      1.681      0.000 RR  CELL  clk~inputclkctrl|outclk
    Info (332115):      3.242      1.561 RR    IC  sudx_scan|solver|candidate[66][0]|clk
    Info (332115):      3.752      0.510 RR  CELL  sudx_scan:sudx_scan|sudx_scan_solver:solver|candidate[66][0]
    Info (332115):      3.959      0.207     uTco  sudx_scan:sudx_scan|sudx_scan_solver:solver|candidate[66][0]
    Info (332115):      3.959      0.000 FF  CELL  sudx_scan|solver|candidate[66][0]|q
    Info (332115):      5.188      1.229 FF    IC  sudx_scan|solver|UNITS[25].candidate_union|any_digit[2][0]~2|dataa
    Info (332115):      5.590      0.402 FF  CELL  sudx_scan|solver|UNITS[25].candidate_union|any_digit[2][0]~2|combout
    Info (332115):      5.850      0.260 FF    IC  sudx_scan|solver|unique_digit[25][0]~70|datac
    Info (332115):      6.148      0.298 FF  CELL  sudx_scan|solver|unique_digit[25][0]~70|combout
    Info (332115):      6.391      0.243 FF    IC  sudx_scan|solver|unique_digit[25][0]~74|datac
    Info (332115):      6.694      0.303 FF  CELL  sudx_scan|solver|unique_digit[25][0]~74|combout
    Info (332115):      8.114      1.420 FF    IC  sudx_scan|solver|forced[58][0]~84|datac
    Info (332115):      8.393      0.279 FR  CELL  sudx_scan|solver|forced[58][0]~84|combout
    Info (332115):      8.650      0.257 RR    IC  sudx_scan|solver|forced[76][0]~85|datab
    Info (332115):      9.099      0.449 RF  CELL  sudx_scan|solver|forced[76][0]~85|combout
    Info (332115):     10.589      1.490 FF    IC  sudx_scan|solver|Equal1308~0|datac
    Info (332115):     10.868      0.279 FR  CELL  sudx_scan|solver|Equal1308~0|combout
    Info (332115):     11.833      0.965 RR    IC  sudx_scan|solver|WideOr130~0|datad
    Info (332115):     11.999      0.166 RR  CELL  sudx_scan|solver|WideOr130~0|combout
    Info (332115):     12.413      0.414 RR    IC  sudx_scan|solver|WideOr130~1|datad
    Info (332115):     12.579      0.166 RR  CELL  sudx_scan|solver|WideOr130~1|combout
    Info (332115):     12.798      0.219 RR    IC  sudx_scan|solver|Selector7~450|datad
    Info (332115):     12.964      0.166 RR  CELL  sudx_scan|solver|Selector7~450|combout
    Info (332115):     13.922      0.958 RR    IC  sudx_scan|solver|Selector7~455|datad
    Info (332115):     14.088      0.166 RR  CELL  sudx_scan|solver|Selector7~455|combout
    Info (332115):     15.312      1.224 RR    IC  sudx_scan|solver|Selector7~496|datac
    Info (332115):     15.617      0.305 RR  CELL  sudx_scan|solver|Selector7~496|combout
    Info (332115):     15.820      0.203 RR    IC  sudx_scan|solver|Selector7~497|datac
    Info (332115):     16.125      0.305 RR  CELL  sudx_scan|solver|Selector7~497|combout
    Info (332115):     16.335      0.210 RR    IC  sudx_scan|solver|propagate~0|datac
    Info (332115):     16.640      0.305 RR  CELL  sudx_scan|solver|propagate~0|combout
    Info (332115):     18.794      2.154 RR    IC  sudx_scan|solver|assigned_depth[20][1]~12|datad
    Info (332115):     18.960      0.166 RR  CELL  sudx_scan|solver|assigned_depth[20][1]~12|combout
    Info (332115):     20.186      1.226 RR    IC  sudx_scan|solver|assigned_depth[20][0]|ena
    Info (332115):     20.810      0.624 RR  CELL  sudx_scan:sudx_scan|sudx_scan_solver:solver|assigned_depth[20][0]
    Info (332115): Data Required Path:
    Info (332115): Total (ns)  Incr (ns)     Type  Element
    Info (332115): ==========  ========= ==  ====  ===================================
    Info (332115):      1.000      1.000           latch edge time
    Info (332115):      1.000      0.000           source latency
    Info (332115):      1.000      0.000           clk
    Info (332115):      1.000      0.000 RR    IC  clk~input|i
    Info (332115):      1.787      0.787 RR  CELL  clk~input|o
    Info (332115):      2.645      0.858 RR    IC  clk~inputclkctrl|inclk[0]
    Info (332115):      2.645      0.000 RR  CELL  clk~inputclkctrl|outclk
    Info (332115):      4.093      1.448 RR    IC  sudx_scan|solver|assigned_depth[20][0]|clk
    Info (332115):      4.568      0.475 RR  CELL  sudx_scan:sudx_scan|sudx_scan_solver:solver|assigned_depth[20][0]
    Info (332115):      4.605      0.037           clock pessimism removed
    Info (332115):      4.585     -0.020           clock uncertainty
    Info (332115):      4.598      0.013     uTsu  sudx_scan:sudx_scan|sudx_scan_solver:solver|assigned_depth[20][0]
    Info (332115): Data Arrival Time  :    20.810
    Info (332115): Data Required Time :     4.598
    Info (332115): Slack              :   -16.212 (VIOLATED)
    Info (332115): ===================================================================
Info (332115): Path #5: Setup slack is -16.192 (VIOLATED)
    Info (332115): ===================================================================
    Info (332115): From Node    : sudx_scan:sudx_scan|sudx_scan_solver:solver|candidate[39][0]
    Info (332115): To Node      : sudx_scan:sudx_scan|sudx_scan_solver:solver|assigned_depth[20][0]
    Info (332115): Launch Clock : clk
    Info (332115): Latch Clock  : clk
    Info (332115): Data Arrival Path:
    Info (332115): Total (ns)  Incr (ns)     Type  Element
    Info (332115): ==========  ========= ==  ====  ===================================
    Info (332115):      0.000      0.000           launch edge time
    Info (332115):      0.000      0.000           source latency
    Info (332115):      0.000      0.000           clk
    Info (332115):      0.000      0.000 RR    IC  clk~input|i
    Info (332115):      0.787      0.787 RR  CELL  clk~input|o
    Info (332115):      1.681      0.894 RR    IC  clk~inputclkctrl|inclk[0]
    Info (332115):      1.681      0.000 RR  CELL  clk~inputclkctrl|outclk
    Info (332115):      3.194      1.513 RR    IC  sudx_scan|solver|candidate[39][0]|clk
    Info (332115):      3.704      0.510 RR  CELL  sudx_scan:sudx_scan|sudx_scan_solver:solver|candidate[39][0]
    Info (332115):      3.911      0.207     uTco  sudx_scan:sudx_scan|sudx_scan_solver:solver|candidate[39][0]
    Info (332115):      3.911      0.000 FF  CELL  sudx_scan|solver|candidate[39][0]|q
    Info (332115):      5.942      2.031 FF    IC  sudx_scan|solver|UNITS[12].candidate_union|any_digit[5][0]~3|dataa
    Info (332115):      6.344      0.402 FF  CELL  sudx_scan|solver|UNITS[12].candidate_union|any_digit[5][0]~3|combout
    Info (332115):      6.606      0.262 FF    IC  sudx_scan|solver|unique_digit[12][0]~325|datad
    Info (332115):      6.737      0.131 FF  CELL  sudx_scan|solver|unique_digit[12][0]~325|combout
    Info (332115):      6.983      0.246 FF    IC  sudx_scan|solver|unique_digit[12][0]~329|datac
    Info (332115):      7.286      0.303 FF  CELL  sudx_scan|solver|unique_digit[12][0]~329|combout
    Info (332115):      9.112      1.826 FF    IC  sudx_scan|solver|forced[57][0]~59|datac
    Info (332115):      9.391      0.279 FR  CELL  sudx_scan|solver|forced[57][0]~59|combout
    Info (332115):      9.618      0.227 RR    IC  sudx_scan|solver|forced[75][0]~60|datad
    Info (332115):      9.763      0.145 RF  CELL  sudx_scan|solver|forced[75][0]~60|combout
    Info (332115):     11.067      1.304 FF    IC  sudx_scan|solver|Equal1291~0|datac
    Info (332115):     11.346      0.279 FR  CELL  sudx_scan|solver|Equal1291~0|combout
    Info (332115):     12.027      0.681 RR    IC  sudx_scan|solver|Selector7~349|datab
    Info (332115):     12.429      0.402 RR  CELL  sudx_scan|solver|Selector7~349|combout
    Info (332115):     13.037      0.608 RR    IC  sudx_scan|solver|Selector7~352|datac
    Info (332115):     13.342      0.305 RR  CELL  sudx_scan|solver|Selector7~352|combout
    Info (332115):     14.062      0.720 RR    IC  sudx_scan|solver|Selector7~363|dataa
    Info (332115):     14.406      0.344 RR  CELL  sudx_scan|solver|Selector7~363|combout
    Info (332115):     14.611      0.205 RR    IC  sudx_scan|solver|Selector7~367|datad
    Info (332115):     14.777      0.166 RR  CELL  sudx_scan|solver|Selector7~367|combout
    Info (332115):     15.727      0.950 RR    IC  sudx_scan|solver|Selector7~368|datad
    Info (332115):     15.893      0.166 RR  CELL  sudx_scan|solver|Selector7~368|combout
    Info (332115):     16.098      0.205 RR    IC  sudx_scan|solver|Selector7~369|datad
    Info (332115):     16.264      0.166 RR  CELL  sudx_scan|solver|Selector7~369|combout
    Info (332115):     16.476      0.212 RR    IC  sudx_scan|solver|propagate~0|datad
    Info (332115):     16.642      0.166 RR  CELL  sudx_scan|solver|propagate~0|combout
    Info (332115):     18.796      2.154 RR    IC  sudx_scan|solver|assigned_depth[20][1]~12|datad
    Info (332115):     18.962      0.166 RR  CELL  sudx_scan|solver|assigned_depth[20][1]~12|combout
    Info (332115):     20.188      1.226 RR    IC  sudx_scan|solver|assigned_depth[20][0]|ena
    Info (332115):     20.812      0.624 RR  CELL  sudx_scan:sudx_scan|sudx_scan_solver:solver|assigned_depth[20][0]
    Info (332115): Data Required Path:
    Info (332115): Total (ns)  Incr (ns)     Type  Element
    Info (332115): ==========  ========= ==  ====  ===================================
    Info (332115):      1.000      1.000           latch edge time
    Info (332115):      1.000      0.000           source latency
    Info (332115):      1.000      0.000           clk
    Info (332115):      1.000      0.000 RR    IC  clk~input|i
    Info (332115):      1.787      0.787 RR  CELL  clk~input|o
    Info (332115):      2.645      0.858 RR    IC  clk~inputclkctrl|inclk[0]
    Info (332115):      2.645      0.000 RR  CELL  clk~inputclkctrl|outclk
    Info (332115):      4.093      1.448 RR    IC  sudx_scan|solver|assigned_depth[20][0]|clk
    Info (332115):      4.568      0.475 RR  CELL  sudx_scan:sudx_scan|sudx_scan_solver:solver|assigned_depth[20][0]
    Info (332115):      4.627      0.059           clock pessimism removed
    Info (332115):      4.607     -0.020           clock uncertainty
    Info (332115):      4.620      0.013     uTsu  sudx_scan:sudx_scan|sudx_scan_solver:solver|assigned_depth[20][0]
    Info (332115): Data Arrival Time  :    20.812
    Info (332115): Data Required Time :     4.620
    Info (332115): Slack              :   -16.192 (VIOLATED)
    Info (332115): ===================================================================
Info (332115): Path #6: Setup slack is -16.192 (VIOLATED)
    Info (332115): ===================================================================
    Info (332115): From Node    : sudx_scan:sudx_scan|sudx_scan_solver:solver|candidate[39][0]
    Info (332115): To Node      : sudx_scan:sudx_scan|sudx_scan_solver:solver|assigned_depth[20][1]
    Info (332115): Launch Clock : clk
    Info (332115): Latch Clock  : clk
    Info (332115): Data Arrival Path:
    Info (332115): Total (ns)  Incr (ns)     Type  Element
    Info (332115): ==========  ========= ==  ====  ===================================
    Info (332115):      0.000      0.000           launch edge time
    Info (332115):      0.000      0.000           source latency
    Info (332115):      0.000      0.000           clk
    Info (332115):      0.000      0.000 RR    IC  clk~input|i
    Info (332115):      0.787      0.787 RR  CELL  clk~input|o
    Info (332115):      1.681      0.894 RR    IC  clk~inputclkctrl|inclk[0]
    Info (332115):      1.681      0.000 RR  CELL  clk~inputclkctrl|outclk
    Info (332115):      3.194      1.513 RR    IC  sudx_scan|solver|candidate[39][0]|clk
    Info (332115):      3.704      0.510 RR  CELL  sudx_scan:sudx_scan|sudx_scan_solver:solver|candidate[39][0]
    Info (332115):      3.911      0.207     uTco  sudx_scan:sudx_scan|sudx_scan_solver:solver|candidate[39][0]
    Info (332115):      3.911      0.000 FF  CELL  sudx_scan|solver|candidate[39][0]|q
    Info (332115):      5.942      2.031 FF    IC  sudx_scan|solver|UNITS[12].candidate_union|any_digit[5][0]~3|dataa
    Info (332115):      6.344      0.402 FF  CELL  sudx_scan|solver|UNITS[12].candidate_union|any_digit[5][0]~3|combout
    Info (332115):      6.606      0.262 FF    IC  sudx_scan|solver|unique_digit[12][0]~325|datad
    Info (332115):      6.737      0.131 FF  CELL  sudx_scan|solver|unique_digit[12][0]~325|combout
    Info (332115):      6.983      0.246 FF    IC  sudx_scan|solver|unique_digit[12][0]~329|datac
    Info (332115):      7.286      0.303 FF  CELL  sudx_scan|solver|unique_digit[12][0]~329|combout
    Info (332115):      9.112      1.826 FF    IC  sudx_scan|solver|forced[57][0]~59|datac
    Info (332115):      9.391      0.279 FR  CELL  sudx_scan|solver|forced[57][0]~59|combout
    Info (332115):      9.618      0.227 RR    IC  sudx_scan|solver|forced[75][0]~60|datad
    Info (332115):      9.763      0.145 RF  CELL  sudx_scan|solver|forced[75][0]~60|combout
    Info (332115):     11.067      1.304 FF    IC  sudx_scan|solver|Equal1291~0|datac
    Info (332115):     11.346      0.279 FR  CELL  sudx_scan|solver|Equal1291~0|combout
    Info (332115):     12.027      0.681 RR    IC  sudx_scan|solver|Selector7~349|datab
    Info (332115):     12.429      0.402 RR  CELL  sudx_scan|solver|Selector7~349|combout
    Info (332115):     13.037      0.608 RR    IC  sudx_scan|solver|Selector7~352|datac
    Info (332115):     13.342      0.305 RR  CELL  sudx_scan|solver|Selector7~352|combout
    Info (332115):     14.062      0.720 RR    IC  sudx_scan|solver|Selector7~363|dataa
    Info (332115):     14.406      0.344 RR  CELL  sudx_scan|solver|Selector7~363|combout
    Info (332115):     14.611      0.205 RR    IC  sudx_scan|solver|Selector7~367|datad
    Info (332115):     14.777      0.166 RR  CELL  sudx_scan|solver|Selector7~367|combout
    Info (332115):     15.727      0.950 RR    IC  sudx_scan|solver|Selector7~368|datad
    Info (332115):     15.893      0.166 RR  CELL  sudx_scan|solver|Selector7~368|combout
    Info (332115):     16.098      0.205 RR    IC  sudx_scan|solver|Selector7~369|datad
    Info (332115):     16.264      0.166 RR  CELL  sudx_scan|solver|Selector7~369|combout
    Info (332115):     16.476      0.212 RR    IC  sudx_scan|solver|propagate~0|datad
    Info (332115):     16.642      0.166 RR  CELL  sudx_scan|solver|propagate~0|combout
    Info (332115):     18.796      2.154 RR    IC  sudx_scan|solver|assigned_depth[20][1]~12|datad
    Info (332115):     18.962      0.166 RR  CELL  sudx_scan|solver|assigned_depth[20][1]~12|combout
    Info (332115):     20.188      1.226 RR    IC  sudx_scan|solver|assigned_depth[20][1]|ena
    Info (332115):     20.812      0.624 RR  CELL  sudx_scan:sudx_scan|sudx_scan_solver:solver|assigned_depth[20][1]
    Info (332115): Data Required Path:
    Info (332115): Total (ns)  Incr (ns)     Type  Element
    Info (332115): ==========  ========= ==  ====  ===================================
    Info (332115):      1.000      1.000           latch edge time
    Info (332115):      1.000      0.000           source latency
    Info (332115):      1.000      0.000           clk
    Info (332115):      1.000      0.000 RR    IC  clk~input|i
    Info (332115):      1.787      0.787 RR  CELL  clk~input|o
    Info (332115):      2.645      0.858 RR    IC  clk~inputclkctrl|inclk[0]
    Info (332115):      2.645      0.000 RR  CELL  clk~inputclkctrl|outclk
    Info (332115):      4.093      1.448 RR    IC  sudx_scan|solver|assigned_depth[20][1]|clk
    Info (332115):      4.568      0.475 RR  CELL  sudx_scan:sudx_scan|sudx_scan_solver:solver|assigned_depth[20][1]
    Info (332115):      4.627      0.059           clock pessimism removed
    Info (332115):      4.607     -0.020           clock uncertainty
    Info (332115):      4.620      0.013     uTsu  sudx_scan:sudx_scan|sudx_scan_solver:solver|assigned_depth[20][1]
    Info (332115): Data Arrival Time  :    20.812
    Info (332115): Data Required Time :     4.620
    Info (332115): Slack              :   -16.192 (VIOLATED)
    Info (332115): ===================================================================
Info (332115): Path #7: Setup slack is -16.192 (VIOLATED)
    Info (332115): ===================================================================
    Info (332115): From Node    : sudx_scan:sudx_scan|sudx_scan_solver:solver|candidate[39][0]
    Info (332115): To Node      : sudx_scan:sudx_scan|sudx_scan_solver:solver|assigned_depth[20][2]
    Info (332115): Launch Clock : clk
    Info (332115): Latch Clock  : clk
    Info (332115): Data Arrival Path:
    Info (332115): Total (ns)  Incr (ns)     Type  Element
    Info (332115): ==========  ========= ==  ====  ===================================
    Info (332115):      0.000      0.000           launch edge time
    Info (332115):      0.000      0.000           source latency
    Info (332115):      0.000      0.000           clk
    Info (332115):      0.000      0.000 RR    IC  clk~input|i
    Info (332115):      0.787      0.787 RR  CELL  clk~input|o
    Info (332115):      1.681      0.894 RR    IC  clk~inputclkctrl|inclk[0]
    Info (332115):      1.681      0.000 RR  CELL  clk~inputclkctrl|outclk
    Info (332115):      3.194      1.513 RR    IC  sudx_scan|solver|candidate[39][0]|clk
    Info (332115):      3.704      0.510 RR  CELL  sudx_scan:sudx_scan|sudx_scan_solver:solver|candidate[39][0]
    Info (332115):      3.911      0.207     uTco  sudx_scan:sudx_scan|sudx_scan_solver:solver|candidate[39][0]
    Info (332115):      3.911      0.000 FF  CELL  sudx_scan|solver|candidate[39][0]|q
    Info (332115):      5.942      2.031 FF    IC  sudx_scan|solver|UNITS[12].candidate_union|any_digit[5][0]~3|dataa
    Info (332115):      6.344      0.402 FF  CELL  sudx_scan|solver|UNITS[12].candidate_union|any_digit[5][0]~3|combout
    Info (332115):      6.606      0.262 FF    IC  sudx_scan|solver|unique_digit[12][0]~325|datad
    Info (332115):      6.737      0.131 FF  CELL  sudx_scan|solver|unique_digit[12][0]~325|combout
    Info (332115):      6.983      0.246 FF    IC  sudx_scan|solver|unique_digit[12][0]~329|datac
    Info (332115):      7.286      0.303 FF  CELL  sudx_scan|solver|unique_digit[12][0]~329|combout
    Info (332115):      9.112      1.826 FF    IC  sudx_scan|solver|forced[57][0]~59|datac
    Info (332115):      9.391      0.279 FR  CELL  sudx_scan|solver|forced[57][0]~59|combout
    Info (332115):      9.618      0.227 RR    IC  sudx_scan|solver|forced[75][0]~60|datad
    Info (332115):      9.763      0.145 RF  CELL  sudx_scan|solver|forced[75][0]~60|combout
    Info (332115):     11.067      1.304 FF    IC  sudx_scan|solver|Equal1291~0|datac
    Info (332115):     11.346      0.279 FR  CELL  sudx_scan|solver|Equal1291~0|combout
    Info (332115):     12.027      0.681 RR    IC  sudx_scan|solver|Selector7~349|datab
    Info (332115):     12.429      0.402 RR  CELL  sudx_scan|solver|Selector7~349|combout
    Info (332115):     13.037      0.608 RR    IC  sudx_scan|solver|Selector7~352|datac
    Info (332115):     13.342      0.305 RR  CELL  sudx_scan|solver|Selector7~352|combout
    Info (332115):     14.062      0.720 RR    IC  sudx_scan|solver|Selector7~363|dataa
    Info (332115):     14.406      0.344 RR  CELL  sudx_scan|solver|Selector7~363|combout
    Info (332115):     14.611      0.205 RR    IC  sudx_scan|solver|Selector7~367|datad
    Info (332115):     14.777      0.166 RR  CELL  sudx_scan|solver|Selector7~367|combout
    Info (332115):     15.727      0.950 RR    IC  sudx_scan|solver|Selector7~368|datad
    Info (332115):     15.893      0.166 RR  CELL  sudx_scan|solver|Selector7~368|combout
    Info (332115):     16.098      0.205 RR    IC  sudx_scan|solver|Selector7~369|datad
    Info (332115):     16.264      0.166 RR  CELL  sudx_scan|solver|Selector7~369|combout
    Info (332115):     16.476      0.212 RR    IC  sudx_scan|solver|propagate~0|datad
    Info (332115):     16.642      0.166 RR  CELL  sudx_scan|solver|propagate~0|combout
    Info (332115):     18.796      2.154 RR    IC  sudx_scan|solver|assigned_depth[20][1]~12|datad
    Info (332115):     18.962      0.166 RR  CELL  sudx_scan|solver|assigned_depth[20][1]~12|combout
    Info (332115):     20.188      1.226 RR    IC  sudx_scan|solver|assigned_depth[20][2]|ena
    Info (332115):     20.812      0.624 RR  CELL  sudx_scan:sudx_scan|sudx_scan_solver:solver|assigned_depth[20][2]
    Info (332115): Data Required Path:
    Info (332115): Total (ns)  Incr (ns)     Type  Element
    Info (332115): ==========  ========= ==  ====  ===================================
    Info (332115):      1.000      1.000           latch edge time
    Info (332115):      1.000      0.000           source latency
    Info (332115):      1.000      0.000           clk
    Info (332115):      1.000      0.000 RR    IC  clk~input|i
    Info (332115):      1.787      0.787 RR  CELL  clk~input|o
    Info (332115):      2.645      0.858 RR    IC  clk~inputclkctrl|inclk[0]
    Info (332115):      2.645      0.000 RR  CELL  clk~inputclkctrl|outclk
    Info (332115):      4.093      1.448 RR    IC  sudx_scan|solver|assigned_depth[20][2]|clk
    Info (332115):      4.568      0.475 RR  CELL  sudx_scan:sudx_scan|sudx_scan_solver:solver|assigned_depth[20][2]
    Info (332115):      4.627      0.059           clock pessimism removed
    Info (332115):      4.607     -0.020           clock uncertainty
    Info (332115):      4.620      0.013     uTsu  sudx_scan:sudx_scan|sudx_scan_solver:solver|assigned_depth[20][2]
    Info (332115): Data Arrival Time  :    20.812
    Info (332115): Data Required Time :     4.620
    Info (332115): Slack              :   -16.192 (VIOLATED)
    Info (332115): ===================================================================
Info (332115): Path #8: Setup slack is -16.192 (VIOLATED)
    Info (332115): ===================================================================
    Info (332115): From Node    : sudx_scan:sudx_scan|sudx_scan_solver:solver|candidate[39][0]
    Info (332115): To Node      : sudx_scan:sudx_scan|sudx_scan_solver:solver|assigned_depth[20][3]
    Info (332115): Launch Clock : clk
    Info (332115): Latch Clock  : clk
    Info (332115): Data Arrival Path:
    Info (332115): Total (ns)  Incr (ns)     Type  Element
    Info (332115): ==========  ========= ==  ====  ===================================
    Info (332115):      0.000      0.000           launch edge time
    Info (332115):      0.000      0.000           source latency
    Info (332115):      0.000      0.000           clk
    Info (332115):      0.000      0.000 RR    IC  clk~input|i
    Info (332115):      0.787      0.787 RR  CELL  clk~input|o
    Info (332115):      1.681      0.894 RR    IC  clk~inputclkctrl|inclk[0]
    Info (332115):      1.681      0.000 RR  CELL  clk~inputclkctrl|outclk
    Info (332115):      3.194      1.513 RR    IC  sudx_scan|solver|candidate[39][0]|clk
    Info (332115):      3.704      0.510 RR  CELL  sudx_scan:sudx_scan|sudx_scan_solver:solver|candidate[39][0]
    Info (332115):      3.911      0.207     uTco  sudx_scan:sudx_scan|sudx_scan_solver:solver|candidate[39][0]
    Info (332115):      3.911      0.000 FF  CELL  sudx_scan|solver|candidate[39][0]|q
    Info (332115):      5.942      2.031 FF    IC  sudx_scan|solver|UNITS[12].candidate_union|any_digit[5][0]~3|dataa
    Info (332115):      6.344      0.402 FF  CELL  sudx_scan|solver|UNITS[12].candidate_union|any_digit[5][0]~3|combout
    Info (332115):      6.606      0.262 FF    IC  sudx_scan|solver|unique_digit[12][0]~325|datad
    Info (332115):      6.737      0.131 FF  CELL  sudx_scan|solver|unique_digit[12][0]~325|combout
    Info (332115):      6.983      0.246 FF    IC  sudx_scan|solver|unique_digit[12][0]~329|datac
    Info (332115):      7.286      0.303 FF  CELL  sudx_scan|solver|unique_digit[12][0]~329|combout
    Info (332115):      9.112      1.826 FF    IC  sudx_scan|solver|forced[57][0]~59|datac
    Info (332115):      9.391      0.279 FR  CELL  sudx_scan|solver|forced[57][0]~59|combout
    Info (332115):      9.618      0.227 RR    IC  sudx_scan|solver|forced[75][0]~60|datad
    Info (332115):      9.763      0.145 RF  CELL  sudx_scan|solver|forced[75][0]~60|combout
    Info (332115):     11.067      1.304 FF    IC  sudx_scan|solver|Equal1291~0|datac
    Info (332115):     11.346      0.279 FR  CELL  sudx_scan|solver|Equal1291~0|combout
    Info (332115):     12.027      0.681 RR    IC  sudx_scan|solver|Selector7~349|datab
    Info (332115):     12.429      0.402 RR  CELL  sudx_scan|solver|Selector7~349|combout
    Info (332115):     13.037      0.608 RR    IC  sudx_scan|solver|Selector7~352|datac
    Info (332115):     13.342      0.305 RR  CELL  sudx_scan|solver|Selector7~352|combout
    Info (332115):     14.062      0.720 RR    IC  sudx_scan|solver|Selector7~363|dataa
    Info (332115):     14.406      0.344 RR  CELL  sudx_scan|solver|Selector7~363|combout
    Info (332115):     14.611      0.205 RR    IC  sudx_scan|solver|Selector7~367|datad
    Info (332115):     14.777      0.166 RR  CELL  sudx_scan|solver|Selector7~367|combout
    Info (332115):     15.727      0.950 RR    IC  sudx_scan|solver|Selector7~368|datad
    Info (332115):     15.893      0.166 RR  CELL  sudx_scan|solver|Selector7~368|combout
    Info (332115):     16.098      0.205 RR    IC  sudx_scan|solver|Selector7~369|datad
    Info (332115):     16.264      0.166 RR  CELL  sudx_scan|solver|Selector7~369|combout
    Info (332115):     16.476      0.212 RR    IC  sudx_scan|solver|propagate~0|datad
    Info (332115):     16.642      0.166 RR  CELL  sudx_scan|solver|propagate~0|combout
    Info (332115):     18.796      2.154 RR    IC  sudx_scan|solver|assigned_depth[20][1]~12|datad
    Info (332115):     18.962      0.166 RR  CELL  sudx_scan|solver|assigned_depth[20][1]~12|combout
    Info (332115):     20.188      1.226 RR    IC  sudx_scan|solver|assigned_depth[20][3]|ena
    Info (332115):     20.812      0.624 RR  CELL  sudx_scan:sudx_scan|sudx_scan_solver:solver|assigned_depth[20][3]
    Info (332115): Data Required Path:
    Info (332115): Total (ns)  Incr (ns)     Type  Element
    Info (332115): ==========  ========= ==  ====  ===================================
    Info (332115):      1.000      1.000           latch edge time
    Info (332115):      1.000      0.000           source latency
    Info (332115):      1.000      0.000           clk
    Info (332115):      1.000      0.000 RR    IC  clk~input|i
    Info (332115):      1.787      0.787 RR  CELL  clk~input|o
    Info (332115):      2.645      0.858 RR    IC  clk~inputclkctrl|inclk[0]
    Info (332115):      2.645      0.000 RR  CELL  clk~inputclkctrl|outclk
    Info (332115):      4.093      1.448 RR    IC  sudx_scan|solver|assigned_depth[20][3]|clk
    Info (332115):      4.568      0.475 RR  CELL  sudx_scan:sudx_scan|sudx_scan_solver:solver|assigned_depth[20][3]
    Info (332115):      4.627      0.059           clock pessimism removed
    Info (332115):      4.607     -0.020           clock uncertainty
    Info (332115):      4.620      0.013     uTsu  sudx_scan:sudx_scan|sudx_scan_solver:solver|assigned_depth[20][3]
    Info (332115): Data Arrival Time  :    20.812
    Info (332115): Data Required Time :     4.620
    Info (332115): Slack              :   -16.192 (VIOLATED)
    Info (332115): ===================================================================
Info (332115): Path #9: Setup slack is -16.161 (VIOLATED)
    Info (332115): ===================================================================
    Info (332115): From Node    : sudx_scan:sudx_scan|sudx_scan_solver:solver|candidate[66][0]
    Info (332115): To Node      : sudx_scan:sudx_scan|sudx_scan_solver:solver|assigned_depth[28][2]
    Info (332115): Launch Clock : clk
    Info (332115): Latch Clock  : clk
    Info (332115): Data Arrival Path:
    Info (332115): Total (ns)  Incr (ns)     Type  Element
    Info (332115): ==========  ========= ==  ====  ===================================
    Info (332115):      0.000      0.000           launch edge time
    Info (332115):      0.000      0.000           source latency
    Info (332115):      0.000      0.000           clk
    Info (332115):      0.000      0.000 RR    IC  clk~input|i
    Info (332115):      0.787      0.787 RR  CELL  clk~input|o
    Info (332115):      1.681      0.894 RR    IC  clk~inputclkctrl|inclk[0]
    Info (332115):      1.681      0.000 RR  CELL  clk~inputclkctrl|outclk
    Info (332115):      3.242      1.561 RR    IC  sudx_scan|solver|candidate[66][0]|clk
    Info (332115):      3.752      0.510 RR  CELL  sudx_scan:sudx_scan|sudx_scan_solver:solver|candidate[66][0]
    Info (332115):      3.959      0.207     uTco  sudx_scan:sudx_scan|sudx_scan_solver:solver|candidate[66][0]
    Info (332115):      3.959      0.000 FF  CELL  sudx_scan|solver|candidate[66][0]|q
    Info (332115):      5.188      1.229 FF    IC  sudx_scan|solver|UNITS[25].candidate_union|any_digit[2][0]~2|dataa
    Info (332115):      5.590      0.402 FF  CELL  sudx_scan|solver|UNITS[25].candidate_union|any_digit[2][0]~2|combout
    Info (332115):      5.850      0.260 FF    IC  sudx_scan|solver|unique_digit[25][0]~70|datac
    Info (332115):      6.148      0.298 FF  CELL  sudx_scan|solver|unique_digit[25][0]~70|combout
    Info (332115):      6.391      0.243 FF    IC  sudx_scan|solver|unique_digit[25][0]~74|datac
    Info (332115):      6.694      0.303 FF  CELL  sudx_scan|solver|unique_digit[25][0]~74|combout
    Info (332115):      8.114      1.420 FF    IC  sudx_scan|solver|forced[58][0]~84|datac
    Info (332115):      8.393      0.279 FR  CELL  sudx_scan|solver|forced[58][0]~84|combout
    Info (332115):      8.650      0.257 RR    IC  sudx_scan|solver|forced[76][0]~85|datab
    Info (332115):      9.099      0.449 RF  CELL  sudx_scan|solver|forced[76][0]~85|combout
    Info (332115):     10.589      1.490 FF    IC  sudx_scan|solver|Equal1308~0|datac
    Info (332115):     10.868      0.279 FR  CELL  sudx_scan|solver|Equal1308~0|combout
    Info (332115):     11.833      0.965 RR    IC  sudx_scan|solver|WideOr130~0|datad
    Info (332115):     11.999      0.166 RR  CELL  sudx_scan|solver|WideOr130~0|combout
    Info (332115):     12.413      0.414 RR    IC  sudx_scan|solver|WideOr130~1|datad
    Info (332115):     12.579      0.166 RR  CELL  sudx_scan|solver|WideOr130~1|combout
    Info (332115):     12.798      0.219 RR    IC  sudx_scan|solver|Selector7~450|datad
    Info (332115):     12.964      0.166 RR  CELL  sudx_scan|solver|Selector7~450|combout
    Info (332115):     13.922      0.958 RR    IC  sudx_scan|solver|Selector7~455|datad
    Info (332115):     14.088      0.166 RR  CELL  sudx_scan|solver|Selector7~455|combout
    Info (332115):     15.312      1.224 RR    IC  sudx_scan|solver|Selector7~496|datac
    Info (332115):     15.617      0.305 RR  CELL  sudx_scan|solver|Selector7~496|combout
    Info (332115):     15.820      0.203 RR    IC  sudx_scan|solver|Selector7~497|datac
    Info (332115):     16.125      0.305 RR  CELL  sudx_scan|solver|Selector7~497|combout
    Info (332115):     16.335      0.210 RR    IC  sudx_scan|solver|propagate~0|datac
    Info (332115):     16.640      0.305 RR  CELL  sudx_scan|solver|propagate~0|combout
    Info (332115):     18.476      1.836 RR    IC  sudx_scan|solver|assigned_depth[28][1]~18|datad
    Info (332115):     18.642      0.166 RR  CELL  sudx_scan|solver|assigned_depth[28][1]~18|combout
    Info (332115):     20.142      1.500 RR    IC  sudx_scan|solver|assigned_depth[28][2]|ena
    Info (332115):     20.766      0.624 RR  CELL  sudx_scan:sudx_scan|sudx_scan_solver:solver|assigned_depth[28][2]
    Info (332115): Data Required Path:
    Info (332115): Total (ns)  Incr (ns)     Type  Element
    Info (332115): ==========  ========= ==  ====  ===================================
    Info (332115):      1.000      1.000           latch edge time
    Info (332115):      1.000      0.000           source latency
    Info (332115):      1.000      0.000           clk
    Info (332115):      1.000      0.000 RR    IC  clk~input|i
    Info (332115):      1.787      0.787 RR  CELL  clk~input|o
    Info (332115):      2.645      0.858 RR    IC  clk~inputclkctrl|inclk[0]
    Info (332115):      2.645      0.000 RR  CELL  clk~inputclkctrl|outclk
    Info (332115):      4.100      1.455 RR    IC  sudx_scan|solver|assigned_depth[28][2]|clk
    Info (332115):      4.575      0.475 RR  CELL  sudx_scan:sudx_scan|sudx_scan_solver:solver|assigned_depth[28][2]
    Info (332115):      4.612      0.037           clock pessimism removed
    Info (332115):      4.592     -0.020           clock uncertainty
    Info (332115):      4.605      0.013     uTsu  sudx_scan:sudx_scan|sudx_scan_solver:solver|assigned_depth[28][2]
    Info (332115): Data Arrival Time  :    20.766
    Info (332115): Data Required Time :     4.605
    Info (332115): Slack              :   -16.161 (VIOLATED)
    Info (332115): ===================================================================
Info (332115): Path #10: Setup slack is -16.161 (VIOLATED)
    Info (332115): ===================================================================
    Info (332115): From Node    : sudx_scan:sudx_scan|sudx_scan_solver:solver|candidate[66][0]
    Info (332115): To Node      : sudx_scan:sudx_scan|sudx_scan_solver:solver|assigned_depth[28][3]
    Info (332115): Launch Clock : clk
    Info (332115): Latch Clock  : clk
    Info (332115): Data Arrival Path:
    Info (332115): Total (ns)  Incr (ns)     Type  Element
    Info (332115): ==========  ========= ==  ====  ===================================
    Info (332115):      0.000      0.000           launch edge time
    Info (332115):      0.000      0.000           source latency
    Info (332115):      0.000      0.000           clk
    Info (332115):      0.000      0.000 RR    IC  clk~input|i
    Info (332115):      0.787      0.787 RR  CELL  clk~input|o
    Info (332115):      1.681      0.894 RR    IC  clk~inputclkctrl|inclk[0]
    Info (332115):      1.681      0.000 RR  CELL  clk~inputclkctrl|outclk
    Info (332115):      3.242      1.561 RR    IC  sudx_scan|solver|candidate[66][0]|clk
    Info (332115):      3.752      0.510 RR  CELL  sudx_scan:sudx_scan|sudx_scan_solver:solver|candidate[66][0]
    Info (332115):      3.959      0.207     uTco  sudx_scan:sudx_scan|sudx_scan_solver:solver|candidate[66][0]
    Info (332115):      3.959      0.000 FF  CELL  sudx_scan|solver|candidate[66][0]|q
    Info (332115):      5.188      1.229 FF    IC  sudx_scan|solver|UNITS[25].candidate_union|any_digit[2][0]~2|dataa
    Info (332115):      5.590      0.402 FF  CELL  sudx_scan|solver|UNITS[25].candidate_union|any_digit[2][0]~2|combout
    Info (332115):      5.850      0.260 FF    IC  sudx_scan|solver|unique_digit[25][0]~70|datac
    Info (332115):      6.148      0.298 FF  CELL  sudx_scan|solver|unique_digit[25][0]~70|combout
    Info (332115):      6.391      0.243 FF    IC  sudx_scan|solver|unique_digit[25][0]~74|datac
    Info (332115):      6.694      0.303 FF  CELL  sudx_scan|solver|unique_digit[25][0]~74|combout
    Info (332115):      8.114      1.420 FF    IC  sudx_scan|solver|forced[58][0]~84|datac
    Info (332115):      8.393      0.279 FR  CELL  sudx_scan|solver|forced[58][0]~84|combout
    Info (332115):      8.650      0.257 RR    IC  sudx_scan|solver|forced[76][0]~85|datab
    Info (332115):      9.099      0.449 RF  CELL  sudx_scan|solver|forced[76][0]~85|combout
    Info (332115):     10.589      1.490 FF    IC  sudx_scan|solver|Equal1308~0|datac
    Info (332115):     10.868      0.279 FR  CELL  sudx_scan|solver|Equal1308~0|combout
    Info (332115):     11.833      0.965 RR    IC  sudx_scan|solver|WideOr130~0|datad
    Info (332115):     11.999      0.166 RR  CELL  sudx_scan|solver|WideOr130~0|combout
    Info (332115):     12.413      0.414 RR    IC  sudx_scan|solver|WideOr130~1|datad
    Info (332115):     12.579      0.166 RR  CELL  sudx_scan|solver|WideOr130~1|combout
    Info (332115):     12.798      0.219 RR    IC  sudx_scan|solver|Selector7~450|datad
    Info (332115):     12.964      0.166 RR  CELL  sudx_scan|solver|Selector7~450|combout
    Info (332115):     13.922      0.958 RR    IC  sudx_scan|solver|Selector7~455|datad
    Info (332115):     14.088      0.166 RR  CELL  sudx_scan|solver|Selector7~455|combout
    Info (332115):     15.312      1.224 RR    IC  sudx_scan|solver|Selector7~496|datac
    Info (332115):     15.617      0.305 RR  CELL  sudx_scan|solver|Selector7~496|combout
    Info (332115):     15.820      0.203 RR    IC  sudx_scan|solver|Selector7~497|datac
    Info (332115):     16.125      0.305 RR  CELL  sudx_scan|solver|Selector7~497|combout
    Info (332115):     16.335      0.210 RR    IC  sudx_scan|solver|propagate~0|datac
    Info (332115):     16.640      0.305 RR  CELL  sudx_scan|solver|propagate~0|combout
    Info (332115):     18.476      1.836 RR    IC  sudx_scan|solver|assigned_depth[28][1]~18|datad
    Info (332115):     18.642      0.166 RR  CELL  sudx_scan|solver|assigned_depth[28][1]~18|combout
    Info (332115):     20.142      1.500 RR    IC  sudx_scan|solver|assigned_depth[28][3]|ena
    Info (332115):     20.766      0.624 RR  CELL  sudx_scan:sudx_scan|sudx_scan_solver:solver|assigned_depth[28][3]
    Info (332115): Data Required Path:
    Info (332115): Total (ns)  Incr (ns)     Type  Element
    Info (332115): ==========  ========= ==  ====  ===================================
    Info (332115):      1.000      1.000           latch edge time
    Info (332115):      1.000      0.000           source latency
    Info (332115):      1.000      0.000           clk
    Info (332115):      1.000      0.000 RR    IC  clk~input|i
    Info (332115):      1.787      0.787 RR  CELL  clk~input|o
    Info (332115):      2.645      0.858 RR    IC  clk~inputclkctrl|inclk[0]
    Info (332115):      2.645      0.000 RR  CELL  clk~inputclkctrl|outclk
    Info (332115):      4.100      1.455 RR    IC  sudx_scan|solver|assigned_depth[28][3]|clk
    Info (332115):      4.575      0.475 RR  CELL  sudx_scan:sudx_scan|sudx_scan_solver:solver|assigned_depth[28][3]
    Info (332115):      4.612      0.037           clock pessimism removed
    Info (332115):      4.592     -0.020           clock uncertainty
    Info (332115):      4.605      0.013     uTsu  sudx_scan:sudx_scan|sudx_scan_solver:solver|assigned_depth[28][3]
    Info (332115): Data Arrival Time  :    20.766
    Info (332115): Data Required Time :     4.605
    Info (332115): Slack              :   -16.161 (VIOLATED)
    Info (332115): ===================================================================
Info (332115): Path #11: Setup slack is -16.161 (VIOLATED)
    Info (332115): ===================================================================
    Info (332115): From Node    : sudx_scan:sudx_scan|sudx_scan_solver:solver|candidate[66][0]
    Info (332115): To Node      : sudx_scan:sudx_scan|sudx_scan_solver:solver|assigned_depth[28][1]
    Info (332115): Launch Clock : clk
    Info (332115): Latch Clock  : clk
    Info (332115): Data Arrival Path:
    Info (332115): Total (ns)  Incr (ns)     Type  Element
    Info (332115): ==========  ========= ==  ====  ===================================
    Info (332115):      0.000      0.000           launch edge time
    Info (332115):      0.000      0.000           source latency
    Info (332115):      0.000      0.000           clk
    Info (332115):      0.000      0.000 RR    IC  clk~input|i
    Info (332115):      0.787      0.787 RR  CELL  clk~input|o
    Info (332115):      1.681      0.894 RR    IC  clk~inputclkctrl|inclk[0]
    Info (332115):      1.681      0.000 RR  CELL  clk~inputclkctrl|outclk
    Info (332115):      3.242      1.561 RR    IC  sudx_scan|solver|candidate[66][0]|clk
    Info (332115):      3.752      0.510 RR  CELL  sudx_scan:sudx_scan|sudx_scan_solver:solver|candidate[66][0]
    Info (332115):      3.959      0.207     uTco  sudx_scan:sudx_scan|sudx_scan_solver:solver|candidate[66][0]
    Info (332115):      3.959      0.000 FF  CELL  sudx_scan|solver|candidate[66][0]|q
    Info (332115):      5.188      1.229 FF    IC  sudx_scan|solver|UNITS[25].candidate_union|any_digit[2][0]~2|dataa
    Info (332115):      5.590      0.402 FF  CELL  sudx_scan|solver|UNITS[25].candidate_union|any_digit[2][0]~2|combout
    Info (332115):      5.850      0.260 FF    IC  sudx_scan|solver|unique_digit[25][0]~70|datac
    Info (332115):      6.148      0.298 FF  CELL  sudx_scan|solver|unique_digit[25][0]~70|combout
    Info (332115):      6.391      0.243 FF    IC  sudx_scan|solver|unique_digit[25][0]~74|datac
    Info (332115):      6.694      0.303 FF  CELL  sudx_scan|solver|unique_digit[25][0]~74|combout
    Info (332115):      8.114      1.420 FF    IC  sudx_scan|solver|forced[58][0]~84|datac
    Info (332115):      8.393      0.279 FR  CELL  sudx_scan|solver|forced[58][0]~84|combout
    Info (332115):      8.650      0.257 RR    IC  sudx_scan|solver|forced[76][0]~85|datab
    Info (332115):      9.099      0.449 RF  CELL  sudx_scan|solver|forced[76][0]~85|combout
    Info (332115):     10.589      1.490 FF    IC  sudx_scan|solver|Equal1308~0|datac
    Info (332115):     10.868      0.279 FR  CELL  sudx_scan|solver|Equal1308~0|combout
    Info (332115):     11.833      0.965 RR    IC  sudx_scan|solver|WideOr130~0|datad
    Info (332115):     11.999      0.166 RR  CELL  sudx_scan|solver|WideOr130~0|combout
    Info (332115):     12.413      0.414 RR    IC  sudx_scan|solver|WideOr130~1|datad
    Info (332115):     12.579      0.166 RR  CELL  sudx_scan|solver|WideOr130~1|combout
    Info (332115):     12.798      0.219 RR    IC  sudx_scan|solver|Selector7~450|datad
    Info (332115):     12.964      0.166 RR  CELL  sudx_scan|solver|Selector7~450|combout
    Info (332115):     13.922      0.958 RR    IC  sudx_scan|solver|Selector7~455|datad
    Info (332115):     14.088      0.166 RR  CELL  sudx_scan|solver|Selector7~455|combout
    Info (332115):     15.312      1.224 RR    IC  sudx_scan|solver|Selector7~496|datac
    Info (332115):     15.617      0.305 RR  CELL  sudx_scan|solver|Selector7~496|combout
    Info (332115):     15.820      0.203 RR    IC  sudx_scan|solver|Selector7~497|datac
    Info (332115):     16.125      0.305 RR  CELL  sudx_scan|solver|Selector7~497|combout
    Info (332115):     16.335      0.210 RR    IC  sudx_scan|solver|propagate~0|datac
    Info (332115):     16.640      0.305 RR  CELL  sudx_scan|solver|propagate~0|combout
    Info (332115):     18.476      1.836 RR    IC  sudx_scan|solver|assigned_depth[28][1]~18|datad
    Info (332115):     18.642      0.166 RR  CELL  sudx_scan|solver|assigned_depth[28][1]~18|combout
    Info (332115):     20.142      1.500 RR    IC  sudx_scan|solver|assigned_depth[28][1]|ena
    Info (332115):     20.766      0.624 RR  CELL  sudx_scan:sudx_scan|sudx_scan_solver:solver|assigned_depth[28][1]
    Info (332115): Data Required Path:
    Info (332115): Total (ns)  Incr (ns)     Type  Element
    Info (332115): ==========  ========= ==  ====  ===================================
    Info (332115):      1.000      1.000           latch edge time
    Info (332115):      1.000      0.000           source latency
    Info (332115):      1.000      0.000           clk
    Info (332115):      1.000      0.000 RR    IC  clk~input|i
    Info (332115):      1.787      0.787 RR  CELL  clk~input|o
    Info (332115):      2.645      0.858 RR    IC  clk~inputclkctrl|inclk[0]
    Info (332115):      2.645      0.000 RR  CELL  clk~inputclkctrl|outclk
    Info (332115):      4.100      1.455 RR    IC  sudx_scan|solver|assigned_depth[28][1]|clk
    Info (332115):      4.575      0.475 RR  CELL  sudx_scan:sudx_scan|sudx_scan_solver:solver|assigned_depth[28][1]
    Info (332115):      4.612      0.037           clock pessimism removed
    Info (332115):      4.592     -0.020           clock uncertainty
    Info (332115):      4.605      0.013     uTsu  sudx_scan:sudx_scan|sudx_scan_solver:solver|assigned_depth[28][1]
    Info (332115): Data Arrival Time  :    20.766
    Info (332115): Data Required Time :     4.605
    Info (332115): Slack              :   -16.161 (VIOLATED)
    Info (332115): ===================================================================
Info (332115): Path #12: Setup slack is -16.161 (VIOLATED)
    Info (332115): ===================================================================
    Info (332115): From Node    : sudx_scan:sudx_scan|sudx_scan_solver:solver|candidate[66][0]
    Info (332115): To Node      : sudx_scan:sudx_scan|sudx_scan_solver:solver|assigned_depth[28][0]
    Info (332115): Launch Clock : clk
    Info (332115): Latch Clock  : clk
    Info (332115): Data Arrival Path:
    Info (332115): Total (ns)  Incr (ns)     Type  Element
    Info (332115): ==========  ========= ==  ====  ===================================
    Info (332115):      0.000      0.000           launch edge time
    Info (332115):      0.000      0.000           source latency
    Info (332115):      0.000      0.000           clk
    Info (332115):      0.000      0.000 RR    IC  clk~input|i
    Info (332115):      0.787      0.787 RR  CELL  clk~input|o
    Info (332115):      1.681      0.894 RR    IC  clk~inputclkctrl|inclk[0]
    Info (332115):      1.681      0.000 RR  CELL  clk~inputclkctrl|outclk
    Info (332115):      3.242      1.561 RR    IC  sudx_scan|solver|candidate[66][0]|clk
    Info (332115):      3.752      0.510 RR  CELL  sudx_scan:sudx_scan|sudx_scan_solver:solver|candidate[66][0]
    Info (332115):      3.959      0.207     uTco  sudx_scan:sudx_scan|sudx_scan_solver:solver|candidate[66][0]
    Info (332115):      3.959      0.000 FF  CELL  sudx_scan|solver|candidate[66][0]|q
    Info (332115):      5.188      1.229 FF    IC  sudx_scan|solver|UNITS[25].candidate_union|any_digit[2][0]~2|dataa
    Info (332115):      5.590      0.402 FF  CELL  sudx_scan|solver|UNITS[25].candidate_union|any_digit[2][0]~2|combout
    Info (332115):      5.850      0.260 FF    IC  sudx_scan|solver|unique_digit[25][0]~70|datac
    Info (332115):      6.148      0.298 FF  CELL  sudx_scan|solver|unique_digit[25][0]~70|combout
    Info (332115):      6.391      0.243 FF    IC  sudx_scan|solver|unique_digit[25][0]~74|datac
    Info (332115):      6.694      0.303 FF  CELL  sudx_scan|solver|unique_digit[25][0]~74|combout
    Info (332115):      8.114      1.420 FF    IC  sudx_scan|solver|forced[58][0]~84|datac
    Info (332115):      8.393      0.279 FR  CELL  sudx_scan|solver|forced[58][0]~84|combout
    Info (332115):      8.650      0.257 RR    IC  sudx_scan|solver|forced[76][0]~85|datab
    Info (332115):      9.099      0.449 RF  CELL  sudx_scan|solver|forced[76][0]~85|combout
    Info (332115):     10.589      1.490 FF    IC  sudx_scan|solver|Equal1308~0|datac
    Info (332115):     10.868      0.279 FR  CELL  sudx_scan|solver|Equal1308~0|combout
    Info (332115):     11.833      0.965 RR    IC  sudx_scan|solver|WideOr130~0|datad
    Info (332115):     11.999      0.166 RR  CELL  sudx_scan|solver|WideOr130~0|combout
    Info (332115):     12.413      0.414 RR    IC  sudx_scan|solver|WideOr130~1|datad
    Info (332115):     12.579      0.166 RR  CELL  sudx_scan|solver|WideOr130~1|combout
    Info (332115):     12.798      0.219 RR    IC  sudx_scan|solver|Selector7~450|datad
    Info (332115):     12.964      0.166 RR  CELL  sudx_scan|solver|Selector7~450|combout
    Info (332115):     13.922      0.958 RR    IC  sudx_scan|solver|Selector7~455|datad
    Info (332115):     14.088      0.166 RR  CELL  sudx_scan|solver|Selector7~455|combout
    Info (332115):     15.312      1.224 RR    IC  sudx_scan|solver|Selector7~496|datac
    Info (332115):     15.617      0.305 RR  CELL  sudx_scan|solver|Selector7~496|combout
    Info (332115):     15.820      0.203 RR    IC  sudx_scan|solver|Selector7~497|datac
    Info (332115):     16.125      0.305 RR  CELL  sudx_scan|solver|Selector7~497|combout
    Info (332115):     16.335      0.210 RR    IC  sudx_scan|solver|propagate~0|datac
    Info (332115):     16.640      0.305 RR  CELL  sudx_scan|solver|propagate~0|combout
    Info (332115):     18.476      1.836 RR    IC  sudx_scan|solver|assigned_depth[28][1]~18|datad
    Info (332115):     18.642      0.166 RR  CELL  sudx_scan|solver|assigned_depth[28][1]~18|combout
    Info (332115):     20.142      1.500 RR    IC  sudx_scan|solver|assigned_depth[28][0]|ena
    Info (332115):     20.766      0.624 RR  CELL  sudx_scan:sudx_scan|sudx_scan_solver:solver|assigned_depth[28][0]
    Info (332115): Data Required Path:
    Info (332115): Total (ns)  Incr (ns)     Type  Element
    Info (332115): ==========  ========= ==  ====  ===================================
    Info (332115):      1.000      1.000           latch edge time
    Info (332115):      1.000      0.000           source latency
    Info (332115):      1.000      0.000           clk
    Info (332115):      1.000      0.000 RR    IC  clk~input|i
    Info (332115):      1.787      0.787 RR  CELL  clk~input|o
    Info (332115):      2.645      0.858 RR    IC  clk~inputclkctrl|inclk[0]
    Info (332115):      2.645      0.000 RR  CELL  clk~inputclkctrl|outclk
    Info (332115):      4.100      1.455 RR    IC  sudx_scan|solver|assigned_depth[28][0]|clk
    Info (332115):      4.575      0.475 RR  CELL  sudx_scan:sudx_scan|sudx_scan_solver:solver|assigned_depth[28][0]
    Info (332115):      4.612      0.037           clock pessimism removed
    Info (332115):      4.592     -0.020           clock uncertainty
    Info (332115):      4.605      0.013     uTsu  sudx_scan:sudx_scan|sudx_scan_solver:solver|assigned_depth[28][0]
    Info (332115): Data Arrival Time  :    20.766
    Info (332115): Data Required Time :     4.605
    Info (332115): Slack              :   -16.161 (VIOLATED)
    Info (332115): ===================================================================
Info (332115): Path #13: Setup slack is -16.152 (VIOLATED)
    Info (332115): ===================================================================
    Info (332115): From Node    : sudx_scan:sudx_scan|sudx_scan_solver:solver|candidate[39][0]
    Info (332115): To Node      : sudx_scan:sudx_scan|sudx_scan_solver:solver|assigned_depth[28][0]
    Info (332115): Launch Clock : clk
    Info (332115): Latch Clock  : clk
    Info (332115): Data Arrival Path:
    Info (332115): Total (ns)  Incr (ns)     Type  Element
    Info (332115): ==========  ========= ==  ====  ===================================
    Info (332115):      0.000      0.000           launch edge time
    Info (332115):      0.000      0.000           source latency
    Info (332115):      0.000      0.000           clk
    Info (332115):      0.000      0.000 RR    IC  clk~input|i
    Info (332115):      0.787      0.787 RR  CELL  clk~input|o
    Info (332115):      1.681      0.894 RR    IC  clk~inputclkctrl|inclk[0]
    Info (332115):      1.681      0.000 RR  CELL  clk~inputclkctrl|outclk
    Info (332115):      3.194      1.513 RR    IC  sudx_scan|solver|candidate[39][0]|clk
    Info (332115):      3.704      0.510 RR  CELL  sudx_scan:sudx_scan|sudx_scan_solver:solver|candidate[39][0]
    Info (332115):      3.911      0.207     uTco  sudx_scan:sudx_scan|sudx_scan_solver:solver|candidate[39][0]
    Info (332115):      3.911      0.000 FF  CELL  sudx_scan|solver|candidate[39][0]|q
    Info (332115):      5.942      2.031 FF    IC  sudx_scan|solver|UNITS[12].candidate_union|any_digit[5][0]~3|dataa
    Info (332115):      6.344      0.402 FF  CELL  sudx_scan|solver|UNITS[12].candidate_union|any_digit[5][0]~3|combout
    Info (332115):      6.606      0.262 FF    IC  sudx_scan|solver|unique_digit[12][0]~325|datad
    Info (332115):      6.767      0.161 FR  CELL  sudx_scan|solver|unique_digit[12][0]~325|combout
    Info (332115):      6.971      0.204 RR    IC  sudx_scan|solver|unique_digit[12][0]~329|datac
    Info (332115):      7.276      0.305 RR  CELL  sudx_scan|solver|unique_digit[12][0]~329|combout
    Info (332115):      9.083      1.807 RR    IC  sudx_scan|solver|forced[57][0]~59|datac
    Info (332115):      9.363      0.280 RF  CELL  sudx_scan|solver|forced[57][0]~59|combout
    Info (332115):      9.626      0.263 FF    IC  sudx_scan|solver|forced[75][0]~60|datad
    Info (332115):      9.787      0.161 FR  CELL  sudx_scan|solver|forced[75][0]~60|combout
    Info (332115):     11.126      1.339 RR    IC  sudx_scan|solver|Equal1291~0|datac
    Info (332115):     11.406      0.280 RF  CELL  sudx_scan|solver|Equal1291~0|combout
    Info (332115):     12.089      0.683 FF    IC  sudx_scan|solver|Selector7~349|datab
    Info (332115):     12.513      0.424 FF  CELL  sudx_scan|solver|Selector7~349|combout
    Info (332115):     13.117      0.604 FF    IC  sudx_scan|solver|Selector7~352|datac
    Info (332115):     13.420      0.303 FF  CELL  sudx_scan|solver|Selector7~352|combout
    Info (332115):     14.139      0.719 FF    IC  sudx_scan|solver|Selector7~363|dataa
    Info (332115):     14.498      0.359 FF  CELL  sudx_scan|solver|Selector7~363|combout
    Info (332115):     14.733      0.235 FF    IC  sudx_scan|solver|Selector7~367|datad
    Info (332115):     14.864      0.131 FF  CELL  sudx_scan|solver|Selector7~367|combout
    Info (332115):     15.798      0.934 FF    IC  sudx_scan|solver|Selector7~368|datad
    Info (332115):     15.929      0.131 FF  CELL  sudx_scan|solver|Selector7~368|combout
    Info (332115):     16.165      0.236 FF    IC  sudx_scan|solver|Selector7~369|datad
    Info (332115):     16.296      0.131 FF  CELL  sudx_scan|solver|Selector7~369|combout
    Info (332115):     16.544      0.248 FF    IC  sudx_scan|solver|propagate~0|datad
    Info (332115):     16.675      0.131 FF  CELL  sudx_scan|solver|propagate~0|combout
    Info (332115):     18.541      1.866 FF    IC  sudx_scan|solver|assigned_depth[28][1]~18|datad
    Info (332115):     18.672      0.131 FF  CELL  sudx_scan|solver|assigned_depth[28][1]~18|combout
    Info (332115):     20.182      1.510 FF    IC  sudx_scan|solver|assigned_depth[28][0]|ena
    Info (332115):     20.779      0.597 FF  CELL  sudx_scan:sudx_scan|sudx_scan_solver:solver|assigned_depth[28][0]
    Info (332115): Data Required Path:
    Info (332115): Total (ns)  Incr (ns)     Type  Element
    Info (332115): ==========  ========= ==  ====  ===================================
    Info (332115):      1.000      1.000           latch edge time
    Info (332115):      1.000      0.000           source latency
    Info (332115):      1.000      0.000           clk
    Info (332115):      1.000      0.000 RR    IC  clk~input|i
    Info (332115):      1.787      0.787 RR  CELL  clk~input|o
    Info (332115):      2.645      0.858 RR    IC  clk~inputclkctrl|inclk[0]
    Info (332115):      2.645      0.000 RR  CELL  clk~inputclkctrl|outclk
    Info (332115):      4.100      1.455 RR    IC  sudx_scan|solver|assigned_depth[28][0]|clk
    Info (332115):      4.575      0.475 RR  CELL  sudx_scan:sudx_scan|sudx_scan_solver:solver|assigned_depth[28][0]
    Info (332115):      4.634      0.059           clock pessimism removed
    Info (332115):      4.614     -0.020           clock uncertainty
    Info (332115):      4.627      0.013     uTsu  sudx_scan:sudx_scan|sudx_scan_solver:solver|assigned_depth[28][0]
    Info (332115): Data Arrival Time  :    20.779
    Info (332115): Data Required Time :     4.627
    Info (332115): Slack              :   -16.152 (VIOLATED)
    Info (332115): ===================================================================
Info (332115): Path #14: Setup slack is -16.152 (VIOLATED)
    Info (332115): ===================================================================
    Info (332115): From Node    : sudx_scan:sudx_scan|sudx_scan_solver:solver|candidate[39][0]
    Info (332115): To Node      : sudx_scan:sudx_scan|sudx_scan_solver:solver|assigned_depth[28][1]
    Info (332115): Launch Clock : clk
    Info (332115): Latch Clock  : clk
    Info (332115): Data Arrival Path:
    Info (332115): Total (ns)  Incr (ns)     Type  Element
    Info (332115): ==========  ========= ==  ====  ===================================
    Info (332115):      0.000      0.000           launch edge time
    Info (332115):      0.000      0.000           source latency
    Info (332115):      0.000      0.000           clk
    Info (332115):      0.000      0.000 RR    IC  clk~input|i
    Info (332115):      0.787      0.787 RR  CELL  clk~input|o
    Info (332115):      1.681      0.894 RR    IC  clk~inputclkctrl|inclk[0]
    Info (332115):      1.681      0.000 RR  CELL  clk~inputclkctrl|outclk
    Info (332115):      3.194      1.513 RR    IC  sudx_scan|solver|candidate[39][0]|clk
    Info (332115):      3.704      0.510 RR  CELL  sudx_scan:sudx_scan|sudx_scan_solver:solver|candidate[39][0]
    Info (332115):      3.911      0.207     uTco  sudx_scan:sudx_scan|sudx_scan_solver:solver|candidate[39][0]
    Info (332115):      3.911      0.000 FF  CELL  sudx_scan|solver|candidate[39][0]|q
    Info (332115):      5.942      2.031 FF    IC  sudx_scan|solver|UNITS[12].candidate_union|any_digit[5][0]~3|dataa
    Info (332115):      6.344      0.402 FF  CELL  sudx_scan|solver|UNITS[12].candidate_union|any_digit[5][0]~3|combout
    Info (332115):      6.606      0.262 FF    IC  sudx_scan|solver|unique_digit[12][0]~325|datad
    Info (332115):      6.767      0.161 FR  CELL  sudx_scan|solver|unique_digit[12][0]~325|combout
    Info (332115):      6.971      0.204 RR    IC  sudx_scan|solver|unique_digit[12][0]~329|datac
    Info (332115):      7.276      0.305 RR  CELL  sudx_scan|solver|unique_digit[12][0]~329|combout
    Info (332115):      9.083      1.807 RR    IC  sudx_scan|solver|forced[57][0]~59|datac
    Info (332115):      9.363      0.280 RF  CELL  sudx_scan|solver|forced[57][0]~59|combout
    Info (332115):      9.626      0.263 FF    IC  sudx_scan|solver|forced[75][0]~60|datad
    Info (332115):      9.787      0.161 FR  CELL  sudx_scan|solver|forced[75][0]~60|combout
    Info (332115):     11.126      1.339 RR    IC  sudx_scan|solver|Equal1291~0|datac
    Info (332115):     11.406      0.280 RF  CELL  sudx_scan|solver|Equal1291~0|combout
    Info (332115):     12.089      0.683 FF    IC  sudx_scan|solver|Selector7~349|datab
    Info (332115):     12.513      0.424 FF  CELL  sudx_scan|solver|Selector7~349|combout
    Info (332115):     13.117      0.604 FF    IC  sudx_scan|solver|Selector7~352|datac
    Info (332115):     13.420      0.303 FF  CELL  sudx_scan|solver|Selector7~352|combout
    Info (332115):     14.139      0.719 FF    IC  sudx_scan|solver|Selector7~363|dataa
    Info (332115):     14.498      0.359 FF  CELL  sudx_scan|solver|Selector7~363|combout
    Info (332115):     14.733      0.235 FF    IC  sudx_scan|solver|Selector7~367|datad
    Info (332115):     14.864      0.131 FF  CELL  sudx_scan|solver|Selector7~367|combout
    Info (332115):     15.798      0.934 FF    IC  sudx_scan|solver|Selector7~368|datad
    Info (332115):     15.929      0.131 FF  CELL  sudx_scan|solver|Selector7~368|combout
    Info (332115):     16.165      0.236 FF    IC  sudx_scan|solver|Selector7~369|datad
    Info (332115):     16.296      0.131 FF  CELL  sudx_scan|solver|Selector7~369|combout
    Info (332115):     16.544      0.248 FF    IC  sudx_scan|solver|propagate~0|datad
    Info (332115):     16.675      0.131 FF  CELL  sudx_scan|solver|propagate~0|combout
    Info (332115):     18.541      1.866 FF    IC  sudx_scan|solver|assigned_depth[28][1]~18|datad
    Info (332115):     18.672      0.131 FF  CELL  sudx_scan|solver|assigned_depth[28][1]~18|combout
    Info (332115):     20.182      1.510 FF    IC  sudx_scan|solver|assigned_depth[28][1]|ena
    Info (332115):     20.779      0.597 FF  CELL  sudx_scan:sudx_scan|sudx_scan_solver:solver|assigned_depth[28][1]
    Info (332115): Data Required Path:
    Info (332115): Total (ns)  Incr (ns)     Type  Element
    Info (332115): ==========  ========= ==  ====  ===================================
    Info (332115):      1.000      1.000           latch edge time
    Info (332115):      1.000      0.000           source latency
    Info (332115):      1.000      0.000           clk
    Info (332115):      1.000      0.000 RR    IC  clk~input|i
    Info (332115):      1.787      0.787 RR  CELL  clk~input|o
    Info (332115):      2.645      0.858 RR    IC  clk~inputclkctrl|inclk[0]
    Info (332115):      2.645      0.000 RR  CELL  clk~inputclkctrl|outclk
    Info (332115):      4.100      1.455 RR    IC  sudx_scan|solver|assigned_depth[28][1]|clk
    Info (332115):      4.575      0.475 RR  CELL  sudx_scan:sudx_scan|sudx_scan_solver:solver|assigned_depth[28][1]
    Info (332115):      4.634      0.059           clock pessimism removed
    Info (332115):      4.614     -0.020           clock uncertainty
    Info (332115):      4.627      0.013     uTsu  sudx_scan:sudx_scan|sudx_scan_solver:solver|assigned_depth[28][1]
    Info (332115): Data Arrival Time  :    20.779
    Info (332115): Data Required Time :     4.627
    Info (332115): Slack              :   -16.152 (VIOLATED)
    Info (332115): ===================================================================
Info (332115): Path #15: Setup slack is -16.152 (VIOLATED)
    Info (332115): ===================================================================
    Info (332115): From Node    : sudx_scan:sudx_scan|sudx_scan_solver:solver|candidate[39][0]
    Info (332115): To Node      : sudx_scan:sudx_scan|sudx_scan_solver:solver|assigned_depth[28][2]
    Info (332115): Launch Clock : clk
    Info (332115): Latch Clock  : clk
    Info (332115): Data Arrival Path:
    Info (332115): Total (ns)  Incr (ns)     Type  Element
    Info (332115): ==========  ========= ==  ====  ===================================
    Info (332115):      0.000      0.000           launch edge time
    Info (332115):      0.000      0.000           source latency
    Info (332115):      0.000      0.000           clk
    Info (332115):      0.000      0.000 RR    IC  clk~input|i
    Info (332115):      0.787      0.787 RR  CELL  clk~input|o
    Info (332115):      1.681      0.894 RR    IC  clk~inputclkctrl|inclk[0]
    Info (332115):      1.681      0.000 RR  CELL  clk~inputclkctrl|outclk
    Info (332115):      3.194      1.513 RR    IC  sudx_scan|solver|candidate[39][0]|clk
    Info (332115):      3.704      0.510 RR  CELL  sudx_scan:sudx_scan|sudx_scan_solver:solver|candidate[39][0]
    Info (332115):      3.911      0.207     uTco  sudx_scan:sudx_scan|sudx_scan_solver:solver|candidate[39][0]
    Info (332115):      3.911      0.000 FF  CELL  sudx_scan|solver|candidate[39][0]|q
    Info (332115):      5.942      2.031 FF    IC  sudx_scan|solver|UNITS[12].candidate_union|any_digit[5][0]~3|dataa
    Info (332115):      6.344      0.402 FF  CELL  sudx_scan|solver|UNITS[12].candidate_union|any_digit[5][0]~3|combout
    Info (332115):      6.606      0.262 FF    IC  sudx_scan|solver|unique_digit[12][0]~325|datad
    Info (332115):      6.767      0.161 FR  CELL  sudx_scan|solver|unique_digit[12][0]~325|combout
    Info (332115):      6.971      0.204 RR    IC  sudx_scan|solver|unique_digit[12][0]~329|datac
    Info (332115):      7.276      0.305 RR  CELL  sudx_scan|solver|unique_digit[12][0]~329|combout
    Info (332115):      9.083      1.807 RR    IC  sudx_scan|solver|forced[57][0]~59|datac
    Info (332115):      9.363      0.280 RF  CELL  sudx_scan|solver|forced[57][0]~59|combout
    Info (332115):      9.626      0.263 FF    IC  sudx_scan|solver|forced[75][0]~60|datad
    Info (332115):      9.787      0.161 FR  CELL  sudx_scan|solver|forced[75][0]~60|combout
    Info (332115):     11.126      1.339 RR    IC  sudx_scan|solver|Equal1291~0|datac
    Info (332115):     11.406      0.280 RF  CELL  sudx_scan|solver|Equal1291~0|combout
    Info (332115):     12.089      0.683 FF    IC  sudx_scan|solver|Selector7~349|datab
    Info (332115):     12.513      0.424 FF  CELL  sudx_scan|solver|Selector7~349|combout
    Info (332115):     13.117      0.604 FF    IC  sudx_scan|solver|Selector7~352|datac
    Info (332115):     13.420      0.303 FF  CELL  sudx_scan|solver|Selector7~352|combout
    Info (332115):     14.139      0.719 FF    IC  sudx_scan|solver|Selector7~363|dataa
    Info (332115):     14.498      0.359 FF  CELL  sudx_scan|solver|Selector7~363|combout
    Info (332115):     14.733      0.235 FF    IC  sudx_scan|solver|Selector7~367|datad
    Info (332115):     14.864      0.131 FF  CELL  sudx_scan|solver|Selector7~367|combout
    Info (332115):     15.798      0.934 FF    IC  sudx_scan|solver|Selector7~368|datad
    Info (332115):     15.929      0.131 FF  CELL  sudx_scan|solver|Selector7~368|combout
    Info (332115):     16.165      0.236 FF    IC  sudx_scan|solver|Selector7~369|datad
    Info (332115):     16.296      0.131 FF  CELL  sudx_scan|solver|Selector7~369|combout
    Info (332115):     16.544      0.248 FF    IC  sudx_scan|solver|propagate~0|datad
    Info (332115):     16.675      0.131 FF  CELL  sudx_scan|solver|propagate~0|combout
    Info (332115):     18.541      1.866 FF    IC  sudx_scan|solver|assigned_depth[28][1]~18|datad
    Info (332115):     18.672      0.131 FF  CELL  sudx_scan|solver|assigned_depth[28][1]~18|combout
    Info (332115):     20.182      1.510 FF    IC  sudx_scan|solver|assigned_depth[28][2]|ena
    Info (332115):     20.779      0.597 FF  CELL  sudx_scan:sudx_scan|sudx_scan_solver:solver|assigned_depth[28][2]
    Info (332115): Data Required Path:
    Info (332115): Total (ns)  Incr (ns)     Type  Element
    Info (332115): ==========  ========= ==  ====  ===================================
    Info (332115):      1.000      1.000           latch edge time
    Info (332115):      1.000      0.000           source latency
    Info (332115):      1.000      0.000           clk
    Info (332115):      1.000      0.000 RR    IC  clk~input|i
    Info (332115):      1.787      0.787 RR  CELL  clk~input|o
    Info (332115):      2.645      0.858 RR    IC  clk~inputclkctrl|inclk[0]
    Info (332115):      2.645      0.000 RR  CELL  clk~inputclkctrl|outclk
    Info (332115):      4.100      1.455 RR    IC  sudx_scan|solver|assigned_depth[28][2]|clk
    Info (332115):      4.575      0.475 RR  CELL  sudx_scan:sudx_scan|sudx_scan_solver:solver|assigned_depth[28][2]
    Info (332115):      4.634      0.059           clock pessimism removed
    Info (332115):      4.614     -0.020           clock uncertainty
    Info (332115):      4.627      0.013     uTsu  sudx_scan:sudx_scan|sudx_scan_solver:solver|assigned_depth[28][2]
    Info (332115): Data Arrival Time  :    20.779
    Info (332115): Data Required Time :     4.627
    Info (332115): Slack              :   -16.152 (VIOLATED)
    Info (332115): ===================================================================
Info (332115): Path #16: Setup slack is -16.152 (VIOLATED)
    Info (332115): ===================================================================
    Info (332115): From Node    : sudx_scan:sudx_scan|sudx_scan_solver:solver|candidate[39][0]
    Info (332115): To Node      : sudx_scan:sudx_scan|sudx_scan_solver:solver|assigned_depth[28][3]
    Info (332115): Launch Clock : clk
    Info (332115): Latch Clock  : clk
    Info (332115): Data Arrival Path:
    Info (332115): Total (ns)  Incr (ns)     Type  Element
    Info (332115): ==========  ========= ==  ====  ===================================
    Info (332115):      0.000      0.000           launch edge time
    Info (332115):      0.000      0.000           source latency
    Info (332115):      0.000      0.000           clk
    Info (332115):      0.000      0.000 RR    IC  clk~input|i
    Info (332115):      0.787      0.787 RR  CELL  clk~input|o
    Info (332115):      1.681      0.894 RR    IC  clk~inputclkctrl|inclk[0]
    Info (332115):      1.681      0.000 RR  CELL  clk~inputclkctrl|outclk
    Info (332115):      3.194      1.513 RR    IC  sudx_scan|solver|candidate[39][0]|clk
    Info (332115):      3.704      0.510 RR  CELL  sudx_scan:sudx_scan|sudx_scan_solver:solver|candidate[39][0]
    Info (332115):      3.911      0.207     uTco  sudx_scan:sudx_scan|sudx_scan_solver:solver|candidate[39][0]
    Info (332115):      3.911      0.000 FF  CELL  sudx_scan|solver|candidate[39][0]|q
    Info (332115):      5.942      2.031 FF    IC  sudx_scan|solver|UNITS[12].candidate_union|any_digit[5][0]~3|dataa
    Info (332115):      6.344      0.402 FF  CELL  sudx_scan|solver|UNITS[12].candidate_union|any_digit[5][0]~3|combout
    Info (332115):      6.606      0.262 FF    IC  sudx_scan|solver|unique_digit[12][0]~325|datad
    Info (332115):      6.767      0.161 FR  CELL  sudx_scan|solver|unique_digit[12][0]~325|combout
    Info (332115):      6.971      0.204 RR    IC  sudx_scan|solver|unique_digit[12][0]~329|datac
    Info (332115):      7.276      0.305 RR  CELL  sudx_scan|solver|unique_digit[12][0]~329|combout
    Info (332115):      9.083      1.807 RR    IC  sudx_scan|solver|forced[57][0]~59|datac
    Info (332115):      9.363      0.280 RF  CELL  sudx_scan|solver|forced[57][0]~59|combout
    Info (332115):      9.626      0.263 FF    IC  sudx_scan|solver|forced[75][0]~60|datad
    Info (332115):      9.787      0.161 FR  CELL  sudx_scan|solver|forced[75][0]~60|combout
    Info (332115):     11.126      1.339 RR    IC  sudx_scan|solver|Equal1291~0|datac
    Info (332115):     11.406      0.280 RF  CELL  sudx_scan|solver|Equal1291~0|combout
    Info (332115):     12.089      0.683 FF    IC  sudx_scan|solver|Selector7~349|datab
    Info (332115):     12.513      0.424 FF  CELL  sudx_scan|solver|Selector7~349|combout
    Info (332115):     13.117      0.604 FF    IC  sudx_scan|solver|Selector7~352|datac
    Info (332115):     13.420      0.303 FF  CELL  sudx_scan|solver|Selector7~352|combout
    Info (332115):     14.139      0.719 FF    IC  sudx_scan|solver|Selector7~363|dataa
    Info (332115):     14.498      0.359 FF  CELL  sudx_scan|solver|Selector7~363|combout
    Info (332115):     14.733      0.235 FF    IC  sudx_scan|solver|Selector7~367|datad
    Info (332115):     14.864      0.131 FF  CELL  sudx_scan|solver|Selector7~367|combout
    Info (332115):     15.798      0.934 FF    IC  sudx_scan|solver|Selector7~368|datad
    Info (332115):     15.929      0.131 FF  CELL  sudx_scan|solver|Selector7~368|combout
    Info (332115):     16.165      0.236 FF    IC  sudx_scan|solver|Selector7~369|datad
    Info (332115):     16.296      0.131 FF  CELL  sudx_scan|solver|Selector7~369|combout
    Info (332115):     16.544      0.248 FF    IC  sudx_scan|solver|propagate~0|datad
    Info (332115):     16.675      0.131 FF  CELL  sudx_scan|solver|propagate~0|combout
    Info (332115):     18.541      1.866 FF    IC  sudx_scan|solver|assigned_depth[28][1]~18|datad
    Info (332115):     18.672      0.131 FF  CELL  sudx_scan|solver|assigned_depth[28][1]~18|combout
    Info (332115):     20.182      1.510 FF    IC  sudx_scan|solver|assigned_depth[28][3]|ena
    Info (332115):     20.779      0.597 FF  CELL  sudx_scan:sudx_scan|sudx_scan_solver:solver|assigned_depth[28][3]
    Info (332115): Data Required Path:
    Info (332115): Total (ns)  Incr (ns)     Type  Element
    Info (332115): ==========  ========= ==  ====  ===================================
    Info (332115):      1.000      1.000           latch edge time
    Info (332115):      1.000      0.000           source latency
    Info (332115):      1.000      0.000           clk
    Info (332115):      1.000      0.000 RR    IC  clk~input|i
    Info (332115):      1.787      0.787 RR  CELL  clk~input|o
    Info (332115):      2.645      0.858 RR    IC  clk~inputclkctrl|inclk[0]
    Info (332115):      2.645      0.000 RR  CELL  clk~inputclkctrl|outclk
    Info (332115):      4.100      1.455 RR    IC  sudx_scan|solver|assigned_depth[28][3]|clk
    Info (332115):      4.575      0.475 RR  CELL  sudx_scan:sudx_scan|sudx_scan_solver:solver|assigned_depth[28][3]
    Info (332115):      4.634      0.059           clock pessimism removed
    Info (332115):      4.614     -0.020           clock uncertainty
    Info (332115):      4.627      0.013     uTsu  sudx_scan:sudx_scan|sudx_scan_solver:solver|assigned_depth[28][3]
    Info (332115): Data Arrival Time  :    20.779
    Info (332115): Data Required Time :     4.627
    Info (332115): Slack              :   -16.152 (VIOLATED)
    Info (332115): ===================================================================
Info (332115): Path #17: Setup slack is -16.147 (VIOLATED)
    Info (332115): ===================================================================
    Info (332115): From Node    : sudx_scan:sudx_scan|sudx_scan_solver:solver|candidate[30][0]
    Info (332115): To Node      : sudx_scan:sudx_scan|sudx_scan_solver:solver|assigned_depth[20][0]
    Info (332115): Launch Clock : clk
    Info (332115): Latch Clock  : clk
    Info (332115): Data Arrival Path:
    Info (332115): Total (ns)  Incr (ns)     Type  Element
    Info (332115): ==========  ========= ==  ====  ===================================
    Info (332115):      0.000      0.000           launch edge time
    Info (332115):      0.000      0.000           source latency
    Info (332115):      0.000      0.000           clk
    Info (332115):      0.000      0.000 RR    IC  clk~input|i
    Info (332115):      0.787      0.787 RR  CELL  clk~input|o
    Info (332115):      1.681      0.894 RR    IC  clk~inputclkctrl|inclk[0]
    Info (332115):      1.681      0.000 RR  CELL  clk~inputclkctrl|outclk
    Info (332115):      3.203      1.522 RR    IC  sudx_scan|solver|candidate[30][0]|clk
    Info (332115):      3.713      0.510 RR  CELL  sudx_scan:sudx_scan|sudx_scan_solver:solver|candidate[30][0]
    Info (332115):      3.920      0.207     uTco  sudx_scan:sudx_scan|sudx_scan_solver:solver|candidate[30][0]
    Info (332115):      3.920      0.000 FF  CELL  sudx_scan|solver|candidate[30][0]|q
    Info (332115):      5.667      1.747 FF    IC  sudx_scan|solver|UNITS[12].candidate_union|any_digit[2][0]~2|datac
    Info (332115):      5.965      0.298 FF  CELL  sudx_scan|solver|UNITS[12].candidate_union|any_digit[2][0]~2|combout
    Info (332115):      6.268      0.303 FF    IC  sudx_scan|solver|unique_digit[12][0]~325|datab
    Info (332115):      6.692      0.424 FF  CELL  sudx_scan|solver|unique_digit[12][0]~325|combout
    Info (332115):      6.938      0.246 FF    IC  sudx_scan|solver|unique_digit[12][0]~329|datac
    Info (332115):      7.241      0.303 FF  CELL  sudx_scan|solver|unique_digit[12][0]~329|combout
    Info (332115):      9.067      1.826 FF    IC  sudx_scan|solver|forced[57][0]~59|datac
    Info (332115):      9.346      0.279 FR  CELL  sudx_scan|solver|forced[57][0]~59|combout
    Info (332115):      9.573      0.227 RR    IC  sudx_scan|solver|forced[75][0]~60|datad
    Info (332115):      9.718      0.145 RF  CELL  sudx_scan|solver|forced[75][0]~60|combout
    Info (332115):     11.022      1.304 FF    IC  sudx_scan|solver|Equal1291~0|datac
    Info (332115):     11.301      0.279 FR  CELL  sudx_scan|solver|Equal1291~0|combout
    Info (332115):     11.982      0.681 RR    IC  sudx_scan|solver|Selector7~349|datab
    Info (332115):     12.384      0.402 RR  CELL  sudx_scan|solver|Selector7~349|combout
    Info (332115):     12.992      0.608 RR    IC  sudx_scan|solver|Selector7~352|datac
    Info (332115):     13.297      0.305 RR  CELL  sudx_scan|solver|Selector7~352|combout
    Info (332115):     14.017      0.720 RR    IC  sudx_scan|solver|Selector7~363|dataa
    Info (332115):     14.361      0.344 RR  CELL  sudx_scan|solver|Selector7~363|combout
    Info (332115):     14.566      0.205 RR    IC  sudx_scan|solver|Selector7~367|datad
    Info (332115):     14.732      0.166 RR  CELL  sudx_scan|solver|Selector7~367|combout
    Info (332115):     15.682      0.950 RR    IC  sudx_scan|solver|Selector7~368|datad
    Info (332115):     15.848      0.166 RR  CELL  sudx_scan|solver|Selector7~368|combout
    Info (332115):     16.053      0.205 RR    IC  sudx_scan|solver|Selector7~369|datad
    Info (332115):     16.219      0.166 RR  CELL  sudx_scan|solver|Selector7~369|combout
    Info (332115):     16.431      0.212 RR    IC  sudx_scan|solver|propagate~0|datad
    Info (332115):     16.597      0.166 RR  CELL  sudx_scan|solver|propagate~0|combout
    Info (332115):     18.751      2.154 RR    IC  sudx_scan|solver|assigned_depth[20][1]~12|datad
    Info (332115):     18.917      0.166 RR  CELL  sudx_scan|solver|assigned_depth[20][1]~12|combout
    Info (332115):     20.143      1.226 RR    IC  sudx_scan|solver|assigned_depth[20][0]|ena
    Info (332115):     20.767      0.624 RR  CELL  sudx_scan:sudx_scan|sudx_scan_solver:solver|assigned_depth[20][0]
    Info (332115): Data Required Path:
    Info (332115): Total (ns)  Incr (ns)     Type  Element
    Info (332115): ==========  ========= ==  ====  ===================================
    Info (332115):      1.000      1.000           latch edge time
    Info (332115):      1.000      0.000           source latency
    Info (332115):      1.000      0.000           clk
    Info (332115):      1.000      0.000 RR    IC  clk~input|i
    Info (332115):      1.787      0.787 RR  CELL  clk~input|o
    Info (332115):      2.645      0.858 RR    IC  clk~inputclkctrl|inclk[0]
    Info (332115):      2.645      0.000 RR  CELL  clk~inputclkctrl|outclk
    Info (332115):      4.093      1.448 RR    IC  sudx_scan|solver|assigned_depth[20][0]|clk
    Info (332115):      4.568      0.475 RR  CELL  sudx_scan:sudx_scan|sudx_scan_solver:solver|assigned_depth[20][0]
    Info (332115):      4.627      0.059           clock pessimism removed
    Info (332115):      4.607     -0.020           clock uncertainty
    Info (332115):      4.620      0.013     uTsu  sudx_scan:sudx_scan|sudx_scan_solver:solver|assigned_depth[20][0]
    Info (332115): Data Arrival Time  :    20.767
    Info (332115): Data Required Time :     4.620
    Info (332115): Slack              :   -16.147 (VIOLATED)
    Info (332115): ===================================================================
Info (332115): Path #18: Setup slack is -16.147 (VIOLATED)
    Info (332115): ===================================================================
    Info (332115): From Node    : sudx_scan:sudx_scan|sudx_scan_solver:solver|candidate[30][0]
    Info (332115): To Node      : sudx_scan:sudx_scan|sudx_scan_solver:solver|assigned_depth[20][1]
    Info (332115): Launch Clock : clk
    Info (332115): Latch Clock  : clk
    Info (332115): Data Arrival Path:
    Info (332115): Total (ns)  Incr (ns)     Type  Element
    Info (332115): ==========  ========= ==  ====  ===================================
    Info (332115):      0.000      0.000           launch edge time
    Info (332115):      0.000      0.000           source latency
    Info (332115):      0.000      0.000           clk
    Info (332115):      0.000      0.000 RR    IC  clk~input|i
    Info (332115):      0.787      0.787 RR  CELL  clk~input|o
    Info (332115):      1.681      0.894 RR    IC  clk~inputclkctrl|inclk[0]
    Info (332115):      1.681      0.000 RR  CELL  clk~inputclkctrl|outclk
    Info (332115):      3.203      1.522 RR    IC  sudx_scan|solver|candidate[30][0]|clk
    Info (332115):      3.713      0.510 RR  CELL  sudx_scan:sudx_scan|sudx_scan_solver:solver|candidate[30][0]
    Info (332115):      3.920      0.207     uTco  sudx_scan:sudx_scan|sudx_scan_solver:solver|candidate[30][0]
    Info (332115):      3.920      0.000 FF  CELL  sudx_scan|solver|candidate[30][0]|q
    Info (332115):      5.667      1.747 FF    IC  sudx_scan|solver|UNITS[12].candidate_union|any_digit[2][0]~2|datac
    Info (332115):      5.965      0.298 FF  CELL  sudx_scan|solver|UNITS[12].candidate_union|any_digit[2][0]~2|combout
    Info (332115):      6.268      0.303 FF    IC  sudx_scan|solver|unique_digit[12][0]~325|datab
    Info (332115):      6.692      0.424 FF  CELL  sudx_scan|solver|unique_digit[12][0]~325|combout
    Info (332115):      6.938      0.246 FF    IC  sudx_scan|solver|unique_digit[12][0]~329|datac
    Info (332115):      7.241      0.303 FF  CELL  sudx_scan|solver|unique_digit[12][0]~329|combout
    Info (332115):      9.067      1.826 FF    IC  sudx_scan|solver|forced[57][0]~59|datac
    Info (332115):      9.346      0.279 FR  CELL  sudx_scan|solver|forced[57][0]~59|combout
    Info (332115):      9.573      0.227 RR    IC  sudx_scan|solver|forced[75][0]~60|datad
    Info (332115):      9.718      0.145 RF  CELL  sudx_scan|solver|forced[75][0]~60|combout
    Info (332115):     11.022      1.304 FF    IC  sudx_scan|solver|Equal1291~0|datac
    Info (332115):     11.301      0.279 FR  CELL  sudx_scan|solver|Equal1291~0|combout
    Info (332115):     11.982      0.681 RR    IC  sudx_scan|solver|Selector7~349|datab
    Info (332115):     12.384      0.402 RR  CELL  sudx_scan|solver|Selector7~349|combout
    Info (332115):     12.992      0.608 RR    IC  sudx_scan|solver|Selector7~352|datac
    Info (332115):     13.297      0.305 RR  CELL  sudx_scan|solver|Selector7~352|combout
    Info (332115):     14.017      0.720 RR    IC  sudx_scan|solver|Selector7~363|dataa
    Info (332115):     14.361      0.344 RR  CELL  sudx_scan|solver|Selector7~363|combout
    Info (332115):     14.566      0.205 RR    IC  sudx_scan|solver|Selector7~367|datad
    Info (332115):     14.732      0.166 RR  CELL  sudx_scan|solver|Selector7~367|combout
    Info (332115):     15.682      0.950 RR    IC  sudx_scan|solver|Selector7~368|datad
    Info (332115):     15.848      0.166 RR  CELL  sudx_scan|solver|Selector7~368|combout
    Info (332115):     16.053      0.205 RR    IC  sudx_scan|solver|Selector7~369|datad
    Info (332115):     16.219      0.166 RR  CELL  sudx_scan|solver|Selector7~369|combout
    Info (332115):     16.431      0.212 RR    IC  sudx_scan|solver|propagate~0|datad
    Info (332115):     16.597      0.166 RR  CELL  sudx_scan|solver|propagate~0|combout
    Info (332115):     18.751      2.154 RR    IC  sudx_scan|solver|assigned_depth[20][1]~12|datad
    Info (332115):     18.917      0.166 RR  CELL  sudx_scan|solver|assigned_depth[20][1]~12|combout
    Info (332115):     20.143      1.226 RR    IC  sudx_scan|solver|assigned_depth[20][1]|ena
    Info (332115):     20.767      0.624 RR  CELL  sudx_scan:sudx_scan|sudx_scan_solver:solver|assigned_depth[20][1]
    Info (332115): Data Required Path:
    Info (332115): Total (ns)  Incr (ns)     Type  Element
    Info (332115): ==========  ========= ==  ====  ===================================
    Info (332115):      1.000      1.000           latch edge time
    Info (332115):      1.000      0.000           source latency
    Info (332115):      1.000      0.000           clk
    Info (332115):      1.000      0.000 RR    IC  clk~input|i
    Info (332115):      1.787      0.787 RR  CELL  clk~input|o
    Info (332115):      2.645      0.858 RR    IC  clk~inputclkctrl|inclk[0]
    Info (332115):      2.645      0.000 RR  CELL  clk~inputclkctrl|outclk
    Info (332115):      4.093      1.448 RR    IC  sudx_scan|solver|assigned_depth[20][1]|clk
    Info (332115):      4.568      0.475 RR  CELL  sudx_scan:sudx_scan|sudx_scan_solver:solver|assigned_depth[20][1]
    Info (332115):      4.627      0.059           clock pessimism removed
    Info (332115):      4.607     -0.020           clock uncertainty
    Info (332115):      4.620      0.013     uTsu  sudx_scan:sudx_scan|sudx_scan_solver:solver|assigned_depth[20][1]
    Info (332115): Data Arrival Time  :    20.767
    Info (332115): Data Required Time :     4.620
    Info (332115): Slack              :   -16.147 (VIOLATED)
    Info (332115): ===================================================================
Info (332115): Path #19: Setup slack is -16.147 (VIOLATED)
    Info (332115): ===================================================================
    Info (332115): From Node    : sudx_scan:sudx_scan|sudx_scan_solver:solver|candidate[30][0]
    Info (332115): To Node      : sudx_scan:sudx_scan|sudx_scan_solver:solver|assigned_depth[20][2]
    Info (332115): Launch Clock : clk
    Info (332115): Latch Clock  : clk
    Info (332115): Data Arrival Path:
    Info (332115): Total (ns)  Incr (ns)     Type  Element
    Info (332115): ==========  ========= ==  ====  ===================================
    Info (332115):      0.000      0.000           launch edge time
    Info (332115):      0.000      0.000           source latency
    Info (332115):      0.000      0.000           clk
    Info (332115):      0.000      0.000 RR    IC  clk~input|i
    Info (332115):      0.787      0.787 RR  CELL  clk~input|o
    Info (332115):      1.681      0.894 RR    IC  clk~inputclkctrl|inclk[0]
    Info (332115):      1.681      0.000 RR  CELL  clk~inputclkctrl|outclk
    Info (332115):      3.203      1.522 RR    IC  sudx_scan|solver|candidate[30][0]|clk
    Info (332115):      3.713      0.510 RR  CELL  sudx_scan:sudx_scan|sudx_scan_solver:solver|candidate[30][0]
    Info (332115):      3.920      0.207     uTco  sudx_scan:sudx_scan|sudx_scan_solver:solver|candidate[30][0]
    Info (332115):      3.920      0.000 FF  CELL  sudx_scan|solver|candidate[30][0]|q
    Info (332115):      5.667      1.747 FF    IC  sudx_scan|solver|UNITS[12].candidate_union|any_digit[2][0]~2|datac
    Info (332115):      5.965      0.298 FF  CELL  sudx_scan|solver|UNITS[12].candidate_union|any_digit[2][0]~2|combout
    Info (332115):      6.268      0.303 FF    IC  sudx_scan|solver|unique_digit[12][0]~325|datab
    Info (332115):      6.692      0.424 FF  CELL  sudx_scan|solver|unique_digit[12][0]~325|combout
    Info (332115):      6.938      0.246 FF    IC  sudx_scan|solver|unique_digit[12][0]~329|datac
    Info (332115):      7.241      0.303 FF  CELL  sudx_scan|solver|unique_digit[12][0]~329|combout
    Info (332115):      9.067      1.826 FF    IC  sudx_scan|solver|forced[57][0]~59|datac
    Info (332115):      9.346      0.279 FR  CELL  sudx_scan|solver|forced[57][0]~59|combout
    Info (332115):      9.573      0.227 RR    IC  sudx_scan|solver|forced[75][0]~60|datad
    Info (332115):      9.718      0.145 RF  CELL  sudx_scan|solver|forced[75][0]~60|combout
    Info (332115):     11.022      1.304 FF    IC  sudx_scan|solver|Equal1291~0|datac
    Info (332115):     11.301      0.279 FR  CELL  sudx_scan|solver|Equal1291~0|combout
    Info (332115):     11.982      0.681 RR    IC  sudx_scan|solver|Selector7~349|datab
    Info (332115):     12.384      0.402 RR  CELL  sudx_scan|solver|Selector7~349|combout
    Info (332115):     12.992      0.608 RR    IC  sudx_scan|solver|Selector7~352|datac
    Info (332115):     13.297      0.305 RR  CELL  sudx_scan|solver|Selector7~352|combout
    Info (332115):     14.017      0.720 RR    IC  sudx_scan|solver|Selector7~363|dataa
    Info (332115):     14.361      0.344 RR  CELL  sudx_scan|solver|Selector7~363|combout
    Info (332115):     14.566      0.205 RR    IC  sudx_scan|solver|Selector7~367|datad
    Info (332115):     14.732      0.166 RR  CELL  sudx_scan|solver|Selector7~367|combout
    Info (332115):     15.682      0.950 RR    IC  sudx_scan|solver|Selector7~368|datad
    Info (332115):     15.848      0.166 RR  CELL  sudx_scan|solver|Selector7~368|combout
    Info (332115):     16.053      0.205 RR    IC  sudx_scan|solver|Selector7~369|datad
    Info (332115):     16.219      0.166 RR  CELL  sudx_scan|solver|Selector7~369|combout
    Info (332115):     16.431      0.212 RR    IC  sudx_scan|solver|propagate~0|datad
    Info (332115):     16.597      0.166 RR  CELL  sudx_scan|solver|propagate~0|combout
    Info (332115):     18.751      2.154 RR    IC  sudx_scan|solver|assigned_depth[20][1]~12|datad
    Info (332115):     18.917      0.166 RR  CELL  sudx_scan|solver|assigned_depth[20][1]~12|combout
    Info (332115):     20.143      1.226 RR    IC  sudx_scan|solver|assigned_depth[20][2]|ena
    Info (332115):     20.767      0.624 RR  CELL  sudx_scan:sudx_scan|sudx_scan_solver:solver|assigned_depth[20][2]
    Info (332115): Data Required Path:
    Info (332115): Total (ns)  Incr (ns)     Type  Element
    Info (332115): ==========  ========= ==  ====  ===================================
    Info (332115):      1.000      1.000           latch edge time
    Info (332115):      1.000      0.000           source latency
    Info (332115):      1.000      0.000           clk
    Info (332115):      1.000      0.000 RR    IC  clk~input|i
    Info (332115):      1.787      0.787 RR  CELL  clk~input|o
    Info (332115):      2.645      0.858 RR    IC  clk~inputclkctrl|inclk[0]
    Info (332115):      2.645      0.000 RR  CELL  clk~inputclkctrl|outclk
    Info (332115):      4.093      1.448 RR    IC  sudx_scan|solver|assigned_depth[20][2]|clk
    Info (332115):      4.568      0.475 RR  CELL  sudx_scan:sudx_scan|sudx_scan_solver:solver|assigned_depth[20][2]
    Info (332115):      4.627      0.059           clock pessimism removed
    Info (332115):      4.607     -0.020           clock uncertainty
    Info (332115):      4.620      0.013     uTsu  sudx_scan:sudx_scan|sudx_scan_solver:solver|assigned_depth[20][2]
    Info (332115): Data Arrival Time  :    20.767
    Info (332115): Data Required Time :     4.620
    Info (332115): Slack              :   -16.147 (VIOLATED)
    Info (332115): ===================================================================
Info (332115): Path #20: Setup slack is -16.147 (VIOLATED)
    Info (332115): ===================================================================
    Info (332115): From Node    : sudx_scan:sudx_scan|sudx_scan_solver:solver|candidate[30][0]
    Info (332115): To Node      : sudx_scan:sudx_scan|sudx_scan_solver:solver|assigned_depth[20][3]
    Info (332115): Launch Clock : clk
    Info (332115): Latch Clock  : clk
    Info (332115): Data Arrival Path:
    Info (332115): Total (ns)  Incr (ns)     Type  Element
    Info (332115): ==========  ========= ==  ====  ===================================
    Info (332115):      0.000      0.000           launch edge time
    Info (332115):      0.000      0.000           source latency
    Info (332115):      0.000      0.000           clk
    Info (332115):      0.000      0.000 RR    IC  clk~input|i
    Info (332115):      0.787      0.787 RR  CELL  clk~input|o
    Info (332115):      1.681      0.894 RR    IC  clk~inputclkctrl|inclk[0]
    Info (332115):      1.681      0.000 RR  CELL  clk~inputclkctrl|outclk
    Info (332115):      3.203      1.522 RR    IC  sudx_scan|solver|candidate[30][0]|clk
    Info (332115):      3.713      0.510 RR  CELL  sudx_scan:sudx_scan|sudx_scan_solver:solver|candidate[30][0]
    Info (332115):      3.920      0.207     uTco  sudx_scan:sudx_scan|sudx_scan_solver:solver|candidate[30][0]
    Info (332115):      3.920      0.000 FF  CELL  sudx_scan|solver|candidate[30][0]|q
    Info (332115):      5.667      1.747 FF    IC  sudx_scan|solver|UNITS[12].candidate_union|any_digit[2][0]~2|datac
    Info (332115):      5.965      0.298 FF  CELL  sudx_scan|solver|UNITS[12].candidate_union|any_digit[2][0]~2|combout
    Info (332115):      6.268      0.303 FF    IC  sudx_scan|solver|unique_digit[12][0]~325|datab
    Info (332115):      6.692      0.424 FF  CELL  sudx_scan|solver|unique_digit[12][0]~325|combout
    Info (332115):      6.938      0.246 FF    IC  sudx_scan|solver|unique_digit[12][0]~329|datac
    Info (332115):      7.241      0.303 FF  CELL  sudx_scan|solver|unique_digit[12][0]~329|combout
    Info (332115):      9.067      1.826 FF    IC  sudx_scan|solver|forced[57][0]~59|datac
    Info (332115):      9.346      0.279 FR  CELL  sudx_scan|solver|forced[57][0]~59|combout
    Info (332115):      9.573      0.227 RR    IC  sudx_scan|solver|forced[75][0]~60|datad
    Info (332115):      9.718      0.145 RF  CELL  sudx_scan|solver|forced[75][0]~60|combout
    Info (332115):     11.022      1.304 FF    IC  sudx_scan|solver|Equal1291~0|datac
    Info (332115):     11.301      0.279 FR  CELL  sudx_scan|solver|Equal1291~0|combout
    Info (332115):     11.982      0.681 RR    IC  sudx_scan|solver|Selector7~349|datab
    Info (332115):     12.384      0.402 RR  CELL  sudx_scan|solver|Selector7~349|combout
    Info (332115):     12.992      0.608 RR    IC  sudx_scan|solver|Selector7~352|datac
    Info (332115):     13.297      0.305 RR  CELL  sudx_scan|solver|Selector7~352|combout
    Info (332115):     14.017      0.720 RR    IC  sudx_scan|solver|Selector7~363|dataa
    Info (332115):     14.361      0.344 RR  CELL  sudx_scan|solver|Selector7~363|combout
    Info (332115):     14.566      0.205 RR    IC  sudx_scan|solver|Selector7~367|datad
    Info (332115):     14.732      0.166 RR  CELL  sudx_scan|solver|Selector7~367|combout
    Info (332115):     15.682      0.950 RR    IC  sudx_scan|solver|Selector7~368|datad
    Info (332115):     15.848      0.166 RR  CELL  sudx_scan|solver|Selector7~368|combout
    Info (332115):     16.053      0.205 RR    IC  sudx_scan|solver|Selector7~369|datad
    Info (332115):     16.219      0.166 RR  CELL  sudx_scan|solver|Selector7~369|combout
    Info (332115):     16.431      0.212 RR    IC  sudx_scan|solver|propagate~0|datad
    Info (332115):     16.597      0.166 RR  CELL  sudx_scan|solver|propagate~0|combout
    Info (332115):     18.751      2.154 RR    IC  sudx_scan|solver|assigned_depth[20][1]~12|datad
    Info (332115):     18.917      0.166 RR  CELL  sudx_scan|solver|assigned_depth[20][1]~12|combout
    Info (332115):     20.143      1.226 RR    IC  sudx_scan|solver|assigned_depth[20][3]|ena
    Info (332115):     20.767      0.624 RR  CELL  sudx_scan:sudx_scan|sudx_scan_solver:solver|assigned_depth[20][3]
    Info (332115): Data Required Path:
    Info (332115): Total (ns)  Incr (ns)     Type  Element
    Info (332115): ==========  ========= ==  ====  ===================================
    Info (332115):      1.000      1.000           latch edge time
    Info (332115):      1.000      0.000           source latency
    Info (332115):      1.000      0.000           clk
    Info (332115):      1.000      0.000 RR    IC  clk~input|i
    Info (332115):      1.787      0.787 RR  CELL  clk~input|o
    Info (332115):      2.645      0.858 RR    IC  clk~inputclkctrl|inclk[0]
    Info (332115):      2.645      0.000 RR  CELL  clk~inputclkctrl|outclk
    Info (332115):      4.093      1.448 RR    IC  sudx_scan|solver|assigned_depth[20][3]|clk
    Info (332115):      4.568      0.475 RR  CELL  sudx_scan:sudx_scan|sudx_scan_solver:solver|assigned_depth[20][3]
    Info (332115):      4.627      0.059           clock pessimism removed
    Info (332115):      4.607     -0.020           clock uncertainty
    Info (332115):      4.620      0.013     uTsu  sudx_scan:sudx_scan|sudx_scan_solver:solver|assigned_depth[20][3]
    Info (332115): Data Arrival Time  :    20.767
    Info (332115): Data Required Time :     4.620
    Info (332115): Slack              :   -16.147 (VIOLATED)
    Info (332115): ===================================================================
Info (23030): Evaluation of Tcl script /data/project/tsmc65/shared/qsyn/util/report_worst.tcl was successful
Info: Quartus Prime Timing Analyzer was successful. 0 errors, 1 warning
    Info: Peak virtual memory: 576 megabytes
    Info: Processing ended: Tue Sep  8 08:36:38 2026
    Info: Elapsed time: 00:00:10
    Info: Total CPU time (on all processors): 00:00:00
