Info: *******************************************************************
Info: Running Quartus Prime Timing Analyzer
    Info: Version 24.1std.0 Build 1077 03/04/2025 SC Lite Edition
    Info: Copyright (C) 2025  Altera Corporation. All rights reserved.
    Info: Your use of Altera Corporation's design tools, logic functions 
    Info: and other software and tools, and any partner logic 
    Info: functions, and any output files from any of the foregoing 
    Info: (including device programming or simulation files), and any 
    Info: associated documentation or information are expressly subject 
    Info: to the terms and conditions of the Altera Program License 
    Info: Subscription Agreement, the Altera Quartus Prime License Agreement,
    Info: the Altera IP License Agreement, or other applicable license
    Info: agreement, including, without limitation, that your use is for
    Info: the sole purpose of programming logic devices manufactured by
    Info: Altera and sold by Altera or its authorized distributors.  Please
    Info: refer to the Altera Software License Subscription Agreements 
    Info: on the Quartus Prime software download page.
    Info: Processing started: Mon Sep  7 22:09:51 2026
Info: Command: quartus_sta -t /data/project/tsmc65/shared/qsyn/util/report_worst.tcl sudx_scan
Info: Quartus(args): sudx_scan
Info (21076): High junction temperature operating condition is not set. Assuming a default value of '85'.
Info (21076): Low junction temperature operating condition is not set. Assuming a default value of '0'.
Critical Warning (332012): Synopsys Design Constraints File file not found: '/data/project/tsmc65/shared/qsyn/basic.sdc'. A Synopsys Design Constraints File is required by the Timing Analyzer to get proper timing constraints. Without it, the Compiler will not properly optimize the design.
Info (332142): No user constrained base clocks found in the design. Calling "derive_clocks -period 1.0"
Info (332105): Deriving Clocks
    Info (332105): create_clock -period 1.000 -name clk clk
Info (332143): No user constrained clock uncertainty found in the design. Calling "derive_clock_uncertainty"
Info (332123): Deriving Clock Uncertainty. Please refer to report_sdc in the Timing Analyzer to see clock uncertainties.
Info (332115): Report Timing: Found 20 setup paths (20 violated).  Worst case slack is -38.112
    Info (332115): -setup
    Info (332115): -npaths 20
    Info (332115): -detail full_path
    Info (332115): -stdout
Info (332115): Path #1: Setup slack is -38.112 (VIOLATED)
    Info (332115): ===================================================================
    Info (332115): From Node    : sudx_scan:sudx_scan|sudx_scan_solver:solver|col_used[5][2]
    Info (332115): To Node      : sudx_scan:sudx_scan|sudx_scan_solver:solver|col_used[8][2]
    Info (332115): Launch Clock : clk
    Info (332115): Latch Clock  : clk
    Info (332115): Data Arrival Path:
    Info (332115): Total (ns)  Incr (ns)     Type  Element
    Info (332115): ==========  ========= ==  ====  ===================================
    Info (332115):      0.000      0.000           launch edge time
    Info (332115):      0.000      0.000           source latency
    Info (332115):      0.000      0.000           clk
    Info (332115):      0.000      0.000 RR    IC  clk~input|i
    Info (332115):      0.769      0.769 RR  CELL  clk~input|o
    Info (332115):      1.663      0.894 RR    IC  clk~inputclkctrl|inclk[0]
    Info (332115):      1.663      0.000 RR  CELL  clk~inputclkctrl|outclk
    Info (332115):      3.130      1.467 RR    IC  sudx_scan|solver|col_used[5][2]|clk
    Info (332115):      3.640      0.510 RR  CELL  sudx_scan:sudx_scan|sudx_scan_solver:solver|col_used[5][2]
    Info (332115):      3.847      0.207     uTco  sudx_scan:sudx_scan|sudx_scan_solver:solver|col_used[5][2]
    Info (332115):      3.847      0.000 FF  CELL  sudx_scan|solver|col_used[5][2]|q
    Info (332115):      6.126      2.279 FF    IC  sudx_scan|solver|min_count~1627|datad
    Info (332115):      6.257      0.131 FF  CELL  sudx_scan|solver|min_count~1627|combout
    Info (332115):      6.569      0.312 FF    IC  sudx_scan|solver|Add259~2|dataa
    Info (332115):      6.995      0.426 FR  CELL  sudx_scan|solver|Add259~2|combout
    Info (332115):      7.767      0.772 RR    IC  sudx_scan|solver|Add264~0|datac
    Info (332115):      8.051      0.284 RF  CELL  sudx_scan|solver|Add264~0|combout
    Info (332115):      8.308      0.257 FF    IC  sudx_scan|solver|Add264~1|datad
    Info (332115):      8.439      0.131 FF  CELL  sudx_scan|solver|Add264~1|combout
    Info (332115):      9.495      1.056 FF    IC  sudx_scan|solver|min_count[160][2]~1635|dataa
    Info (332115):      9.923      0.428 FF  CELL  sudx_scan|solver|min_count[160][2]~1635|combout
    Info (332115):     10.212      0.289 FF    IC  sudx_scan|solver|LessThan79~3|dataa
    Info (332115):     10.640      0.428 FF  CELL  sudx_scan|solver|LessThan79~3|combout
    Info (332115):     10.882      0.242 FF    IC  sudx_scan|solver|LessThan79~4|datac
    Info (332115):     11.185      0.303 FF  CELL  sudx_scan|solver|LessThan79~4|combout
    Info (332115):     11.472      0.287 FF    IC  sudx_scan|solver|min_count[80][0]~1660|datac
    Info (332115):     11.770      0.298 FF  CELL  sudx_scan|solver|min_count[80][0]~1660|combout
    Info (332115):     12.189      0.419 FF    IC  sudx_scan|solver|LessThan39~1|datac
    Info (332115):     12.492      0.303 FF  CELL  sudx_scan|solver|LessThan39~1|combout
    Info (332115):     12.738      0.246 FF    IC  sudx_scan|solver|LessThan39~2|datac
    Info (332115):     13.041      0.303 FF  CELL  sudx_scan|solver|LessThan39~2|combout
    Info (332115):     13.321      0.280 FF    IC  sudx_scan|solver|LessThan39~3|datab
    Info (332115):     13.714      0.393 FF  CELL  sudx_scan|solver|LessThan39~3|combout
    Info (332115):     13.957      0.243 FF    IC  sudx_scan|solver|LessThan39~4|datac
    Info (332115):     14.260      0.303 FF  CELL  sudx_scan|solver|LessThan39~4|combout
    Info (332115):     14.499      0.239 FF    IC  sudx_scan|solver|LessThan39~5|datad
    Info (332115):     14.630      0.131 FF  CELL  sudx_scan|solver|LessThan39~5|combout
    Info (332115):     14.921      0.291 FF    IC  sudx_scan|solver|min_count[40][1]~1671|datad
    Info (332115):     15.082      0.161 FR  CELL  sudx_scan|solver|min_count[40][1]~1671|combout
    Info (332115):     15.919      0.837 RR    IC  sudx_scan|solver|LessThan19~2|datab
    Info (332115):     16.368      0.449 RF  CELL  sudx_scan|solver|LessThan19~2|combout
    Info (332115):     16.662      0.294 FF    IC  sudx_scan|solver|LessThan19~5|dataa
    Info (332115):     16.986      0.324 FF  CELL  sudx_scan|solver|LessThan19~5|combout
    Info (332115):     17.222      0.236 FF    IC  sudx_scan|solver|LessThan19~8|datad
    Info (332115):     17.353      0.131 FF  CELL  sudx_scan|solver|LessThan19~8|combout
    Info (332115):     17.661      0.308 FF    IC  sudx_scan|solver|min_count[20][3]~1682|datad
    Info (332115):     17.792      0.131 FF  CELL  sudx_scan|solver|min_count[20][3]~1682|combout
    Info (332115):     18.236      0.444 FF    IC  sudx_scan|solver|LessThan9~0|dataa
    Info (332115):     18.641      0.405 FF  CELL  sudx_scan|solver|LessThan9~0|combout
    Info (332115):     19.072      0.431 FF    IC  sudx_scan|solver|LessThan9~4|dataa
    Info (332115):     19.477      0.405 FF  CELL  sudx_scan|solver|LessThan9~4|combout
    Info (332115):     19.730      0.253 FF    IC  sudx_scan|solver|LessThan9~5|datad
    Info (332115):     19.861      0.131 FF  CELL  sudx_scan|solver|LessThan9~5|combout
    Info (332115):     20.156      0.295 FF    IC  sudx_scan|solver|min_count[10][3]~1689|datac
    Info (332115):     20.459      0.303 FF  CELL  sudx_scan|solver|min_count[10][3]~1689|combout
    Info (332115):     21.163      0.704 FF    IC  sudx_scan|solver|LessThan4~2|datac
    Info (332115):     21.466      0.303 FF  CELL  sudx_scan|solver|LessThan4~2|combout
    Info (332115):     21.895      0.429 FF    IC  sudx_scan|solver|LessThan4~5|dataa
    Info (332115):     22.323      0.428 FF  CELL  sudx_scan|solver|LessThan4~5|combout
    Info (332115):     22.562      0.239 FF    IC  sudx_scan|solver|LessThan4~8|datad
    Info (332115):     22.693      0.131 FF  CELL  sudx_scan|solver|LessThan4~8|combout
    Info (332115):     23.010      0.317 FF    IC  sudx_scan|solver|min_count[5][3]~1707|datad
    Info (332115):     23.171      0.161 FR  CELL  sudx_scan|solver|min_count[5][3]~1707|combout
    Info (332115):     24.185      1.014 RR    IC  sudx_scan|solver|LessThan1~6|dataa
    Info (332115):     24.622      0.437 RF  CELL  sudx_scan|solver|LessThan1~6|combout
    Info (332115):     24.861      0.239 FF    IC  sudx_scan|solver|LessThan1~7|datad
    Info (332115):     24.992      0.131 FF  CELL  sudx_scan|solver|LessThan1~7|combout
    Info (332115):     25.227      0.235 FF    IC  sudx_scan|solver|LessThan1~8|datad
    Info (332115):     25.358      0.131 FF  CELL  sudx_scan|solver|LessThan1~8|combout
    Info (332115):     25.593      0.235 FF    IC  sudx_scan|solver|LessThan1~9|datad
    Info (332115):     25.724      0.131 FF  CELL  sudx_scan|solver|LessThan1~9|combout
    Info (332115):     26.031      0.307 FF    IC  sudx_scan|solver|min_count[2][3]~1716|datac
    Info (332115):     26.329      0.298 FF  CELL  sudx_scan|solver|min_count[2][3]~1716|combout
    Info (332115):     26.593      0.264 FF    IC  sudx_scan|solver|min_count[2][0]~2102|datad
    Info (332115):     26.724      0.131 FF  CELL  sudx_scan|solver|min_count[2][0]~2102|combout
    Info (332115):     27.473      0.749 FF    IC  sudx_scan|solver|LessThan0~1|datac
    Info (332115):     27.776      0.303 FF  CELL  sudx_scan|solver|LessThan0~1|combout
    Info (332115):     28.075      0.299 FF    IC  sudx_scan|solver|LessThan0~3|datab
    Info (332115):     28.431      0.356 FF  CELL  sudx_scan|solver|LessThan0~3|combout
    Info (332115):     28.881      0.450 FF    IC  sudx_scan|solver|min_col[1][3]~31|datac
    Info (332115):     29.162      0.281 FR  CELL  sudx_scan|solver|min_col[1][3]~31|combout
    Info (332115):     29.603      0.441 RR    IC  sudx_scan|solver|WideOr7~0|dataa
    Info (332115):     30.042      0.439 RF  CELL  sudx_scan|solver|WideOr7~0|combout
    Info (332115):     30.565      0.523 FF    IC  sudx_scan|solver|Mux58~0|datab
    Info (332115):     30.928      0.363 FR  CELL  sudx_scan|solver|Mux58~0|combout
    Info (332115):     34.105      3.177 RR    IC  sudx_scan|solver|Mux63~0|datac
    Info (332115):     34.410      0.305 RR  CELL  sudx_scan|solver|Mux63~0|combout
    Info (332115):     34.664      0.254 RR    IC  sudx_scan|solver|fnd~0|datab
    Info (332115):     35.106      0.442 RF  CELL  sudx_scan|solver|fnd~0|combout
    Info (332115):     35.768      0.662 FF    IC  sudx_scan|solver|fnd~1|datac
    Info (332115):     36.071      0.303 FF  CELL  sudx_scan|solver|fnd~1|combout
    Info (332115):     36.330      0.259 FF    IC  sudx_scan|solver|best_search[0]~0|datad
    Info (332115):     36.461      0.131 FF  CELL  sudx_scan|solver|best_search[0]~0|combout
    Info (332115):     36.707      0.246 FF    IC  sudx_scan|solver|Selector616~0|datac
    Info (332115):     37.010      0.303 FF  CELL  sudx_scan|solver|Selector616~0|combout
    Info (332115):     37.305      0.295 FF    IC  sudx_scan|solver|best_search[0]~3|datac
    Info (332115):     37.608      0.303 FF  CELL  sudx_scan|solver|best_search[0]~3|combout
    Info (332115):     38.126      0.518 FF    IC  sudx_scan|solver|Selector34~0|datab
    Info (332115):     38.522      0.396 FR  CELL  sudx_scan|solver|Selector34~0|combout
    Info (332115):     40.964      2.442 RR    IC  sudx_scan|solver|Selector106~4|datad
    Info (332115):     41.130      0.166 RR  CELL  sudx_scan|solver|Selector106~4|combout
    Info (332115):     42.709      1.579 RR    IC  sudx_scan|solver|col_used[8][2]|asdata
    Info (332115):     43.133      0.424 RR  CELL  sudx_scan:sudx_scan|sudx_scan_solver:solver|col_used[8][2]
    Info (332115): Data Required Path:
    Info (332115): Total (ns)  Incr (ns)     Type  Element
    Info (332115): ==========  ========= ==  ====  ===================================
    Info (332115):      1.000      1.000           latch edge time
    Info (332115):      1.000      0.000           source latency
    Info (332115):      1.000      0.000           clk
    Info (332115):      1.000      0.000 RR    IC  clk~input|i
    Info (332115):      1.769      0.769 RR  CELL  clk~input|o
    Info (332115):      2.627      0.858 RR    IC  clk~inputclkctrl|inclk[0]
    Info (332115):      2.627      0.000 RR  CELL  clk~inputclkctrl|outclk
    Info (332115):      4.494      1.867 RR    IC  sudx_scan|solver|col_used[8][2]|clk
    Info (332115):      4.969      0.475 RR  CELL  sudx_scan:sudx_scan|sudx_scan_solver:solver|col_used[8][2]
    Info (332115):      5.028      0.059           clock pessimism removed
    Info (332115):      5.008     -0.020           clock uncertainty
    Info (332115):      5.021      0.013     uTsu  sudx_scan:sudx_scan|sudx_scan_solver:solver|col_used[8][2]
    Info (332115): Data Arrival Time  :    43.133
    Info (332115): Data Required Time :     5.021
    Info (332115): Slack              :   -38.112 (VIOLATED)
    Info (332115): ===================================================================
Info (332115): Path #2: Setup slack is -38.070 (VIOLATED)
    Info (332115): ===================================================================
    Info (332115): From Node    : sudx_scan:sudx_scan|sudx_scan_solver:solver|col_used[0][2]
    Info (332115): To Node      : sudx_scan:sudx_scan|sudx_scan_solver:solver|col_used[8][2]
    Info (332115): Launch Clock : clk
    Info (332115): Latch Clock  : clk
    Info (332115): Data Arrival Path:
    Info (332115): Total (ns)  Incr (ns)     Type  Element
    Info (332115): ==========  ========= ==  ====  ===================================
    Info (332115):      0.000      0.000           launch edge time
    Info (332115):      0.000      0.000           source latency
    Info (332115):      0.000      0.000           clk
    Info (332115):      0.000      0.000 RR    IC  clk~input|i
    Info (332115):      0.769      0.769 RR  CELL  clk~input|o
    Info (332115):      1.663      0.894 RR    IC  clk~inputclkctrl|inclk[0]
    Info (332115):      1.663      0.000 RR  CELL  clk~inputclkctrl|outclk
    Info (332115):      3.599      1.936 RR    IC  sudx_scan|solver|col_used[0][2]|clk
    Info (332115):      4.109      0.510 RR  CELL  sudx_scan:sudx_scan|sudx_scan_solver:solver|col_used[0][2]
    Info (332115):      4.316      0.207     uTco  sudx_scan:sudx_scan|sudx_scan_solver:solver|col_used[0][2]
    Info (332115):      4.316      0.000 FF  CELL  sudx_scan|solver|col_used[0][2]|q
    Info (332115):      5.692      1.376 FF    IC  sudx_scan|solver|min_count~1555|datac
    Info (332115):      5.990      0.298 FF  CELL  sudx_scan|solver|min_count~1555|combout
    Info (332115):      6.799      0.809 FF    IC  sudx_scan|solver|Add291~1|datab
    Info (332115):      7.223      0.424 FF  CELL  sudx_scan|solver|Add291~1|combout
    Info (332115):      7.522      0.299 FF    IC  sudx_scan|solver|Add296~2|datab
    Info (332115):      7.967      0.445 FR  CELL  sudx_scan|solver|Add296~2|combout
    Info (332115):      8.171      0.204 RR    IC  sudx_scan|solver|min_count[164][1]~1573|datac
    Info (332115):      8.476      0.305 RR  CELL  sudx_scan|solver|min_count[164][1]~1573|combout
    Info (332115):      9.272      0.796 RR    IC  sudx_scan|solver|LessThan81~2|dataa
    Info (332115):      9.711      0.439 RF  CELL  sudx_scan|solver|LessThan81~2|combout
    Info (332115):     10.416      0.705 FF    IC  sudx_scan|solver|LessThan81~3|datac
    Info (332115):     10.719      0.303 FF  CELL  sudx_scan|solver|LessThan81~3|combout
    Info (332115):     10.957      0.238 FF    IC  sudx_scan|solver|LessThan81~4|datad
    Info (332115):     11.088      0.131 FF  CELL  sudx_scan|solver|LessThan81~4|combout
    Info (332115):     11.900      0.812 FF    IC  sudx_scan|solver|min_count[82][0]~1590|datad
    Info (332115):     12.061      0.161 FR  CELL  sudx_scan|solver|min_count[82][0]~1590|combout
    Info (332115):     12.286      0.225 RR    IC  sudx_scan|solver|LessThan40~1|datac
    Info (332115):     12.591      0.305 RR  CELL  sudx_scan|solver|LessThan40~1|combout
    Info (332115):     12.794      0.203 RR    IC  sudx_scan|solver|LessThan40~2|datad
    Info (332115):     12.960      0.166 RR  CELL  sudx_scan|solver|LessThan40~2|combout
    Info (332115):     13.165      0.205 RR    IC  sudx_scan|solver|LessThan40~3|datad
    Info (332115):     13.331      0.166 RR  CELL  sudx_scan|solver|LessThan40~3|combout
    Info (332115):     14.066      0.735 RR    IC  sudx_scan|solver|LessThan40~4|datad
    Info (332115):     14.232      0.166 RR  CELL  sudx_scan|solver|LessThan40~4|combout
    Info (332115):     14.434      0.202 RR    IC  sudx_scan|solver|LessThan40~5|datad
    Info (332115):     14.600      0.166 RR  CELL  sudx_scan|solver|LessThan40~5|combout
    Info (332115):     15.369      0.769 RR    IC  sudx_scan|solver|min_count[41][0]~1675|datad
    Info (332115):     15.535      0.166 RR  CELL  sudx_scan|solver|min_count[41][0]~1675|combout
    Info (332115):     16.295      0.760 RR    IC  sudx_scan|solver|LessThan19~3|datac
    Info (332115):     16.579      0.284 RF  CELL  sudx_scan|solver|LessThan19~3|combout
    Info (332115):     16.813      0.234 FF    IC  sudx_scan|solver|LessThan19~5|datad
    Info (332115):     16.944      0.131 FF  CELL  sudx_scan|solver|LessThan19~5|combout
    Info (332115):     17.180      0.236 FF    IC  sudx_scan|solver|LessThan19~8|datad
    Info (332115):     17.311      0.131 FF  CELL  sudx_scan|solver|LessThan19~8|combout
    Info (332115):     17.619      0.308 FF    IC  sudx_scan|solver|min_count[20][3]~1682|datad
    Info (332115):     17.750      0.131 FF  CELL  sudx_scan|solver|min_count[20][3]~1682|combout
    Info (332115):     18.194      0.444 FF    IC  sudx_scan|solver|LessThan9~0|dataa
    Info (332115):     18.599      0.405 FF  CELL  sudx_scan|solver|LessThan9~0|combout
    Info (332115):     19.030      0.431 FF    IC  sudx_scan|solver|LessThan9~4|dataa
    Info (332115):     19.435      0.405 FF  CELL  sudx_scan|solver|LessThan9~4|combout
    Info (332115):     19.688      0.253 FF    IC  sudx_scan|solver|LessThan9~5|datad
    Info (332115):     19.819      0.131 FF  CELL  sudx_scan|solver|LessThan9~5|combout
    Info (332115):     20.114      0.295 FF    IC  sudx_scan|solver|min_count[10][3]~1689|datac
    Info (332115):     20.417      0.303 FF  CELL  sudx_scan|solver|min_count[10][3]~1689|combout
    Info (332115):     21.121      0.704 FF    IC  sudx_scan|solver|LessThan4~2|datac
    Info (332115):     21.424      0.303 FF  CELL  sudx_scan|solver|LessThan4~2|combout
    Info (332115):     21.853      0.429 FF    IC  sudx_scan|solver|LessThan4~5|dataa
    Info (332115):     22.281      0.428 FF  CELL  sudx_scan|solver|LessThan4~5|combout
    Info (332115):     22.520      0.239 FF    IC  sudx_scan|solver|LessThan4~8|datad
    Info (332115):     22.651      0.131 FF  CELL  sudx_scan|solver|LessThan4~8|combout
    Info (332115):     22.968      0.317 FF    IC  sudx_scan|solver|min_count[5][3]~1707|datad
    Info (332115):     23.129      0.161 FR  CELL  sudx_scan|solver|min_count[5][3]~1707|combout
    Info (332115):     24.143      1.014 RR    IC  sudx_scan|solver|LessThan1~6|dataa
    Info (332115):     24.580      0.437 RF  CELL  sudx_scan|solver|LessThan1~6|combout
    Info (332115):     24.819      0.239 FF    IC  sudx_scan|solver|LessThan1~7|datad
    Info (332115):     24.950      0.131 FF  CELL  sudx_scan|solver|LessThan1~7|combout
    Info (332115):     25.185      0.235 FF    IC  sudx_scan|solver|LessThan1~8|datad
    Info (332115):     25.316      0.131 FF  CELL  sudx_scan|solver|LessThan1~8|combout
    Info (332115):     25.551      0.235 FF    IC  sudx_scan|solver|LessThan1~9|datad
    Info (332115):     25.682      0.131 FF  CELL  sudx_scan|solver|LessThan1~9|combout
    Info (332115):     25.989      0.307 FF    IC  sudx_scan|solver|min_count[2][3]~1716|datac
    Info (332115):     26.287      0.298 FF  CELL  sudx_scan|solver|min_count[2][3]~1716|combout
    Info (332115):     26.551      0.264 FF    IC  sudx_scan|solver|min_count[2][0]~2102|datad
    Info (332115):     26.682      0.131 FF  CELL  sudx_scan|solver|min_count[2][0]~2102|combout
    Info (332115):     27.431      0.749 FF    IC  sudx_scan|solver|LessThan0~1|datac
    Info (332115):     27.734      0.303 FF  CELL  sudx_scan|solver|LessThan0~1|combout
    Info (332115):     28.033      0.299 FF    IC  sudx_scan|solver|LessThan0~3|datab
    Info (332115):     28.389      0.356 FF  CELL  sudx_scan|solver|LessThan0~3|combout
    Info (332115):     28.839      0.450 FF    IC  sudx_scan|solver|min_col[1][3]~31|datac
    Info (332115):     29.120      0.281 FR  CELL  sudx_scan|solver|min_col[1][3]~31|combout
    Info (332115):     29.561      0.441 RR    IC  sudx_scan|solver|WideOr7~0|dataa
    Info (332115):     30.000      0.439 RF  CELL  sudx_scan|solver|WideOr7~0|combout
    Info (332115):     30.523      0.523 FF    IC  sudx_scan|solver|Mux58~0|datab
    Info (332115):     30.886      0.363 FR  CELL  sudx_scan|solver|Mux58~0|combout
    Info (332115):     34.063      3.177 RR    IC  sudx_scan|solver|Mux63~0|datac
    Info (332115):     34.368      0.305 RR  CELL  sudx_scan|solver|Mux63~0|combout
    Info (332115):     34.622      0.254 RR    IC  sudx_scan|solver|fnd~0|datab
    Info (332115):     35.064      0.442 RF  CELL  sudx_scan|solver|fnd~0|combout
    Info (332115):     35.726      0.662 FF    IC  sudx_scan|solver|fnd~1|datac
    Info (332115):     36.029      0.303 FF  CELL  sudx_scan|solver|fnd~1|combout
    Info (332115):     36.288      0.259 FF    IC  sudx_scan|solver|best_search[0]~0|datad
    Info (332115):     36.419      0.131 FF  CELL  sudx_scan|solver|best_search[0]~0|combout
    Info (332115):     36.665      0.246 FF    IC  sudx_scan|solver|Selector616~0|datac
    Info (332115):     36.968      0.303 FF  CELL  sudx_scan|solver|Selector616~0|combout
    Info (332115):     37.263      0.295 FF    IC  sudx_scan|solver|best_search[0]~3|datac
    Info (332115):     37.566      0.303 FF  CELL  sudx_scan|solver|best_search[0]~3|combout
    Info (332115):     38.084      0.518 FF    IC  sudx_scan|solver|Selector34~0|datab
    Info (332115):     38.480      0.396 FR  CELL  sudx_scan|solver|Selector34~0|combout
    Info (332115):     40.922      2.442 RR    IC  sudx_scan|solver|Selector106~4|datad
    Info (332115):     41.088      0.166 RR  CELL  sudx_scan|solver|Selector106~4|combout
    Info (332115):     42.667      1.579 RR    IC  sudx_scan|solver|col_used[8][2]|asdata
    Info (332115):     43.091      0.424 RR  CELL  sudx_scan:sudx_scan|sudx_scan_solver:solver|col_used[8][2]
    Info (332115): Data Required Path:
    Info (332115): Total (ns)  Incr (ns)     Type  Element
    Info (332115): ==========  ========= ==  ====  ===================================
    Info (332115):      1.000      1.000           latch edge time
    Info (332115):      1.000      0.000           source latency
    Info (332115):      1.000      0.000           clk
    Info (332115):      1.000      0.000 RR    IC  clk~input|i
    Info (332115):      1.769      0.769 RR  CELL  clk~input|o
    Info (332115):      2.627      0.858 RR    IC  clk~inputclkctrl|inclk[0]
    Info (332115):      2.627      0.000 RR  CELL  clk~inputclkctrl|outclk
    Info (332115):      4.494      1.867 RR    IC  sudx_scan|solver|col_used[8][2]|clk
    Info (332115):      4.969      0.475 RR  CELL  sudx_scan:sudx_scan|sudx_scan_solver:solver|col_used[8][2]
    Info (332115):      5.028      0.059           clock pessimism removed
    Info (332115):      5.008     -0.020           clock uncertainty
    Info (332115):      5.021      0.013     uTsu  sudx_scan:sudx_scan|sudx_scan_solver:solver|col_used[8][2]
    Info (332115): Data Arrival Time  :    43.091
    Info (332115): Data Required Time :     5.021
    Info (332115): Slack              :   -38.070 (VIOLATED)
    Info (332115): ===================================================================
Info (332115): Path #3: Setup slack is -38.069 (VIOLATED)
    Info (332115): ===================================================================
    Info (332115): From Node    : sudx_scan:sudx_scan|sudx_scan_solver:solver|col_used[5][2]
    Info (332115): To Node      : sudx_scan:sudx_scan|sudx_scan_solver:solver|col_used[6][2]
    Info (332115): Launch Clock : clk
    Info (332115): Latch Clock  : clk
    Info (332115): Data Arrival Path:
    Info (332115): Total (ns)  Incr (ns)     Type  Element
    Info (332115): ==========  ========= ==  ====  ===================================
    Info (332115):      0.000      0.000           launch edge time
    Info (332115):      0.000      0.000           source latency
    Info (332115):      0.000      0.000           clk
    Info (332115):      0.000      0.000 RR    IC  clk~input|i
    Info (332115):      0.769      0.769 RR  CELL  clk~input|o
    Info (332115):      1.663      0.894 RR    IC  clk~inputclkctrl|inclk[0]
    Info (332115):      1.663      0.000 RR  CELL  clk~inputclkctrl|outclk
    Info (332115):      3.130      1.467 RR    IC  sudx_scan|solver|col_used[5][2]|clk
    Info (332115):      3.640      0.510 RR  CELL  sudx_scan:sudx_scan|sudx_scan_solver:solver|col_used[5][2]
    Info (332115):      3.847      0.207     uTco  sudx_scan:sudx_scan|sudx_scan_solver:solver|col_used[5][2]
    Info (332115):      3.847      0.000 FF  CELL  sudx_scan|solver|col_used[5][2]|q
    Info (332115):      6.126      2.279 FF    IC  sudx_scan|solver|min_count~1627|datad
    Info (332115):      6.257      0.131 FF  CELL  sudx_scan|solver|min_count~1627|combout
    Info (332115):      6.569      0.312 FF    IC  sudx_scan|solver|Add259~2|dataa
    Info (332115):      6.995      0.426 FR  CELL  sudx_scan|solver|Add259~2|combout
    Info (332115):      7.767      0.772 RR    IC  sudx_scan|solver|Add264~0|datac
    Info (332115):      8.051      0.284 RF  CELL  sudx_scan|solver|Add264~0|combout
    Info (332115):      8.308      0.257 FF    IC  sudx_scan|solver|Add264~1|datad
    Info (332115):      8.439      0.131 FF  CELL  sudx_scan|solver|Add264~1|combout
    Info (332115):      9.495      1.056 FF    IC  sudx_scan|solver|min_count[160][2]~1635|dataa
    Info (332115):      9.923      0.428 FF  CELL  sudx_scan|solver|min_count[160][2]~1635|combout
    Info (332115):     10.212      0.289 FF    IC  sudx_scan|solver|LessThan79~3|dataa
    Info (332115):     10.640      0.428 FF  CELL  sudx_scan|solver|LessThan79~3|combout
    Info (332115):     10.882      0.242 FF    IC  sudx_scan|solver|LessThan79~4|datac
    Info (332115):     11.185      0.303 FF  CELL  sudx_scan|solver|LessThan79~4|combout
    Info (332115):     11.472      0.287 FF    IC  sudx_scan|solver|min_count[80][0]~1660|datac
    Info (332115):     11.770      0.298 FF  CELL  sudx_scan|solver|min_count[80][0]~1660|combout
    Info (332115):     12.189      0.419 FF    IC  sudx_scan|solver|LessThan39~1|datac
    Info (332115):     12.492      0.303 FF  CELL  sudx_scan|solver|LessThan39~1|combout
    Info (332115):     12.738      0.246 FF    IC  sudx_scan|solver|LessThan39~2|datac
    Info (332115):     13.041      0.303 FF  CELL  sudx_scan|solver|LessThan39~2|combout
    Info (332115):     13.321      0.280 FF    IC  sudx_scan|solver|LessThan39~3|datab
    Info (332115):     13.714      0.393 FF  CELL  sudx_scan|solver|LessThan39~3|combout
    Info (332115):     13.957      0.243 FF    IC  sudx_scan|solver|LessThan39~4|datac
    Info (332115):     14.260      0.303 FF  CELL  sudx_scan|solver|LessThan39~4|combout
    Info (332115):     14.499      0.239 FF    IC  sudx_scan|solver|LessThan39~5|datad
    Info (332115):     14.630      0.131 FF  CELL  sudx_scan|solver|LessThan39~5|combout
    Info (332115):     14.921      0.291 FF    IC  sudx_scan|solver|min_count[40][1]~1671|datad
    Info (332115):     15.082      0.161 FR  CELL  sudx_scan|solver|min_count[40][1]~1671|combout
    Info (332115):     15.919      0.837 RR    IC  sudx_scan|solver|LessThan19~2|datab
    Info (332115):     16.368      0.449 RF  CELL  sudx_scan|solver|LessThan19~2|combout
    Info (332115):     16.662      0.294 FF    IC  sudx_scan|solver|LessThan19~5|dataa
    Info (332115):     16.986      0.324 FF  CELL  sudx_scan|solver|LessThan19~5|combout
    Info (332115):     17.222      0.236 FF    IC  sudx_scan|solver|LessThan19~8|datad
    Info (332115):     17.353      0.131 FF  CELL  sudx_scan|solver|LessThan19~8|combout
    Info (332115):     17.661      0.308 FF    IC  sudx_scan|solver|min_count[20][3]~1682|datad
    Info (332115):     17.792      0.131 FF  CELL  sudx_scan|solver|min_count[20][3]~1682|combout
    Info (332115):     18.236      0.444 FF    IC  sudx_scan|solver|LessThan9~0|dataa
    Info (332115):     18.641      0.405 FF  CELL  sudx_scan|solver|LessThan9~0|combout
    Info (332115):     19.072      0.431 FF    IC  sudx_scan|solver|LessThan9~4|dataa
    Info (332115):     19.477      0.405 FF  CELL  sudx_scan|solver|LessThan9~4|combout
    Info (332115):     19.730      0.253 FF    IC  sudx_scan|solver|LessThan9~5|datad
    Info (332115):     19.861      0.131 FF  CELL  sudx_scan|solver|LessThan9~5|combout
    Info (332115):     20.156      0.295 FF    IC  sudx_scan|solver|min_count[10][3]~1689|datac
    Info (332115):     20.459      0.303 FF  CELL  sudx_scan|solver|min_count[10][3]~1689|combout
    Info (332115):     21.163      0.704 FF    IC  sudx_scan|solver|LessThan4~2|datac
    Info (332115):     21.466      0.303 FF  CELL  sudx_scan|solver|LessThan4~2|combout
    Info (332115):     21.895      0.429 FF    IC  sudx_scan|solver|LessThan4~5|dataa
    Info (332115):     22.323      0.428 FF  CELL  sudx_scan|solver|LessThan4~5|combout
    Info (332115):     22.562      0.239 FF    IC  sudx_scan|solver|LessThan4~8|datad
    Info (332115):     22.693      0.131 FF  CELL  sudx_scan|solver|LessThan4~8|combout
    Info (332115):     23.010      0.317 FF    IC  sudx_scan|solver|min_count[5][3]~1707|datad
    Info (332115):     23.171      0.161 FR  CELL  sudx_scan|solver|min_count[5][3]~1707|combout
    Info (332115):     24.185      1.014 RR    IC  sudx_scan|solver|LessThan1~6|dataa
    Info (332115):     24.622      0.437 RF  CELL  sudx_scan|solver|LessThan1~6|combout
    Info (332115):     24.861      0.239 FF    IC  sudx_scan|solver|LessThan1~7|datad
    Info (332115):     24.992      0.131 FF  CELL  sudx_scan|solver|LessThan1~7|combout
    Info (332115):     25.227      0.235 FF    IC  sudx_scan|solver|LessThan1~8|datad
    Info (332115):     25.358      0.131 FF  CELL  sudx_scan|solver|LessThan1~8|combout
    Info (332115):     25.593      0.235 FF    IC  sudx_scan|solver|LessThan1~9|datad
    Info (332115):     25.724      0.131 FF  CELL  sudx_scan|solver|LessThan1~9|combout
    Info (332115):     26.031      0.307 FF    IC  sudx_scan|solver|min_count[2][3]~1716|datac
    Info (332115):     26.329      0.298 FF  CELL  sudx_scan|solver|min_count[2][3]~1716|combout
    Info (332115):     26.593      0.264 FF    IC  sudx_scan|solver|min_count[2][0]~2102|datad
    Info (332115):     26.724      0.131 FF  CELL  sudx_scan|solver|min_count[2][0]~2102|combout
    Info (332115):     27.473      0.749 FF    IC  sudx_scan|solver|LessThan0~1|datac
    Info (332115):     27.776      0.303 FF  CELL  sudx_scan|solver|LessThan0~1|combout
    Info (332115):     28.075      0.299 FF    IC  sudx_scan|solver|LessThan0~3|datab
    Info (332115):     28.431      0.356 FF  CELL  sudx_scan|solver|LessThan0~3|combout
    Info (332115):     28.881      0.450 FF    IC  sudx_scan|solver|min_col[1][3]~31|datac
    Info (332115):     29.162      0.281 FR  CELL  sudx_scan|solver|min_col[1][3]~31|combout
    Info (332115):     29.603      0.441 RR    IC  sudx_scan|solver|WideOr7~0|dataa
    Info (332115):     30.042      0.439 RF  CELL  sudx_scan|solver|WideOr7~0|combout
    Info (332115):     30.565      0.523 FF    IC  sudx_scan|solver|Mux58~0|datab
    Info (332115):     30.928      0.363 FR  CELL  sudx_scan|solver|Mux58~0|combout
    Info (332115):     34.105      3.177 RR    IC  sudx_scan|solver|Mux63~0|datac
    Info (332115):     34.410      0.305 RR  CELL  sudx_scan|solver|Mux63~0|combout
    Info (332115):     34.664      0.254 RR    IC  sudx_scan|solver|fnd~0|datab
    Info (332115):     35.106      0.442 RF  CELL  sudx_scan|solver|fnd~0|combout
    Info (332115):     35.768      0.662 FF    IC  sudx_scan|solver|fnd~1|datac
    Info (332115):     36.071      0.303 FF  CELL  sudx_scan|solver|fnd~1|combout
    Info (332115):     36.330      0.259 FF    IC  sudx_scan|solver|best_search[0]~0|datad
    Info (332115):     36.461      0.131 FF  CELL  sudx_scan|solver|best_search[0]~0|combout
    Info (332115):     36.707      0.246 FF    IC  sudx_scan|solver|Selector616~0|datac
    Info (332115):     37.010      0.303 FF  CELL  sudx_scan|solver|Selector616~0|combout
    Info (332115):     37.305      0.295 FF    IC  sudx_scan|solver|best_search[0]~3|datac
    Info (332115):     37.608      0.303 FF  CELL  sudx_scan|solver|best_search[0]~3|combout
    Info (332115):     38.126      0.518 FF    IC  sudx_scan|solver|Selector34~0|datab
    Info (332115):     38.522      0.396 FR  CELL  sudx_scan|solver|Selector34~0|combout
    Info (332115):     40.964      2.442 RR    IC  sudx_scan|solver|Selector106~4|datad
    Info (332115):     41.130      0.166 RR  CELL  sudx_scan|solver|Selector106~4|combout
    Info (332115):     42.647      1.517 RR    IC  sudx_scan|solver|col_used[6][2]|asdata
    Info (332115):     43.071      0.424 RR  CELL  sudx_scan:sudx_scan|sudx_scan_solver:solver|col_used[6][2]
    Info (332115): Data Required Path:
    Info (332115): Total (ns)  Incr (ns)     Type  Element
    Info (332115): ==========  ========= ==  ====  ===================================
    Info (332115):      1.000      1.000           latch edge time
    Info (332115):      1.000      0.000           source latency
    Info (332115):      1.000      0.000           clk
    Info (332115):      1.000      0.000 RR    IC  clk~input|i
    Info (332115):      1.769      0.769 RR  CELL  clk~input|o
    Info (332115):      2.627      0.858 RR    IC  clk~inputclkctrl|inclk[0]
    Info (332115):      2.627      0.000 RR  CELL  clk~inputclkctrl|outclk
    Info (332115):      4.475      1.848 RR    IC  sudx_scan|solver|col_used[6][2]|clk
    Info (332115):      4.950      0.475 RR  CELL  sudx_scan:sudx_scan|sudx_scan_solver:solver|col_used[6][2]
    Info (332115):      5.009      0.059           clock pessimism removed
    Info (332115):      4.989     -0.020           clock uncertainty
    Info (332115):      5.002      0.013     uTsu  sudx_scan:sudx_scan|sudx_scan_solver:solver|col_used[6][2]
    Info (332115): Data Arrival Time  :    43.071
    Info (332115): Data Required Time :     5.002
    Info (332115): Slack              :   -38.069 (VIOLATED)
    Info (332115): ===================================================================
Info (332115): Path #4: Setup slack is -38.060 (VIOLATED)
    Info (332115): ===================================================================
    Info (332115): From Node    : sudx_scan:sudx_scan|sudx_scan_solver:solver|row_used[0][4]
    Info (332115): To Node      : sudx_scan:sudx_scan|sudx_scan_solver:solver|col_used[8][2]
    Info (332115): Launch Clock : clk
    Info (332115): Latch Clock  : clk
    Info (332115): Data Arrival Path:
    Info (332115): Total (ns)  Incr (ns)     Type  Element
    Info (332115): ==========  ========= ==  ====  ===================================
    Info (332115):      0.000      0.000           launch edge time
    Info (332115):      0.000      0.000           source latency
    Info (332115):      0.000      0.000           clk
    Info (332115):      0.000      0.000 RR    IC  clk~input|i
    Info (332115):      0.769      0.769 RR  CELL  clk~input|o
    Info (332115):      1.663      0.894 RR    IC  clk~inputclkctrl|inclk[0]
    Info (332115):      1.663      0.000 RR  CELL  clk~inputclkctrl|outclk
    Info (332115):      3.135      1.472 RR    IC  sudx_scan|solver|row_used[0][4]|clk
    Info (332115):      3.645      0.510 RR  CELL  sudx_scan:sudx_scan|sudx_scan_solver:solver|row_used[0][4]
    Info (332115):      3.852      0.207     uTco  sudx_scan:sudx_scan|sudx_scan_solver:solver|row_used[0][4]
    Info (332115):      3.852      0.000 RR  CELL  sudx_scan|solver|row_used[0][4]|q
    Info (332115):      5.557      1.705 RR    IC  sudx_scan|solver|min_count~924|datad
    Info (332115):      5.723      0.166 RR  CELL  sudx_scan|solver|min_count~924|combout
    Info (332115):      7.403      1.680 RR    IC  sudx_scan|solver|Add11~1|datad
    Info (332115):      7.548      0.145 RF  CELL  sudx_scan|solver|Add11~1|combout
    Info (332115):      7.859      0.311 FF    IC  sudx_scan|solver|Add17~0|datab
    Info (332115):      8.262      0.403 FR  CELL  sudx_scan|solver|Add17~0|combout
    Info (332115):      9.807      1.545 RR    IC  sudx_scan|solver|min_count[129][3]~2145|datad
    Info (332115):      9.952      0.145 RF  CELL  sudx_scan|solver|min_count[129][3]~2145|combout
    Info (332115):     11.351      1.399 FF    IC  sudx_scan|solver|min_count[129][3]~930|datad
    Info (332115):     11.512      0.161 FR  CELL  sudx_scan|solver|min_count[129][3]~930|combout
    Info (332115):     11.725      0.213 RR    IC  sudx_scan|solver|LessThan63~4|datad
    Info (332115):     11.870      0.145 RF  CELL  sudx_scan|solver|LessThan63~4|combout
    Info (332115):     12.176      0.306 FF    IC  sudx_scan|solver|min_count[64][0]~949|datad
    Info (332115):     12.337      0.161 FR  CELL  sudx_scan|solver|min_count[64][0]~949|combout
    Info (332115):     12.773      0.436 RR    IC  sudx_scan|solver|LessThan31~1|datac
    Info (332115):     13.078      0.305 RR  CELL  sudx_scan|solver|LessThan31~1|combout
    Info (332115):     13.827      0.749 RR    IC  sudx_scan|solver|LessThan31~2|datad
    Info (332115):     13.993      0.166 RR  CELL  sudx_scan|solver|LessThan31~2|combout
    Info (332115):     14.197      0.204 RR    IC  sudx_scan|solver|LessThan31~3|datad
    Info (332115):     14.363      0.166 RR  CELL  sudx_scan|solver|LessThan31~3|combout
    Info (332115):     14.568      0.205 RR    IC  sudx_scan|solver|LessThan31~4|datad
    Info (332115):     14.734      0.166 RR  CELL  sudx_scan|solver|LessThan31~4|combout
    Info (332115):     14.939      0.205 RR    IC  sudx_scan|solver|LessThan31~5|datad
    Info (332115):     15.105      0.166 RR  CELL  sudx_scan|solver|LessThan31~5|combout
    Info (332115):     15.357      0.252 RR    IC  sudx_scan|solver|min_count[32][1]~966|datad
    Info (332115):     15.502      0.145 RF  CELL  sudx_scan|solver|min_count[32][1]~966|combout
    Info (332115):     15.813      0.311 FF    IC  sudx_scan|solver|LessThan15~2|datab
    Info (332115):     16.206      0.393 FR  CELL  sudx_scan|solver|LessThan15~2|combout
    Info (332115):     16.666      0.460 RR    IC  sudx_scan|solver|LessThan15~5|datab
    Info (332115):     17.076      0.410 RR  CELL  sudx_scan|solver|LessThan15~5|combout
    Info (332115):     17.289      0.213 RR    IC  sudx_scan|solver|LessThan15~6|datad
    Info (332115):     17.455      0.166 RR  CELL  sudx_scan|solver|LessThan15~6|combout
    Info (332115):     18.253      0.798 RR    IC  sudx_scan|solver|min_count[16][1]~979|datad
    Info (332115):     18.419      0.166 RR  CELL  sudx_scan|solver|min_count[16][1]~979|combout
    Info (332115):     19.156      0.737 RR    IC  sudx_scan|solver|LessThan7~2|datad
    Info (332115):     19.322      0.166 RR  CELL  sudx_scan|solver|LessThan7~2|combout
    Info (332115):     19.526      0.204 RR    IC  sudx_scan|solver|LessThan7~3|datad
    Info (332115):     19.692      0.166 RR  CELL  sudx_scan|solver|LessThan7~3|combout
    Info (332115):     19.894      0.202 RR    IC  sudx_scan|solver|LessThan7~4|datad
    Info (332115):     20.060      0.166 RR  CELL  sudx_scan|solver|LessThan7~4|combout
    Info (332115):     20.264      0.204 RR    IC  sudx_scan|solver|LessThan7~5|datad
    Info (332115):     20.430      0.166 RR  CELL  sudx_scan|solver|LessThan7~5|combout
    Info (332115):     20.675      0.245 RR    IC  sudx_scan|solver|min_count[8][0]~990|datad
    Info (332115):     20.841      0.166 RR  CELL  sudx_scan|solver|min_count[8][0]~990|combout
    Info (332115):     21.959      1.118 RR    IC  sudx_scan|solver|LessThan3~3|datad
    Info (332115):     22.125      0.166 RR  CELL  sudx_scan|solver|LessThan3~3|combout
    Info (332115):     22.854      0.729 RR    IC  sudx_scan|solver|LessThan3~5|datad
    Info (332115):     23.020      0.166 RR  CELL  sudx_scan|solver|LessThan3~5|combout
    Info (332115):     23.225      0.205 RR    IC  sudx_scan|solver|LessThan3~8|datad
    Info (332115):     23.391      0.166 RR  CELL  sudx_scan|solver|LessThan3~8|combout
    Info (332115):     23.659      0.268 RR    IC  sudx_scan|solver|min_count[4][0]~1712|datad
    Info (332115):     23.804      0.145 RF  CELL  sudx_scan|solver|min_count[4][0]~1712|combout
    Info (332115):     24.073      0.269 FF    IC  sudx_scan|solver|LessThan1~5|datad
    Info (332115):     24.204      0.131 FF  CELL  sudx_scan|solver|LessThan1~5|combout
    Info (332115):     24.439      0.235 FF    IC  sudx_scan|solver|LessThan1~6|datad
    Info (332115):     24.570      0.131 FF  CELL  sudx_scan|solver|LessThan1~6|combout
    Info (332115):     24.809      0.239 FF    IC  sudx_scan|solver|LessThan1~7|datad
    Info (332115):     24.940      0.131 FF  CELL  sudx_scan|solver|LessThan1~7|combout
    Info (332115):     25.175      0.235 FF    IC  sudx_scan|solver|LessThan1~8|datad
    Info (332115):     25.306      0.131 FF  CELL  sudx_scan|solver|LessThan1~8|combout
    Info (332115):     25.541      0.235 FF    IC  sudx_scan|solver|LessThan1~9|datad
    Info (332115):     25.672      0.131 FF  CELL  sudx_scan|solver|LessThan1~9|combout
    Info (332115):     25.979      0.307 FF    IC  sudx_scan|solver|min_count[2][3]~1716|datac
    Info (332115):     26.277      0.298 FF  CELL  sudx_scan|solver|min_count[2][3]~1716|combout
    Info (332115):     26.541      0.264 FF    IC  sudx_scan|solver|min_count[2][0]~2102|datad
    Info (332115):     26.672      0.131 FF  CELL  sudx_scan|solver|min_count[2][0]~2102|combout
    Info (332115):     27.421      0.749 FF    IC  sudx_scan|solver|LessThan0~1|datac
    Info (332115):     27.724      0.303 FF  CELL  sudx_scan|solver|LessThan0~1|combout
    Info (332115):     28.023      0.299 FF    IC  sudx_scan|solver|LessThan0~3|datab
    Info (332115):     28.379      0.356 FF  CELL  sudx_scan|solver|LessThan0~3|combout
    Info (332115):     28.829      0.450 FF    IC  sudx_scan|solver|min_col[1][3]~31|datac
    Info (332115):     29.110      0.281 FR  CELL  sudx_scan|solver|min_col[1][3]~31|combout
    Info (332115):     29.551      0.441 RR    IC  sudx_scan|solver|WideOr7~0|dataa
    Info (332115):     29.990      0.439 RF  CELL  sudx_scan|solver|WideOr7~0|combout
    Info (332115):     30.513      0.523 FF    IC  sudx_scan|solver|Mux58~0|datab
    Info (332115):     30.876      0.363 FR  CELL  sudx_scan|solver|Mux58~0|combout
    Info (332115):     34.053      3.177 RR    IC  sudx_scan|solver|Mux63~0|datac
    Info (332115):     34.358      0.305 RR  CELL  sudx_scan|solver|Mux63~0|combout
    Info (332115):     34.612      0.254 RR    IC  sudx_scan|solver|fnd~0|datab
    Info (332115):     35.054      0.442 RF  CELL  sudx_scan|solver|fnd~0|combout
    Info (332115):     35.716      0.662 FF    IC  sudx_scan|solver|fnd~1|datac
    Info (332115):     36.019      0.303 FF  CELL  sudx_scan|solver|fnd~1|combout
    Info (332115):     36.278      0.259 FF    IC  sudx_scan|solver|best_search[0]~0|datad
    Info (332115):     36.409      0.131 FF  CELL  sudx_scan|solver|best_search[0]~0|combout
    Info (332115):     36.655      0.246 FF    IC  sudx_scan|solver|Selector616~0|datac
    Info (332115):     36.958      0.303 FF  CELL  sudx_scan|solver|Selector616~0|combout
    Info (332115):     37.253      0.295 FF    IC  sudx_scan|solver|best_search[0]~3|datac
    Info (332115):     37.556      0.303 FF  CELL  sudx_scan|solver|best_search[0]~3|combout
    Info (332115):     38.074      0.518 FF    IC  sudx_scan|solver|Selector34~0|datab
    Info (332115):     38.470      0.396 FR  CELL  sudx_scan|solver|Selector34~0|combout
    Info (332115):     40.912      2.442 RR    IC  sudx_scan|solver|Selector106~4|datad
    Info (332115):     41.078      0.166 RR  CELL  sudx_scan|solver|Selector106~4|combout
    Info (332115):     42.657      1.579 RR    IC  sudx_scan|solver|col_used[8][2]|asdata
    Info (332115):     43.081      0.424 RR  CELL  sudx_scan:sudx_scan|sudx_scan_solver:solver|col_used[8][2]
    Info (332115): Data Required Path:
    Info (332115): Total (ns)  Incr (ns)     Type  Element
    Info (332115): ==========  ========= ==  ====  ===================================
    Info (332115):      1.000      1.000           latch edge time
    Info (332115):      1.000      0.000           source latency
    Info (332115):      1.000      0.000           clk
    Info (332115):      1.000      0.000 RR    IC  clk~input|i
    Info (332115):      1.769      0.769 RR  CELL  clk~input|o
    Info (332115):      2.627      0.858 RR    IC  clk~inputclkctrl|inclk[0]
    Info (332115):      2.627      0.000 RR  CELL  clk~inputclkctrl|outclk
    Info (332115):      4.494      1.867 RR    IC  sudx_scan|solver|col_used[8][2]|clk
    Info (332115):      4.969      0.475 RR  CELL  sudx_scan:sudx_scan|sudx_scan_solver:solver|col_used[8][2]
    Info (332115):      5.028      0.059           clock pessimism removed
    Info (332115):      5.008     -0.020           clock uncertainty
    Info (332115):      5.021      0.013     uTsu  sudx_scan:sudx_scan|sudx_scan_solver:solver|col_used[8][2]
    Info (332115): Data Arrival Time  :    43.081
    Info (332115): Data Required Time :     5.021
    Info (332115): Slack              :   -38.060 (VIOLATED)
    Info (332115): ===================================================================
Info (332115): Path #5: Setup slack is -38.057 (VIOLATED)
    Info (332115): ===================================================================
    Info (332115): From Node    : sudx_scan:sudx_scan|sudx_scan_solver:solver|col_used[5][2]
    Info (332115): To Node      : sudx_scan:sudx_scan|sudx_scan_solver:solver|col_used[8][2]
    Info (332115): Launch Clock : clk
    Info (332115): Latch Clock  : clk
    Info (332115): Data Arrival Path:
    Info (332115): Total (ns)  Incr (ns)     Type  Element
    Info (332115): ==========  ========= ==  ====  ===================================
    Info (332115):      0.000      0.000           launch edge time
    Info (332115):      0.000      0.000           source latency
    Info (332115):      0.000      0.000           clk
    Info (332115):      0.000      0.000 RR    IC  clk~input|i
    Info (332115):      0.769      0.769 RR  CELL  clk~input|o
    Info (332115):      1.663      0.894 RR    IC  clk~inputclkctrl|inclk[0]
    Info (332115):      1.663      0.000 RR  CELL  clk~inputclkctrl|outclk
    Info (332115):      3.130      1.467 RR    IC  sudx_scan|solver|col_used[5][2]|clk
    Info (332115):      3.640      0.510 RR  CELL  sudx_scan:sudx_scan|sudx_scan_solver:solver|col_used[5][2]
    Info (332115):      3.847      0.207     uTco  sudx_scan:sudx_scan|sudx_scan_solver:solver|col_used[5][2]
    Info (332115):      3.847      0.000 FF  CELL  sudx_scan|solver|col_used[5][2]|q
    Info (332115):      6.126      2.279 FF    IC  sudx_scan|solver|min_count~1627|datad
    Info (332115):      6.257      0.131 FF  CELL  sudx_scan|solver|min_count~1627|combout
    Info (332115):      6.569      0.312 FF    IC  sudx_scan|solver|Add259~2|dataa
    Info (332115):      6.995      0.426 FR  CELL  sudx_scan|solver|Add259~2|combout
    Info (332115):      7.767      0.772 RR    IC  sudx_scan|solver|Add264~0|datac
    Info (332115):      8.051      0.284 RF  CELL  sudx_scan|solver|Add264~0|combout
    Info (332115):      8.308      0.257 FF    IC  sudx_scan|solver|Add264~1|datad
    Info (332115):      8.439      0.131 FF  CELL  sudx_scan|solver|Add264~1|combout
    Info (332115):      9.495      1.056 FF    IC  sudx_scan|solver|min_count[160][2]~1635|dataa
    Info (332115):      9.923      0.428 FF  CELL  sudx_scan|solver|min_count[160][2]~1635|combout
    Info (332115):     10.212      0.289 FF    IC  sudx_scan|solver|LessThan79~3|dataa
    Info (332115):     10.640      0.428 FF  CELL  sudx_scan|solver|LessThan79~3|combout
    Info (332115):     10.882      0.242 FF    IC  sudx_scan|solver|LessThan79~4|datac
    Info (332115):     11.185      0.303 FF  CELL  sudx_scan|solver|LessThan79~4|combout
    Info (332115):     11.472      0.287 FF    IC  sudx_scan|solver|min_count[80][0]~1660|datac
    Info (332115):     11.770      0.298 FF  CELL  sudx_scan|solver|min_count[80][0]~1660|combout
    Info (332115):     12.189      0.419 FF    IC  sudx_scan|solver|LessThan39~1|datac
    Info (332115):     12.492      0.303 FF  CELL  sudx_scan|solver|LessThan39~1|combout
    Info (332115):     12.738      0.246 FF    IC  sudx_scan|solver|LessThan39~2|datac
    Info (332115):     13.041      0.303 FF  CELL  sudx_scan|solver|LessThan39~2|combout
    Info (332115):     13.321      0.280 FF    IC  sudx_scan|solver|LessThan39~3|datab
    Info (332115):     13.714      0.393 FF  CELL  sudx_scan|solver|LessThan39~3|combout
    Info (332115):     13.957      0.243 FF    IC  sudx_scan|solver|LessThan39~4|datac
    Info (332115):     14.260      0.303 FF  CELL  sudx_scan|solver|LessThan39~4|combout
    Info (332115):     14.499      0.239 FF    IC  sudx_scan|solver|LessThan39~5|datad
    Info (332115):     14.630      0.131 FF  CELL  sudx_scan|solver|LessThan39~5|combout
    Info (332115):     14.921      0.291 FF    IC  sudx_scan|solver|min_count[40][1]~1671|datad
    Info (332115):     15.082      0.161 FR  CELL  sudx_scan|solver|min_count[40][1]~1671|combout
    Info (332115):     15.919      0.837 RR    IC  sudx_scan|solver|LessThan19~2|datab
    Info (332115):     16.368      0.449 RF  CELL  sudx_scan|solver|LessThan19~2|combout
    Info (332115):     16.662      0.294 FF    IC  sudx_scan|solver|LessThan19~5|dataa
    Info (332115):     16.986      0.324 FF  CELL  sudx_scan|solver|LessThan19~5|combout
    Info (332115):     17.222      0.236 FF    IC  sudx_scan|solver|LessThan19~8|datad
    Info (332115):     17.353      0.131 FF  CELL  sudx_scan|solver|LessThan19~8|combout
    Info (332115):     17.661      0.308 FF    IC  sudx_scan|solver|min_count[20][3]~1682|datad
    Info (332115):     17.792      0.131 FF  CELL  sudx_scan|solver|min_count[20][3]~1682|combout
    Info (332115):     18.236      0.444 FF    IC  sudx_scan|solver|LessThan9~0|dataa
    Info (332115):     18.641      0.405 FF  CELL  sudx_scan|solver|LessThan9~0|combout
    Info (332115):     19.072      0.431 FF    IC  sudx_scan|solver|LessThan9~4|dataa
    Info (332115):     19.477      0.405 FF  CELL  sudx_scan|solver|LessThan9~4|combout
    Info (332115):     19.730      0.253 FF    IC  sudx_scan|solver|LessThan9~5|datad
    Info (332115):     19.861      0.131 FF  CELL  sudx_scan|solver|LessThan9~5|combout
    Info (332115):     20.156      0.295 FF    IC  sudx_scan|solver|min_count[10][3]~1689|datac
    Info (332115):     20.459      0.303 FF  CELL  sudx_scan|solver|min_count[10][3]~1689|combout
    Info (332115):     21.163      0.704 FF    IC  sudx_scan|solver|LessThan4~2|datac
    Info (332115):     21.466      0.303 FF  CELL  sudx_scan|solver|LessThan4~2|combout
    Info (332115):     21.895      0.429 FF    IC  sudx_scan|solver|LessThan4~5|dataa
    Info (332115):     22.323      0.428 FF  CELL  sudx_scan|solver|LessThan4~5|combout
    Info (332115):     22.562      0.239 FF    IC  sudx_scan|solver|LessThan4~8|datad
    Info (332115):     22.693      0.131 FF  CELL  sudx_scan|solver|LessThan4~8|combout
    Info (332115):     23.010      0.317 FF    IC  sudx_scan|solver|min_count[5][3]~1707|datad
    Info (332115):     23.171      0.161 FR  CELL  sudx_scan|solver|min_count[5][3]~1707|combout
    Info (332115):     24.185      1.014 RR    IC  sudx_scan|solver|LessThan1~6|dataa
    Info (332115):     24.622      0.437 RF  CELL  sudx_scan|solver|LessThan1~6|combout
    Info (332115):     24.861      0.239 FF    IC  sudx_scan|solver|LessThan1~7|datad
    Info (332115):     24.992      0.131 FF  CELL  sudx_scan|solver|LessThan1~7|combout
    Info (332115):     25.227      0.235 FF    IC  sudx_scan|solver|LessThan1~8|datad
    Info (332115):     25.358      0.131 FF  CELL  sudx_scan|solver|LessThan1~8|combout
    Info (332115):     25.593      0.235 FF    IC  sudx_scan|solver|LessThan1~9|datad
    Info (332115):     25.724      0.131 FF  CELL  sudx_scan|solver|LessThan1~9|combout
    Info (332115):     26.031      0.307 FF    IC  sudx_scan|solver|min_count[2][3]~1716|datac
    Info (332115):     26.329      0.298 FF  CELL  sudx_scan|solver|min_count[2][3]~1716|combout
    Info (332115):     26.593      0.264 FF    IC  sudx_scan|solver|min_count[2][0]~2102|datad
    Info (332115):     26.724      0.131 FF  CELL  sudx_scan|solver|min_count[2][0]~2102|combout
    Info (332115):     27.473      0.749 FF    IC  sudx_scan|solver|LessThan0~1|datac
    Info (332115):     27.776      0.303 FF  CELL  sudx_scan|solver|LessThan0~1|combout
    Info (332115):     28.075      0.299 FF    IC  sudx_scan|solver|LessThan0~3|datab
    Info (332115):     28.431      0.356 FF  CELL  sudx_scan|solver|LessThan0~3|combout
    Info (332115):     28.767      0.336 FF    IC  sudx_scan|solver|min_col[1][2]~32|datad
    Info (332115):     28.898      0.131 FF  CELL  sudx_scan|solver|min_col[1][2]~32|combout
    Info (332115):     29.154      0.256 FF    IC  sudx_scan|solver|min_col[1][2]~70|datad
    Info (332115):     29.285      0.131 FF  CELL  sudx_scan|solver|min_col[1][2]~70|combout
    Info (332115):     29.583      0.298 FF    IC  sudx_scan|solver|WideOr7~0|datab
    Info (332115):     29.987      0.404 FF  CELL  sudx_scan|solver|WideOr7~0|combout
    Info (332115):     30.510      0.523 FF    IC  sudx_scan|solver|Mux58~0|datab
    Info (332115):     30.873      0.363 FR  CELL  sudx_scan|solver|Mux58~0|combout
    Info (332115):     34.050      3.177 RR    IC  sudx_scan|solver|Mux63~0|datac
    Info (332115):     34.355      0.305 RR  CELL  sudx_scan|solver|Mux63~0|combout
    Info (332115):     34.609      0.254 RR    IC  sudx_scan|solver|fnd~0|datab
    Info (332115):     35.051      0.442 RF  CELL  sudx_scan|solver|fnd~0|combout
    Info (332115):     35.713      0.662 FF    IC  sudx_scan|solver|fnd~1|datac
    Info (332115):     36.016      0.303 FF  CELL  sudx_scan|solver|fnd~1|combout
    Info (332115):     36.275      0.259 FF    IC  sudx_scan|solver|best_search[0]~0|datad
    Info (332115):     36.406      0.131 FF  CELL  sudx_scan|solver|best_search[0]~0|combout
    Info (332115):     36.652      0.246 FF    IC  sudx_scan|solver|Selector616~0|datac
    Info (332115):     36.955      0.303 FF  CELL  sudx_scan|solver|Selector616~0|combout
    Info (332115):     37.250      0.295 FF    IC  sudx_scan|solver|best_search[0]~3|datac
    Info (332115):     37.553      0.303 FF  CELL  sudx_scan|solver|best_search[0]~3|combout
    Info (332115):     38.071      0.518 FF    IC  sudx_scan|solver|Selector34~0|datab
    Info (332115):     38.467      0.396 FR  CELL  sudx_scan|solver|Selector34~0|combout
    Info (332115):     40.909      2.442 RR    IC  sudx_scan|solver|Selector106~4|datad
    Info (332115):     41.075      0.166 RR  CELL  sudx_scan|solver|Selector106~4|combout
    Info (332115):     42.654      1.579 RR    IC  sudx_scan|solver|col_used[8][2]|asdata
    Info (332115):     43.078      0.424 RR  CELL  sudx_scan:sudx_scan|sudx_scan_solver:solver|col_used[8][2]
    Info (332115): Data Required Path:
    Info (332115): Total (ns)  Incr (ns)     Type  Element
    Info (332115): ==========  ========= ==  ====  ===================================
    Info (332115):      1.000      1.000           latch edge time
    Info (332115):      1.000      0.000           source latency
    Info (332115):      1.000      0.000           clk
    Info (332115):      1.000      0.000 RR    IC  clk~input|i
    Info (332115):      1.769      0.769 RR  CELL  clk~input|o
    Info (332115):      2.627      0.858 RR    IC  clk~inputclkctrl|inclk[0]
    Info (332115):      2.627      0.000 RR  CELL  clk~inputclkctrl|outclk
    Info (332115):      4.494      1.867 RR    IC  sudx_scan|solver|col_used[8][2]|clk
    Info (332115):      4.969      0.475 RR  CELL  sudx_scan:sudx_scan|sudx_scan_solver:solver|col_used[8][2]
    Info (332115):      5.028      0.059           clock pessimism removed
    Info (332115):      5.008     -0.020           clock uncertainty
    Info (332115):      5.021      0.013     uTsu  sudx_scan:sudx_scan|sudx_scan_solver:solver|col_used[8][2]
    Info (332115): Data Arrival Time  :    43.078
    Info (332115): Data Required Time :     5.021
    Info (332115): Slack              :   -38.057 (VIOLATED)
    Info (332115): ===================================================================
Info (332115): Path #6: Setup slack is -38.039 (VIOLATED)
    Info (332115): ===================================================================
    Info (332115): From Node    : sudx_scan:sudx_scan|sudx_scan_solver:solver|col_used[5][2]
    Info (332115): To Node      : sudx_scan:sudx_scan|sudx_scan_solver:solver|col_used[7][2]
    Info (332115): Launch Clock : clk
    Info (332115): Latch Clock  : clk
    Info (332115): Data Arrival Path:
    Info (332115): Total (ns)  Incr (ns)     Type  Element
    Info (332115): ==========  ========= ==  ====  ===================================
    Info (332115):      0.000      0.000           launch edge time
    Info (332115):      0.000      0.000           source latency
    Info (332115):      0.000      0.000           clk
    Info (332115):      0.000      0.000 RR    IC  clk~input|i
    Info (332115):      0.769      0.769 RR  CELL  clk~input|o
    Info (332115):      1.663      0.894 RR    IC  clk~inputclkctrl|inclk[0]
    Info (332115):      1.663      0.000 RR  CELL  clk~inputclkctrl|outclk
    Info (332115):      3.130      1.467 RR    IC  sudx_scan|solver|col_used[5][2]|clk
    Info (332115):      3.640      0.510 RR  CELL  sudx_scan:sudx_scan|sudx_scan_solver:solver|col_used[5][2]
    Info (332115):      3.847      0.207     uTco  sudx_scan:sudx_scan|sudx_scan_solver:solver|col_used[5][2]
    Info (332115):      3.847      0.000 FF  CELL  sudx_scan|solver|col_used[5][2]|q
    Info (332115):      6.126      2.279 FF    IC  sudx_scan|solver|min_count~1627|datad
    Info (332115):      6.257      0.131 FF  CELL  sudx_scan|solver|min_count~1627|combout
    Info (332115):      6.569      0.312 FF    IC  sudx_scan|solver|Add259~2|dataa
    Info (332115):      6.995      0.426 FR  CELL  sudx_scan|solver|Add259~2|combout
    Info (332115):      7.767      0.772 RR    IC  sudx_scan|solver|Add264~0|datac
    Info (332115):      8.051      0.284 RF  CELL  sudx_scan|solver|Add264~0|combout
    Info (332115):      8.308      0.257 FF    IC  sudx_scan|solver|Add264~1|datad
    Info (332115):      8.439      0.131 FF  CELL  sudx_scan|solver|Add264~1|combout
    Info (332115):      9.495      1.056 FF    IC  sudx_scan|solver|min_count[160][2]~1635|dataa
    Info (332115):      9.923      0.428 FF  CELL  sudx_scan|solver|min_count[160][2]~1635|combout
    Info (332115):     10.212      0.289 FF    IC  sudx_scan|solver|LessThan79~3|dataa
    Info (332115):     10.640      0.428 FF  CELL  sudx_scan|solver|LessThan79~3|combout
    Info (332115):     10.882      0.242 FF    IC  sudx_scan|solver|LessThan79~4|datac
    Info (332115):     11.185      0.303 FF  CELL  sudx_scan|solver|LessThan79~4|combout
    Info (332115):     11.472      0.287 FF    IC  sudx_scan|solver|min_count[80][0]~1660|datac
    Info (332115):     11.770      0.298 FF  CELL  sudx_scan|solver|min_count[80][0]~1660|combout
    Info (332115):     12.189      0.419 FF    IC  sudx_scan|solver|LessThan39~1|datac
    Info (332115):     12.492      0.303 FF  CELL  sudx_scan|solver|LessThan39~1|combout
    Info (332115):     12.738      0.246 FF    IC  sudx_scan|solver|LessThan39~2|datac
    Info (332115):     13.041      0.303 FF  CELL  sudx_scan|solver|LessThan39~2|combout
    Info (332115):     13.321      0.280 FF    IC  sudx_scan|solver|LessThan39~3|datab
    Info (332115):     13.714      0.393 FF  CELL  sudx_scan|solver|LessThan39~3|combout
    Info (332115):     13.957      0.243 FF    IC  sudx_scan|solver|LessThan39~4|datac
    Info (332115):     14.260      0.303 FF  CELL  sudx_scan|solver|LessThan39~4|combout
    Info (332115):     14.499      0.239 FF    IC  sudx_scan|solver|LessThan39~5|datad
    Info (332115):     14.630      0.131 FF  CELL  sudx_scan|solver|LessThan39~5|combout
    Info (332115):     14.921      0.291 FF    IC  sudx_scan|solver|min_count[40][1]~1671|datad
    Info (332115):     15.082      0.161 FR  CELL  sudx_scan|solver|min_count[40][1]~1671|combout
    Info (332115):     15.919      0.837 RR    IC  sudx_scan|solver|LessThan19~2|datab
    Info (332115):     16.368      0.449 RF  CELL  sudx_scan|solver|LessThan19~2|combout
    Info (332115):     16.662      0.294 FF    IC  sudx_scan|solver|LessThan19~5|dataa
    Info (332115):     16.986      0.324 FF  CELL  sudx_scan|solver|LessThan19~5|combout
    Info (332115):     17.222      0.236 FF    IC  sudx_scan|solver|LessThan19~8|datad
    Info (332115):     17.353      0.131 FF  CELL  sudx_scan|solver|LessThan19~8|combout
    Info (332115):     17.661      0.308 FF    IC  sudx_scan|solver|min_count[20][3]~1682|datad
    Info (332115):     17.792      0.131 FF  CELL  sudx_scan|solver|min_count[20][3]~1682|combout
    Info (332115):     18.236      0.444 FF    IC  sudx_scan|solver|LessThan9~0|dataa
    Info (332115):     18.641      0.405 FF  CELL  sudx_scan|solver|LessThan9~0|combout
    Info (332115):     19.072      0.431 FF    IC  sudx_scan|solver|LessThan9~4|dataa
    Info (332115):     19.477      0.405 FF  CELL  sudx_scan|solver|LessThan9~4|combout
    Info (332115):     19.730      0.253 FF    IC  sudx_scan|solver|LessThan9~5|datad
    Info (332115):     19.861      0.131 FF  CELL  sudx_scan|solver|LessThan9~5|combout
    Info (332115):     20.156      0.295 FF    IC  sudx_scan|solver|min_count[10][3]~1689|datac
    Info (332115):     20.459      0.303 FF  CELL  sudx_scan|solver|min_count[10][3]~1689|combout
    Info (332115):     21.163      0.704 FF    IC  sudx_scan|solver|LessThan4~2|datac
    Info (332115):     21.466      0.303 FF  CELL  sudx_scan|solver|LessThan4~2|combout
    Info (332115):     21.895      0.429 FF    IC  sudx_scan|solver|LessThan4~5|dataa
    Info (332115):     22.323      0.428 FF  CELL  sudx_scan|solver|LessThan4~5|combout
    Info (332115):     22.562      0.239 FF    IC  sudx_scan|solver|LessThan4~8|datad
    Info (332115):     22.693      0.131 FF  CELL  sudx_scan|solver|LessThan4~8|combout
    Info (332115):     23.010      0.317 FF    IC  sudx_scan|solver|min_count[5][3]~1707|datad
    Info (332115):     23.171      0.161 FR  CELL  sudx_scan|solver|min_count[5][3]~1707|combout
    Info (332115):     24.185      1.014 RR    IC  sudx_scan|solver|LessThan1~6|dataa
    Info (332115):     24.622      0.437 RF  CELL  sudx_scan|solver|LessThan1~6|combout
    Info (332115):     24.861      0.239 FF    IC  sudx_scan|solver|LessThan1~7|datad
    Info (332115):     24.992      0.131 FF  CELL  sudx_scan|solver|LessThan1~7|combout
    Info (332115):     25.227      0.235 FF    IC  sudx_scan|solver|LessThan1~8|datad
    Info (332115):     25.358      0.131 FF  CELL  sudx_scan|solver|LessThan1~8|combout
    Info (332115):     25.593      0.235 FF    IC  sudx_scan|solver|LessThan1~9|datad
    Info (332115):     25.724      0.131 FF  CELL  sudx_scan|solver|LessThan1~9|combout
    Info (332115):     26.031      0.307 FF    IC  sudx_scan|solver|min_count[2][3]~1716|datac
    Info (332115):     26.329      0.298 FF  CELL  sudx_scan|solver|min_count[2][3]~1716|combout
    Info (332115):     26.593      0.264 FF    IC  sudx_scan|solver|min_count[2][0]~2102|datad
    Info (332115):     26.724      0.131 FF  CELL  sudx_scan|solver|min_count[2][0]~2102|combout
    Info (332115):     27.473      0.749 FF    IC  sudx_scan|solver|LessThan0~1|datac
    Info (332115):     27.776      0.303 FF  CELL  sudx_scan|solver|LessThan0~1|combout
    Info (332115):     28.075      0.299 FF    IC  sudx_scan|solver|LessThan0~3|datab
    Info (332115):     28.431      0.356 FF  CELL  sudx_scan|solver|LessThan0~3|combout
    Info (332115):     28.881      0.450 FF    IC  sudx_scan|solver|min_col[1][3]~31|datac
    Info (332115):     29.162      0.281 FR  CELL  sudx_scan|solver|min_col[1][3]~31|combout
    Info (332115):     29.603      0.441 RR    IC  sudx_scan|solver|WideOr7~0|dataa
    Info (332115):     30.042      0.439 RF  CELL  sudx_scan|solver|WideOr7~0|combout
    Info (332115):     30.565      0.523 FF    IC  sudx_scan|solver|Mux58~0|datab
    Info (332115):     30.928      0.363 FR  CELL  sudx_scan|solver|Mux58~0|combout
    Info (332115):     34.105      3.177 RR    IC  sudx_scan|solver|Mux63~0|datac
    Info (332115):     34.410      0.305 RR  CELL  sudx_scan|solver|Mux63~0|combout
    Info (332115):     34.664      0.254 RR    IC  sudx_scan|solver|fnd~0|datab
    Info (332115):     35.106      0.442 RF  CELL  sudx_scan|solver|fnd~0|combout
    Info (332115):     35.768      0.662 FF    IC  sudx_scan|solver|fnd~1|datac
    Info (332115):     36.071      0.303 FF  CELL  sudx_scan|solver|fnd~1|combout
    Info (332115):     36.330      0.259 FF    IC  sudx_scan|solver|best_search[0]~0|datad
    Info (332115):     36.461      0.131 FF  CELL  sudx_scan|solver|best_search[0]~0|combout
    Info (332115):     36.707      0.246 FF    IC  sudx_scan|solver|Selector616~0|datac
    Info (332115):     37.010      0.303 FF  CELL  sudx_scan|solver|Selector616~0|combout
    Info (332115):     37.305      0.295 FF    IC  sudx_scan|solver|best_search[0]~3|datac
    Info (332115):     37.608      0.303 FF  CELL  sudx_scan|solver|best_search[0]~3|combout
    Info (332115):     38.126      0.518 FF    IC  sudx_scan|solver|Selector34~0|datab
    Info (332115):     38.522      0.396 FR  CELL  sudx_scan|solver|Selector34~0|combout
    Info (332115):     40.964      2.442 RR    IC  sudx_scan|solver|Selector106~4|datad
    Info (332115):     41.130      0.166 RR  CELL  sudx_scan|solver|Selector106~4|combout
    Info (332115):     42.655      1.525 RR    IC  sudx_scan|solver|col_used[7][2]|asdata
    Info (332115):     43.079      0.424 RR  CELL  sudx_scan:sudx_scan|sudx_scan_solver:solver|col_used[7][2]
    Info (332115): Data Required Path:
    Info (332115): Total (ns)  Incr (ns)     Type  Element
    Info (332115): ==========  ========= ==  ====  ===================================
    Info (332115):      1.000      1.000           latch edge time
    Info (332115):      1.000      0.000           source latency
    Info (332115):      1.000      0.000           clk
    Info (332115):      1.000      0.000 RR    IC  clk~input|i
    Info (332115):      1.769      0.769 RR  CELL  clk~input|o
    Info (332115):      2.627      0.858 RR    IC  clk~inputclkctrl|inclk[0]
    Info (332115):      2.627      0.000 RR  CELL  clk~inputclkctrl|outclk
    Info (332115):      4.513      1.886 RR    IC  sudx_scan|solver|col_used[7][2]|clk
    Info (332115):      4.988      0.475 RR  CELL  sudx_scan:sudx_scan|sudx_scan_solver:solver|col_used[7][2]
    Info (332115):      5.047      0.059           clock pessimism removed
    Info (332115):      5.027     -0.020           clock uncertainty
    Info (332115):      5.040      0.013     uTsu  sudx_scan:sudx_scan|sudx_scan_solver:solver|col_used[7][2]
    Info (332115): Data Arrival Time  :    43.079
    Info (332115): Data Required Time :     5.040
    Info (332115): Slack              :   -38.039 (VIOLATED)
    Info (332115): ===================================================================
Info (332115): Path #7: Setup slack is -38.027 (VIOLATED)
    Info (332115): ===================================================================
    Info (332115): From Node    : sudx_scan:sudx_scan|sudx_scan_solver:solver|col_used[0][2]
    Info (332115): To Node      : sudx_scan:sudx_scan|sudx_scan_solver:solver|col_used[6][2]
    Info (332115): Launch Clock : clk
    Info (332115): Latch Clock  : clk
    Info (332115): Data Arrival Path:
    Info (332115): Total (ns)  Incr (ns)     Type  Element
    Info (332115): ==========  ========= ==  ====  ===================================
    Info (332115):      0.000      0.000           launch edge time
    Info (332115):      0.000      0.000           source latency
    Info (332115):      0.000      0.000           clk
    Info (332115):      0.000      0.000 RR    IC  clk~input|i
    Info (332115):      0.769      0.769 RR  CELL  clk~input|o
    Info (332115):      1.663      0.894 RR    IC  clk~inputclkctrl|inclk[0]
    Info (332115):      1.663      0.000 RR  CELL  clk~inputclkctrl|outclk
    Info (332115):      3.599      1.936 RR    IC  sudx_scan|solver|col_used[0][2]|clk
    Info (332115):      4.109      0.510 RR  CELL  sudx_scan:sudx_scan|sudx_scan_solver:solver|col_used[0][2]
    Info (332115):      4.316      0.207     uTco  sudx_scan:sudx_scan|sudx_scan_solver:solver|col_used[0][2]
    Info (332115):      4.316      0.000 FF  CELL  sudx_scan|solver|col_used[0][2]|q
    Info (332115):      5.692      1.376 FF    IC  sudx_scan|solver|min_count~1555|datac
    Info (332115):      5.990      0.298 FF  CELL  sudx_scan|solver|min_count~1555|combout
    Info (332115):      6.799      0.809 FF    IC  sudx_scan|solver|Add291~1|datab
    Info (332115):      7.223      0.424 FF  CELL  sudx_scan|solver|Add291~1|combout
    Info (332115):      7.522      0.299 FF    IC  sudx_scan|solver|Add296~2|datab
    Info (332115):      7.967      0.445 FR  CELL  sudx_scan|solver|Add296~2|combout
    Info (332115):      8.171      0.204 RR    IC  sudx_scan|solver|min_count[164][1]~1573|datac
    Info (332115):      8.476      0.305 RR  CELL  sudx_scan|solver|min_count[164][1]~1573|combout
    Info (332115):      9.272      0.796 RR    IC  sudx_scan|solver|LessThan81~2|dataa
    Info (332115):      9.711      0.439 RF  CELL  sudx_scan|solver|LessThan81~2|combout
    Info (332115):     10.416      0.705 FF    IC  sudx_scan|solver|LessThan81~3|datac
    Info (332115):     10.719      0.303 FF  CELL  sudx_scan|solver|LessThan81~3|combout
    Info (332115):     10.957      0.238 FF    IC  sudx_scan|solver|LessThan81~4|datad
    Info (332115):     11.088      0.131 FF  CELL  sudx_scan|solver|LessThan81~4|combout
    Info (332115):     11.900      0.812 FF    IC  sudx_scan|solver|min_count[82][0]~1590|datad
    Info (332115):     12.061      0.161 FR  CELL  sudx_scan|solver|min_count[82][0]~1590|combout
    Info (332115):     12.286      0.225 RR    IC  sudx_scan|solver|LessThan40~1|datac
    Info (332115):     12.591      0.305 RR  CELL  sudx_scan|solver|LessThan40~1|combout
    Info (332115):     12.794      0.203 RR    IC  sudx_scan|solver|LessThan40~2|datad
    Info (332115):     12.960      0.166 RR  CELL  sudx_scan|solver|LessThan40~2|combout
    Info (332115):     13.165      0.205 RR    IC  sudx_scan|solver|LessThan40~3|datad
    Info (332115):     13.331      0.166 RR  CELL  sudx_scan|solver|LessThan40~3|combout
    Info (332115):     14.066      0.735 RR    IC  sudx_scan|solver|LessThan40~4|datad
    Info (332115):     14.232      0.166 RR  CELL  sudx_scan|solver|LessThan40~4|combout
    Info (332115):     14.434      0.202 RR    IC  sudx_scan|solver|LessThan40~5|datad
    Info (332115):     14.600      0.166 RR  CELL  sudx_scan|solver|LessThan40~5|combout
    Info (332115):     15.369      0.769 RR    IC  sudx_scan|solver|min_count[41][0]~1675|datad
    Info (332115):     15.535      0.166 RR  CELL  sudx_scan|solver|min_count[41][0]~1675|combout
    Info (332115):     16.295      0.760 RR    IC  sudx_scan|solver|LessThan19~3|datac
    Info (332115):     16.579      0.284 RF  CELL  sudx_scan|solver|LessThan19~3|combout
    Info (332115):     16.813      0.234 FF    IC  sudx_scan|solver|LessThan19~5|datad
    Info (332115):     16.944      0.131 FF  CELL  sudx_scan|solver|LessThan19~5|combout
    Info (332115):     17.180      0.236 FF    IC  sudx_scan|solver|LessThan19~8|datad
    Info (332115):     17.311      0.131 FF  CELL  sudx_scan|solver|LessThan19~8|combout
    Info (332115):     17.619      0.308 FF    IC  sudx_scan|solver|min_count[20][3]~1682|datad
    Info (332115):     17.750      0.131 FF  CELL  sudx_scan|solver|min_count[20][3]~1682|combout
    Info (332115):     18.194      0.444 FF    IC  sudx_scan|solver|LessThan9~0|dataa
    Info (332115):     18.599      0.405 FF  CELL  sudx_scan|solver|LessThan9~0|combout
    Info (332115):     19.030      0.431 FF    IC  sudx_scan|solver|LessThan9~4|dataa
    Info (332115):     19.435      0.405 FF  CELL  sudx_scan|solver|LessThan9~4|combout
    Info (332115):     19.688      0.253 FF    IC  sudx_scan|solver|LessThan9~5|datad
    Info (332115):     19.819      0.131 FF  CELL  sudx_scan|solver|LessThan9~5|combout
    Info (332115):     20.114      0.295 FF    IC  sudx_scan|solver|min_count[10][3]~1689|datac
    Info (332115):     20.417      0.303 FF  CELL  sudx_scan|solver|min_count[10][3]~1689|combout
    Info (332115):     21.121      0.704 FF    IC  sudx_scan|solver|LessThan4~2|datac
    Info (332115):     21.424      0.303 FF  CELL  sudx_scan|solver|LessThan4~2|combout
    Info (332115):     21.853      0.429 FF    IC  sudx_scan|solver|LessThan4~5|dataa
    Info (332115):     22.281      0.428 FF  CELL  sudx_scan|solver|LessThan4~5|combout
    Info (332115):     22.520      0.239 FF    IC  sudx_scan|solver|LessThan4~8|datad
    Info (332115):     22.651      0.131 FF  CELL  sudx_scan|solver|LessThan4~8|combout
    Info (332115):     22.968      0.317 FF    IC  sudx_scan|solver|min_count[5][3]~1707|datad
    Info (332115):     23.129      0.161 FR  CELL  sudx_scan|solver|min_count[5][3]~1707|combout
    Info (332115):     24.143      1.014 RR    IC  sudx_scan|solver|LessThan1~6|dataa
    Info (332115):     24.580      0.437 RF  CELL  sudx_scan|solver|LessThan1~6|combout
    Info (332115):     24.819      0.239 FF    IC  sudx_scan|solver|LessThan1~7|datad
    Info (332115):     24.950      0.131 FF  CELL  sudx_scan|solver|LessThan1~7|combout
    Info (332115):     25.185      0.235 FF    IC  sudx_scan|solver|LessThan1~8|datad
    Info (332115):     25.316      0.131 FF  CELL  sudx_scan|solver|LessThan1~8|combout
    Info (332115):     25.551      0.235 FF    IC  sudx_scan|solver|LessThan1~9|datad
    Info (332115):     25.682      0.131 FF  CELL  sudx_scan|solver|LessThan1~9|combout
    Info (332115):     25.989      0.307 FF    IC  sudx_scan|solver|min_count[2][3]~1716|datac
    Info (332115):     26.287      0.298 FF  CELL  sudx_scan|solver|min_count[2][3]~1716|combout
    Info (332115):     26.551      0.264 FF    IC  sudx_scan|solver|min_count[2][0]~2102|datad
    Info (332115):     26.682      0.131 FF  CELL  sudx_scan|solver|min_count[2][0]~2102|combout
    Info (332115):     27.431      0.749 FF    IC  sudx_scan|solver|LessThan0~1|datac
    Info (332115):     27.734      0.303 FF  CELL  sudx_scan|solver|LessThan0~1|combout
    Info (332115):     28.033      0.299 FF    IC  sudx_scan|solver|LessThan0~3|datab
    Info (332115):     28.389      0.356 FF  CELL  sudx_scan|solver|LessThan0~3|combout
    Info (332115):     28.839      0.450 FF    IC  sudx_scan|solver|min_col[1][3]~31|datac
    Info (332115):     29.120      0.281 FR  CELL  sudx_scan|solver|min_col[1][3]~31|combout
    Info (332115):     29.561      0.441 RR    IC  sudx_scan|solver|WideOr7~0|dataa
    Info (332115):     30.000      0.439 RF  CELL  sudx_scan|solver|WideOr7~0|combout
    Info (332115):     30.523      0.523 FF    IC  sudx_scan|solver|Mux58~0|datab
    Info (332115):     30.886      0.363 FR  CELL  sudx_scan|solver|Mux58~0|combout
    Info (332115):     34.063      3.177 RR    IC  sudx_scan|solver|Mux63~0|datac
    Info (332115):     34.368      0.305 RR  CELL  sudx_scan|solver|Mux63~0|combout
    Info (332115):     34.622      0.254 RR    IC  sudx_scan|solver|fnd~0|datab
    Info (332115):     35.064      0.442 RF  CELL  sudx_scan|solver|fnd~0|combout
    Info (332115):     35.726      0.662 FF    IC  sudx_scan|solver|fnd~1|datac
    Info (332115):     36.029      0.303 FF  CELL  sudx_scan|solver|fnd~1|combout
    Info (332115):     36.288      0.259 FF    IC  sudx_scan|solver|best_search[0]~0|datad
    Info (332115):     36.419      0.131 FF  CELL  sudx_scan|solver|best_search[0]~0|combout
    Info (332115):     36.665      0.246 FF    IC  sudx_scan|solver|Selector616~0|datac
    Info (332115):     36.968      0.303 FF  CELL  sudx_scan|solver|Selector616~0|combout
    Info (332115):     37.263      0.295 FF    IC  sudx_scan|solver|best_search[0]~3|datac
    Info (332115):     37.566      0.303 FF  CELL  sudx_scan|solver|best_search[0]~3|combout
    Info (332115):     38.084      0.518 FF    IC  sudx_scan|solver|Selector34~0|datab
    Info (332115):     38.480      0.396 FR  CELL  sudx_scan|solver|Selector34~0|combout
    Info (332115):     40.922      2.442 RR    IC  sudx_scan|solver|Selector106~4|datad
    Info (332115):     41.088      0.166 RR  CELL  sudx_scan|solver|Selector106~4|combout
    Info (332115):     42.605      1.517 RR    IC  sudx_scan|solver|col_used[6][2]|asdata
    Info (332115):     43.029      0.424 RR  CELL  sudx_scan:sudx_scan|sudx_scan_solver:solver|col_used[6][2]
    Info (332115): Data Required Path:
    Info (332115): Total (ns)  Incr (ns)     Type  Element
    Info (332115): ==========  ========= ==  ====  ===================================
    Info (332115):      1.000      1.000           latch edge time
    Info (332115):      1.000      0.000           source latency
    Info (332115):      1.000      0.000           clk
    Info (332115):      1.000      0.000 RR    IC  clk~input|i
    Info (332115):      1.769      0.769 RR  CELL  clk~input|o
    Info (332115):      2.627      0.858 RR    IC  clk~inputclkctrl|inclk[0]
    Info (332115):      2.627      0.000 RR  CELL  clk~inputclkctrl|outclk
    Info (332115):      4.475      1.848 RR    IC  sudx_scan|solver|col_used[6][2]|clk
    Info (332115):      4.950      0.475 RR  CELL  sudx_scan:sudx_scan|sudx_scan_solver:solver|col_used[6][2]
    Info (332115):      5.009      0.059           clock pessimism removed
    Info (332115):      4.989     -0.020           clock uncertainty
    Info (332115):      5.002      0.013     uTsu  sudx_scan:sudx_scan|sudx_scan_solver:solver|col_used[6][2]
    Info (332115): Data Arrival Time  :    43.029
    Info (332115): Data Required Time :     5.002
    Info (332115): Slack              :   -38.027 (VIOLATED)
    Info (332115): ===================================================================
Info (332115): Path #8: Setup slack is -38.017 (VIOLATED)
    Info (332115): ===================================================================
    Info (332115): From Node    : sudx_scan:sudx_scan|sudx_scan_solver:solver|row_used[0][4]
    Info (332115): To Node      : sudx_scan:sudx_scan|sudx_scan_solver:solver|col_used[6][2]
    Info (332115): Launch Clock : clk
    Info (332115): Latch Clock  : clk
    Info (332115): Data Arrival Path:
    Info (332115): Total (ns)  Incr (ns)     Type  Element
    Info (332115): ==========  ========= ==  ====  ===================================
    Info (332115):      0.000      0.000           launch edge time
    Info (332115):      0.000      0.000           source latency
    Info (332115):      0.000      0.000           clk
    Info (332115):      0.000      0.000 RR    IC  clk~input|i
    Info (332115):      0.769      0.769 RR  CELL  clk~input|o
    Info (332115):      1.663      0.894 RR    IC  clk~inputclkctrl|inclk[0]
    Info (332115):      1.663      0.000 RR  CELL  clk~inputclkctrl|outclk
    Info (332115):      3.135      1.472 RR    IC  sudx_scan|solver|row_used[0][4]|clk
    Info (332115):      3.645      0.510 RR  CELL  sudx_scan:sudx_scan|sudx_scan_solver:solver|row_used[0][4]
    Info (332115):      3.852      0.207     uTco  sudx_scan:sudx_scan|sudx_scan_solver:solver|row_used[0][4]
    Info (332115):      3.852      0.000 RR  CELL  sudx_scan|solver|row_used[0][4]|q
    Info (332115):      5.557      1.705 RR    IC  sudx_scan|solver|min_count~924|datad
    Info (332115):      5.723      0.166 RR  CELL  sudx_scan|solver|min_count~924|combout
    Info (332115):      7.403      1.680 RR    IC  sudx_scan|solver|Add11~1|datad
    Info (332115):      7.548      0.145 RF  CELL  sudx_scan|solver|Add11~1|combout
    Info (332115):      7.859      0.311 FF    IC  sudx_scan|solver|Add17~0|datab
    Info (332115):      8.262      0.403 FR  CELL  sudx_scan|solver|Add17~0|combout
    Info (332115):      9.807      1.545 RR    IC  sudx_scan|solver|min_count[129][3]~2145|datad
    Info (332115):      9.952      0.145 RF  CELL  sudx_scan|solver|min_count[129][3]~2145|combout
    Info (332115):     11.351      1.399 FF    IC  sudx_scan|solver|min_count[129][3]~930|datad
    Info (332115):     11.512      0.161 FR  CELL  sudx_scan|solver|min_count[129][3]~930|combout
    Info (332115):     11.725      0.213 RR    IC  sudx_scan|solver|LessThan63~4|datad
    Info (332115):     11.870      0.145 RF  CELL  sudx_scan|solver|LessThan63~4|combout
    Info (332115):     12.176      0.306 FF    IC  sudx_scan|solver|min_count[64][0]~949|datad
    Info (332115):     12.337      0.161 FR  CELL  sudx_scan|solver|min_count[64][0]~949|combout
    Info (332115):     12.773      0.436 RR    IC  sudx_scan|solver|LessThan31~1|datac
    Info (332115):     13.078      0.305 RR  CELL  sudx_scan|solver|LessThan31~1|combout
    Info (332115):     13.827      0.749 RR    IC  sudx_scan|solver|LessThan31~2|datad
    Info (332115):     13.993      0.166 RR  CELL  sudx_scan|solver|LessThan31~2|combout
    Info (332115):     14.197      0.204 RR    IC  sudx_scan|solver|LessThan31~3|datad
    Info (332115):     14.363      0.166 RR  CELL  sudx_scan|solver|LessThan31~3|combout
    Info (332115):     14.568      0.205 RR    IC  sudx_scan|solver|LessThan31~4|datad
    Info (332115):     14.734      0.166 RR  CELL  sudx_scan|solver|LessThan31~4|combout
    Info (332115):     14.939      0.205 RR    IC  sudx_scan|solver|LessThan31~5|datad
    Info (332115):     15.105      0.166 RR  CELL  sudx_scan|solver|LessThan31~5|combout
    Info (332115):     15.357      0.252 RR    IC  sudx_scan|solver|min_count[32][1]~966|datad
    Info (332115):     15.502      0.145 RF  CELL  sudx_scan|solver|min_count[32][1]~966|combout
    Info (332115):     15.813      0.311 FF    IC  sudx_scan|solver|LessThan15~2|datab
    Info (332115):     16.206      0.393 FR  CELL  sudx_scan|solver|LessThan15~2|combout
    Info (332115):     16.666      0.460 RR    IC  sudx_scan|solver|LessThan15~5|datab
    Info (332115):     17.076      0.410 RR  CELL  sudx_scan|solver|LessThan15~5|combout
    Info (332115):     17.289      0.213 RR    IC  sudx_scan|solver|LessThan15~6|datad
    Info (332115):     17.455      0.166 RR  CELL  sudx_scan|solver|LessThan15~6|combout
    Info (332115):     18.253      0.798 RR    IC  sudx_scan|solver|min_count[16][1]~979|datad
    Info (332115):     18.419      0.166 RR  CELL  sudx_scan|solver|min_count[16][1]~979|combout
    Info (332115):     19.156      0.737 RR    IC  sudx_scan|solver|LessThan7~2|datad
    Info (332115):     19.322      0.166 RR  CELL  sudx_scan|solver|LessThan7~2|combout
    Info (332115):     19.526      0.204 RR    IC  sudx_scan|solver|LessThan7~3|datad
    Info (332115):     19.692      0.166 RR  CELL  sudx_scan|solver|LessThan7~3|combout
    Info (332115):     19.894      0.202 RR    IC  sudx_scan|solver|LessThan7~4|datad
    Info (332115):     20.060      0.166 RR  CELL  sudx_scan|solver|LessThan7~4|combout
    Info (332115):     20.264      0.204 RR    IC  sudx_scan|solver|LessThan7~5|datad
    Info (332115):     20.430      0.166 RR  CELL  sudx_scan|solver|LessThan7~5|combout
    Info (332115):     20.675      0.245 RR    IC  sudx_scan|solver|min_count[8][0]~990|datad
    Info (332115):     20.841      0.166 RR  CELL  sudx_scan|solver|min_count[8][0]~990|combout
    Info (332115):     21.959      1.118 RR    IC  sudx_scan|solver|LessThan3~3|datad
    Info (332115):     22.125      0.166 RR  CELL  sudx_scan|solver|LessThan3~3|combout
    Info (332115):     22.854      0.729 RR    IC  sudx_scan|solver|LessThan3~5|datad
    Info (332115):     23.020      0.166 RR  CELL  sudx_scan|solver|LessThan3~5|combout
    Info (332115):     23.225      0.205 RR    IC  sudx_scan|solver|LessThan3~8|datad
    Info (332115):     23.391      0.166 RR  CELL  sudx_scan|solver|LessThan3~8|combout
    Info (332115):     23.659      0.268 RR    IC  sudx_scan|solver|min_count[4][0]~1712|datad
    Info (332115):     23.804      0.145 RF  CELL  sudx_scan|solver|min_count[4][0]~1712|combout
    Info (332115):     24.073      0.269 FF    IC  sudx_scan|solver|LessThan1~5|datad
    Info (332115):     24.204      0.131 FF  CELL  sudx_scan|solver|LessThan1~5|combout
    Info (332115):     24.439      0.235 FF    IC  sudx_scan|solver|LessThan1~6|datad
    Info (332115):     24.570      0.131 FF  CELL  sudx_scan|solver|LessThan1~6|combout
    Info (332115):     24.809      0.239 FF    IC  sudx_scan|solver|LessThan1~7|datad
    Info (332115):     24.940      0.131 FF  CELL  sudx_scan|solver|LessThan1~7|combout
    Info (332115):     25.175      0.235 FF    IC  sudx_scan|solver|LessThan1~8|datad
    Info (332115):     25.306      0.131 FF  CELL  sudx_scan|solver|LessThan1~8|combout
    Info (332115):     25.541      0.235 FF    IC  sudx_scan|solver|LessThan1~9|datad
    Info (332115):     25.672      0.131 FF  CELL  sudx_scan|solver|LessThan1~9|combout
    Info (332115):     25.979      0.307 FF    IC  sudx_scan|solver|min_count[2][3]~1716|datac
    Info (332115):     26.277      0.298 FF  CELL  sudx_scan|solver|min_count[2][3]~1716|combout
    Info (332115):     26.541      0.264 FF    IC  sudx_scan|solver|min_count[2][0]~2102|datad
    Info (332115):     26.672      0.131 FF  CELL  sudx_scan|solver|min_count[2][0]~2102|combout
    Info (332115):     27.421      0.749 FF    IC  sudx_scan|solver|LessThan0~1|datac
    Info (332115):     27.724      0.303 FF  CELL  sudx_scan|solver|LessThan0~1|combout
    Info (332115):     28.023      0.299 FF    IC  sudx_scan|solver|LessThan0~3|datab
    Info (332115):     28.379      0.356 FF  CELL  sudx_scan|solver|LessThan0~3|combout
    Info (332115):     28.829      0.450 FF    IC  sudx_scan|solver|min_col[1][3]~31|datac
    Info (332115):     29.110      0.281 FR  CELL  sudx_scan|solver|min_col[1][3]~31|combout
    Info (332115):     29.551      0.441 RR    IC  sudx_scan|solver|WideOr7~0|dataa
    Info (332115):     29.990      0.439 RF  CELL  sudx_scan|solver|WideOr7~0|combout
    Info (332115):     30.513      0.523 FF    IC  sudx_scan|solver|Mux58~0|datab
    Info (332115):     30.876      0.363 FR  CELL  sudx_scan|solver|Mux58~0|combout
    Info (332115):     34.053      3.177 RR    IC  sudx_scan|solver|Mux63~0|datac
    Info (332115):     34.358      0.305 RR  CELL  sudx_scan|solver|Mux63~0|combout
    Info (332115):     34.612      0.254 RR    IC  sudx_scan|solver|fnd~0|datab
    Info (332115):     35.054      0.442 RF  CELL  sudx_scan|solver|fnd~0|combout
    Info (332115):     35.716      0.662 FF    IC  sudx_scan|solver|fnd~1|datac
    Info (332115):     36.019      0.303 FF  CELL  sudx_scan|solver|fnd~1|combout
    Info (332115):     36.278      0.259 FF    IC  sudx_scan|solver|best_search[0]~0|datad
    Info (332115):     36.409      0.131 FF  CELL  sudx_scan|solver|best_search[0]~0|combout
    Info (332115):     36.655      0.246 FF    IC  sudx_scan|solver|Selector616~0|datac
    Info (332115):     36.958      0.303 FF  CELL  sudx_scan|solver|Selector616~0|combout
    Info (332115):     37.253      0.295 FF    IC  sudx_scan|solver|best_search[0]~3|datac
    Info (332115):     37.556      0.303 FF  CELL  sudx_scan|solver|best_search[0]~3|combout
    Info (332115):     38.074      0.518 FF    IC  sudx_scan|solver|Selector34~0|datab
    Info (332115):     38.470      0.396 FR  CELL  sudx_scan|solver|Selector34~0|combout
    Info (332115):     40.912      2.442 RR    IC  sudx_scan|solver|Selector106~4|datad
    Info (332115):     41.078      0.166 RR  CELL  sudx_scan|solver|Selector106~4|combout
    Info (332115):     42.595      1.517 RR    IC  sudx_scan|solver|col_used[6][2]|asdata
    Info (332115):     43.019      0.424 RR  CELL  sudx_scan:sudx_scan|sudx_scan_solver:solver|col_used[6][2]
    Info (332115): Data Required Path:
    Info (332115): Total (ns)  Incr (ns)     Type  Element
    Info (332115): ==========  ========= ==  ====  ===================================
    Info (332115):      1.000      1.000           latch edge time
    Info (332115):      1.000      0.000           source latency
    Info (332115):      1.000      0.000           clk
    Info (332115):      1.000      0.000 RR    IC  clk~input|i
    Info (332115):      1.769      0.769 RR  CELL  clk~input|o
    Info (332115):      2.627      0.858 RR    IC  clk~inputclkctrl|inclk[0]
    Info (332115):      2.627      0.000 RR  CELL  clk~inputclkctrl|outclk
    Info (332115):      4.475      1.848 RR    IC  sudx_scan|solver|col_used[6][2]|clk
    Info (332115):      4.950      0.475 RR  CELL  sudx_scan:sudx_scan|sudx_scan_solver:solver|col_used[6][2]
    Info (332115):      5.009      0.059           clock pessimism removed
    Info (332115):      4.989     -0.020           clock uncertainty
    Info (332115):      5.002      0.013     uTsu  sudx_scan:sudx_scan|sudx_scan_solver:solver|col_used[6][2]
    Info (332115): Data Arrival Time  :    43.019
    Info (332115): Data Required Time :     5.002
    Info (332115): Slack              :   -38.017 (VIOLATED)
    Info (332115): ===================================================================
Info (332115): Path #9: Setup slack is -38.015 (VIOLATED)
    Info (332115): ===================================================================
    Info (332115): From Node    : sudx_scan:sudx_scan|sudx_scan_solver:solver|col_used[0][2]
    Info (332115): To Node      : sudx_scan:sudx_scan|sudx_scan_solver:solver|col_used[8][2]
    Info (332115): Launch Clock : clk
    Info (332115): Latch Clock  : clk
    Info (332115): Data Arrival Path:
    Info (332115): Total (ns)  Incr (ns)     Type  Element
    Info (332115): ==========  ========= ==  ====  ===================================
    Info (332115):      0.000      0.000           launch edge time
    Info (332115):      0.000      0.000           source latency
    Info (332115):      0.000      0.000           clk
    Info (332115):      0.000      0.000 RR    IC  clk~input|i
    Info (332115):      0.769      0.769 RR  CELL  clk~input|o
    Info (332115):      1.663      0.894 RR    IC  clk~inputclkctrl|inclk[0]
    Info (332115):      1.663      0.000 RR  CELL  clk~inputclkctrl|outclk
    Info (332115):      3.599      1.936 RR    IC  sudx_scan|solver|col_used[0][2]|clk
    Info (332115):      4.109      0.510 RR  CELL  sudx_scan:sudx_scan|sudx_scan_solver:solver|col_used[0][2]
    Info (332115):      4.316      0.207     uTco  sudx_scan:sudx_scan|sudx_scan_solver:solver|col_used[0][2]
    Info (332115):      4.316      0.000 FF  CELL  sudx_scan|solver|col_used[0][2]|q
    Info (332115):      5.692      1.376 FF    IC  sudx_scan|solver|min_count~1555|datac
    Info (332115):      5.990      0.298 FF  CELL  sudx_scan|solver|min_count~1555|combout
    Info (332115):      6.799      0.809 FF    IC  sudx_scan|solver|Add291~1|datab
    Info (332115):      7.223      0.424 FF  CELL  sudx_scan|solver|Add291~1|combout
    Info (332115):      7.522      0.299 FF    IC  sudx_scan|solver|Add296~2|datab
    Info (332115):      7.967      0.445 FR  CELL  sudx_scan|solver|Add296~2|combout
    Info (332115):      8.171      0.204 RR    IC  sudx_scan|solver|min_count[164][1]~1573|datac
    Info (332115):      8.476      0.305 RR  CELL  sudx_scan|solver|min_count[164][1]~1573|combout
    Info (332115):      9.272      0.796 RR    IC  sudx_scan|solver|LessThan81~2|dataa
    Info (332115):      9.711      0.439 RF  CELL  sudx_scan|solver|LessThan81~2|combout
    Info (332115):     10.416      0.705 FF    IC  sudx_scan|solver|LessThan81~3|datac
    Info (332115):     10.719      0.303 FF  CELL  sudx_scan|solver|LessThan81~3|combout
    Info (332115):     10.957      0.238 FF    IC  sudx_scan|solver|LessThan81~4|datad
    Info (332115):     11.088      0.131 FF  CELL  sudx_scan|solver|LessThan81~4|combout
    Info (332115):     11.900      0.812 FF    IC  sudx_scan|solver|min_count[82][0]~1590|datad
    Info (332115):     12.061      0.161 FR  CELL  sudx_scan|solver|min_count[82][0]~1590|combout
    Info (332115):     12.286      0.225 RR    IC  sudx_scan|solver|LessThan40~1|datac
    Info (332115):     12.591      0.305 RR  CELL  sudx_scan|solver|LessThan40~1|combout
    Info (332115):     12.794      0.203 RR    IC  sudx_scan|solver|LessThan40~2|datad
    Info (332115):     12.960      0.166 RR  CELL  sudx_scan|solver|LessThan40~2|combout
    Info (332115):     13.165      0.205 RR    IC  sudx_scan|solver|LessThan40~3|datad
    Info (332115):     13.331      0.166 RR  CELL  sudx_scan|solver|LessThan40~3|combout
    Info (332115):     14.066      0.735 RR    IC  sudx_scan|solver|LessThan40~4|datad
    Info (332115):     14.232      0.166 RR  CELL  sudx_scan|solver|LessThan40~4|combout
    Info (332115):     14.434      0.202 RR    IC  sudx_scan|solver|LessThan40~5|datad
    Info (332115):     14.600      0.166 RR  CELL  sudx_scan|solver|LessThan40~5|combout
    Info (332115):     15.369      0.769 RR    IC  sudx_scan|solver|min_count[41][0]~1675|datad
    Info (332115):     15.535      0.166 RR  CELL  sudx_scan|solver|min_count[41][0]~1675|combout
    Info (332115):     16.295      0.760 RR    IC  sudx_scan|solver|LessThan19~3|datac
    Info (332115):     16.579      0.284 RF  CELL  sudx_scan|solver|LessThan19~3|combout
    Info (332115):     16.813      0.234 FF    IC  sudx_scan|solver|LessThan19~5|datad
    Info (332115):     16.944      0.131 FF  CELL  sudx_scan|solver|LessThan19~5|combout
    Info (332115):     17.180      0.236 FF    IC  sudx_scan|solver|LessThan19~8|datad
    Info (332115):     17.311      0.131 FF  CELL  sudx_scan|solver|LessThan19~8|combout
    Info (332115):     17.619      0.308 FF    IC  sudx_scan|solver|min_count[20][3]~1682|datad
    Info (332115):     17.750      0.131 FF  CELL  sudx_scan|solver|min_count[20][3]~1682|combout
    Info (332115):     18.194      0.444 FF    IC  sudx_scan|solver|LessThan9~0|dataa
    Info (332115):     18.599      0.405 FF  CELL  sudx_scan|solver|LessThan9~0|combout
    Info (332115):     19.030      0.431 FF    IC  sudx_scan|solver|LessThan9~4|dataa
    Info (332115):     19.435      0.405 FF  CELL  sudx_scan|solver|LessThan9~4|combout
    Info (332115):     19.688      0.253 FF    IC  sudx_scan|solver|LessThan9~5|datad
    Info (332115):     19.819      0.131 FF  CELL  sudx_scan|solver|LessThan9~5|combout
    Info (332115):     20.114      0.295 FF    IC  sudx_scan|solver|min_count[10][3]~1689|datac
    Info (332115):     20.417      0.303 FF  CELL  sudx_scan|solver|min_count[10][3]~1689|combout
    Info (332115):     21.121      0.704 FF    IC  sudx_scan|solver|LessThan4~2|datac
    Info (332115):     21.424      0.303 FF  CELL  sudx_scan|solver|LessThan4~2|combout
    Info (332115):     21.853      0.429 FF    IC  sudx_scan|solver|LessThan4~5|dataa
    Info (332115):     22.281      0.428 FF  CELL  sudx_scan|solver|LessThan4~5|combout
    Info (332115):     22.520      0.239 FF    IC  sudx_scan|solver|LessThan4~8|datad
    Info (332115):     22.651      0.131 FF  CELL  sudx_scan|solver|LessThan4~8|combout
    Info (332115):     22.968      0.317 FF    IC  sudx_scan|solver|min_count[5][3]~1707|datad
    Info (332115):     23.129      0.161 FR  CELL  sudx_scan|solver|min_count[5][3]~1707|combout
    Info (332115):     24.143      1.014 RR    IC  sudx_scan|solver|LessThan1~6|dataa
    Info (332115):     24.580      0.437 RF  CELL  sudx_scan|solver|LessThan1~6|combout
    Info (332115):     24.819      0.239 FF    IC  sudx_scan|solver|LessThan1~7|datad
    Info (332115):     24.950      0.131 FF  CELL  sudx_scan|solver|LessThan1~7|combout
    Info (332115):     25.185      0.235 FF    IC  sudx_scan|solver|LessThan1~8|datad
    Info (332115):     25.316      0.131 FF  CELL  sudx_scan|solver|LessThan1~8|combout
    Info (332115):     25.551      0.235 FF    IC  sudx_scan|solver|LessThan1~9|datad
    Info (332115):     25.682      0.131 FF  CELL  sudx_scan|solver|LessThan1~9|combout
    Info (332115):     25.989      0.307 FF    IC  sudx_scan|solver|min_count[2][3]~1716|datac
    Info (332115):     26.287      0.298 FF  CELL  sudx_scan|solver|min_count[2][3]~1716|combout
    Info (332115):     26.551      0.264 FF    IC  sudx_scan|solver|min_count[2][0]~2102|datad
    Info (332115):     26.682      0.131 FF  CELL  sudx_scan|solver|min_count[2][0]~2102|combout
    Info (332115):     27.431      0.749 FF    IC  sudx_scan|solver|LessThan0~1|datac
    Info (332115):     27.734      0.303 FF  CELL  sudx_scan|solver|LessThan0~1|combout
    Info (332115):     28.033      0.299 FF    IC  sudx_scan|solver|LessThan0~3|datab
    Info (332115):     28.389      0.356 FF  CELL  sudx_scan|solver|LessThan0~3|combout
    Info (332115):     28.725      0.336 FF    IC  sudx_scan|solver|min_col[1][2]~32|datad
    Info (332115):     28.856      0.131 FF  CELL  sudx_scan|solver|min_col[1][2]~32|combout
    Info (332115):     29.112      0.256 FF    IC  sudx_scan|solver|min_col[1][2]~70|datad
    Info (332115):     29.243      0.131 FF  CELL  sudx_scan|solver|min_col[1][2]~70|combout
    Info (332115):     29.541      0.298 FF    IC  sudx_scan|solver|WideOr7~0|datab
    Info (332115):     29.945      0.404 FF  CELL  sudx_scan|solver|WideOr7~0|combout
    Info (332115):     30.468      0.523 FF    IC  sudx_scan|solver|Mux58~0|datab
    Info (332115):     30.831      0.363 FR  CELL  sudx_scan|solver|Mux58~0|combout
    Info (332115):     34.008      3.177 RR    IC  sudx_scan|solver|Mux63~0|datac
    Info (332115):     34.313      0.305 RR  CELL  sudx_scan|solver|Mux63~0|combout
    Info (332115):     34.567      0.254 RR    IC  sudx_scan|solver|fnd~0|datab
    Info (332115):     35.009      0.442 RF  CELL  sudx_scan|solver|fnd~0|combout
    Info (332115):     35.671      0.662 FF    IC  sudx_scan|solver|fnd~1|datac
    Info (332115):     35.974      0.303 FF  CELL  sudx_scan|solver|fnd~1|combout
    Info (332115):     36.233      0.259 FF    IC  sudx_scan|solver|best_search[0]~0|datad
    Info (332115):     36.364      0.131 FF  CELL  sudx_scan|solver|best_search[0]~0|combout
    Info (332115):     36.610      0.246 FF    IC  sudx_scan|solver|Selector616~0|datac
    Info (332115):     36.913      0.303 FF  CELL  sudx_scan|solver|Selector616~0|combout
    Info (332115):     37.208      0.295 FF    IC  sudx_scan|solver|best_search[0]~3|datac
    Info (332115):     37.511      0.303 FF  CELL  sudx_scan|solver|best_search[0]~3|combout
    Info (332115):     38.029      0.518 FF    IC  sudx_scan|solver|Selector34~0|datab
    Info (332115):     38.425      0.396 FR  CELL  sudx_scan|solver|Selector34~0|combout
    Info (332115):     40.867      2.442 RR    IC  sudx_scan|solver|Selector106~4|datad
    Info (332115):     41.033      0.166 RR  CELL  sudx_scan|solver|Selector106~4|combout
    Info (332115):     42.612      1.579 RR    IC  sudx_scan|solver|col_used[8][2]|asdata
    Info (332115):     43.036      0.424 RR  CELL  sudx_scan:sudx_scan|sudx_scan_solver:solver|col_used[8][2]
    Info (332115): Data Required Path:
    Info (332115): Total (ns)  Incr (ns)     Type  Element
    Info (332115): ==========  ========= ==  ====  ===================================
    Info (332115):      1.000      1.000           latch edge time
    Info (332115):      1.000      0.000           source latency
    Info (332115):      1.000      0.000           clk
    Info (332115):      1.000      0.000 RR    IC  clk~input|i
    Info (332115):      1.769      0.769 RR  CELL  clk~input|o
    Info (332115):      2.627      0.858 RR    IC  clk~inputclkctrl|inclk[0]
    Info (332115):      2.627      0.000 RR  CELL  clk~inputclkctrl|outclk
    Info (332115):      4.494      1.867 RR    IC  sudx_scan|solver|col_used[8][2]|clk
    Info (332115):      4.969      0.475 RR  CELL  sudx_scan:sudx_scan|sudx_scan_solver:solver|col_used[8][2]
    Info (332115):      5.028      0.059           clock pessimism removed
    Info (332115):      5.008     -0.020           clock uncertainty
    Info (332115):      5.021      0.013     uTsu  sudx_scan:sudx_scan|sudx_scan_solver:solver|col_used[8][2]
    Info (332115): Data Arrival Time  :    43.036
    Info (332115): Data Required Time :     5.021
    Info (332115): Slack              :   -38.015 (VIOLATED)
    Info (332115): ===================================================================
Info (332115): Path #10: Setup slack is -38.014 (VIOLATED)
    Info (332115): ===================================================================
    Info (332115): From Node    : sudx_scan:sudx_scan|sudx_scan_solver:solver|col_used[5][2]
    Info (332115): To Node      : sudx_scan:sudx_scan|sudx_scan_solver:solver|col_used[6][2]
    Info (332115): Launch Clock : clk
    Info (332115): Latch Clock  : clk
    Info (332115): Data Arrival Path:
    Info (332115): Total (ns)  Incr (ns)     Type  Element
    Info (332115): ==========  ========= ==  ====  ===================================
    Info (332115):      0.000      0.000           launch edge time
    Info (332115):      0.000      0.000           source latency
    Info (332115):      0.000      0.000           clk
    Info (332115):      0.000      0.000 RR    IC  clk~input|i
    Info (332115):      0.769      0.769 RR  CELL  clk~input|o
    Info (332115):      1.663      0.894 RR    IC  clk~inputclkctrl|inclk[0]
    Info (332115):      1.663      0.000 RR  CELL  clk~inputclkctrl|outclk
    Info (332115):      3.130      1.467 RR    IC  sudx_scan|solver|col_used[5][2]|clk
    Info (332115):      3.640      0.510 RR  CELL  sudx_scan:sudx_scan|sudx_scan_solver:solver|col_used[5][2]
    Info (332115):      3.847      0.207     uTco  sudx_scan:sudx_scan|sudx_scan_solver:solver|col_used[5][2]
    Info (332115):      3.847      0.000 FF  CELL  sudx_scan|solver|col_used[5][2]|q
    Info (332115):      6.126      2.279 FF    IC  sudx_scan|solver|min_count~1627|datad
    Info (332115):      6.257      0.131 FF  CELL  sudx_scan|solver|min_count~1627|combout
    Info (332115):      6.569      0.312 FF    IC  sudx_scan|solver|Add259~2|dataa
    Info (332115):      6.995      0.426 FR  CELL  sudx_scan|solver|Add259~2|combout
    Info (332115):      7.767      0.772 RR    IC  sudx_scan|solver|Add264~0|datac
    Info (332115):      8.051      0.284 RF  CELL  sudx_scan|solver|Add264~0|combout
    Info (332115):      8.308      0.257 FF    IC  sudx_scan|solver|Add264~1|datad
    Info (332115):      8.439      0.131 FF  CELL  sudx_scan|solver|Add264~1|combout
    Info (332115):      9.495      1.056 FF    IC  sudx_scan|solver|min_count[160][2]~1635|dataa
    Info (332115):      9.923      0.428 FF  CELL  sudx_scan|solver|min_count[160][2]~1635|combout
    Info (332115):     10.212      0.289 FF    IC  sudx_scan|solver|LessThan79~3|dataa
    Info (332115):     10.640      0.428 FF  CELL  sudx_scan|solver|LessThan79~3|combout
    Info (332115):     10.882      0.242 FF    IC  sudx_scan|solver|LessThan79~4|datac
    Info (332115):     11.185      0.303 FF  CELL  sudx_scan|solver|LessThan79~4|combout
    Info (332115):     11.472      0.287 FF    IC  sudx_scan|solver|min_count[80][0]~1660|datac
    Info (332115):     11.770      0.298 FF  CELL  sudx_scan|solver|min_count[80][0]~1660|combout
    Info (332115):     12.189      0.419 FF    IC  sudx_scan|solver|LessThan39~1|datac
    Info (332115):     12.492      0.303 FF  CELL  sudx_scan|solver|LessThan39~1|combout
    Info (332115):     12.738      0.246 FF    IC  sudx_scan|solver|LessThan39~2|datac
    Info (332115):     13.041      0.303 FF  CELL  sudx_scan|solver|LessThan39~2|combout
    Info (332115):     13.321      0.280 FF    IC  sudx_scan|solver|LessThan39~3|datab
    Info (332115):     13.714      0.393 FF  CELL  sudx_scan|solver|LessThan39~3|combout
    Info (332115):     13.957      0.243 FF    IC  sudx_scan|solver|LessThan39~4|datac
    Info (332115):     14.260      0.303 FF  CELL  sudx_scan|solver|LessThan39~4|combout
    Info (332115):     14.499      0.239 FF    IC  sudx_scan|solver|LessThan39~5|datad
    Info (332115):     14.630      0.131 FF  CELL  sudx_scan|solver|LessThan39~5|combout
    Info (332115):     14.921      0.291 FF    IC  sudx_scan|solver|min_count[40][1]~1671|datad
    Info (332115):     15.082      0.161 FR  CELL  sudx_scan|solver|min_count[40][1]~1671|combout
    Info (332115):     15.919      0.837 RR    IC  sudx_scan|solver|LessThan19~2|datab
    Info (332115):     16.368      0.449 RF  CELL  sudx_scan|solver|LessThan19~2|combout
    Info (332115):     16.662      0.294 FF    IC  sudx_scan|solver|LessThan19~5|dataa
    Info (332115):     16.986      0.324 FF  CELL  sudx_scan|solver|LessThan19~5|combout
    Info (332115):     17.222      0.236 FF    IC  sudx_scan|solver|LessThan19~8|datad
    Info (332115):     17.353      0.131 FF  CELL  sudx_scan|solver|LessThan19~8|combout
    Info (332115):     17.661      0.308 FF    IC  sudx_scan|solver|min_count[20][3]~1682|datad
    Info (332115):     17.792      0.131 FF  CELL  sudx_scan|solver|min_count[20][3]~1682|combout
    Info (332115):     18.236      0.444 FF    IC  sudx_scan|solver|LessThan9~0|dataa
    Info (332115):     18.641      0.405 FF  CELL  sudx_scan|solver|LessThan9~0|combout
    Info (332115):     19.072      0.431 FF    IC  sudx_scan|solver|LessThan9~4|dataa
    Info (332115):     19.477      0.405 FF  CELL  sudx_scan|solver|LessThan9~4|combout
    Info (332115):     19.730      0.253 FF    IC  sudx_scan|solver|LessThan9~5|datad
    Info (332115):     19.861      0.131 FF  CELL  sudx_scan|solver|LessThan9~5|combout
    Info (332115):     20.156      0.295 FF    IC  sudx_scan|solver|min_count[10][3]~1689|datac
    Info (332115):     20.459      0.303 FF  CELL  sudx_scan|solver|min_count[10][3]~1689|combout
    Info (332115):     21.163      0.704 FF    IC  sudx_scan|solver|LessThan4~2|datac
    Info (332115):     21.466      0.303 FF  CELL  sudx_scan|solver|LessThan4~2|combout
    Info (332115):     21.895      0.429 FF    IC  sudx_scan|solver|LessThan4~5|dataa
    Info (332115):     22.323      0.428 FF  CELL  sudx_scan|solver|LessThan4~5|combout
    Info (332115):     22.562      0.239 FF    IC  sudx_scan|solver|LessThan4~8|datad
    Info (332115):     22.693      0.131 FF  CELL  sudx_scan|solver|LessThan4~8|combout
    Info (332115):     23.010      0.317 FF    IC  sudx_scan|solver|min_count[5][3]~1707|datad
    Info (332115):     23.171      0.161 FR  CELL  sudx_scan|solver|min_count[5][3]~1707|combout
    Info (332115):     24.185      1.014 RR    IC  sudx_scan|solver|LessThan1~6|dataa
    Info (332115):     24.622      0.437 RF  CELL  sudx_scan|solver|LessThan1~6|combout
    Info (332115):     24.861      0.239 FF    IC  sudx_scan|solver|LessThan1~7|datad
    Info (332115):     24.992      0.131 FF  CELL  sudx_scan|solver|LessThan1~7|combout
    Info (332115):     25.227      0.235 FF    IC  sudx_scan|solver|LessThan1~8|datad
    Info (332115):     25.358      0.131 FF  CELL  sudx_scan|solver|LessThan1~8|combout
    Info (332115):     25.593      0.235 FF    IC  sudx_scan|solver|LessThan1~9|datad
    Info (332115):     25.724      0.131 FF  CELL  sudx_scan|solver|LessThan1~9|combout
    Info (332115):     26.031      0.307 FF    IC  sudx_scan|solver|min_count[2][3]~1716|datac
    Info (332115):     26.329      0.298 FF  CELL  sudx_scan|solver|min_count[2][3]~1716|combout
    Info (332115):     26.593      0.264 FF    IC  sudx_scan|solver|min_count[2][0]~2102|datad
    Info (332115):     26.724      0.131 FF  CELL  sudx_scan|solver|min_count[2][0]~2102|combout
    Info (332115):     27.473      0.749 FF    IC  sudx_scan|solver|LessThan0~1|datac
    Info (332115):     27.776      0.303 FF  CELL  sudx_scan|solver|LessThan0~1|combout
    Info (332115):     28.075      0.299 FF    IC  sudx_scan|solver|LessThan0~3|datab
    Info (332115):     28.431      0.356 FF  CELL  sudx_scan|solver|LessThan0~3|combout
    Info (332115):     28.767      0.336 FF    IC  sudx_scan|solver|min_col[1][2]~32|datad
    Info (332115):     28.898      0.131 FF  CELL  sudx_scan|solver|min_col[1][2]~32|combout
    Info (332115):     29.154      0.256 FF    IC  sudx_scan|solver|min_col[1][2]~70|datad
    Info (332115):     29.285      0.131 FF  CELL  sudx_scan|solver|min_col[1][2]~70|combout
    Info (332115):     29.583      0.298 FF    IC  sudx_scan|solver|WideOr7~0|datab
    Info (332115):     29.987      0.404 FF  CELL  sudx_scan|solver|WideOr7~0|combout
    Info (332115):     30.510      0.523 FF    IC  sudx_scan|solver|Mux58~0|datab
    Info (332115):     30.873      0.363 FR  CELL  sudx_scan|solver|Mux58~0|combout
    Info (332115):     34.050      3.177 RR    IC  sudx_scan|solver|Mux63~0|datac
    Info (332115):     34.355      0.305 RR  CELL  sudx_scan|solver|Mux63~0|combout
    Info (332115):     34.609      0.254 RR    IC  sudx_scan|solver|fnd~0|datab
    Info (332115):     35.051      0.442 RF  CELL  sudx_scan|solver|fnd~0|combout
    Info (332115):     35.713      0.662 FF    IC  sudx_scan|solver|fnd~1|datac
    Info (332115):     36.016      0.303 FF  CELL  sudx_scan|solver|fnd~1|combout
    Info (332115):     36.275      0.259 FF    IC  sudx_scan|solver|best_search[0]~0|datad
    Info (332115):     36.406      0.131 FF  CELL  sudx_scan|solver|best_search[0]~0|combout
    Info (332115):     36.652      0.246 FF    IC  sudx_scan|solver|Selector616~0|datac
    Info (332115):     36.955      0.303 FF  CELL  sudx_scan|solver|Selector616~0|combout
    Info (332115):     37.250      0.295 FF    IC  sudx_scan|solver|best_search[0]~3|datac
    Info (332115):     37.553      0.303 FF  CELL  sudx_scan|solver|best_search[0]~3|combout
    Info (332115):     38.071      0.518 FF    IC  sudx_scan|solver|Selector34~0|datab
    Info (332115):     38.467      0.396 FR  CELL  sudx_scan|solver|Selector34~0|combout
    Info (332115):     40.909      2.442 RR    IC  sudx_scan|solver|Selector106~4|datad
    Info (332115):     41.075      0.166 RR  CELL  sudx_scan|solver|Selector106~4|combout
    Info (332115):     42.592      1.517 RR    IC  sudx_scan|solver|col_used[6][2]|asdata
    Info (332115):     43.016      0.424 RR  CELL  sudx_scan:sudx_scan|sudx_scan_solver:solver|col_used[6][2]
    Info (332115): Data Required Path:
    Info (332115): Total (ns)  Incr (ns)     Type  Element
    Info (332115): ==========  ========= ==  ====  ===================================
    Info (332115):      1.000      1.000           latch edge time
    Info (332115):      1.000      0.000           source latency
    Info (332115):      1.000      0.000           clk
    Info (332115):      1.000      0.000 RR    IC  clk~input|i
    Info (332115):      1.769      0.769 RR  CELL  clk~input|o
    Info (332115):      2.627      0.858 RR    IC  clk~inputclkctrl|inclk[0]
    Info (332115):      2.627      0.000 RR  CELL  clk~inputclkctrl|outclk
    Info (332115):      4.475      1.848 RR    IC  sudx_scan|solver|col_used[6][2]|clk
    Info (332115):      4.950      0.475 RR  CELL  sudx_scan:sudx_scan|sudx_scan_solver:solver|col_used[6][2]
    Info (332115):      5.009      0.059           clock pessimism removed
    Info (332115):      4.989     -0.020           clock uncertainty
    Info (332115):      5.002      0.013     uTsu  sudx_scan:sudx_scan|sudx_scan_solver:solver|col_used[6][2]
    Info (332115): Data Arrival Time  :    43.016
    Info (332115): Data Required Time :     5.002
    Info (332115): Slack              :   -38.014 (VIOLATED)
    Info (332115): ===================================================================
Info (332115): Path #11: Setup slack is -38.005 (VIOLATED)
    Info (332115): ===================================================================
    Info (332115): From Node    : sudx_scan:sudx_scan|sudx_scan_solver:solver|row_used[0][4]
    Info (332115): To Node      : sudx_scan:sudx_scan|sudx_scan_solver:solver|col_used[8][2]
    Info (332115): Launch Clock : clk
    Info (332115): Latch Clock  : clk
    Info (332115): Data Arrival Path:
    Info (332115): Total (ns)  Incr (ns)     Type  Element
    Info (332115): ==========  ========= ==  ====  ===================================
    Info (332115):      0.000      0.000           launch edge time
    Info (332115):      0.000      0.000           source latency
    Info (332115):      0.000      0.000           clk
    Info (332115):      0.000      0.000 RR    IC  clk~input|i
    Info (332115):      0.769      0.769 RR  CELL  clk~input|o
    Info (332115):      1.663      0.894 RR    IC  clk~inputclkctrl|inclk[0]
    Info (332115):      1.663      0.000 RR  CELL  clk~inputclkctrl|outclk
    Info (332115):      3.135      1.472 RR    IC  sudx_scan|solver|row_used[0][4]|clk
    Info (332115):      3.645      0.510 RR  CELL  sudx_scan:sudx_scan|sudx_scan_solver:solver|row_used[0][4]
    Info (332115):      3.852      0.207     uTco  sudx_scan:sudx_scan|sudx_scan_solver:solver|row_used[0][4]
    Info (332115):      3.852      0.000 RR  CELL  sudx_scan|solver|row_used[0][4]|q
    Info (332115):      5.557      1.705 RR    IC  sudx_scan|solver|min_count~924|datad
    Info (332115):      5.723      0.166 RR  CELL  sudx_scan|solver|min_count~924|combout
    Info (332115):      7.403      1.680 RR    IC  sudx_scan|solver|Add11~1|datad
    Info (332115):      7.548      0.145 RF  CELL  sudx_scan|solver|Add11~1|combout
    Info (332115):      7.859      0.311 FF    IC  sudx_scan|solver|Add17~0|datab
    Info (332115):      8.262      0.403 FR  CELL  sudx_scan|solver|Add17~0|combout
    Info (332115):      9.807      1.545 RR    IC  sudx_scan|solver|min_count[129][3]~2145|datad
    Info (332115):      9.952      0.145 RF  CELL  sudx_scan|solver|min_count[129][3]~2145|combout
    Info (332115):     11.351      1.399 FF    IC  sudx_scan|solver|min_count[129][3]~930|datad
    Info (332115):     11.512      0.161 FR  CELL  sudx_scan|solver|min_count[129][3]~930|combout
    Info (332115):     11.725      0.213 RR    IC  sudx_scan|solver|LessThan63~4|datad
    Info (332115):     11.870      0.145 RF  CELL  sudx_scan|solver|LessThan63~4|combout
    Info (332115):     12.176      0.306 FF    IC  sudx_scan|solver|min_count[64][0]~949|datad
    Info (332115):     12.337      0.161 FR  CELL  sudx_scan|solver|min_count[64][0]~949|combout
    Info (332115):     12.773      0.436 RR    IC  sudx_scan|solver|LessThan31~1|datac
    Info (332115):     13.078      0.305 RR  CELL  sudx_scan|solver|LessThan31~1|combout
    Info (332115):     13.827      0.749 RR    IC  sudx_scan|solver|LessThan31~2|datad
    Info (332115):     13.993      0.166 RR  CELL  sudx_scan|solver|LessThan31~2|combout
    Info (332115):     14.197      0.204 RR    IC  sudx_scan|solver|LessThan31~3|datad
    Info (332115):     14.363      0.166 RR  CELL  sudx_scan|solver|LessThan31~3|combout
    Info (332115):     14.568      0.205 RR    IC  sudx_scan|solver|LessThan31~4|datad
    Info (332115):     14.734      0.166 RR  CELL  sudx_scan|solver|LessThan31~4|combout
    Info (332115):     14.939      0.205 RR    IC  sudx_scan|solver|LessThan31~5|datad
    Info (332115):     15.105      0.166 RR  CELL  sudx_scan|solver|LessThan31~5|combout
    Info (332115):     15.357      0.252 RR    IC  sudx_scan|solver|min_count[32][1]~966|datad
    Info (332115):     15.502      0.145 RF  CELL  sudx_scan|solver|min_count[32][1]~966|combout
    Info (332115):     15.813      0.311 FF    IC  sudx_scan|solver|LessThan15~2|datab
    Info (332115):     16.206      0.393 FR  CELL  sudx_scan|solver|LessThan15~2|combout
    Info (332115):     16.666      0.460 RR    IC  sudx_scan|solver|LessThan15~5|datab
    Info (332115):     17.076      0.410 RR  CELL  sudx_scan|solver|LessThan15~5|combout
    Info (332115):     17.289      0.213 RR    IC  sudx_scan|solver|LessThan15~6|datad
    Info (332115):     17.455      0.166 RR  CELL  sudx_scan|solver|LessThan15~6|combout
    Info (332115):     18.253      0.798 RR    IC  sudx_scan|solver|min_count[16][1]~979|datad
    Info (332115):     18.419      0.166 RR  CELL  sudx_scan|solver|min_count[16][1]~979|combout
    Info (332115):     19.156      0.737 RR    IC  sudx_scan|solver|LessThan7~2|datad
    Info (332115):     19.322      0.166 RR  CELL  sudx_scan|solver|LessThan7~2|combout
    Info (332115):     19.526      0.204 RR    IC  sudx_scan|solver|LessThan7~3|datad
    Info (332115):     19.692      0.166 RR  CELL  sudx_scan|solver|LessThan7~3|combout
    Info (332115):     19.894      0.202 RR    IC  sudx_scan|solver|LessThan7~4|datad
    Info (332115):     20.060      0.166 RR  CELL  sudx_scan|solver|LessThan7~4|combout
    Info (332115):     20.264      0.204 RR    IC  sudx_scan|solver|LessThan7~5|datad
    Info (332115):     20.430      0.166 RR  CELL  sudx_scan|solver|LessThan7~5|combout
    Info (332115):     20.675      0.245 RR    IC  sudx_scan|solver|min_count[8][0]~990|datad
    Info (332115):     20.841      0.166 RR  CELL  sudx_scan|solver|min_count[8][0]~990|combout
    Info (332115):     21.959      1.118 RR    IC  sudx_scan|solver|LessThan3~3|datad
    Info (332115):     22.125      0.166 RR  CELL  sudx_scan|solver|LessThan3~3|combout
    Info (332115):     22.854      0.729 RR    IC  sudx_scan|solver|LessThan3~5|datad
    Info (332115):     23.020      0.166 RR  CELL  sudx_scan|solver|LessThan3~5|combout
    Info (332115):     23.225      0.205 RR    IC  sudx_scan|solver|LessThan3~8|datad
    Info (332115):     23.391      0.166 RR  CELL  sudx_scan|solver|LessThan3~8|combout
    Info (332115):     23.659      0.268 RR    IC  sudx_scan|solver|min_count[4][0]~1712|datad
    Info (332115):     23.804      0.145 RF  CELL  sudx_scan|solver|min_count[4][0]~1712|combout
    Info (332115):     24.073      0.269 FF    IC  sudx_scan|solver|LessThan1~5|datad
    Info (332115):     24.204      0.131 FF  CELL  sudx_scan|solver|LessThan1~5|combout
    Info (332115):     24.439      0.235 FF    IC  sudx_scan|solver|LessThan1~6|datad
    Info (332115):     24.570      0.131 FF  CELL  sudx_scan|solver|LessThan1~6|combout
    Info (332115):     24.809      0.239 FF    IC  sudx_scan|solver|LessThan1~7|datad
    Info (332115):     24.940      0.131 FF  CELL  sudx_scan|solver|LessThan1~7|combout
    Info (332115):     25.175      0.235 FF    IC  sudx_scan|solver|LessThan1~8|datad
    Info (332115):     25.306      0.131 FF  CELL  sudx_scan|solver|LessThan1~8|combout
    Info (332115):     25.541      0.235 FF    IC  sudx_scan|solver|LessThan1~9|datad
    Info (332115):     25.672      0.131 FF  CELL  sudx_scan|solver|LessThan1~9|combout
    Info (332115):     25.979      0.307 FF    IC  sudx_scan|solver|min_count[2][3]~1716|datac
    Info (332115):     26.277      0.298 FF  CELL  sudx_scan|solver|min_count[2][3]~1716|combout
    Info (332115):     26.541      0.264 FF    IC  sudx_scan|solver|min_count[2][0]~2102|datad
    Info (332115):     26.672      0.131 FF  CELL  sudx_scan|solver|min_count[2][0]~2102|combout
    Info (332115):     27.421      0.749 FF    IC  sudx_scan|solver|LessThan0~1|datac
    Info (332115):     27.724      0.303 FF  CELL  sudx_scan|solver|LessThan0~1|combout
    Info (332115):     28.023      0.299 FF    IC  sudx_scan|solver|LessThan0~3|datab
    Info (332115):     28.379      0.356 FF  CELL  sudx_scan|solver|LessThan0~3|combout
    Info (332115):     28.715      0.336 FF    IC  sudx_scan|solver|min_col[1][2]~32|datad
    Info (332115):     28.846      0.131 FF  CELL  sudx_scan|solver|min_col[1][2]~32|combout
    Info (332115):     29.102      0.256 FF    IC  sudx_scan|solver|min_col[1][2]~70|datad
    Info (332115):     29.233      0.131 FF  CELL  sudx_scan|solver|min_col[1][2]~70|combout
    Info (332115):     29.531      0.298 FF    IC  sudx_scan|solver|WideOr7~0|datab
    Info (332115):     29.935      0.404 FF  CELL  sudx_scan|solver|WideOr7~0|combout
    Info (332115):     30.458      0.523 FF    IC  sudx_scan|solver|Mux58~0|datab
    Info (332115):     30.821      0.363 FR  CELL  sudx_scan|solver|Mux58~0|combout
    Info (332115):     33.998      3.177 RR    IC  sudx_scan|solver|Mux63~0|datac
    Info (332115):     34.303      0.305 RR  CELL  sudx_scan|solver|Mux63~0|combout
    Info (332115):     34.557      0.254 RR    IC  sudx_scan|solver|fnd~0|datab
    Info (332115):     34.999      0.442 RF  CELL  sudx_scan|solver|fnd~0|combout
    Info (332115):     35.661      0.662 FF    IC  sudx_scan|solver|fnd~1|datac
    Info (332115):     35.964      0.303 FF  CELL  sudx_scan|solver|fnd~1|combout
    Info (332115):     36.223      0.259 FF    IC  sudx_scan|solver|best_search[0]~0|datad
    Info (332115):     36.354      0.131 FF  CELL  sudx_scan|solver|best_search[0]~0|combout
    Info (332115):     36.600      0.246 FF    IC  sudx_scan|solver|Selector616~0|datac
    Info (332115):     36.903      0.303 FF  CELL  sudx_scan|solver|Selector616~0|combout
    Info (332115):     37.198      0.295 FF    IC  sudx_scan|solver|best_search[0]~3|datac
    Info (332115):     37.501      0.303 FF  CELL  sudx_scan|solver|best_search[0]~3|combout
    Info (332115):     38.019      0.518 FF    IC  sudx_scan|solver|Selector34~0|datab
    Info (332115):     38.415      0.396 FR  CELL  sudx_scan|solver|Selector34~0|combout
    Info (332115):     40.857      2.442 RR    IC  sudx_scan|solver|Selector106~4|datad
    Info (332115):     41.023      0.166 RR  CELL  sudx_scan|solver|Selector106~4|combout
    Info (332115):     42.602      1.579 RR    IC  sudx_scan|solver|col_used[8][2]|asdata
    Info (332115):     43.026      0.424 RR  CELL  sudx_scan:sudx_scan|sudx_scan_solver:solver|col_used[8][2]
    Info (332115): Data Required Path:
    Info (332115): Total (ns)  Incr (ns)     Type  Element
    Info (332115): ==========  ========= ==  ====  ===================================
    Info (332115):      1.000      1.000           latch edge time
    Info (332115):      1.000      0.000           source latency
    Info (332115):      1.000      0.000           clk
    Info (332115):      1.000      0.000 RR    IC  clk~input|i
    Info (332115):      1.769      0.769 RR  CELL  clk~input|o
    Info (332115):      2.627      0.858 RR    IC  clk~inputclkctrl|inclk[0]
    Info (332115):      2.627      0.000 RR  CELL  clk~inputclkctrl|outclk
    Info (332115):      4.494      1.867 RR    IC  sudx_scan|solver|col_used[8][2]|clk
    Info (332115):      4.969      0.475 RR  CELL  sudx_scan:sudx_scan|sudx_scan_solver:solver|col_used[8][2]
    Info (332115):      5.028      0.059           clock pessimism removed
    Info (332115):      5.008     -0.020           clock uncertainty
    Info (332115):      5.021      0.013     uTsu  sudx_scan:sudx_scan|sudx_scan_solver:solver|col_used[8][2]
    Info (332115): Data Arrival Time  :    43.026
    Info (332115): Data Required Time :     5.021
    Info (332115): Slack              :   -38.005 (VIOLATED)
    Info (332115): ===================================================================
Info (332115): Path #12: Setup slack is -38.005 (VIOLATED)
    Info (332115): ===================================================================
    Info (332115): From Node    : sudx_scan:sudx_scan|sudx_scan_solver:solver|row_used[0][4]
    Info (332115): To Node      : sudx_scan:sudx_scan|sudx_scan_solver:solver|col_used[8][2]
    Info (332115): Launch Clock : clk
    Info (332115): Latch Clock  : clk
    Info (332115): Data Arrival Path:
    Info (332115): Total (ns)  Incr (ns)     Type  Element
    Info (332115): ==========  ========= ==  ====  ===================================
    Info (332115):      0.000      0.000           launch edge time
    Info (332115):      0.000      0.000           source latency
    Info (332115):      0.000      0.000           clk
    Info (332115):      0.000      0.000 RR    IC  clk~input|i
    Info (332115):      0.769      0.769 RR  CELL  clk~input|o
    Info (332115):      1.663      0.894 RR    IC  clk~inputclkctrl|inclk[0]
    Info (332115):      1.663      0.000 RR  CELL  clk~inputclkctrl|outclk
    Info (332115):      3.135      1.472 RR    IC  sudx_scan|solver|row_used[0][4]|clk
    Info (332115):      3.645      0.510 RR  CELL  sudx_scan:sudx_scan|sudx_scan_solver:solver|row_used[0][4]
    Info (332115):      3.852      0.207     uTco  sudx_scan:sudx_scan|sudx_scan_solver:solver|row_used[0][4]
    Info (332115):      3.852      0.000 RR  CELL  sudx_scan|solver|row_used[0][4]|q
    Info (332115):      5.557      1.705 RR    IC  sudx_scan|solver|min_count~924|datad
    Info (332115):      5.723      0.166 RR  CELL  sudx_scan|solver|min_count~924|combout
    Info (332115):      7.403      1.680 RR    IC  sudx_scan|solver|Add11~1|datad
    Info (332115):      7.548      0.145 RF  CELL  sudx_scan|solver|Add11~1|combout
    Info (332115):      7.859      0.311 FF    IC  sudx_scan|solver|Add17~0|datab
    Info (332115):      8.262      0.403 FR  CELL  sudx_scan|solver|Add17~0|combout
    Info (332115):      9.807      1.545 RR    IC  sudx_scan|solver|min_count[129][3]~2145|datad
    Info (332115):      9.952      0.145 RF  CELL  sudx_scan|solver|min_count[129][3]~2145|combout
    Info (332115):     11.351      1.399 FF    IC  sudx_scan|solver|min_count[129][3]~930|datad
    Info (332115):     11.512      0.161 FR  CELL  sudx_scan|solver|min_count[129][3]~930|combout
    Info (332115):     11.725      0.213 RR    IC  sudx_scan|solver|LessThan63~4|datad
    Info (332115):     11.870      0.145 RF  CELL  sudx_scan|solver|LessThan63~4|combout
    Info (332115):     12.176      0.306 FF    IC  sudx_scan|solver|min_count[64][0]~949|datad
    Info (332115):     12.337      0.161 FR  CELL  sudx_scan|solver|min_count[64][0]~949|combout
    Info (332115):     12.773      0.436 RR    IC  sudx_scan|solver|LessThan31~1|datac
    Info (332115):     13.078      0.305 RR  CELL  sudx_scan|solver|LessThan31~1|combout
    Info (332115):     13.827      0.749 RR    IC  sudx_scan|solver|LessThan31~2|datad
    Info (332115):     13.993      0.166 RR  CELL  sudx_scan|solver|LessThan31~2|combout
    Info (332115):     14.197      0.204 RR    IC  sudx_scan|solver|LessThan31~3|datad
    Info (332115):     14.363      0.166 RR  CELL  sudx_scan|solver|LessThan31~3|combout
    Info (332115):     14.568      0.205 RR    IC  sudx_scan|solver|LessThan31~4|datad
    Info (332115):     14.734      0.166 RR  CELL  sudx_scan|solver|LessThan31~4|combout
    Info (332115):     14.939      0.205 RR    IC  sudx_scan|solver|LessThan31~5|datad
    Info (332115):     15.105      0.166 RR  CELL  sudx_scan|solver|LessThan31~5|combout
    Info (332115):     15.357      0.252 RR    IC  sudx_scan|solver|min_count[32][1]~966|datad
    Info (332115):     15.502      0.145 RF  CELL  sudx_scan|solver|min_count[32][1]~966|combout
    Info (332115):     15.813      0.311 FF    IC  sudx_scan|solver|LessThan15~2|datab
    Info (332115):     16.206      0.393 FR  CELL  sudx_scan|solver|LessThan15~2|combout
    Info (332115):     16.666      0.460 RR    IC  sudx_scan|solver|LessThan15~5|datab
    Info (332115):     17.076      0.410 RR  CELL  sudx_scan|solver|LessThan15~5|combout
    Info (332115):     17.289      0.213 RR    IC  sudx_scan|solver|LessThan15~6|datad
    Info (332115):     17.455      0.166 RR  CELL  sudx_scan|solver|LessThan15~6|combout
    Info (332115):     18.253      0.798 RR    IC  sudx_scan|solver|min_count[16][1]~979|datad
    Info (332115):     18.398      0.145 RF  CELL  sudx_scan|solver|min_count[16][1]~979|combout
    Info (332115):     19.206      0.808 FF    IC  sudx_scan|solver|LessThan7~3|dataa
    Info (332115):     19.611      0.405 FF  CELL  sudx_scan|solver|LessThan7~3|combout
    Info (332115):     19.845      0.234 FF    IC  sudx_scan|solver|LessThan7~4|datad
    Info (332115):     19.976      0.131 FF  CELL  sudx_scan|solver|LessThan7~4|combout
    Info (332115):     20.211      0.235 FF    IC  sudx_scan|solver|LessThan7~5|datad
    Info (332115):     20.342      0.131 FF  CELL  sudx_scan|solver|LessThan7~5|combout
    Info (332115):     20.625      0.283 FF    IC  sudx_scan|solver|min_count[8][0]~990|datad
    Info (332115):     20.786      0.161 FR  CELL  sudx_scan|solver|min_count[8][0]~990|combout
    Info (332115):     21.904      1.118 RR    IC  sudx_scan|solver|LessThan3~3|datad
    Info (332115):     22.070      0.166 RR  CELL  sudx_scan|solver|LessThan3~3|combout
    Info (332115):     22.799      0.729 RR    IC  sudx_scan|solver|LessThan3~5|datad
    Info (332115):     22.965      0.166 RR  CELL  sudx_scan|solver|LessThan3~5|combout
    Info (332115):     23.170      0.205 RR    IC  sudx_scan|solver|LessThan3~8|datad
    Info (332115):     23.336      0.166 RR  CELL  sudx_scan|solver|LessThan3~8|combout
    Info (332115):     23.604      0.268 RR    IC  sudx_scan|solver|min_count[4][0]~1712|datad
    Info (332115):     23.749      0.145 RF  CELL  sudx_scan|solver|min_count[4][0]~1712|combout
    Info (332115):     24.018      0.269 FF    IC  sudx_scan|solver|LessThan1~5|datad
    Info (332115):     24.149      0.131 FF  CELL  sudx_scan|solver|LessThan1~5|combout
    Info (332115):     24.384      0.235 FF    IC  sudx_scan|solver|LessThan1~6|datad
    Info (332115):     24.515      0.131 FF  CELL  sudx_scan|solver|LessThan1~6|combout
    Info (332115):     24.754      0.239 FF    IC  sudx_scan|solver|LessThan1~7|datad
    Info (332115):     24.885      0.131 FF  CELL  sudx_scan|solver|LessThan1~7|combout
    Info (332115):     25.120      0.235 FF    IC  sudx_scan|solver|LessThan1~8|datad
    Info (332115):     25.251      0.131 FF  CELL  sudx_scan|solver|LessThan1~8|combout
    Info (332115):     25.486      0.235 FF    IC  sudx_scan|solver|LessThan1~9|datad
    Info (332115):     25.617      0.131 FF  CELL  sudx_scan|solver|LessThan1~9|combout
    Info (332115):     25.924      0.307 FF    IC  sudx_scan|solver|min_count[2][3]~1716|datac
    Info (332115):     26.222      0.298 FF  CELL  sudx_scan|solver|min_count[2][3]~1716|combout
    Info (332115):     26.486      0.264 FF    IC  sudx_scan|solver|min_count[2][0]~2102|datad
    Info (332115):     26.617      0.131 FF  CELL  sudx_scan|solver|min_count[2][0]~2102|combout
    Info (332115):     27.366      0.749 FF    IC  sudx_scan|solver|LessThan0~1|datac
    Info (332115):     27.669      0.303 FF  CELL  sudx_scan|solver|LessThan0~1|combout
    Info (332115):     27.968      0.299 FF    IC  sudx_scan|solver|LessThan0~3|datab
    Info (332115):     28.324      0.356 FF  CELL  sudx_scan|solver|LessThan0~3|combout
    Info (332115):     28.774      0.450 FF    IC  sudx_scan|solver|min_col[1][3]~31|datac
    Info (332115):     29.055      0.281 FR  CELL  sudx_scan|solver|min_col[1][3]~31|combout
    Info (332115):     29.496      0.441 RR    IC  sudx_scan|solver|WideOr7~0|dataa
    Info (332115):     29.935      0.439 RF  CELL  sudx_scan|solver|WideOr7~0|combout
    Info (332115):     30.458      0.523 FF    IC  sudx_scan|solver|Mux58~0|datab
    Info (332115):     30.821      0.363 FR  CELL  sudx_scan|solver|Mux58~0|combout
    Info (332115):     33.998      3.177 RR    IC  sudx_scan|solver|Mux63~0|datac
    Info (332115):     34.303      0.305 RR  CELL  sudx_scan|solver|Mux63~0|combout
    Info (332115):     34.557      0.254 RR    IC  sudx_scan|solver|fnd~0|datab
    Info (332115):     34.999      0.442 RF  CELL  sudx_scan|solver|fnd~0|combout
    Info (332115):     35.661      0.662 FF    IC  sudx_scan|solver|fnd~1|datac
    Info (332115):     35.964      0.303 FF  CELL  sudx_scan|solver|fnd~1|combout
    Info (332115):     36.223      0.259 FF    IC  sudx_scan|solver|best_search[0]~0|datad
    Info (332115):     36.354      0.131 FF  CELL  sudx_scan|solver|best_search[0]~0|combout
    Info (332115):     36.600      0.246 FF    IC  sudx_scan|solver|Selector616~0|datac
    Info (332115):     36.903      0.303 FF  CELL  sudx_scan|solver|Selector616~0|combout
    Info (332115):     37.198      0.295 FF    IC  sudx_scan|solver|best_search[0]~3|datac
    Info (332115):     37.501      0.303 FF  CELL  sudx_scan|solver|best_search[0]~3|combout
    Info (332115):     38.019      0.518 FF    IC  sudx_scan|solver|Selector34~0|datab
    Info (332115):     38.415      0.396 FR  CELL  sudx_scan|solver|Selector34~0|combout
    Info (332115):     40.857      2.442 RR    IC  sudx_scan|solver|Selector106~4|datad
    Info (332115):     41.023      0.166 RR  CELL  sudx_scan|solver|Selector106~4|combout
    Info (332115):     42.602      1.579 RR    IC  sudx_scan|solver|col_used[8][2]|asdata
    Info (332115):     43.026      0.424 RR  CELL  sudx_scan:sudx_scan|sudx_scan_solver:solver|col_used[8][2]
    Info (332115): Data Required Path:
    Info (332115): Total (ns)  Incr (ns)     Type  Element
    Info (332115): ==========  ========= ==  ====  ===================================
    Info (332115):      1.000      1.000           latch edge time
    Info (332115):      1.000      0.000           source latency
    Info (332115):      1.000      0.000           clk
    Info (332115):      1.000      0.000 RR    IC  clk~input|i
    Info (332115):      1.769      0.769 RR  CELL  clk~input|o
    Info (332115):      2.627      0.858 RR    IC  clk~inputclkctrl|inclk[0]
    Info (332115):      2.627      0.000 RR  CELL  clk~inputclkctrl|outclk
    Info (332115):      4.494      1.867 RR    IC  sudx_scan|solver|col_used[8][2]|clk
    Info (332115):      4.969      0.475 RR  CELL  sudx_scan:sudx_scan|sudx_scan_solver:solver|col_used[8][2]
    Info (332115):      5.028      0.059           clock pessimism removed
    Info (332115):      5.008     -0.020           clock uncertainty
    Info (332115):      5.021      0.013     uTsu  sudx_scan:sudx_scan|sudx_scan_solver:solver|col_used[8][2]
    Info (332115): Data Arrival Time  :    43.026
    Info (332115): Data Required Time :     5.021
    Info (332115): Slack              :   -38.005 (VIOLATED)
    Info (332115): ===================================================================
Info (332115): Path #13: Setup slack is -37.997 (VIOLATED)
    Info (332115): ===================================================================
    Info (332115): From Node    : sudx_scan:sudx_scan|sudx_scan_solver:solver|col_used[0][2]
    Info (332115): To Node      : sudx_scan:sudx_scan|sudx_scan_solver:solver|col_used[7][2]
    Info (332115): Launch Clock : clk
    Info (332115): Latch Clock  : clk
    Info (332115): Data Arrival Path:
    Info (332115): Total (ns)  Incr (ns)     Type  Element
    Info (332115): ==========  ========= ==  ====  ===================================
    Info (332115):      0.000      0.000           launch edge time
    Info (332115):      0.000      0.000           source latency
    Info (332115):      0.000      0.000           clk
    Info (332115):      0.000      0.000 RR    IC  clk~input|i
    Info (332115):      0.769      0.769 RR  CELL  clk~input|o
    Info (332115):      1.663      0.894 RR    IC  clk~inputclkctrl|inclk[0]
    Info (332115):      1.663      0.000 RR  CELL  clk~inputclkctrl|outclk
    Info (332115):      3.599      1.936 RR    IC  sudx_scan|solver|col_used[0][2]|clk
    Info (332115):      4.109      0.510 RR  CELL  sudx_scan:sudx_scan|sudx_scan_solver:solver|col_used[0][2]
    Info (332115):      4.316      0.207     uTco  sudx_scan:sudx_scan|sudx_scan_solver:solver|col_used[0][2]
    Info (332115):      4.316      0.000 FF  CELL  sudx_scan|solver|col_used[0][2]|q
    Info (332115):      5.692      1.376 FF    IC  sudx_scan|solver|min_count~1555|datac
    Info (332115):      5.990      0.298 FF  CELL  sudx_scan|solver|min_count~1555|combout
    Info (332115):      6.799      0.809 FF    IC  sudx_scan|solver|Add291~1|datab
    Info (332115):      7.223      0.424 FF  CELL  sudx_scan|solver|Add291~1|combout
    Info (332115):      7.522      0.299 FF    IC  sudx_scan|solver|Add296~2|datab
    Info (332115):      7.967      0.445 FR  CELL  sudx_scan|solver|Add296~2|combout
    Info (332115):      8.171      0.204 RR    IC  sudx_scan|solver|min_count[164][1]~1573|datac
    Info (332115):      8.476      0.305 RR  CELL  sudx_scan|solver|min_count[164][1]~1573|combout
    Info (332115):      9.272      0.796 RR    IC  sudx_scan|solver|LessThan81~2|dataa
    Info (332115):      9.711      0.439 RF  CELL  sudx_scan|solver|LessThan81~2|combout
    Info (332115):     10.416      0.705 FF    IC  sudx_scan|solver|LessThan81~3|datac
    Info (332115):     10.719      0.303 FF  CELL  sudx_scan|solver|LessThan81~3|combout
    Info (332115):     10.957      0.238 FF    IC  sudx_scan|solver|LessThan81~4|datad
    Info (332115):     11.088      0.131 FF  CELL  sudx_scan|solver|LessThan81~4|combout
    Info (332115):     11.900      0.812 FF    IC  sudx_scan|solver|min_count[82][0]~1590|datad
    Info (332115):     12.061      0.161 FR  CELL  sudx_scan|solver|min_count[82][0]~1590|combout
    Info (332115):     12.286      0.225 RR    IC  sudx_scan|solver|LessThan40~1|datac
    Info (332115):     12.591      0.305 RR  CELL  sudx_scan|solver|LessThan40~1|combout
    Info (332115):     12.794      0.203 RR    IC  sudx_scan|solver|LessThan40~2|datad
    Info (332115):     12.960      0.166 RR  CELL  sudx_scan|solver|LessThan40~2|combout
    Info (332115):     13.165      0.205 RR    IC  sudx_scan|solver|LessThan40~3|datad
    Info (332115):     13.331      0.166 RR  CELL  sudx_scan|solver|LessThan40~3|combout
    Info (332115):     14.066      0.735 RR    IC  sudx_scan|solver|LessThan40~4|datad
    Info (332115):     14.232      0.166 RR  CELL  sudx_scan|solver|LessThan40~4|combout
    Info (332115):     14.434      0.202 RR    IC  sudx_scan|solver|LessThan40~5|datad
    Info (332115):     14.600      0.166 RR  CELL  sudx_scan|solver|LessThan40~5|combout
    Info (332115):     15.369      0.769 RR    IC  sudx_scan|solver|min_count[41][0]~1675|datad
    Info (332115):     15.535      0.166 RR  CELL  sudx_scan|solver|min_count[41][0]~1675|combout
    Info (332115):     16.295      0.760 RR    IC  sudx_scan|solver|LessThan19~3|datac
    Info (332115):     16.579      0.284 RF  CELL  sudx_scan|solver|LessThan19~3|combout
    Info (332115):     16.813      0.234 FF    IC  sudx_scan|solver|LessThan19~5|datad
    Info (332115):     16.944      0.131 FF  CELL  sudx_scan|solver|LessThan19~5|combout
    Info (332115):     17.180      0.236 FF    IC  sudx_scan|solver|LessThan19~8|datad
    Info (332115):     17.311      0.131 FF  CELL  sudx_scan|solver|LessThan19~8|combout
    Info (332115):     17.619      0.308 FF    IC  sudx_scan|solver|min_count[20][3]~1682|datad
    Info (332115):     17.750      0.131 FF  CELL  sudx_scan|solver|min_count[20][3]~1682|combout
    Info (332115):     18.194      0.444 FF    IC  sudx_scan|solver|LessThan9~0|dataa
    Info (332115):     18.599      0.405 FF  CELL  sudx_scan|solver|LessThan9~0|combout
    Info (332115):     19.030      0.431 FF    IC  sudx_scan|solver|LessThan9~4|dataa
    Info (332115):     19.435      0.405 FF  CELL  sudx_scan|solver|LessThan9~4|combout
    Info (332115):     19.688      0.253 FF    IC  sudx_scan|solver|LessThan9~5|datad
    Info (332115):     19.819      0.131 FF  CELL  sudx_scan|solver|LessThan9~5|combout
    Info (332115):     20.114      0.295 FF    IC  sudx_scan|solver|min_count[10][3]~1689|datac
    Info (332115):     20.417      0.303 FF  CELL  sudx_scan|solver|min_count[10][3]~1689|combout
    Info (332115):     21.121      0.704 FF    IC  sudx_scan|solver|LessThan4~2|datac
    Info (332115):     21.424      0.303 FF  CELL  sudx_scan|solver|LessThan4~2|combout
    Info (332115):     21.853      0.429 FF    IC  sudx_scan|solver|LessThan4~5|dataa
    Info (332115):     22.281      0.428 FF  CELL  sudx_scan|solver|LessThan4~5|combout
    Info (332115):     22.520      0.239 FF    IC  sudx_scan|solver|LessThan4~8|datad
    Info (332115):     22.651      0.131 FF  CELL  sudx_scan|solver|LessThan4~8|combout
    Info (332115):     22.968      0.317 FF    IC  sudx_scan|solver|min_count[5][3]~1707|datad
    Info (332115):     23.129      0.161 FR  CELL  sudx_scan|solver|min_count[5][3]~1707|combout
    Info (332115):     24.143      1.014 RR    IC  sudx_scan|solver|LessThan1~6|dataa
    Info (332115):     24.580      0.437 RF  CELL  sudx_scan|solver|LessThan1~6|combout
    Info (332115):     24.819      0.239 FF    IC  sudx_scan|solver|LessThan1~7|datad
    Info (332115):     24.950      0.131 FF  CELL  sudx_scan|solver|LessThan1~7|combout
    Info (332115):     25.185      0.235 FF    IC  sudx_scan|solver|LessThan1~8|datad
    Info (332115):     25.316      0.131 FF  CELL  sudx_scan|solver|LessThan1~8|combout
    Info (332115):     25.551      0.235 FF    IC  sudx_scan|solver|LessThan1~9|datad
    Info (332115):     25.682      0.131 FF  CELL  sudx_scan|solver|LessThan1~9|combout
    Info (332115):     25.989      0.307 FF    IC  sudx_scan|solver|min_count[2][3]~1716|datac
    Info (332115):     26.287      0.298 FF  CELL  sudx_scan|solver|min_count[2][3]~1716|combout
    Info (332115):     26.551      0.264 FF    IC  sudx_scan|solver|min_count[2][0]~2102|datad
    Info (332115):     26.682      0.131 FF  CELL  sudx_scan|solver|min_count[2][0]~2102|combout
    Info (332115):     27.431      0.749 FF    IC  sudx_scan|solver|LessThan0~1|datac
    Info (332115):     27.734      0.303 FF  CELL  sudx_scan|solver|LessThan0~1|combout
    Info (332115):     28.033      0.299 FF    IC  sudx_scan|solver|LessThan0~3|datab
    Info (332115):     28.389      0.356 FF  CELL  sudx_scan|solver|LessThan0~3|combout
    Info (332115):     28.839      0.450 FF    IC  sudx_scan|solver|min_col[1][3]~31|datac
    Info (332115):     29.120      0.281 FR  CELL  sudx_scan|solver|min_col[1][3]~31|combout
    Info (332115):     29.561      0.441 RR    IC  sudx_scan|solver|WideOr7~0|dataa
    Info (332115):     30.000      0.439 RF  CELL  sudx_scan|solver|WideOr7~0|combout
    Info (332115):     30.523      0.523 FF    IC  sudx_scan|solver|Mux58~0|datab
    Info (332115):     30.886      0.363 FR  CELL  sudx_scan|solver|Mux58~0|combout
    Info (332115):     34.063      3.177 RR    IC  sudx_scan|solver|Mux63~0|datac
    Info (332115):     34.368      0.305 RR  CELL  sudx_scan|solver|Mux63~0|combout
    Info (332115):     34.622      0.254 RR    IC  sudx_scan|solver|fnd~0|datab
    Info (332115):     35.064      0.442 RF  CELL  sudx_scan|solver|fnd~0|combout
    Info (332115):     35.726      0.662 FF    IC  sudx_scan|solver|fnd~1|datac
    Info (332115):     36.029      0.303 FF  CELL  sudx_scan|solver|fnd~1|combout
    Info (332115):     36.288      0.259 FF    IC  sudx_scan|solver|best_search[0]~0|datad
    Info (332115):     36.419      0.131 FF  CELL  sudx_scan|solver|best_search[0]~0|combout
    Info (332115):     36.665      0.246 FF    IC  sudx_scan|solver|Selector616~0|datac
    Info (332115):     36.968      0.303 FF  CELL  sudx_scan|solver|Selector616~0|combout
    Info (332115):     37.263      0.295 FF    IC  sudx_scan|solver|best_search[0]~3|datac
    Info (332115):     37.566      0.303 FF  CELL  sudx_scan|solver|best_search[0]~3|combout
    Info (332115):     38.084      0.518 FF    IC  sudx_scan|solver|Selector34~0|datab
    Info (332115):     38.480      0.396 FR  CELL  sudx_scan|solver|Selector34~0|combout
    Info (332115):     40.922      2.442 RR    IC  sudx_scan|solver|Selector106~4|datad
    Info (332115):     41.088      0.166 RR  CELL  sudx_scan|solver|Selector106~4|combout
    Info (332115):     42.613      1.525 RR    IC  sudx_scan|solver|col_used[7][2]|asdata
    Info (332115):     43.037      0.424 RR  CELL  sudx_scan:sudx_scan|sudx_scan_solver:solver|col_used[7][2]
    Info (332115): Data Required Path:
    Info (332115): Total (ns)  Incr (ns)     Type  Element
    Info (332115): ==========  ========= ==  ====  ===================================
    Info (332115):      1.000      1.000           latch edge time
    Info (332115):      1.000      0.000           source latency
    Info (332115):      1.000      0.000           clk
    Info (332115):      1.000      0.000 RR    IC  clk~input|i
    Info (332115):      1.769      0.769 RR  CELL  clk~input|o
    Info (332115):      2.627      0.858 RR    IC  clk~inputclkctrl|inclk[0]
    Info (332115):      2.627      0.000 RR  CELL  clk~inputclkctrl|outclk
    Info (332115):      4.513      1.886 RR    IC  sudx_scan|solver|col_used[7][2]|clk
    Info (332115):      4.988      0.475 RR  CELL  sudx_scan:sudx_scan|sudx_scan_solver:solver|col_used[7][2]
    Info (332115):      5.047      0.059           clock pessimism removed
    Info (332115):      5.027     -0.020           clock uncertainty
    Info (332115):      5.040      0.013     uTsu  sudx_scan:sudx_scan|sudx_scan_solver:solver|col_used[7][2]
    Info (332115): Data Arrival Time  :    43.037
    Info (332115): Data Required Time :     5.040
    Info (332115): Slack              :   -37.997 (VIOLATED)
    Info (332115): ===================================================================
Info (332115): Path #14: Setup slack is -37.995 (VIOLATED)
    Info (332115): ===================================================================
    Info (332115): From Node    : sudx_scan:sudx_scan|sudx_scan_solver:solver|col_used[0][2]
    Info (332115): To Node      : sudx_scan:sudx_scan|sudx_scan_solver:solver|col_used[8][2]
    Info (332115): Launch Clock : clk
    Info (332115): Latch Clock  : clk
    Info (332115): Data Arrival Path:
    Info (332115): Total (ns)  Incr (ns)     Type  Element
    Info (332115): ==========  ========= ==  ====  ===================================
    Info (332115):      0.000      0.000           launch edge time
    Info (332115):      0.000      0.000           source latency
    Info (332115):      0.000      0.000           clk
    Info (332115):      0.000      0.000 RR    IC  clk~input|i
    Info (332115):      0.769      0.769 RR  CELL  clk~input|o
    Info (332115):      1.663      0.894 RR    IC  clk~inputclkctrl|inclk[0]
    Info (332115):      1.663      0.000 RR  CELL  clk~inputclkctrl|outclk
    Info (332115):      3.599      1.936 RR    IC  sudx_scan|solver|col_used[0][2]|clk
    Info (332115):      4.109      0.510 RR  CELL  sudx_scan:sudx_scan|sudx_scan_solver:solver|col_used[0][2]
    Info (332115):      4.316      0.207     uTco  sudx_scan:sudx_scan|sudx_scan_solver:solver|col_used[0][2]
    Info (332115):      4.316      0.000 FF  CELL  sudx_scan|solver|col_used[0][2]|q
    Info (332115):      5.692      1.376 FF    IC  sudx_scan|solver|min_count~1555|datac
    Info (332115):      5.990      0.298 FF  CELL  sudx_scan|solver|min_count~1555|combout
    Info (332115):      6.799      0.809 FF    IC  sudx_scan|solver|Add291~1|datab
    Info (332115):      7.223      0.424 FF  CELL  sudx_scan|solver|Add291~1|combout
    Info (332115):      7.522      0.299 FF    IC  sudx_scan|solver|Add296~2|datab
    Info (332115):      7.926      0.404 FF  CELL  sudx_scan|solver|Add296~2|combout
    Info (332115):      8.173      0.247 FF    IC  sudx_scan|solver|min_count[164][1]~1573|datac
    Info (332115):      8.476      0.303 FF  CELL  sudx_scan|solver|min_count[164][1]~1573|combout
    Info (332115):      9.280      0.804 FF    IC  sudx_scan|solver|LessThan81~2|dataa
    Info (332115):      9.706      0.426 FR  CELL  sudx_scan|solver|LessThan81~2|combout
    Info (332115):     10.411      0.705 RR    IC  sudx_scan|solver|LessThan81~3|datac
    Info (332115):     10.716      0.305 RR  CELL  sudx_scan|solver|LessThan81~3|combout
    Info (332115):     10.920      0.204 RR    IC  sudx_scan|solver|LessThan81~4|datad
    Info (332115):     11.086      0.166 RR  CELL  sudx_scan|solver|LessThan81~4|combout
    Info (332115):     11.887      0.801 RR    IC  sudx_scan|solver|min_count[82][0]~1590|datad
    Info (332115):     12.032      0.145 RF  CELL  sudx_scan|solver|min_count[82][0]~1590|combout
    Info (332115):     12.491      0.459 FF    IC  sudx_scan|solver|LessThan40~2|dataa
    Info (332115):     12.919      0.428 FF  CELL  sudx_scan|solver|LessThan40~2|combout
    Info (332115):     13.158      0.239 FF    IC  sudx_scan|solver|LessThan40~3|datad
    Info (332115):     13.289      0.131 FF  CELL  sudx_scan|solver|LessThan40~3|combout
    Info (332115):     14.024      0.735 FF    IC  sudx_scan|solver|LessThan40~4|datad
    Info (332115):     14.155      0.131 FF  CELL  sudx_scan|solver|LessThan40~4|combout
    Info (332115):     14.389      0.234 FF    IC  sudx_scan|solver|LessThan40~5|datad
    Info (332115):     14.520      0.131 FF  CELL  sudx_scan|solver|LessThan40~5|combout
    Info (332115):     15.299      0.779 FF    IC  sudx_scan|solver|min_count[41][0]~1675|datad
    Info (332115):     15.460      0.161 FR  CELL  sudx_scan|solver|min_count[41][0]~1675|combout
    Info (332115):     16.220      0.760 RR    IC  sudx_scan|solver|LessThan19~3|datac
    Info (332115):     16.504      0.284 RF  CELL  sudx_scan|solver|LessThan19~3|combout
    Info (332115):     16.738      0.234 FF    IC  sudx_scan|solver|LessThan19~5|datad
    Info (332115):     16.869      0.131 FF  CELL  sudx_scan|solver|LessThan19~5|combout
    Info (332115):     17.105      0.236 FF    IC  sudx_scan|solver|LessThan19~8|datad
    Info (332115):     17.236      0.131 FF  CELL  sudx_scan|solver|LessThan19~8|combout
    Info (332115):     17.544      0.308 FF    IC  sudx_scan|solver|min_count[20][3]~1682|datad
    Info (332115):     17.675      0.131 FF  CELL  sudx_scan|solver|min_count[20][3]~1682|combout
    Info (332115):     18.119      0.444 FF    IC  sudx_scan|solver|LessThan9~0|dataa
    Info (332115):     18.524      0.405 FF  CELL  sudx_scan|solver|LessThan9~0|combout
    Info (332115):     18.955      0.431 FF    IC  sudx_scan|solver|LessThan9~4|dataa
    Info (332115):     19.360      0.405 FF  CELL  sudx_scan|solver|LessThan9~4|combout
    Info (332115):     19.613      0.253 FF    IC  sudx_scan|solver|LessThan9~5|datad
    Info (332115):     19.744      0.131 FF  CELL  sudx_scan|solver|LessThan9~5|combout
    Info (332115):     20.039      0.295 FF    IC  sudx_scan|solver|min_count[10][3]~1689|datac
    Info (332115):     20.342      0.303 FF  CELL  sudx_scan|solver|min_count[10][3]~1689|combout
    Info (332115):     21.046      0.704 FF    IC  sudx_scan|solver|LessThan4~2|datac
    Info (332115):     21.349      0.303 FF  CELL  sudx_scan|solver|LessThan4~2|combout
    Info (332115):     21.778      0.429 FF    IC  sudx_scan|solver|LessThan4~5|dataa
    Info (332115):     22.206      0.428 FF  CELL  sudx_scan|solver|LessThan4~5|combout
    Info (332115):     22.445      0.239 FF    IC  sudx_scan|solver|LessThan4~8|datad
    Info (332115):     22.576      0.131 FF  CELL  sudx_scan|solver|LessThan4~8|combout
    Info (332115):     22.893      0.317 FF    IC  sudx_scan|solver|min_count[5][3]~1707|datad
    Info (332115):     23.054      0.161 FR  CELL  sudx_scan|solver|min_count[5][3]~1707|combout
    Info (332115):     24.068      1.014 RR    IC  sudx_scan|solver|LessThan1~6|dataa
    Info (332115):     24.505      0.437 RF  CELL  sudx_scan|solver|LessThan1~6|combout
    Info (332115):     24.744      0.239 FF    IC  sudx_scan|solver|LessThan1~7|datad
    Info (332115):     24.875      0.131 FF  CELL  sudx_scan|solver|LessThan1~7|combout
    Info (332115):     25.110      0.235 FF    IC  sudx_scan|solver|LessThan1~8|datad
    Info (332115):     25.241      0.131 FF  CELL  sudx_scan|solver|LessThan1~8|combout
    Info (332115):     25.476      0.235 FF    IC  sudx_scan|solver|LessThan1~9|datad
    Info (332115):     25.607      0.131 FF  CELL  sudx_scan|solver|LessThan1~9|combout
    Info (332115):     25.914      0.307 FF    IC  sudx_scan|solver|min_count[2][3]~1716|datac
    Info (332115):     26.212      0.298 FF  CELL  sudx_scan|solver|min_count[2][3]~1716|combout
    Info (332115):     26.476      0.264 FF    IC  sudx_scan|solver|min_count[2][0]~2102|datad
    Info (332115):     26.607      0.131 FF  CELL  sudx_scan|solver|min_count[2][0]~2102|combout
    Info (332115):     27.356      0.749 FF    IC  sudx_scan|solver|LessThan0~1|datac
    Info (332115):     27.659      0.303 FF  CELL  sudx_scan|solver|LessThan0~1|combout
    Info (332115):     27.958      0.299 FF    IC  sudx_scan|solver|LessThan0~3|datab
    Info (332115):     28.314      0.356 FF  CELL  sudx_scan|solver|LessThan0~3|combout
    Info (332115):     28.764      0.450 FF    IC  sudx_scan|solver|min_col[1][3]~31|datac
    Info (332115):     29.045      0.281 FR  CELL  sudx_scan|solver|min_col[1][3]~31|combout
    Info (332115):     29.486      0.441 RR    IC  sudx_scan|solver|WideOr7~0|dataa
    Info (332115):     29.925      0.439 RF  CELL  sudx_scan|solver|WideOr7~0|combout
    Info (332115):     30.448      0.523 FF    IC  sudx_scan|solver|Mux58~0|datab
    Info (332115):     30.811      0.363 FR  CELL  sudx_scan|solver|Mux58~0|combout
    Info (332115):     33.988      3.177 RR    IC  sudx_scan|solver|Mux63~0|datac
    Info (332115):     34.293      0.305 RR  CELL  sudx_scan|solver|Mux63~0|combout
    Info (332115):     34.547      0.254 RR    IC  sudx_scan|solver|fnd~0|datab
    Info (332115):     34.989      0.442 RF  CELL  sudx_scan|solver|fnd~0|combout
    Info (332115):     35.651      0.662 FF    IC  sudx_scan|solver|fnd~1|datac
    Info (332115):     35.954      0.303 FF  CELL  sudx_scan|solver|fnd~1|combout
    Info (332115):     36.213      0.259 FF    IC  sudx_scan|solver|best_search[0]~0|datad
    Info (332115):     36.344      0.131 FF  CELL  sudx_scan|solver|best_search[0]~0|combout
    Info (332115):     36.590      0.246 FF    IC  sudx_scan|solver|Selector616~0|datac
    Info (332115):     36.893      0.303 FF  CELL  sudx_scan|solver|Selector616~0|combout
    Info (332115):     37.188      0.295 FF    IC  sudx_scan|solver|best_search[0]~3|datac
    Info (332115):     37.491      0.303 FF  CELL  sudx_scan|solver|best_search[0]~3|combout
    Info (332115):     38.009      0.518 FF    IC  sudx_scan|solver|Selector34~0|datab
    Info (332115):     38.405      0.396 FR  CELL  sudx_scan|solver|Selector34~0|combout
    Info (332115):     40.847      2.442 RR    IC  sudx_scan|solver|Selector106~4|datad
    Info (332115):     41.013      0.166 RR  CELL  sudx_scan|solver|Selector106~4|combout
    Info (332115):     42.592      1.579 RR    IC  sudx_scan|solver|col_used[8][2]|asdata
    Info (332115):     43.016      0.424 RR  CELL  sudx_scan:sudx_scan|sudx_scan_solver:solver|col_used[8][2]
    Info (332115): Data Required Path:
    Info (332115): Total (ns)  Incr (ns)     Type  Element
    Info (332115): ==========  ========= ==  ====  ===================================
    Info (332115):      1.000      1.000           latch edge time
    Info (332115):      1.000      0.000           source latency
    Info (332115):      1.000      0.000           clk
    Info (332115):      1.000      0.000 RR    IC  clk~input|i
    Info (332115):      1.769      0.769 RR  CELL  clk~input|o
    Info (332115):      2.627      0.858 RR    IC  clk~inputclkctrl|inclk[0]
    Info (332115):      2.627      0.000 RR  CELL  clk~inputclkctrl|outclk
    Info (332115):      4.494      1.867 RR    IC  sudx_scan|solver|col_used[8][2]|clk
    Info (332115):      4.969      0.475 RR  CELL  sudx_scan:sudx_scan|sudx_scan_solver:solver|col_used[8][2]
    Info (332115):      5.028      0.059           clock pessimism removed
    Info (332115):      5.008     -0.020           clock uncertainty
    Info (332115):      5.021      0.013     uTsu  sudx_scan:sudx_scan|sudx_scan_solver:solver|col_used[8][2]
    Info (332115): Data Arrival Time  :    43.016
    Info (332115): Data Required Time :     5.021
    Info (332115): Slack              :   -37.995 (VIOLATED)
    Info (332115): ===================================================================
Info (332115): Path #15: Setup slack is -37.994 (VIOLATED)
    Info (332115): ===================================================================
    Info (332115): From Node    : sudx_scan:sudx_scan|sudx_scan_solver:solver|col_used[5][2]
    Info (332115): To Node      : sudx_scan:sudx_scan|sudx_scan_solver:solver|col_used[8][2]
    Info (332115): Launch Clock : clk
    Info (332115): Latch Clock  : clk
    Info (332115): Data Arrival Path:
    Info (332115): Total (ns)  Incr (ns)     Type  Element
    Info (332115): ==========  ========= ==  ====  ===================================
    Info (332115):      0.000      0.000           launch edge time
    Info (332115):      0.000      0.000           source latency
    Info (332115):      0.000      0.000           clk
    Info (332115):      0.000      0.000 RR    IC  clk~input|i
    Info (332115):      0.769      0.769 RR  CELL  clk~input|o
    Info (332115):      1.663      0.894 RR    IC  clk~inputclkctrl|inclk[0]
    Info (332115):      1.663      0.000 RR  CELL  clk~inputclkctrl|outclk
    Info (332115):      3.130      1.467 RR    IC  sudx_scan|solver|col_used[5][2]|clk
    Info (332115):      3.640      0.510 RR  CELL  sudx_scan:sudx_scan|sudx_scan_solver:solver|col_used[5][2]
    Info (332115):      3.847      0.207     uTco  sudx_scan:sudx_scan|sudx_scan_solver:solver|col_used[5][2]
    Info (332115):      3.847      0.000 FF  CELL  sudx_scan|solver|col_used[5][2]|q
    Info (332115):      6.126      2.279 FF    IC  sudx_scan|solver|min_count~1627|datad
    Info (332115):      6.257      0.131 FF  CELL  sudx_scan|solver|min_count~1627|combout
    Info (332115):      6.569      0.312 FF    IC  sudx_scan|solver|Add259~2|dataa
    Info (332115):      6.995      0.426 FR  CELL  sudx_scan|solver|Add259~2|combout
    Info (332115):      7.767      0.772 RR    IC  sudx_scan|solver|Add264~0|datac
    Info (332115):      8.051      0.284 RF  CELL  sudx_scan|solver|Add264~0|combout
    Info (332115):      8.308      0.257 FF    IC  sudx_scan|solver|Add264~1|datad
    Info (332115):      8.439      0.131 FF  CELL  sudx_scan|solver|Add264~1|combout
    Info (332115):      9.495      1.056 FF    IC  sudx_scan|solver|min_count[160][2]~1635|dataa
    Info (332115):      9.923      0.428 FF  CELL  sudx_scan|solver|min_count[160][2]~1635|combout
    Info (332115):     10.212      0.289 FF    IC  sudx_scan|solver|LessThan79~3|dataa
    Info (332115):     10.640      0.428 FF  CELL  sudx_scan|solver|LessThan79~3|combout
    Info (332115):     10.882      0.242 FF    IC  sudx_scan|solver|LessThan79~4|datac
    Info (332115):     11.185      0.303 FF  CELL  sudx_scan|solver|LessThan79~4|combout
    Info (332115):     11.472      0.287 FF    IC  sudx_scan|solver|min_count[80][0]~1660|datac
    Info (332115):     11.770      0.298 FF  CELL  sudx_scan|solver|min_count[80][0]~1660|combout
    Info (332115):     12.189      0.419 FF    IC  sudx_scan|solver|LessThan39~1|datac
    Info (332115):     12.492      0.303 FF  CELL  sudx_scan|solver|LessThan39~1|combout
    Info (332115):     12.738      0.246 FF    IC  sudx_scan|solver|LessThan39~2|datac
    Info (332115):     13.041      0.303 FF  CELL  sudx_scan|solver|LessThan39~2|combout
    Info (332115):     13.321      0.280 FF    IC  sudx_scan|solver|LessThan39~3|datab
    Info (332115):     13.714      0.393 FF  CELL  sudx_scan|solver|LessThan39~3|combout
    Info (332115):     13.957      0.243 FF    IC  sudx_scan|solver|LessThan39~4|datac
    Info (332115):     14.260      0.303 FF  CELL  sudx_scan|solver|LessThan39~4|combout
    Info (332115):     14.499      0.239 FF    IC  sudx_scan|solver|LessThan39~5|datad
    Info (332115):     14.630      0.131 FF  CELL  sudx_scan|solver|LessThan39~5|combout
    Info (332115):     14.921      0.291 FF    IC  sudx_scan|solver|min_count[40][1]~1671|datad
    Info (332115):     15.082      0.161 FR  CELL  sudx_scan|solver|min_count[40][1]~1671|combout
    Info (332115):     15.924      0.842 RR    IC  sudx_scan|solver|LessThan19~1|datab
    Info (332115):     16.324      0.400 RF  CELL  sudx_scan|solver|LessThan19~1|combout
    Info (332115):     16.565      0.241 FF    IC  sudx_scan|solver|LessThan19~5|datac
    Info (332115):     16.868      0.303 FF  CELL  sudx_scan|solver|LessThan19~5|combout
    Info (332115):     17.104      0.236 FF    IC  sudx_scan|solver|LessThan19~8|datad
    Info (332115):     17.235      0.131 FF  CELL  sudx_scan|solver|LessThan19~8|combout
    Info (332115):     17.543      0.308 FF    IC  sudx_scan|solver|min_count[20][3]~1682|datad
    Info (332115):     17.674      0.131 FF  CELL  sudx_scan|solver|min_count[20][3]~1682|combout
    Info (332115):     18.118      0.444 FF    IC  sudx_scan|solver|LessThan9~0|dataa
    Info (332115):     18.523      0.405 FF  CELL  sudx_scan|solver|LessThan9~0|combout
    Info (332115):     18.954      0.431 FF    IC  sudx_scan|solver|LessThan9~4|dataa
    Info (332115):     19.359      0.405 FF  CELL  sudx_scan|solver|LessThan9~4|combout
    Info (332115):     19.612      0.253 FF    IC  sudx_scan|solver|LessThan9~5|datad
    Info (332115):     19.743      0.131 FF  CELL  sudx_scan|solver|LessThan9~5|combout
    Info (332115):     20.038      0.295 FF    IC  sudx_scan|solver|min_count[10][3]~1689|datac
    Info (332115):     20.341      0.303 FF  CELL  sudx_scan|solver|min_count[10][3]~1689|combout
    Info (332115):     21.045      0.704 FF    IC  sudx_scan|solver|LessThan4~2|datac
    Info (332115):     21.348      0.303 FF  CELL  sudx_scan|solver|LessThan4~2|combout
    Info (332115):     21.777      0.429 FF    IC  sudx_scan|solver|LessThan4~5|dataa
    Info (332115):     22.205      0.428 FF  CELL  sudx_scan|solver|LessThan4~5|combout
    Info (332115):     22.444      0.239 FF    IC  sudx_scan|solver|LessThan4~8|datad
    Info (332115):     22.575      0.131 FF  CELL  sudx_scan|solver|LessThan4~8|combout
    Info (332115):     22.892      0.317 FF    IC  sudx_scan|solver|min_count[5][3]~1707|datad
    Info (332115):     23.053      0.161 FR  CELL  sudx_scan|solver|min_count[5][3]~1707|combout
    Info (332115):     24.067      1.014 RR    IC  sudx_scan|solver|LessThan1~6|dataa
    Info (332115):     24.504      0.437 RF  CELL  sudx_scan|solver|LessThan1~6|combout
    Info (332115):     24.743      0.239 FF    IC  sudx_scan|solver|LessThan1~7|datad
    Info (332115):     24.874      0.131 FF  CELL  sudx_scan|solver|LessThan1~7|combout
    Info (332115):     25.109      0.235 FF    IC  sudx_scan|solver|LessThan1~8|datad
    Info (332115):     25.240      0.131 FF  CELL  sudx_scan|solver|LessThan1~8|combout
    Info (332115):     25.475      0.235 FF    IC  sudx_scan|solver|LessThan1~9|datad
    Info (332115):     25.606      0.131 FF  CELL  sudx_scan|solver|LessThan1~9|combout
    Info (332115):     25.913      0.307 FF    IC  sudx_scan|solver|min_count[2][3]~1716|datac
    Info (332115):     26.211      0.298 FF  CELL  sudx_scan|solver|min_count[2][3]~1716|combout
    Info (332115):     26.475      0.264 FF    IC  sudx_scan|solver|min_count[2][0]~2102|datad
    Info (332115):     26.606      0.131 FF  CELL  sudx_scan|solver|min_count[2][0]~2102|combout
    Info (332115):     27.355      0.749 FF    IC  sudx_scan|solver|LessThan0~1|datac
    Info (332115):     27.658      0.303 FF  CELL  sudx_scan|solver|LessThan0~1|combout
    Info (332115):     27.957      0.299 FF    IC  sudx_scan|solver|LessThan0~3|datab
    Info (332115):     28.313      0.356 FF  CELL  sudx_scan|solver|LessThan0~3|combout
    Info (332115):     28.763      0.450 FF    IC  sudx_scan|solver|min_col[1][3]~31|datac
    Info (332115):     29.044      0.281 FR  CELL  sudx_scan|solver|min_col[1][3]~31|combout
    Info (332115):     29.485      0.441 RR    IC  sudx_scan|solver|WideOr7~0|dataa
    Info (332115):     29.924      0.439 RF  CELL  sudx_scan|solver|WideOr7~0|combout
    Info (332115):     30.447      0.523 FF    IC  sudx_scan|solver|Mux58~0|datab
    Info (332115):     30.810      0.363 FR  CELL  sudx_scan|solver|Mux58~0|combout
    Info (332115):     33.987      3.177 RR    IC  sudx_scan|solver|Mux63~0|datac
    Info (332115):     34.292      0.305 RR  CELL  sudx_scan|solver|Mux63~0|combout
    Info (332115):     34.546      0.254 RR    IC  sudx_scan|solver|fnd~0|datab
    Info (332115):     34.988      0.442 RF  CELL  sudx_scan|solver|fnd~0|combout
    Info (332115):     35.650      0.662 FF    IC  sudx_scan|solver|fnd~1|datac
    Info (332115):     35.953      0.303 FF  CELL  sudx_scan|solver|fnd~1|combout
    Info (332115):     36.212      0.259 FF    IC  sudx_scan|solver|best_search[0]~0|datad
    Info (332115):     36.343      0.131 FF  CELL  sudx_scan|solver|best_search[0]~0|combout
    Info (332115):     36.589      0.246 FF    IC  sudx_scan|solver|Selector616~0|datac
    Info (332115):     36.892      0.303 FF  CELL  sudx_scan|solver|Selector616~0|combout
    Info (332115):     37.187      0.295 FF    IC  sudx_scan|solver|best_search[0]~3|datac
    Info (332115):     37.490      0.303 FF  CELL  sudx_scan|solver|best_search[0]~3|combout
    Info (332115):     38.008      0.518 FF    IC  sudx_scan|solver|Selector34~0|datab
    Info (332115):     38.404      0.396 FR  CELL  sudx_scan|solver|Selector34~0|combout
    Info (332115):     40.846      2.442 RR    IC  sudx_scan|solver|Selector106~4|datad
    Info (332115):     41.012      0.166 RR  CELL  sudx_scan|solver|Selector106~4|combout
    Info (332115):     42.591      1.579 RR    IC  sudx_scan|solver|col_used[8][2]|asdata
    Info (332115):     43.015      0.424 RR  CELL  sudx_scan:sudx_scan|sudx_scan_solver:solver|col_used[8][2]
    Info (332115): Data Required Path:
    Info (332115): Total (ns)  Incr (ns)     Type  Element
    Info (332115): ==========  ========= ==  ====  ===================================
    Info (332115):      1.000      1.000           latch edge time
    Info (332115):      1.000      0.000           source latency
    Info (332115):      1.000      0.000           clk
    Info (332115):      1.000      0.000 RR    IC  clk~input|i
    Info (332115):      1.769      0.769 RR  CELL  clk~input|o
    Info (332115):      2.627      0.858 RR    IC  clk~inputclkctrl|inclk[0]
    Info (332115):      2.627      0.000 RR  CELL  clk~inputclkctrl|outclk
    Info (332115):      4.494      1.867 RR    IC  sudx_scan|solver|col_used[8][2]|clk
    Info (332115):      4.969      0.475 RR  CELL  sudx_scan:sudx_scan|sudx_scan_solver:solver|col_used[8][2]
    Info (332115):      5.028      0.059           clock pessimism removed
    Info (332115):      5.008     -0.020           clock uncertainty
    Info (332115):      5.021      0.013     uTsu  sudx_scan:sudx_scan|sudx_scan_solver:solver|col_used[8][2]
    Info (332115): Data Arrival Time  :    43.015
    Info (332115): Data Required Time :     5.021
    Info (332115): Slack              :   -37.994 (VIOLATED)
    Info (332115): ===================================================================
Info (332115): Path #16: Setup slack is -37.989 (VIOLATED)
    Info (332115): ===================================================================
    Info (332115): From Node    : sudx_scan:sudx_scan|sudx_scan_solver:solver|row_used[0][4]
    Info (332115): To Node      : sudx_scan:sudx_scan|sudx_scan_solver:solver|col_used[8][2]
    Info (332115): Launch Clock : clk
    Info (332115): Latch Clock  : clk
    Info (332115): Data Arrival Path:
    Info (332115): Total (ns)  Incr (ns)     Type  Element
    Info (332115): ==========  ========= ==  ====  ===================================
    Info (332115):      0.000      0.000           launch edge time
    Info (332115):      0.000      0.000           source latency
    Info (332115):      0.000      0.000           clk
    Info (332115):      0.000      0.000 RR    IC  clk~input|i
    Info (332115):      0.769      0.769 RR  CELL  clk~input|o
    Info (332115):      1.663      0.894 RR    IC  clk~inputclkctrl|inclk[0]
    Info (332115):      1.663      0.000 RR  CELL  clk~inputclkctrl|outclk
    Info (332115):      3.135      1.472 RR    IC  sudx_scan|solver|row_used[0][4]|clk
    Info (332115):      3.645      0.510 RR  CELL  sudx_scan:sudx_scan|sudx_scan_solver:solver|row_used[0][4]
    Info (332115):      3.852      0.207     uTco  sudx_scan:sudx_scan|sudx_scan_solver:solver|row_used[0][4]
    Info (332115):      3.852      0.000 RR  CELL  sudx_scan|solver|row_used[0][4]|q
    Info (332115):      5.557      1.705 RR    IC  sudx_scan|solver|min_count~924|datad
    Info (332115):      5.723      0.166 RR  CELL  sudx_scan|solver|min_count~924|combout
    Info (332115):      7.403      1.680 RR    IC  sudx_scan|solver|Add11~1|datad
    Info (332115):      7.548      0.145 RF  CELL  sudx_scan|solver|Add11~1|combout
    Info (332115):      7.859      0.311 FF    IC  sudx_scan|solver|Add17~0|datab
    Info (332115):      8.262      0.403 FR  CELL  sudx_scan|solver|Add17~0|combout
    Info (332115):      9.807      1.545 RR    IC  sudx_scan|solver|min_count[129][3]~2145|datad
    Info (332115):      9.952      0.145 RF  CELL  sudx_scan|solver|min_count[129][3]~2145|combout
    Info (332115):     11.351      1.399 FF    IC  sudx_scan|solver|min_count[129][3]~930|datad
    Info (332115):     11.512      0.161 FR  CELL  sudx_scan|solver|min_count[129][3]~930|combout
    Info (332115):     11.725      0.213 RR    IC  sudx_scan|solver|LessThan63~4|datad
    Info (332115):     11.870      0.145 RF  CELL  sudx_scan|solver|LessThan63~4|combout
    Info (332115):     12.176      0.306 FF    IC  sudx_scan|solver|min_count[64][0]~949|datad
    Info (332115):     12.337      0.161 FR  CELL  sudx_scan|solver|min_count[64][0]~949|combout
    Info (332115):     12.773      0.436 RR    IC  sudx_scan|solver|LessThan31~1|datac
    Info (332115):     13.078      0.305 RR  CELL  sudx_scan|solver|LessThan31~1|combout
    Info (332115):     13.827      0.749 RR    IC  sudx_scan|solver|LessThan31~2|datad
    Info (332115):     13.993      0.166 RR  CELL  sudx_scan|solver|LessThan31~2|combout
    Info (332115):     14.197      0.204 RR    IC  sudx_scan|solver|LessThan31~3|datad
    Info (332115):     14.363      0.166 RR  CELL  sudx_scan|solver|LessThan31~3|combout
    Info (332115):     14.568      0.205 RR    IC  sudx_scan|solver|LessThan31~4|datad
    Info (332115):     14.734      0.166 RR  CELL  sudx_scan|solver|LessThan31~4|combout
    Info (332115):     14.939      0.205 RR    IC  sudx_scan|solver|LessThan31~5|datad
    Info (332115):     15.105      0.166 RR  CELL  sudx_scan|solver|LessThan31~5|combout
    Info (332115):     15.357      0.252 RR    IC  sudx_scan|solver|min_count[32][1]~966|datad
    Info (332115):     15.502      0.145 RF  CELL  sudx_scan|solver|min_count[32][1]~966|combout
    Info (332115):     15.813      0.311 FF    IC  sudx_scan|solver|LessThan15~2|datab
    Info (332115):     16.206      0.393 FR  CELL  sudx_scan|solver|LessThan15~2|combout
    Info (332115):     16.666      0.460 RR    IC  sudx_scan|solver|LessThan15~5|datab
    Info (332115):     17.076      0.410 RR  CELL  sudx_scan|solver|LessThan15~5|combout
    Info (332115):     17.289      0.213 RR    IC  sudx_scan|solver|LessThan15~6|datad
    Info (332115):     17.455      0.166 RR  CELL  sudx_scan|solver|LessThan15~6|combout
    Info (332115):     18.253      0.798 RR    IC  sudx_scan|solver|min_count[16][1]~979|datad
    Info (332115):     18.419      0.166 RR  CELL  sudx_scan|solver|min_count[16][1]~979|combout
    Info (332115):     19.156      0.737 RR    IC  sudx_scan|solver|LessThan7~2|datad
    Info (332115):     19.322      0.166 RR  CELL  sudx_scan|solver|LessThan7~2|combout
    Info (332115):     19.526      0.204 RR    IC  sudx_scan|solver|LessThan7~3|datad
    Info (332115):     19.692      0.166 RR  CELL  sudx_scan|solver|LessThan7~3|combout
    Info (332115):     19.894      0.202 RR    IC  sudx_scan|solver|LessThan7~4|datad
    Info (332115):     20.060      0.166 RR  CELL  sudx_scan|solver|LessThan7~4|combout
    Info (332115):     20.264      0.204 RR    IC  sudx_scan|solver|LessThan7~5|datad
    Info (332115):     20.430      0.166 RR  CELL  sudx_scan|solver|LessThan7~5|combout
    Info (332115):     20.677      0.247 RR    IC  sudx_scan|solver|min_count[8][3]~981|datad
    Info (332115):     20.843      0.166 RR  CELL  sudx_scan|solver|min_count[8][3]~981|combout
    Info (332115):     21.645      0.802 RR    IC  sudx_scan|solver|LessThan3~1|dataa
    Info (332115):     22.038      0.393 RF  CELL  sudx_scan|solver|LessThan3~1|combout
    Info (332115):     22.490      0.452 FF    IC  sudx_scan|solver|LessThan3~5|dataa
    Info (332115):     22.918      0.428 FF  CELL  sudx_scan|solver|LessThan3~5|combout
    Info (332115):     23.154      0.236 FF    IC  sudx_scan|solver|LessThan3~8|datad
    Info (332115):     23.285      0.131 FF  CELL  sudx_scan|solver|LessThan3~8|combout
    Info (332115):     23.602      0.317 FF    IC  sudx_scan|solver|min_count[4][0]~1712|datad
    Info (332115):     23.733      0.131 FF  CELL  sudx_scan|solver|min_count[4][0]~1712|combout
    Info (332115):     24.002      0.269 FF    IC  sudx_scan|solver|LessThan1~5|datad
    Info (332115):     24.133      0.131 FF  CELL  sudx_scan|solver|LessThan1~5|combout
    Info (332115):     24.368      0.235 FF    IC  sudx_scan|solver|LessThan1~6|datad
    Info (332115):     24.499      0.131 FF  CELL  sudx_scan|solver|LessThan1~6|combout
    Info (332115):     24.738      0.239 FF    IC  sudx_scan|solver|LessThan1~7|datad
    Info (332115):     24.869      0.131 FF  CELL  sudx_scan|solver|LessThan1~7|combout
    Info (332115):     25.104      0.235 FF    IC  sudx_scan|solver|LessThan1~8|datad
    Info (332115):     25.235      0.131 FF  CELL  sudx_scan|solver|LessThan1~8|combout
    Info (332115):     25.470      0.235 FF    IC  sudx_scan|solver|LessThan1~9|datad
    Info (332115):     25.601      0.131 FF  CELL  sudx_scan|solver|LessThan1~9|combout
    Info (332115):     25.908      0.307 FF    IC  sudx_scan|solver|min_count[2][3]~1716|datac
    Info (332115):     26.206      0.298 FF  CELL  sudx_scan|solver|min_count[2][3]~1716|combout
    Info (332115):     26.470      0.264 FF    IC  sudx_scan|solver|min_count[2][0]~2102|datad
    Info (332115):     26.601      0.131 FF  CELL  sudx_scan|solver|min_count[2][0]~2102|combout
    Info (332115):     27.350      0.749 FF    IC  sudx_scan|solver|LessThan0~1|datac
    Info (332115):     27.653      0.303 FF  CELL  sudx_scan|solver|LessThan0~1|combout
    Info (332115):     27.952      0.299 FF    IC  sudx_scan|solver|LessThan0~3|datab
    Info (332115):     28.308      0.356 FF  CELL  sudx_scan|solver|LessThan0~3|combout
    Info (332115):     28.758      0.450 FF    IC  sudx_scan|solver|min_col[1][3]~31|datac
    Info (332115):     29.039      0.281 FR  CELL  sudx_scan|solver|min_col[1][3]~31|combout
    Info (332115):     29.480      0.441 RR    IC  sudx_scan|solver|WideOr7~0|dataa
    Info (332115):     29.919      0.439 RF  CELL  sudx_scan|solver|WideOr7~0|combout
    Info (332115):     30.442      0.523 FF    IC  sudx_scan|solver|Mux58~0|datab
    Info (332115):     30.805      0.363 FR  CELL  sudx_scan|solver|Mux58~0|combout
    Info (332115):     33.982      3.177 RR    IC  sudx_scan|solver|Mux63~0|datac
    Info (332115):     34.287      0.305 RR  CELL  sudx_scan|solver|Mux63~0|combout
    Info (332115):     34.541      0.254 RR    IC  sudx_scan|solver|fnd~0|datab
    Info (332115):     34.983      0.442 RF  CELL  sudx_scan|solver|fnd~0|combout
    Info (332115):     35.645      0.662 FF    IC  sudx_scan|solver|fnd~1|datac
    Info (332115):     35.948      0.303 FF  CELL  sudx_scan|solver|fnd~1|combout
    Info (332115):     36.207      0.259 FF    IC  sudx_scan|solver|best_search[0]~0|datad
    Info (332115):     36.338      0.131 FF  CELL  sudx_scan|solver|best_search[0]~0|combout
    Info (332115):     36.584      0.246 FF    IC  sudx_scan|solver|Selector616~0|datac
    Info (332115):     36.887      0.303 FF  CELL  sudx_scan|solver|Selector616~0|combout
    Info (332115):     37.182      0.295 FF    IC  sudx_scan|solver|best_search[0]~3|datac
    Info (332115):     37.485      0.303 FF  CELL  sudx_scan|solver|best_search[0]~3|combout
    Info (332115):     38.003      0.518 FF    IC  sudx_scan|solver|Selector34~0|datab
    Info (332115):     38.399      0.396 FR  CELL  sudx_scan|solver|Selector34~0|combout
    Info (332115):     40.841      2.442 RR    IC  sudx_scan|solver|Selector106~4|datad
    Info (332115):     41.007      0.166 RR  CELL  sudx_scan|solver|Selector106~4|combout
    Info (332115):     42.586      1.579 RR    IC  sudx_scan|solver|col_used[8][2]|asdata
    Info (332115):     43.010      0.424 RR  CELL  sudx_scan:sudx_scan|sudx_scan_solver:solver|col_used[8][2]
    Info (332115): Data Required Path:
    Info (332115): Total (ns)  Incr (ns)     Type  Element
    Info (332115): ==========  ========= ==  ====  ===================================
    Info (332115):      1.000      1.000           latch edge time
    Info (332115):      1.000      0.000           source latency
    Info (332115):      1.000      0.000           clk
    Info (332115):      1.000      0.000 RR    IC  clk~input|i
    Info (332115):      1.769      0.769 RR  CELL  clk~input|o
    Info (332115):      2.627      0.858 RR    IC  clk~inputclkctrl|inclk[0]
    Info (332115):      2.627      0.000 RR  CELL  clk~inputclkctrl|outclk
    Info (332115):      4.494      1.867 RR    IC  sudx_scan|solver|col_used[8][2]|clk
    Info (332115):      4.969      0.475 RR  CELL  sudx_scan:sudx_scan|sudx_scan_solver:solver|col_used[8][2]
    Info (332115):      5.028      0.059           clock pessimism removed
    Info (332115):      5.008     -0.020           clock uncertainty
    Info (332115):      5.021      0.013     uTsu  sudx_scan:sudx_scan|sudx_scan_solver:solver|col_used[8][2]
    Info (332115): Data Arrival Time  :    43.010
    Info (332115): Data Required Time :     5.021
    Info (332115): Slack              :   -37.989 (VIOLATED)
    Info (332115): ===================================================================
Info (332115): Path #17: Setup slack is -37.989 (VIOLATED)
    Info (332115): ===================================================================
    Info (332115): From Node    : sudx_scan:sudx_scan|sudx_scan_solver:solver|row_used[0][4]
    Info (332115): To Node      : sudx_scan:sudx_scan|sudx_scan_solver:solver|col_used[8][2]
    Info (332115): Launch Clock : clk
    Info (332115): Latch Clock  : clk
    Info (332115): Data Arrival Path:
    Info (332115): Total (ns)  Incr (ns)     Type  Element
    Info (332115): ==========  ========= ==  ====  ===================================
    Info (332115):      0.000      0.000           launch edge time
    Info (332115):      0.000      0.000           source latency
    Info (332115):      0.000      0.000           clk
    Info (332115):      0.000      0.000 RR    IC  clk~input|i
    Info (332115):      0.769      0.769 RR  CELL  clk~input|o
    Info (332115):      1.663      0.894 RR    IC  clk~inputclkctrl|inclk[0]
    Info (332115):      1.663      0.000 RR  CELL  clk~inputclkctrl|outclk
    Info (332115):      3.135      1.472 RR    IC  sudx_scan|solver|row_used[0][4]|clk
    Info (332115):      3.645      0.510 RR  CELL  sudx_scan:sudx_scan|sudx_scan_solver:solver|row_used[0][4]
    Info (332115):      3.852      0.207     uTco  sudx_scan:sudx_scan|sudx_scan_solver:solver|row_used[0][4]
    Info (332115):      3.852      0.000 RR  CELL  sudx_scan|solver|row_used[0][4]|q
    Info (332115):      5.557      1.705 RR    IC  sudx_scan|solver|min_count~924|datad
    Info (332115):      5.723      0.166 RR  CELL  sudx_scan|solver|min_count~924|combout
    Info (332115):      7.403      1.680 RR    IC  sudx_scan|solver|Add11~1|datad
    Info (332115):      7.548      0.145 RF  CELL  sudx_scan|solver|Add11~1|combout
    Info (332115):      7.859      0.311 FF    IC  sudx_scan|solver|Add17~0|datab
    Info (332115):      8.262      0.403 FR  CELL  sudx_scan|solver|Add17~0|combout
    Info (332115):      9.807      1.545 RR    IC  sudx_scan|solver|min_count[129][3]~2145|datad
    Info (332115):      9.952      0.145 RF  CELL  sudx_scan|solver|min_count[129][3]~2145|combout
    Info (332115):     11.351      1.399 FF    IC  sudx_scan|solver|min_count[129][3]~930|datad
    Info (332115):     11.512      0.161 FR  CELL  sudx_scan|solver|min_count[129][3]~930|combout
    Info (332115):     11.725      0.213 RR    IC  sudx_scan|solver|LessThan63~4|datad
    Info (332115):     11.870      0.145 RF  CELL  sudx_scan|solver|LessThan63~4|combout
    Info (332115):     12.176      0.306 FF    IC  sudx_scan|solver|min_count[64][0]~949|datad
    Info (332115):     12.337      0.161 FR  CELL  sudx_scan|solver|min_count[64][0]~949|combout
    Info (332115):     12.773      0.436 RR    IC  sudx_scan|solver|LessThan31~1|datac
    Info (332115):     13.078      0.305 RR  CELL  sudx_scan|solver|LessThan31~1|combout
    Info (332115):     13.827      0.749 RR    IC  sudx_scan|solver|LessThan31~2|datad
    Info (332115):     13.993      0.166 RR  CELL  sudx_scan|solver|LessThan31~2|combout
    Info (332115):     14.197      0.204 RR    IC  sudx_scan|solver|LessThan31~3|datad
    Info (332115):     14.363      0.166 RR  CELL  sudx_scan|solver|LessThan31~3|combout
    Info (332115):     14.568      0.205 RR    IC  sudx_scan|solver|LessThan31~4|datad
    Info (332115):     14.734      0.166 RR  CELL  sudx_scan|solver|LessThan31~4|combout
    Info (332115):     14.939      0.205 RR    IC  sudx_scan|solver|LessThan31~5|datad
    Info (332115):     15.105      0.166 RR  CELL  sudx_scan|solver|LessThan31~5|combout
    Info (332115):     15.357      0.252 RR    IC  sudx_scan|solver|min_count[32][1]~966|datad
    Info (332115):     15.502      0.145 RF  CELL  sudx_scan|solver|min_count[32][1]~966|combout
    Info (332115):     15.813      0.311 FF    IC  sudx_scan|solver|LessThan15~2|datab
    Info (332115):     16.206      0.393 FR  CELL  sudx_scan|solver|LessThan15~2|combout
    Info (332115):     16.666      0.460 RR    IC  sudx_scan|solver|LessThan15~5|datab
    Info (332115):     17.076      0.410 RR  CELL  sudx_scan|solver|LessThan15~5|combout
    Info (332115):     17.289      0.213 RR    IC  sudx_scan|solver|LessThan15~6|datad
    Info (332115):     17.455      0.166 RR  CELL  sudx_scan|solver|LessThan15~6|combout
    Info (332115):     18.253      0.798 RR    IC  sudx_scan|solver|min_count[16][1]~979|datad
    Info (332115):     18.419      0.166 RR  CELL  sudx_scan|solver|min_count[16][1]~979|combout
    Info (332115):     19.156      0.737 RR    IC  sudx_scan|solver|LessThan7~2|datad
    Info (332115):     19.322      0.166 RR  CELL  sudx_scan|solver|LessThan7~2|combout
    Info (332115):     19.526      0.204 RR    IC  sudx_scan|solver|LessThan7~3|datad
    Info (332115):     19.692      0.166 RR  CELL  sudx_scan|solver|LessThan7~3|combout
    Info (332115):     19.894      0.202 RR    IC  sudx_scan|solver|LessThan7~4|datad
    Info (332115):     20.060      0.166 RR  CELL  sudx_scan|solver|LessThan7~4|combout
    Info (332115):     20.264      0.204 RR    IC  sudx_scan|solver|LessThan7~5|datad
    Info (332115):     20.430      0.166 RR  CELL  sudx_scan|solver|LessThan7~5|combout
    Info (332115):     21.205      0.775 RR    IC  sudx_scan|solver|min_count[8][1]~988|datad
    Info (332115):     21.350      0.145 RF  CELL  sudx_scan|solver|min_count[8][1]~988|combout
    Info (332115):     21.669      0.319 FF    IC  sudx_scan|solver|LessThan3~2|datab
    Info (332115):     22.114      0.445 FR  CELL  sudx_scan|solver|LessThan3~2|combout
    Info (332115):     22.584      0.470 RR    IC  sudx_scan|solver|LessThan3~5|datab
    Info (332115):     22.949      0.365 RR  CELL  sudx_scan|solver|LessThan3~5|combout
    Info (332115):     23.154      0.205 RR    IC  sudx_scan|solver|LessThan3~8|datad
    Info (332115):     23.320      0.166 RR  CELL  sudx_scan|solver|LessThan3~8|combout
    Info (332115):     23.588      0.268 RR    IC  sudx_scan|solver|min_count[4][0]~1712|datad
    Info (332115):     23.733      0.145 RF  CELL  sudx_scan|solver|min_count[4][0]~1712|combout
    Info (332115):     24.002      0.269 FF    IC  sudx_scan|solver|LessThan1~5|datad
    Info (332115):     24.133      0.131 FF  CELL  sudx_scan|solver|LessThan1~5|combout
    Info (332115):     24.368      0.235 FF    IC  sudx_scan|solver|LessThan1~6|datad
    Info (332115):     24.499      0.131 FF  CELL  sudx_scan|solver|LessThan1~6|combout
    Info (332115):     24.738      0.239 FF    IC  sudx_scan|solver|LessThan1~7|datad
    Info (332115):     24.869      0.131 FF  CELL  sudx_scan|solver|LessThan1~7|combout
    Info (332115):     25.104      0.235 FF    IC  sudx_scan|solver|LessThan1~8|datad
    Info (332115):     25.235      0.131 FF  CELL  sudx_scan|solver|LessThan1~8|combout
    Info (332115):     25.470      0.235 FF    IC  sudx_scan|solver|LessThan1~9|datad
    Info (332115):     25.601      0.131 FF  CELL  sudx_scan|solver|LessThan1~9|combout
    Info (332115):     25.908      0.307 FF    IC  sudx_scan|solver|min_count[2][3]~1716|datac
    Info (332115):     26.206      0.298 FF  CELL  sudx_scan|solver|min_count[2][3]~1716|combout
    Info (332115):     26.470      0.264 FF    IC  sudx_scan|solver|min_count[2][0]~2102|datad
    Info (332115):     26.601      0.131 FF  CELL  sudx_scan|solver|min_count[2][0]~2102|combout
    Info (332115):     27.350      0.749 FF    IC  sudx_scan|solver|LessThan0~1|datac
    Info (332115):     27.653      0.303 FF  CELL  sudx_scan|solver|LessThan0~1|combout
    Info (332115):     27.952      0.299 FF    IC  sudx_scan|solver|LessThan0~3|datab
    Info (332115):     28.308      0.356 FF  CELL  sudx_scan|solver|LessThan0~3|combout
    Info (332115):     28.758      0.450 FF    IC  sudx_scan|solver|min_col[1][3]~31|datac
    Info (332115):     29.039      0.281 FR  CELL  sudx_scan|solver|min_col[1][3]~31|combout
    Info (332115):     29.480      0.441 RR    IC  sudx_scan|solver|WideOr7~0|dataa
    Info (332115):     29.919      0.439 RF  CELL  sudx_scan|solver|WideOr7~0|combout
    Info (332115):     30.442      0.523 FF    IC  sudx_scan|solver|Mux58~0|datab
    Info (332115):     30.805      0.363 FR  CELL  sudx_scan|solver|Mux58~0|combout
    Info (332115):     33.982      3.177 RR    IC  sudx_scan|solver|Mux63~0|datac
    Info (332115):     34.287      0.305 RR  CELL  sudx_scan|solver|Mux63~0|combout
    Info (332115):     34.541      0.254 RR    IC  sudx_scan|solver|fnd~0|datab
    Info (332115):     34.983      0.442 RF  CELL  sudx_scan|solver|fnd~0|combout
    Info (332115):     35.645      0.662 FF    IC  sudx_scan|solver|fnd~1|datac
    Info (332115):     35.948      0.303 FF  CELL  sudx_scan|solver|fnd~1|combout
    Info (332115):     36.207      0.259 FF    IC  sudx_scan|solver|best_search[0]~0|datad
    Info (332115):     36.338      0.131 FF  CELL  sudx_scan|solver|best_search[0]~0|combout
    Info (332115):     36.584      0.246 FF    IC  sudx_scan|solver|Selector616~0|datac
    Info (332115):     36.887      0.303 FF  CELL  sudx_scan|solver|Selector616~0|combout
    Info (332115):     37.182      0.295 FF    IC  sudx_scan|solver|best_search[0]~3|datac
    Info (332115):     37.485      0.303 FF  CELL  sudx_scan|solver|best_search[0]~3|combout
    Info (332115):     38.003      0.518 FF    IC  sudx_scan|solver|Selector34~0|datab
    Info (332115):     38.399      0.396 FR  CELL  sudx_scan|solver|Selector34~0|combout
    Info (332115):     40.841      2.442 RR    IC  sudx_scan|solver|Selector106~4|datad
    Info (332115):     41.007      0.166 RR  CELL  sudx_scan|solver|Selector106~4|combout
    Info (332115):     42.586      1.579 RR    IC  sudx_scan|solver|col_used[8][2]|asdata
    Info (332115):     43.010      0.424 RR  CELL  sudx_scan:sudx_scan|sudx_scan_solver:solver|col_used[8][2]
    Info (332115): Data Required Path:
    Info (332115): Total (ns)  Incr (ns)     Type  Element
    Info (332115): ==========  ========= ==  ====  ===================================
    Info (332115):      1.000      1.000           latch edge time
    Info (332115):      1.000      0.000           source latency
    Info (332115):      1.000      0.000           clk
    Info (332115):      1.000      0.000 RR    IC  clk~input|i
    Info (332115):      1.769      0.769 RR  CELL  clk~input|o
    Info (332115):      2.627      0.858 RR    IC  clk~inputclkctrl|inclk[0]
    Info (332115):      2.627      0.000 RR  CELL  clk~inputclkctrl|outclk
    Info (332115):      4.494      1.867 RR    IC  sudx_scan|solver|col_used[8][2]|clk
    Info (332115):      4.969      0.475 RR  CELL  sudx_scan:sudx_scan|sudx_scan_solver:solver|col_used[8][2]
    Info (332115):      5.028      0.059           clock pessimism removed
    Info (332115):      5.008     -0.020           clock uncertainty
    Info (332115):      5.021      0.013     uTsu  sudx_scan:sudx_scan|sudx_scan_solver:solver|col_used[8][2]
    Info (332115): Data Arrival Time  :    43.010
    Info (332115): Data Required Time :     5.021
    Info (332115): Slack              :   -37.989 (VIOLATED)
    Info (332115): ===================================================================
Info (332115): Path #18: Setup slack is -37.988 (VIOLATED)
    Info (332115): ===================================================================
    Info (332115): From Node    : sudx_scan:sudx_scan|sudx_scan_solver:solver|row_used[0][4]
    Info (332115): To Node      : sudx_scan:sudx_scan|sudx_scan_solver:solver|col_used[8][2]
    Info (332115): Launch Clock : clk
    Info (332115): Latch Clock  : clk
    Info (332115): Data Arrival Path:
    Info (332115): Total (ns)  Incr (ns)     Type  Element
    Info (332115): ==========  ========= ==  ====  ===================================
    Info (332115):      0.000      0.000           launch edge time
    Info (332115):      0.000      0.000           source latency
    Info (332115):      0.000      0.000           clk
    Info (332115):      0.000      0.000 RR    IC  clk~input|i
    Info (332115):      0.769      0.769 RR  CELL  clk~input|o
    Info (332115):      1.663      0.894 RR    IC  clk~inputclkctrl|inclk[0]
    Info (332115):      1.663      0.000 RR  CELL  clk~inputclkctrl|outclk
    Info (332115):      3.135      1.472 RR    IC  sudx_scan|solver|row_used[0][4]|clk
    Info (332115):      3.645      0.510 RR  CELL  sudx_scan:sudx_scan|sudx_scan_solver:solver|row_used[0][4]
    Info (332115):      3.852      0.207     uTco  sudx_scan:sudx_scan|sudx_scan_solver:solver|row_used[0][4]
    Info (332115):      3.852      0.000 RR  CELL  sudx_scan|solver|row_used[0][4]|q
    Info (332115):      5.557      1.705 RR    IC  sudx_scan|solver|min_count~924|datad
    Info (332115):      5.723      0.166 RR  CELL  sudx_scan|solver|min_count~924|combout
    Info (332115):      7.403      1.680 RR    IC  sudx_scan|solver|Add11~1|datad
    Info (332115):      7.548      0.145 RF  CELL  sudx_scan|solver|Add11~1|combout
    Info (332115):      7.859      0.311 FF    IC  sudx_scan|solver|Add17~0|datab
    Info (332115):      8.262      0.403 FR  CELL  sudx_scan|solver|Add17~0|combout
    Info (332115):      9.807      1.545 RR    IC  sudx_scan|solver|min_count[129][3]~2145|datad
    Info (332115):      9.952      0.145 RF  CELL  sudx_scan|solver|min_count[129][3]~2145|combout
    Info (332115):     11.351      1.399 FF    IC  sudx_scan|solver|min_count[129][3]~930|datad
    Info (332115):     11.512      0.161 FR  CELL  sudx_scan|solver|min_count[129][3]~930|combout
    Info (332115):     11.725      0.213 RR    IC  sudx_scan|solver|LessThan63~4|datad
    Info (332115):     11.870      0.145 RF  CELL  sudx_scan|solver|LessThan63~4|combout
    Info (332115):     12.176      0.306 FF    IC  sudx_scan|solver|min_count[64][0]~949|datad
    Info (332115):     12.337      0.161 FR  CELL  sudx_scan|solver|min_count[64][0]~949|combout
    Info (332115):     12.773      0.436 RR    IC  sudx_scan|solver|LessThan31~1|datac
    Info (332115):     13.078      0.305 RR  CELL  sudx_scan|solver|LessThan31~1|combout
    Info (332115):     13.827      0.749 RR    IC  sudx_scan|solver|LessThan31~2|datad
    Info (332115):     13.993      0.166 RR  CELL  sudx_scan|solver|LessThan31~2|combout
    Info (332115):     14.197      0.204 RR    IC  sudx_scan|solver|LessThan31~3|datad
    Info (332115):     14.363      0.166 RR  CELL  sudx_scan|solver|LessThan31~3|combout
    Info (332115):     14.568      0.205 RR    IC  sudx_scan|solver|LessThan31~4|datad
    Info (332115):     14.734      0.166 RR  CELL  sudx_scan|solver|LessThan31~4|combout
    Info (332115):     14.939      0.205 RR    IC  sudx_scan|solver|LessThan31~5|datad
    Info (332115):     15.105      0.166 RR  CELL  sudx_scan|solver|LessThan31~5|combout
    Info (332115):     15.357      0.252 RR    IC  sudx_scan|solver|min_count[32][1]~966|datad
    Info (332115):     15.502      0.145 RF  CELL  sudx_scan|solver|min_count[32][1]~966|combout
    Info (332115):     15.813      0.311 FF    IC  sudx_scan|solver|LessThan15~2|datab
    Info (332115):     16.206      0.393 FR  CELL  sudx_scan|solver|LessThan15~2|combout
    Info (332115):     16.666      0.460 RR    IC  sudx_scan|solver|LessThan15~5|datab
    Info (332115):     17.076      0.410 RR  CELL  sudx_scan|solver|LessThan15~5|combout
    Info (332115):     17.289      0.213 RR    IC  sudx_scan|solver|LessThan15~6|datad
    Info (332115):     17.455      0.166 RR  CELL  sudx_scan|solver|LessThan15~6|combout
    Info (332115):     18.253      0.798 RR    IC  sudx_scan|solver|min_count[16][1]~979|datad
    Info (332115):     18.419      0.166 RR  CELL  sudx_scan|solver|min_count[16][1]~979|combout
    Info (332115):     19.156      0.737 RR    IC  sudx_scan|solver|LessThan7~2|datad
    Info (332115):     19.322      0.166 RR  CELL  sudx_scan|solver|LessThan7~2|combout
    Info (332115):     19.526      0.204 RR    IC  sudx_scan|solver|LessThan7~3|datad
    Info (332115):     19.692      0.166 RR  CELL  sudx_scan|solver|LessThan7~3|combout
    Info (332115):     19.894      0.202 RR    IC  sudx_scan|solver|LessThan7~4|datad
    Info (332115):     20.060      0.166 RR  CELL  sudx_scan|solver|LessThan7~4|combout
    Info (332115):     20.264      0.204 RR    IC  sudx_scan|solver|LessThan7~5|datad
    Info (332115):     20.430      0.166 RR  CELL  sudx_scan|solver|LessThan7~5|combout
    Info (332115):     21.205      0.775 RR    IC  sudx_scan|solver|min_count[8][1]~988|datad
    Info (332115):     21.371      0.166 RR  CELL  sudx_scan|solver|min_count[8][1]~988|combout
    Info (332115):     21.637      0.266 RR    IC  sudx_scan|solver|LessThan3~1|datab
    Info (332115):     22.037      0.400 RF  CELL  sudx_scan|solver|LessThan3~1|combout
    Info (332115):     22.489      0.452 FF    IC  sudx_scan|solver|LessThan3~5|dataa
    Info (332115):     22.917      0.428 FF  CELL  sudx_scan|solver|LessThan3~5|combout
    Info (332115):     23.153      0.236 FF    IC  sudx_scan|solver|LessThan3~8|datad
    Info (332115):     23.284      0.131 FF  CELL  sudx_scan|solver|LessThan3~8|combout
    Info (332115):     23.601      0.317 FF    IC  sudx_scan|solver|min_count[4][0]~1712|datad
    Info (332115):     23.732      0.131 FF  CELL  sudx_scan|solver|min_count[4][0]~1712|combout
    Info (332115):     24.001      0.269 FF    IC  sudx_scan|solver|LessThan1~5|datad
    Info (332115):     24.132      0.131 FF  CELL  sudx_scan|solver|LessThan1~5|combout
    Info (332115):     24.367      0.235 FF    IC  sudx_scan|solver|LessThan1~6|datad
    Info (332115):     24.498      0.131 FF  CELL  sudx_scan|solver|LessThan1~6|combout
    Info (332115):     24.737      0.239 FF    IC  sudx_scan|solver|LessThan1~7|datad
    Info (332115):     24.868      0.131 FF  CELL  sudx_scan|solver|LessThan1~7|combout
    Info (332115):     25.103      0.235 FF    IC  sudx_scan|solver|LessThan1~8|datad
    Info (332115):     25.234      0.131 FF  CELL  sudx_scan|solver|LessThan1~8|combout
    Info (332115):     25.469      0.235 FF    IC  sudx_scan|solver|LessThan1~9|datad
    Info (332115):     25.600      0.131 FF  CELL  sudx_scan|solver|LessThan1~9|combout
    Info (332115):     25.907      0.307 FF    IC  sudx_scan|solver|min_count[2][3]~1716|datac
    Info (332115):     26.205      0.298 FF  CELL  sudx_scan|solver|min_count[2][3]~1716|combout
    Info (332115):     26.469      0.264 FF    IC  sudx_scan|solver|min_count[2][0]~2102|datad
    Info (332115):     26.600      0.131 FF  CELL  sudx_scan|solver|min_count[2][0]~2102|combout
    Info (332115):     27.349      0.749 FF    IC  sudx_scan|solver|LessThan0~1|datac
    Info (332115):     27.652      0.303 FF  CELL  sudx_scan|solver|LessThan0~1|combout
    Info (332115):     27.951      0.299 FF    IC  sudx_scan|solver|LessThan0~3|datab
    Info (332115):     28.307      0.356 FF  CELL  sudx_scan|solver|LessThan0~3|combout
    Info (332115):     28.757      0.450 FF    IC  sudx_scan|solver|min_col[1][3]~31|datac
    Info (332115):     29.038      0.281 FR  CELL  sudx_scan|solver|min_col[1][3]~31|combout
    Info (332115):     29.479      0.441 RR    IC  sudx_scan|solver|WideOr7~0|dataa
    Info (332115):     29.918      0.439 RF  CELL  sudx_scan|solver|WideOr7~0|combout
    Info (332115):     30.441      0.523 FF    IC  sudx_scan|solver|Mux58~0|datab
    Info (332115):     30.804      0.363 FR  CELL  sudx_scan|solver|Mux58~0|combout
    Info (332115):     33.981      3.177 RR    IC  sudx_scan|solver|Mux63~0|datac
    Info (332115):     34.286      0.305 RR  CELL  sudx_scan|solver|Mux63~0|combout
    Info (332115):     34.540      0.254 RR    IC  sudx_scan|solver|fnd~0|datab
    Info (332115):     34.982      0.442 RF  CELL  sudx_scan|solver|fnd~0|combout
    Info (332115):     35.644      0.662 FF    IC  sudx_scan|solver|fnd~1|datac
    Info (332115):     35.947      0.303 FF  CELL  sudx_scan|solver|fnd~1|combout
    Info (332115):     36.206      0.259 FF    IC  sudx_scan|solver|best_search[0]~0|datad
    Info (332115):     36.337      0.131 FF  CELL  sudx_scan|solver|best_search[0]~0|combout
    Info (332115):     36.583      0.246 FF    IC  sudx_scan|solver|Selector616~0|datac
    Info (332115):     36.886      0.303 FF  CELL  sudx_scan|solver|Selector616~0|combout
    Info (332115):     37.181      0.295 FF    IC  sudx_scan|solver|best_search[0]~3|datac
    Info (332115):     37.484      0.303 FF  CELL  sudx_scan|solver|best_search[0]~3|combout
    Info (332115):     38.002      0.518 FF    IC  sudx_scan|solver|Selector34~0|datab
    Info (332115):     38.398      0.396 FR  CELL  sudx_scan|solver|Selector34~0|combout
    Info (332115):     40.840      2.442 RR    IC  sudx_scan|solver|Selector106~4|datad
    Info (332115):     41.006      0.166 RR  CELL  sudx_scan|solver|Selector106~4|combout
    Info (332115):     42.585      1.579 RR    IC  sudx_scan|solver|col_used[8][2]|asdata
    Info (332115):     43.009      0.424 RR  CELL  sudx_scan:sudx_scan|sudx_scan_solver:solver|col_used[8][2]
    Info (332115): Data Required Path:
    Info (332115): Total (ns)  Incr (ns)     Type  Element
    Info (332115): ==========  ========= ==  ====  ===================================
    Info (332115):      1.000      1.000           latch edge time
    Info (332115):      1.000      0.000           source latency
    Info (332115):      1.000      0.000           clk
    Info (332115):      1.000      0.000 RR    IC  clk~input|i
    Info (332115):      1.769      0.769 RR  CELL  clk~input|o
    Info (332115):      2.627      0.858 RR    IC  clk~inputclkctrl|inclk[0]
    Info (332115):      2.627      0.000 RR  CELL  clk~inputclkctrl|outclk
    Info (332115):      4.494      1.867 RR    IC  sudx_scan|solver|col_used[8][2]|clk
    Info (332115):      4.969      0.475 RR  CELL  sudx_scan:sudx_scan|sudx_scan_solver:solver|col_used[8][2]
    Info (332115):      5.028      0.059           clock pessimism removed
    Info (332115):      5.008     -0.020           clock uncertainty
    Info (332115):      5.021      0.013     uTsu  sudx_scan:sudx_scan|sudx_scan_solver:solver|col_used[8][2]
    Info (332115): Data Arrival Time  :    43.009
    Info (332115): Data Required Time :     5.021
    Info (332115): Slack              :   -37.988 (VIOLATED)
    Info (332115): ===================================================================
Info (332115): Path #19: Setup slack is -37.987 (VIOLATED)
    Info (332115): ===================================================================
    Info (332115): From Node    : sudx_scan:sudx_scan|sudx_scan_solver:solver|row_used[0][4]
    Info (332115): To Node      : sudx_scan:sudx_scan|sudx_scan_solver:solver|col_used[7][2]
    Info (332115): Launch Clock : clk
    Info (332115): Latch Clock  : clk
    Info (332115): Data Arrival Path:
    Info (332115): Total (ns)  Incr (ns)     Type  Element
    Info (332115): ==========  ========= ==  ====  ===================================
    Info (332115):      0.000      0.000           launch edge time
    Info (332115):      0.000      0.000           source latency
    Info (332115):      0.000      0.000           clk
    Info (332115):      0.000      0.000 RR    IC  clk~input|i
    Info (332115):      0.769      0.769 RR  CELL  clk~input|o
    Info (332115):      1.663      0.894 RR    IC  clk~inputclkctrl|inclk[0]
    Info (332115):      1.663      0.000 RR  CELL  clk~inputclkctrl|outclk
    Info (332115):      3.135      1.472 RR    IC  sudx_scan|solver|row_used[0][4]|clk
    Info (332115):      3.645      0.510 RR  CELL  sudx_scan:sudx_scan|sudx_scan_solver:solver|row_used[0][4]
    Info (332115):      3.852      0.207     uTco  sudx_scan:sudx_scan|sudx_scan_solver:solver|row_used[0][4]
    Info (332115):      3.852      0.000 RR  CELL  sudx_scan|solver|row_used[0][4]|q
    Info (332115):      5.557      1.705 RR    IC  sudx_scan|solver|min_count~924|datad
    Info (332115):      5.723      0.166 RR  CELL  sudx_scan|solver|min_count~924|combout
    Info (332115):      7.403      1.680 RR    IC  sudx_scan|solver|Add11~1|datad
    Info (332115):      7.548      0.145 RF  CELL  sudx_scan|solver|Add11~1|combout
    Info (332115):      7.859      0.311 FF    IC  sudx_scan|solver|Add17~0|datab
    Info (332115):      8.262      0.403 FR  CELL  sudx_scan|solver|Add17~0|combout
    Info (332115):      9.807      1.545 RR    IC  sudx_scan|solver|min_count[129][3]~2145|datad
    Info (332115):      9.952      0.145 RF  CELL  sudx_scan|solver|min_count[129][3]~2145|combout
    Info (332115):     11.351      1.399 FF    IC  sudx_scan|solver|min_count[129][3]~930|datad
    Info (332115):     11.512      0.161 FR  CELL  sudx_scan|solver|min_count[129][3]~930|combout
    Info (332115):     11.725      0.213 RR    IC  sudx_scan|solver|LessThan63~4|datad
    Info (332115):     11.870      0.145 RF  CELL  sudx_scan|solver|LessThan63~4|combout
    Info (332115):     12.176      0.306 FF    IC  sudx_scan|solver|min_count[64][0]~949|datad
    Info (332115):     12.337      0.161 FR  CELL  sudx_scan|solver|min_count[64][0]~949|combout
    Info (332115):     12.773      0.436 RR    IC  sudx_scan|solver|LessThan31~1|datac
    Info (332115):     13.078      0.305 RR  CELL  sudx_scan|solver|LessThan31~1|combout
    Info (332115):     13.827      0.749 RR    IC  sudx_scan|solver|LessThan31~2|datad
    Info (332115):     13.993      0.166 RR  CELL  sudx_scan|solver|LessThan31~2|combout
    Info (332115):     14.197      0.204 RR    IC  sudx_scan|solver|LessThan31~3|datad
    Info (332115):     14.363      0.166 RR  CELL  sudx_scan|solver|LessThan31~3|combout
    Info (332115):     14.568      0.205 RR    IC  sudx_scan|solver|LessThan31~4|datad
    Info (332115):     14.734      0.166 RR  CELL  sudx_scan|solver|LessThan31~4|combout
    Info (332115):     14.939      0.205 RR    IC  sudx_scan|solver|LessThan31~5|datad
    Info (332115):     15.105      0.166 RR  CELL  sudx_scan|solver|LessThan31~5|combout
    Info (332115):     15.357      0.252 RR    IC  sudx_scan|solver|min_count[32][1]~966|datad
    Info (332115):     15.502      0.145 RF  CELL  sudx_scan|solver|min_count[32][1]~966|combout
    Info (332115):     15.813      0.311 FF    IC  sudx_scan|solver|LessThan15~2|datab
    Info (332115):     16.206      0.393 FR  CELL  sudx_scan|solver|LessThan15~2|combout
    Info (332115):     16.666      0.460 RR    IC  sudx_scan|solver|LessThan15~5|datab
    Info (332115):     17.076      0.410 RR  CELL  sudx_scan|solver|LessThan15~5|combout
    Info (332115):     17.289      0.213 RR    IC  sudx_scan|solver|LessThan15~6|datad
    Info (332115):     17.455      0.166 RR  CELL  sudx_scan|solver|LessThan15~6|combout
    Info (332115):     18.253      0.798 RR    IC  sudx_scan|solver|min_count[16][1]~979|datad
    Info (332115):     18.419      0.166 RR  CELL  sudx_scan|solver|min_count[16][1]~979|combout
    Info (332115):     19.156      0.737 RR    IC  sudx_scan|solver|LessThan7~2|datad
    Info (332115):     19.322      0.166 RR  CELL  sudx_scan|solver|LessThan7~2|combout
    Info (332115):     19.526      0.204 RR    IC  sudx_scan|solver|LessThan7~3|datad
    Info (332115):     19.692      0.166 RR  CELL  sudx_scan|solver|LessThan7~3|combout
    Info (332115):     19.894      0.202 RR    IC  sudx_scan|solver|LessThan7~4|datad
    Info (332115):     20.060      0.166 RR  CELL  sudx_scan|solver|LessThan7~4|combout
    Info (332115):     20.264      0.204 RR    IC  sudx_scan|solver|LessThan7~5|datad
    Info (332115):     20.430      0.166 RR  CELL  sudx_scan|solver|LessThan7~5|combout
    Info (332115):     20.675      0.245 RR    IC  sudx_scan|solver|min_count[8][0]~990|datad
    Info (332115):     20.841      0.166 RR  CELL  sudx_scan|solver|min_count[8][0]~990|combout
    Info (332115):     21.959      1.118 RR    IC  sudx_scan|solver|LessThan3~3|datad
    Info (332115):     22.125      0.166 RR  CELL  sudx_scan|solver|LessThan3~3|combout
    Info (332115):     22.854      0.729 RR    IC  sudx_scan|solver|LessThan3~5|datad
    Info (332115):     23.020      0.166 RR  CELL  sudx_scan|solver|LessThan3~5|combout
    Info (332115):     23.225      0.205 RR    IC  sudx_scan|solver|LessThan3~8|datad
    Info (332115):     23.391      0.166 RR  CELL  sudx_scan|solver|LessThan3~8|combout
    Info (332115):     23.659      0.268 RR    IC  sudx_scan|solver|min_count[4][0]~1712|datad
    Info (332115):     23.804      0.145 RF  CELL  sudx_scan|solver|min_count[4][0]~1712|combout
    Info (332115):     24.073      0.269 FF    IC  sudx_scan|solver|LessThan1~5|datad
    Info (332115):     24.204      0.131 FF  CELL  sudx_scan|solver|LessThan1~5|combout
    Info (332115):     24.439      0.235 FF    IC  sudx_scan|solver|LessThan1~6|datad
    Info (332115):     24.570      0.131 FF  CELL  sudx_scan|solver|LessThan1~6|combout
    Info (332115):     24.809      0.239 FF    IC  sudx_scan|solver|LessThan1~7|datad
    Info (332115):     24.940      0.131 FF  CELL  sudx_scan|solver|LessThan1~7|combout
    Info (332115):     25.175      0.235 FF    IC  sudx_scan|solver|LessThan1~8|datad
    Info (332115):     25.306      0.131 FF  CELL  sudx_scan|solver|LessThan1~8|combout
    Info (332115):     25.541      0.235 FF    IC  sudx_scan|solver|LessThan1~9|datad
    Info (332115):     25.672      0.131 FF  CELL  sudx_scan|solver|LessThan1~9|combout
    Info (332115):     25.979      0.307 FF    IC  sudx_scan|solver|min_count[2][3]~1716|datac
    Info (332115):     26.277      0.298 FF  CELL  sudx_scan|solver|min_count[2][3]~1716|combout
    Info (332115):     26.541      0.264 FF    IC  sudx_scan|solver|min_count[2][0]~2102|datad
    Info (332115):     26.672      0.131 FF  CELL  sudx_scan|solver|min_count[2][0]~2102|combout
    Info (332115):     27.421      0.749 FF    IC  sudx_scan|solver|LessThan0~1|datac
    Info (332115):     27.724      0.303 FF  CELL  sudx_scan|solver|LessThan0~1|combout
    Info (332115):     28.023      0.299 FF    IC  sudx_scan|solver|LessThan0~3|datab
    Info (332115):     28.379      0.356 FF  CELL  sudx_scan|solver|LessThan0~3|combout
    Info (332115):     28.829      0.450 FF    IC  sudx_scan|solver|min_col[1][3]~31|datac
    Info (332115):     29.110      0.281 FR  CELL  sudx_scan|solver|min_col[1][3]~31|combout
    Info (332115):     29.551      0.441 RR    IC  sudx_scan|solver|WideOr7~0|dataa
    Info (332115):     29.990      0.439 RF  CELL  sudx_scan|solver|WideOr7~0|combout
    Info (332115):     30.513      0.523 FF    IC  sudx_scan|solver|Mux58~0|datab
    Info (332115):     30.876      0.363 FR  CELL  sudx_scan|solver|Mux58~0|combout
    Info (332115):     34.053      3.177 RR    IC  sudx_scan|solver|Mux63~0|datac
    Info (332115):     34.358      0.305 RR  CELL  sudx_scan|solver|Mux63~0|combout
    Info (332115):     34.612      0.254 RR    IC  sudx_scan|solver|fnd~0|datab
    Info (332115):     35.054      0.442 RF  CELL  sudx_scan|solver|fnd~0|combout
    Info (332115):     35.716      0.662 FF    IC  sudx_scan|solver|fnd~1|datac
    Info (332115):     36.019      0.303 FF  CELL  sudx_scan|solver|fnd~1|combout
    Info (332115):     36.278      0.259 FF    IC  sudx_scan|solver|best_search[0]~0|datad
    Info (332115):     36.409      0.131 FF  CELL  sudx_scan|solver|best_search[0]~0|combout
    Info (332115):     36.655      0.246 FF    IC  sudx_scan|solver|Selector616~0|datac
    Info (332115):     36.958      0.303 FF  CELL  sudx_scan|solver|Selector616~0|combout
    Info (332115):     37.253      0.295 FF    IC  sudx_scan|solver|best_search[0]~3|datac
    Info (332115):     37.556      0.303 FF  CELL  sudx_scan|solver|best_search[0]~3|combout
    Info (332115):     38.074      0.518 FF    IC  sudx_scan|solver|Selector34~0|datab
    Info (332115):     38.470      0.396 FR  CELL  sudx_scan|solver|Selector34~0|combout
    Info (332115):     40.912      2.442 RR    IC  sudx_scan|solver|Selector106~4|datad
    Info (332115):     41.078      0.166 RR  CELL  sudx_scan|solver|Selector106~4|combout
    Info (332115):     42.603      1.525 RR    IC  sudx_scan|solver|col_used[7][2]|asdata
    Info (332115):     43.027      0.424 RR  CELL  sudx_scan:sudx_scan|sudx_scan_solver:solver|col_used[7][2]
    Info (332115): Data Required Path:
    Info (332115): Total (ns)  Incr (ns)     Type  Element
    Info (332115): ==========  ========= ==  ====  ===================================
    Info (332115):      1.000      1.000           latch edge time
    Info (332115):      1.000      0.000           source latency
    Info (332115):      1.000      0.000           clk
    Info (332115):      1.000      0.000 RR    IC  clk~input|i
    Info (332115):      1.769      0.769 RR  CELL  clk~input|o
    Info (332115):      2.627      0.858 RR    IC  clk~inputclkctrl|inclk[0]
    Info (332115):      2.627      0.000 RR  CELL  clk~inputclkctrl|outclk
    Info (332115):      4.513      1.886 RR    IC  sudx_scan|solver|col_used[7][2]|clk
    Info (332115):      4.988      0.475 RR  CELL  sudx_scan:sudx_scan|sudx_scan_solver:solver|col_used[7][2]
    Info (332115):      5.047      0.059           clock pessimism removed
    Info (332115):      5.027     -0.020           clock uncertainty
    Info (332115):      5.040      0.013     uTsu  sudx_scan:sudx_scan|sudx_scan_solver:solver|col_used[7][2]
    Info (332115): Data Arrival Time  :    43.027
    Info (332115): Data Required Time :     5.040
    Info (332115): Slack              :   -37.987 (VIOLATED)
    Info (332115): ===================================================================
Info (332115): Path #20: Setup slack is -37.987 (VIOLATED)
    Info (332115): ===================================================================
    Info (332115): From Node    : sudx_scan:sudx_scan|sudx_scan_solver:solver|col_used[0][2]
    Info (332115): To Node      : sudx_scan:sudx_scan|sudx_scan_solver:solver|col_used[8][2]
    Info (332115): Launch Clock : clk
    Info (332115): Latch Clock  : clk
    Info (332115): Data Arrival Path:
    Info (332115): Total (ns)  Incr (ns)     Type  Element
    Info (332115): ==========  ========= ==  ====  ===================================
    Info (332115):      0.000      0.000           launch edge time
    Info (332115):      0.000      0.000           source latency
    Info (332115):      0.000      0.000           clk
    Info (332115):      0.000      0.000 RR    IC  clk~input|i
    Info (332115):      0.769      0.769 RR  CELL  clk~input|o
    Info (332115):      1.663      0.894 RR    IC  clk~inputclkctrl|inclk[0]
    Info (332115):      1.663      0.000 RR  CELL  clk~inputclkctrl|outclk
    Info (332115):      3.599      1.936 RR    IC  sudx_scan|solver|col_used[0][2]|clk
    Info (332115):      4.109      0.510 RR  CELL  sudx_scan:sudx_scan|sudx_scan_solver:solver|col_used[0][2]
    Info (332115):      4.316      0.207     uTco  sudx_scan:sudx_scan|sudx_scan_solver:solver|col_used[0][2]
    Info (332115):      4.316      0.000 FF  CELL  sudx_scan|solver|col_used[0][2]|q
    Info (332115):      5.692      1.376 FF    IC  sudx_scan|solver|min_count~1555|datac
    Info (332115):      5.990      0.298 FF  CELL  sudx_scan|solver|min_count~1555|combout
    Info (332115):      6.799      0.809 FF    IC  sudx_scan|solver|Add291~1|datab
    Info (332115):      7.223      0.424 FF  CELL  sudx_scan|solver|Add291~1|combout
    Info (332115):      7.522      0.299 FF    IC  sudx_scan|solver|Add296~2|datab
    Info (332115):      7.926      0.404 FF  CELL  sudx_scan|solver|Add296~2|combout
    Info (332115):      8.173      0.247 FF    IC  sudx_scan|solver|min_count[164][1]~1573|datac
    Info (332115):      8.476      0.303 FF  CELL  sudx_scan|solver|min_count[164][1]~1573|combout
    Info (332115):      9.280      0.804 FF    IC  sudx_scan|solver|LessThan81~2|dataa
    Info (332115):      9.706      0.426 FR  CELL  sudx_scan|solver|LessThan81~2|combout
    Info (332115):     10.411      0.705 RR    IC  sudx_scan|solver|LessThan81~3|datac
    Info (332115):     10.716      0.305 RR  CELL  sudx_scan|solver|LessThan81~3|combout
    Info (332115):     10.920      0.204 RR    IC  sudx_scan|solver|LessThan81~4|datad
    Info (332115):     11.086      0.166 RR  CELL  sudx_scan|solver|LessThan81~4|combout
    Info (332115):     11.887      0.801 RR    IC  sudx_scan|solver|min_count[82][0]~1590|datad
    Info (332115):     12.032      0.145 RF  CELL  sudx_scan|solver|min_count[82][0]~1590|combout
    Info (332115):     12.304      0.272 FF    IC  sudx_scan|solver|LessThan40~1|datac
    Info (332115):     12.607      0.303 FF  CELL  sudx_scan|solver|LessThan40~1|combout
    Info (332115):     12.840      0.233 FF    IC  sudx_scan|solver|LessThan40~2|datad
    Info (332115):     12.971      0.131 FF  CELL  sudx_scan|solver|LessThan40~2|combout
    Info (332115):     13.210      0.239 FF    IC  sudx_scan|solver|LessThan40~3|datad
    Info (332115):     13.341      0.131 FF  CELL  sudx_scan|solver|LessThan40~3|combout
    Info (332115):     14.076      0.735 FF    IC  sudx_scan|solver|LessThan40~4|datad
    Info (332115):     14.207      0.131 FF  CELL  sudx_scan|solver|LessThan40~4|combout
    Info (332115):     14.441      0.234 FF    IC  sudx_scan|solver|LessThan40~5|datad
    Info (332115):     14.572      0.131 FF  CELL  sudx_scan|solver|LessThan40~5|combout
    Info (332115):     14.902      0.330 FF    IC  sudx_scan|solver|min_count[41][3]~1591|datac
    Info (332115):     15.205      0.303 FF  CELL  sudx_scan|solver|min_count[41][3]~1591|combout
    Info (332115):     15.752      0.547 FF    IC  sudx_scan|solver|LessThan19~4|datab
    Info (332115):     16.176      0.424 FF  CELL  sudx_scan|solver|LessThan19~4|combout
    Info (332115):     16.457      0.281 FF    IC  sudx_scan|solver|LessThan19~5|datab
    Info (332115):     16.890      0.433 FR  CELL  sudx_scan|solver|LessThan19~5|combout
    Info (332115):     17.095      0.205 RR    IC  sudx_scan|solver|LessThan19~8|datad
    Info (332115):     17.261      0.166 RR  CELL  sudx_scan|solver|LessThan19~8|combout
    Info (332115):     17.522      0.261 RR    IC  sudx_scan|solver|min_count[20][3]~1682|datad
    Info (332115):     17.667      0.145 RF  CELL  sudx_scan|solver|min_count[20][3]~1682|combout
    Info (332115):     18.111      0.444 FF    IC  sudx_scan|solver|LessThan9~0|dataa
    Info (332115):     18.516      0.405 FF  CELL  sudx_scan|solver|LessThan9~0|combout
    Info (332115):     18.947      0.431 FF    IC  sudx_scan|solver|LessThan9~4|dataa
    Info (332115):     19.352      0.405 FF  CELL  sudx_scan|solver|LessThan9~4|combout
    Info (332115):     19.605      0.253 FF    IC  sudx_scan|solver|LessThan9~5|datad
    Info (332115):     19.736      0.131 FF  CELL  sudx_scan|solver|LessThan9~5|combout
    Info (332115):     20.031      0.295 FF    IC  sudx_scan|solver|min_count[10][3]~1689|datac
    Info (332115):     20.334      0.303 FF  CELL  sudx_scan|solver|min_count[10][3]~1689|combout
    Info (332115):     21.038      0.704 FF    IC  sudx_scan|solver|LessThan4~2|datac
    Info (332115):     21.341      0.303 FF  CELL  sudx_scan|solver|LessThan4~2|combout
    Info (332115):     21.770      0.429 FF    IC  sudx_scan|solver|LessThan4~5|dataa
    Info (332115):     22.198      0.428 FF  CELL  sudx_scan|solver|LessThan4~5|combout
    Info (332115):     22.437      0.239 FF    IC  sudx_scan|solver|LessThan4~8|datad
    Info (332115):     22.568      0.131 FF  CELL  sudx_scan|solver|LessThan4~8|combout
    Info (332115):     22.885      0.317 FF    IC  sudx_scan|solver|min_count[5][3]~1707|datad
    Info (332115):     23.046      0.161 FR  CELL  sudx_scan|solver|min_count[5][3]~1707|combout
    Info (332115):     24.060      1.014 RR    IC  sudx_scan|solver|LessThan1~6|dataa
    Info (332115):     24.497      0.437 RF  CELL  sudx_scan|solver|LessThan1~6|combout
    Info (332115):     24.736      0.239 FF    IC  sudx_scan|solver|LessThan1~7|datad
    Info (332115):     24.867      0.131 FF  CELL  sudx_scan|solver|LessThan1~7|combout
    Info (332115):     25.102      0.235 FF    IC  sudx_scan|solver|LessThan1~8|datad
    Info (332115):     25.233      0.131 FF  CELL  sudx_scan|solver|LessThan1~8|combout
    Info (332115):     25.468      0.235 FF    IC  sudx_scan|solver|LessThan1~9|datad
    Info (332115):     25.599      0.131 FF  CELL  sudx_scan|solver|LessThan1~9|combout
    Info (332115):     25.906      0.307 FF    IC  sudx_scan|solver|min_count[2][3]~1716|datac
    Info (332115):     26.204      0.298 FF  CELL  sudx_scan|solver|min_count[2][3]~1716|combout
    Info (332115):     26.468      0.264 FF    IC  sudx_scan|solver|min_count[2][0]~2102|datad
    Info (332115):     26.599      0.131 FF  CELL  sudx_scan|solver|min_count[2][0]~2102|combout
    Info (332115):     27.348      0.749 FF    IC  sudx_scan|solver|LessThan0~1|datac
    Info (332115):     27.651      0.303 FF  CELL  sudx_scan|solver|LessThan0~1|combout
    Info (332115):     27.950      0.299 FF    IC  sudx_scan|solver|LessThan0~3|datab
    Info (332115):     28.306      0.356 FF  CELL  sudx_scan|solver|LessThan0~3|combout
    Info (332115):     28.756      0.450 FF    IC  sudx_scan|solver|min_col[1][3]~31|datac
    Info (332115):     29.037      0.281 FR  CELL  sudx_scan|solver|min_col[1][3]~31|combout
    Info (332115):     29.478      0.441 RR    IC  sudx_scan|solver|WideOr7~0|dataa
    Info (332115):     29.917      0.439 RF  CELL  sudx_scan|solver|WideOr7~0|combout
    Info (332115):     30.440      0.523 FF    IC  sudx_scan|solver|Mux58~0|datab
    Info (332115):     30.803      0.363 FR  CELL  sudx_scan|solver|Mux58~0|combout
    Info (332115):     33.980      3.177 RR    IC  sudx_scan|solver|Mux63~0|datac
    Info (332115):     34.285      0.305 RR  CELL  sudx_scan|solver|Mux63~0|combout
    Info (332115):     34.539      0.254 RR    IC  sudx_scan|solver|fnd~0|datab
    Info (332115):     34.981      0.442 RF  CELL  sudx_scan|solver|fnd~0|combout
    Info (332115):     35.643      0.662 FF    IC  sudx_scan|solver|fnd~1|datac
    Info (332115):     35.946      0.303 FF  CELL  sudx_scan|solver|fnd~1|combout
    Info (332115):     36.205      0.259 FF    IC  sudx_scan|solver|best_search[0]~0|datad
    Info (332115):     36.336      0.131 FF  CELL  sudx_scan|solver|best_search[0]~0|combout
    Info (332115):     36.582      0.246 FF    IC  sudx_scan|solver|Selector616~0|datac
    Info (332115):     36.885      0.303 FF  CELL  sudx_scan|solver|Selector616~0|combout
    Info (332115):     37.180      0.295 FF    IC  sudx_scan|solver|best_search[0]~3|datac
    Info (332115):     37.483      0.303 FF  CELL  sudx_scan|solver|best_search[0]~3|combout
    Info (332115):     38.001      0.518 FF    IC  sudx_scan|solver|Selector34~0|datab
    Info (332115):     38.397      0.396 FR  CELL  sudx_scan|solver|Selector34~0|combout
    Info (332115):     40.839      2.442 RR    IC  sudx_scan|solver|Selector106~4|datad
    Info (332115):     41.005      0.166 RR  CELL  sudx_scan|solver|Selector106~4|combout
    Info (332115):     42.584      1.579 RR    IC  sudx_scan|solver|col_used[8][2]|asdata
    Info (332115):     43.008      0.424 RR  CELL  sudx_scan:sudx_scan|sudx_scan_solver:solver|col_used[8][2]
    Info (332115): Data Required Path:
    Info (332115): Total (ns)  Incr (ns)     Type  Element
    Info (332115): ==========  ========= ==  ====  ===================================
    Info (332115):      1.000      1.000           latch edge time
    Info (332115):      1.000      0.000           source latency
    Info (332115):      1.000      0.000           clk
    Info (332115):      1.000      0.000 RR    IC  clk~input|i
    Info (332115):      1.769      0.769 RR  CELL  clk~input|o
    Info (332115):      2.627      0.858 RR    IC  clk~inputclkctrl|inclk[0]
    Info (332115):      2.627      0.000 RR  CELL  clk~inputclkctrl|outclk
    Info (332115):      4.494      1.867 RR    IC  sudx_scan|solver|col_used[8][2]|clk
    Info (332115):      4.969      0.475 RR  CELL  sudx_scan:sudx_scan|sudx_scan_solver:solver|col_used[8][2]
    Info (332115):      5.028      0.059           clock pessimism removed
    Info (332115):      5.008     -0.020           clock uncertainty
    Info (332115):      5.021      0.013     uTsu  sudx_scan:sudx_scan|sudx_scan_solver:solver|col_used[8][2]
    Info (332115): Data Arrival Time  :    43.008
    Info (332115): Data Required Time :     5.021
    Info (332115): Slack              :   -37.987 (VIOLATED)
    Info (332115): ===================================================================
Info (23030): Evaluation of Tcl script /data/project/tsmc65/shared/qsyn/util/report_worst.tcl was successful
Info: Quartus Prime Timing Analyzer was successful. 0 errors, 1 warning
    Info: Peak virtual memory: 557 megabytes
    Info: Processing ended: Mon Sep  7 22:09:53 2026
    Info: Elapsed time: 00:00:02
    Info: Total CPU time (on all processors): 00:00:00
