Info: *******************************************************************
Info: Running Quartus Prime Timing Analyzer
    Info: Version 24.1std.0 Build 1077 03/04/2025 SC Lite Edition
    Info: Copyright (C) 2025  Altera Corporation. All rights reserved.
    Info: Your use of Altera Corporation's design tools, logic functions 
    Info: and other software and tools, and any partner logic 
    Info: functions, and any output files from any of the foregoing 
    Info: (including device programming or simulation files), and any 
    Info: associated documentation or information are expressly subject 
    Info: to the terms and conditions of the Altera Program License 
    Info: Subscription Agreement, the Altera Quartus Prime License Agreement,
    Info: the Altera IP License Agreement, or other applicable license
    Info: agreement, including, without limitation, that your use is for
    Info: the sole purpose of programming logic devices manufactured by
    Info: Altera and sold by Altera or its authorized distributors.  Please
    Info: refer to the Altera Software License Subscription Agreements 
    Info: on the Quartus Prime software download page.
    Info: Processing started: Wed Sep  9 00:06:20 2026
Info: Command: quartus_sta -t /data/project/tsmc65/shared/qsyn/util/report_worst.tcl ineqsudx_scan
Info: Quartus(args): ineqsudx_scan
Info (21076): High junction temperature operating condition is not set. Assuming a default value of '85'.
Info (21076): Low junction temperature operating condition is not set. Assuming a default value of '0'.
Critical Warning (332012): Synopsys Design Constraints File file not found: '/data/project/tsmc65/shared/qsyn/basic.sdc'. A Synopsys Design Constraints File is required by the Timing Analyzer to get proper timing constraints. Without it, the Compiler will not properly optimize the design.
Info (332142): No user constrained base clocks found in the design. Calling "derive_clocks -period 1.0"
Info (332105): Deriving Clocks
    Info (332105): create_clock -period 1.000 -name clk clk
Info (332143): No user constrained clock uncertainty found in the design. Calling "derive_clock_uncertainty"
Info (332123): Deriving Clock Uncertainty. Please refer to report_sdc in the Timing Analyzer to see clock uncertainties.
Info (332115): Report Timing: Found 20 setup paths (20 violated).  Worst case slack is -12.799
    Info (332115): -setup
    Info (332115): -npaths 20
    Info (332115): -detail full_path
    Info (332115): -stdout
Info (332115): Path #1: Setup slack is -12.799 (VIOLATED)
    Info (332115): ===================================================================
    Info (332115): From Node    : ineqsudx_scan:ineqsudx_scan|ineqsudx_scan_solver:solver|unique_digit[9][3]
    Info (332115): To Node      : ineqsudx_scan:ineqsudx_scan|ineqsudx_scan_solver:solver|state.PICK_ROWS
    Info (332115): Launch Clock : clk
    Info (332115): Latch Clock  : clk
    Info (332115): Data Arrival Path:
    Info (332115): Total (ns)  Incr (ns)     Type  Element
    Info (332115): ==========  ========= ==  ====  ===================================
    Info (332115):      0.000      0.000           launch edge time
    Info (332115):      0.000      0.000           source latency
    Info (332115):      0.000      0.000           clk
    Info (332115):      0.000      0.000 RR    IC  clk~input|i
    Info (332115):      0.708      0.708 RR  CELL  clk~input|o
    Info (332115):      1.602      0.894 RR    IC  clk~inputclkctrl|inclk[0]
    Info (332115):      1.602      0.000 RR  CELL  clk~inputclkctrl|outclk
    Info (332115):      3.130      1.528 RR    IC  ineqsudx_scan|solver|unique_digit[9][3]|clk
    Info (332115):      3.640      0.510 RR  CELL  ineqsudx_scan:ineqsudx_scan|ineqsudx_scan_solver:solver|unique_digit[9][3]
    Info (332115):      3.847      0.207     uTco  ineqsudx_scan:ineqsudx_scan|ineqsudx_scan_solver:solver|unique_digit[9][3]
    Info (332115):      3.847      0.000 FF  CELL  ineqsudx_scan|solver|unique_digit[9][3]|q
    Info (332115):      6.235      2.388 FF    IC  ineqsudx_scan|solver|CELLS[0].hidden[3]~1|datad
    Info (332115):      6.366      0.131 FF  CELL  ineqsudx_scan|solver|CELLS[0].hidden[3]~1|combout
    Info (332115):      7.447      1.081 FF    IC  ineqsudx_scan|solver|Equal621~0|datad
    Info (332115):      7.608      0.161 FR  CELL  ineqsudx_scan|solver|Equal621~0|combout
    Info (332115):      7.822      0.214 RR    IC  ineqsudx_scan|solver|Equal612~0|datad
    Info (332115):      7.988      0.166 RR  CELL  ineqsudx_scan|solver|Equal612~0|combout
    Info (332115):      8.211      0.223 RR    IC  ineqsudx_scan|solver|Equal612~1|datad
    Info (332115):      8.377      0.166 RR  CELL  ineqsudx_scan|solver|Equal612~1|combout
    Info (332115):     10.092      1.715 RR    IC  ineqsudx_scan|solver|next_domain[0][6]~391|datad
    Info (332115):     10.237      0.145 RF  CELL  ineqsudx_scan|solver|next_domain[0][6]~391|combout
    Info (332115):     11.963      1.726 FF    IC  ineqsudx_scan|solver|WideOr1163~5|datac
    Info (332115):     12.266      0.303 FF  CELL  ineqsudx_scan|solver|WideOr1163~5|combout
    Info (332115):     14.072      1.806 FF    IC  ineqsudx_scan|solver|WideOr1163~9|datad
    Info (332115):     14.203      0.131 FF  CELL  ineqsudx_scan|solver|WideOr1163~9|combout
    Info (332115):     14.450      0.247 FF    IC  ineqsudx_scan|solver|WideOr1163~20|datac
    Info (332115):     14.753      0.303 FF  CELL  ineqsudx_scan|solver|WideOr1163~20|combout
    Info (332115):     15.476      0.723 FF    IC  ineqsudx_scan|solver|WideOr1163~84|datac
    Info (332115):     15.779      0.303 FF  CELL  ineqsudx_scan|solver|WideOr1163~84|combout
    Info (332115):     16.060      0.281 FF    IC  ineqsudx_scan|solver|WideOr1163~152|datab
    Info (332115):     16.414      0.354 FF  CELL  ineqsudx_scan|solver|WideOr1163~152|combout
    Info (332115):     16.656      0.242 FF    IC  ineqsudx_scan|solver|WideOr1163~485|datac
    Info (332115):     16.959      0.303 FF  CELL  ineqsudx_scan|solver|WideOr1163~485|combout
    Info (332115):     17.258      0.299 FF    IC  ineqsudx_scan|solver|Selector2846~0|datab
    Info (332115):     17.614      0.356 FF  CELL  ineqsudx_scan|solver|Selector2846~0|combout
    Info (332115):     17.614      0.000 FF    IC  ineqsudx_scan|solver|state.PICK_ROWS|d
    Info (332115):     17.708      0.094 FF  CELL  ineqsudx_scan:ineqsudx_scan|ineqsudx_scan_solver:solver|state.PICK_ROWS
    Info (332115): Data Required Path:
    Info (332115): Total (ns)  Incr (ns)     Type  Element
    Info (332115): ==========  ========= ==  ====  ===================================
    Info (332115):      1.000      1.000           latch edge time
    Info (332115):      1.000      0.000           source latency
    Info (332115):      1.000      0.000           clk
    Info (332115):      1.000      0.000 RR    IC  clk~input|i
    Info (332115):      1.708      0.708 RR  CELL  clk~input|o
    Info (332115):      2.566      0.858 RR    IC  clk~inputclkctrl|inclk[0]
    Info (332115):      2.566      0.000 RR  CELL  clk~inputclkctrl|outclk
    Info (332115):      4.382      1.816 RR    IC  ineqsudx_scan|solver|state.PICK_ROWS|clk
    Info (332115):      4.857      0.475 RR  CELL  ineqsudx_scan:ineqsudx_scan|ineqsudx_scan_solver:solver|state.PICK_ROWS
    Info (332115):      4.916      0.059           clock pessimism removed
    Info (332115):      4.896     -0.020           clock uncertainty
    Info (332115):      4.909      0.013     uTsu  ineqsudx_scan:ineqsudx_scan|ineqsudx_scan_solver:solver|state.PICK_ROWS
    Info (332115): Data Arrival Time  :    17.708
    Info (332115): Data Required Time :     4.909
    Info (332115): Slack              :   -12.799 (VIOLATED)
    Info (332115): ===================================================================
Info (332115): Path #2: Setup slack is -12.775 (VIOLATED)
    Info (332115): ===================================================================
    Info (332115): From Node    : ineqsudx_scan:ineqsudx_scan|ineqsudx_scan_solver:solver|unique_digit[2][1]
    Info (332115): To Node      : ineqsudx_scan:ineqsudx_scan|ineqsudx_scan_solver:solver|state.PICK_ROWS
    Info (332115): Launch Clock : clk
    Info (332115): Latch Clock  : clk
    Info (332115): Data Arrival Path:
    Info (332115): Total (ns)  Incr (ns)     Type  Element
    Info (332115): ==========  ========= ==  ====  ===================================
    Info (332115):      0.000      0.000           launch edge time
    Info (332115):      0.000      0.000           source latency
    Info (332115):      0.000      0.000           clk
    Info (332115):      0.000      0.000 RR    IC  clk~input|i
    Info (332115):      0.708      0.708 RR  CELL  clk~input|o
    Info (332115):      1.602      0.894 RR    IC  clk~inputclkctrl|inclk[0]
    Info (332115):      1.602      0.000 RR  CELL  clk~inputclkctrl|outclk
    Info (332115):      3.229      1.627 RR    IC  ineqsudx_scan|solver|unique_digit[2][1]|clk
    Info (332115):      3.739      0.510 RR  CELL  ineqsudx_scan:ineqsudx_scan|ineqsudx_scan_solver:solver|unique_digit[2][1]
    Info (332115):      3.946      0.207     uTco  ineqsudx_scan:ineqsudx_scan|ineqsudx_scan_solver:solver|unique_digit[2][1]
    Info (332115):      3.946      0.000 RR  CELL  ineqsudx_scan|solver|unique_digit[2][1]|q
    Info (332115):      5.735      1.789 RR    IC  ineqsudx_scan|solver|CELLS[19].hidden[1]~4|dataa
    Info (332115):      6.144      0.409 RR  CELL  ineqsudx_scan|solver|CELLS[19].hidden[1]~4|combout
    Info (332115):      7.357      1.213 RR    IC  ineqsudx_scan|solver|Equal1001~0|dataa
    Info (332115):      7.776      0.419 RF  CELL  ineqsudx_scan|solver|Equal1001~0|combout
    Info (332115):      8.026      0.250 FF    IC  ineqsudx_scan|solver|Equal992~0|datad
    Info (332115):      8.157      0.131 FF  CELL  ineqsudx_scan|solver|Equal992~0|combout
    Info (332115):      8.428      0.271 FF    IC  ineqsudx_scan|solver|Equal992~1|datad
    Info (332115):      8.559      0.131 FF  CELL  ineqsudx_scan|solver|Equal992~1|combout
    Info (332115):      9.377      0.818 FF    IC  ineqsudx_scan|solver|next_domain[19][2]|datac
    Info (332115):      9.680      0.303 FF  CELL  ineqsudx_scan|solver|next_domain[19][2]|combout
    Info (332115):     12.099      2.419 FF    IC  ineqsudx_scan|solver|WideOr1163~26|datac
    Info (332115):     12.402      0.303 FF  CELL  ineqsudx_scan|solver|WideOr1163~26|combout
    Info (332115):     12.643      0.241 FF    IC  ineqsudx_scan|solver|WideOr1163~30|datac
    Info (332115):     12.946      0.303 FF  CELL  ineqsudx_scan|solver|WideOr1163~30|combout
    Info (332115):     14.451      1.505 FF    IC  ineqsudx_scan|solver|WideOr1163~41|datad
    Info (332115):     14.582      0.131 FF  CELL  ineqsudx_scan|solver|WideOr1163~41|combout
    Info (332115):     15.374      0.792 FF    IC  ineqsudx_scan|solver|WideOr1163~84|dataa
    Info (332115):     15.733      0.359 FF  CELL  ineqsudx_scan|solver|WideOr1163~84|combout
    Info (332115):     16.014      0.281 FF    IC  ineqsudx_scan|solver|WideOr1163~152|datab
    Info (332115):     16.368      0.354 FF  CELL  ineqsudx_scan|solver|WideOr1163~152|combout
    Info (332115):     16.610      0.242 FF    IC  ineqsudx_scan|solver|WideOr1163~485|datac
    Info (332115):     16.913      0.303 FF  CELL  ineqsudx_scan|solver|WideOr1163~485|combout
    Info (332115):     17.212      0.299 FF    IC  ineqsudx_scan|solver|Selector2846~0|datab
    Info (332115):     17.568      0.356 FF  CELL  ineqsudx_scan|solver|Selector2846~0|combout
    Info (332115):     17.568      0.000 FF    IC  ineqsudx_scan|solver|state.PICK_ROWS|d
    Info (332115):     17.662      0.094 FF  CELL  ineqsudx_scan:ineqsudx_scan|ineqsudx_scan_solver:solver|state.PICK_ROWS
    Info (332115): Data Required Path:
    Info (332115): Total (ns)  Incr (ns)     Type  Element
    Info (332115): ==========  ========= ==  ====  ===================================
    Info (332115):      1.000      1.000           latch edge time
    Info (332115):      1.000      0.000           source latency
    Info (332115):      1.000      0.000           clk
    Info (332115):      1.000      0.000 RR    IC  clk~input|i
    Info (332115):      1.708      0.708 RR  CELL  clk~input|o
    Info (332115):      2.566      0.858 RR    IC  clk~inputclkctrl|inclk[0]
    Info (332115):      2.566      0.000 RR  CELL  clk~inputclkctrl|outclk
    Info (332115):      4.382      1.816 RR    IC  ineqsudx_scan|solver|state.PICK_ROWS|clk
    Info (332115):      4.857      0.475 RR  CELL  ineqsudx_scan:ineqsudx_scan|ineqsudx_scan_solver:solver|state.PICK_ROWS
    Info (332115):      4.894      0.037           clock pessimism removed
    Info (332115):      4.874     -0.020           clock uncertainty
    Info (332115):      4.887      0.013     uTsu  ineqsudx_scan:ineqsudx_scan|ineqsudx_scan_solver:solver|state.PICK_ROWS
    Info (332115): Data Arrival Time  :    17.662
    Info (332115): Data Required Time :     4.887
    Info (332115): Slack              :   -12.775 (VIOLATED)
    Info (332115): ===================================================================
Info (332115): Path #3: Setup slack is -12.760 (VIOLATED)
    Info (332115): ===================================================================
    Info (332115): From Node    : ineqsudx_scan:ineqsudx_scan|ineqsudx_scan_solver:solver|unique_digit[9][0]
    Info (332115): To Node      : ineqsudx_scan:ineqsudx_scan|ineqsudx_scan_solver:solver|state.PICK_ROWS
    Info (332115): Launch Clock : clk
    Info (332115): Latch Clock  : clk
    Info (332115): Data Arrival Path:
    Info (332115): Total (ns)  Incr (ns)     Type  Element
    Info (332115): ==========  ========= ==  ====  ===================================
    Info (332115):      0.000      0.000           launch edge time
    Info (332115):      0.000      0.000           source latency
    Info (332115):      0.000      0.000           clk
    Info (332115):      0.000      0.000 RR    IC  clk~input|i
    Info (332115):      0.708      0.708 RR  CELL  clk~input|o
    Info (332115):      1.602      0.894 RR    IC  clk~inputclkctrl|inclk[0]
    Info (332115):      1.602      0.000 RR  CELL  clk~inputclkctrl|outclk
    Info (332115):      3.200      1.598 RR    IC  ineqsudx_scan|solver|unique_digit[9][0]|clk
    Info (332115):      3.710      0.510 RR  CELL  ineqsudx_scan:ineqsudx_scan|ineqsudx_scan_solver:solver|unique_digit[9][0]
    Info (332115):      3.917      0.207     uTco  ineqsudx_scan:ineqsudx_scan|ineqsudx_scan_solver:solver|unique_digit[9][0]
    Info (332115):      3.917      0.000 FF  CELL  ineqsudx_scan|solver|unique_digit[9][0]|q
    Info (332115):      5.807      1.890 FF    IC  ineqsudx_scan|solver|CELLS[0].hidden[0]~3|datac
    Info (332115):      6.110      0.303 FF  CELL  ineqsudx_scan|solver|CELLS[0].hidden[0]~3|combout
    Info (332115):      7.268      1.158 FF    IC  ineqsudx_scan|solver|Equal621~0|datac
    Info (332115):      7.547      0.279 FR  CELL  ineqsudx_scan|solver|Equal621~0|combout
    Info (332115):      7.761      0.214 RR    IC  ineqsudx_scan|solver|Equal612~0|datad
    Info (332115):      7.927      0.166 RR  CELL  ineqsudx_scan|solver|Equal612~0|combout
    Info (332115):      8.150      0.223 RR    IC  ineqsudx_scan|solver|Equal612~1|datad
    Info (332115):      8.316      0.166 RR  CELL  ineqsudx_scan|solver|Equal612~1|combout
    Info (332115):     10.031      1.715 RR    IC  ineqsudx_scan|solver|next_domain[0][6]~391|datad
    Info (332115):     10.176      0.145 RF  CELL  ineqsudx_scan|solver|next_domain[0][6]~391|combout
    Info (332115):     11.902      1.726 FF    IC  ineqsudx_scan|solver|WideOr1163~5|datac
    Info (332115):     12.205      0.303 FF  CELL  ineqsudx_scan|solver|WideOr1163~5|combout
    Info (332115):     14.011      1.806 FF    IC  ineqsudx_scan|solver|WideOr1163~9|datad
    Info (332115):     14.142      0.131 FF  CELL  ineqsudx_scan|solver|WideOr1163~9|combout
    Info (332115):     14.389      0.247 FF    IC  ineqsudx_scan|solver|WideOr1163~20|datac
    Info (332115):     14.692      0.303 FF  CELL  ineqsudx_scan|solver|WideOr1163~20|combout
    Info (332115):     15.415      0.723 FF    IC  ineqsudx_scan|solver|WideOr1163~84|datac
    Info (332115):     15.718      0.303 FF  CELL  ineqsudx_scan|solver|WideOr1163~84|combout
    Info (332115):     15.999      0.281 FF    IC  ineqsudx_scan|solver|WideOr1163~152|datab
    Info (332115):     16.353      0.354 FF  CELL  ineqsudx_scan|solver|WideOr1163~152|combout
    Info (332115):     16.595      0.242 FF    IC  ineqsudx_scan|solver|WideOr1163~485|datac
    Info (332115):     16.898      0.303 FF  CELL  ineqsudx_scan|solver|WideOr1163~485|combout
    Info (332115):     17.197      0.299 FF    IC  ineqsudx_scan|solver|Selector2846~0|datab
    Info (332115):     17.553      0.356 FF  CELL  ineqsudx_scan|solver|Selector2846~0|combout
    Info (332115):     17.553      0.000 FF    IC  ineqsudx_scan|solver|state.PICK_ROWS|d
    Info (332115):     17.647      0.094 FF  CELL  ineqsudx_scan:ineqsudx_scan|ineqsudx_scan_solver:solver|state.PICK_ROWS
    Info (332115): Data Required Path:
    Info (332115): Total (ns)  Incr (ns)     Type  Element
    Info (332115): ==========  ========= ==  ====  ===================================
    Info (332115):      1.000      1.000           latch edge time
    Info (332115):      1.000      0.000           source latency
    Info (332115):      1.000      0.000           clk
    Info (332115):      1.000      0.000 RR    IC  clk~input|i
    Info (332115):      1.708      0.708 RR  CELL  clk~input|o
    Info (332115):      2.566      0.858 RR    IC  clk~inputclkctrl|inclk[0]
    Info (332115):      2.566      0.000 RR  CELL  clk~inputclkctrl|outclk
    Info (332115):      4.382      1.816 RR    IC  ineqsudx_scan|solver|state.PICK_ROWS|clk
    Info (332115):      4.857      0.475 RR  CELL  ineqsudx_scan:ineqsudx_scan|ineqsudx_scan_solver:solver|state.PICK_ROWS
    Info (332115):      4.894      0.037           clock pessimism removed
    Info (332115):      4.874     -0.020           clock uncertainty
    Info (332115):      4.887      0.013     uTsu  ineqsudx_scan:ineqsudx_scan|ineqsudx_scan_solver:solver|state.PICK_ROWS
    Info (332115): Data Arrival Time  :    17.647
    Info (332115): Data Required Time :     4.887
    Info (332115): Slack              :   -12.760 (VIOLATED)
    Info (332115): ===================================================================
Info (332115): Path #4: Setup slack is -12.681 (VIOLATED)
    Info (332115): ===================================================================
    Info (332115): From Node    : ineqsudx_scan:ineqsudx_scan|ineqsudx_scan_solver:solver|unique_digit[9][3]
    Info (332115): To Node      : ineqsudx_scan:ineqsudx_scan|ineqsudx_scan_solver:solver|state.SCAN
    Info (332115): Launch Clock : clk
    Info (332115): Latch Clock  : clk
    Info (332115): Data Arrival Path:
    Info (332115): Total (ns)  Incr (ns)     Type  Element
    Info (332115): ==========  ========= ==  ====  ===================================
    Info (332115):      0.000      0.000           launch edge time
    Info (332115):      0.000      0.000           source latency
    Info (332115):      0.000      0.000           clk
    Info (332115):      0.000      0.000 RR    IC  clk~input|i
    Info (332115):      0.708      0.708 RR  CELL  clk~input|o
    Info (332115):      1.602      0.894 RR    IC  clk~inputclkctrl|inclk[0]
    Info (332115):      1.602      0.000 RR  CELL  clk~inputclkctrl|outclk
    Info (332115):      3.130      1.528 RR    IC  ineqsudx_scan|solver|unique_digit[9][3]|clk
    Info (332115):      3.640      0.510 RR  CELL  ineqsudx_scan:ineqsudx_scan|ineqsudx_scan_solver:solver|unique_digit[9][3]
    Info (332115):      3.847      0.207     uTco  ineqsudx_scan:ineqsudx_scan|ineqsudx_scan_solver:solver|unique_digit[9][3]
    Info (332115):      3.847      0.000 FF  CELL  ineqsudx_scan|solver|unique_digit[9][3]|q
    Info (332115):      6.235      2.388 FF    IC  ineqsudx_scan|solver|CELLS[0].hidden[3]~1|datad
    Info (332115):      6.366      0.131 FF  CELL  ineqsudx_scan|solver|CELLS[0].hidden[3]~1|combout
    Info (332115):      7.447      1.081 FF    IC  ineqsudx_scan|solver|Equal621~0|datad
    Info (332115):      7.608      0.161 FR  CELL  ineqsudx_scan|solver|Equal621~0|combout
    Info (332115):      7.822      0.214 RR    IC  ineqsudx_scan|solver|Equal612~0|datad
    Info (332115):      7.988      0.166 RR  CELL  ineqsudx_scan|solver|Equal612~0|combout
    Info (332115):      8.211      0.223 RR    IC  ineqsudx_scan|solver|Equal612~1|datad
    Info (332115):      8.377      0.166 RR  CELL  ineqsudx_scan|solver|Equal612~1|combout
    Info (332115):     10.092      1.715 RR    IC  ineqsudx_scan|solver|next_domain[0][6]~391|datad
    Info (332115):     10.237      0.145 RF  CELL  ineqsudx_scan|solver|next_domain[0][6]~391|combout
    Info (332115):     11.963      1.726 FF    IC  ineqsudx_scan|solver|WideOr1163~5|datac
    Info (332115):     12.266      0.303 FF  CELL  ineqsudx_scan|solver|WideOr1163~5|combout
    Info (332115):     14.072      1.806 FF    IC  ineqsudx_scan|solver|WideOr1163~9|datad
    Info (332115):     14.203      0.131 FF  CELL  ineqsudx_scan|solver|WideOr1163~9|combout
    Info (332115):     14.450      0.247 FF    IC  ineqsudx_scan|solver|WideOr1163~20|datac
    Info (332115):     14.753      0.303 FF  CELL  ineqsudx_scan|solver|WideOr1163~20|combout
    Info (332115):     15.476      0.723 FF    IC  ineqsudx_scan|solver|WideOr1163~84|datac
    Info (332115):     15.779      0.303 FF  CELL  ineqsudx_scan|solver|WideOr1163~84|combout
    Info (332115):     16.060      0.281 FF    IC  ineqsudx_scan|solver|WideOr1163~152|datab
    Info (332115):     16.414      0.354 FF  CELL  ineqsudx_scan|solver|WideOr1163~152|combout
    Info (332115):     16.656      0.242 FF    IC  ineqsudx_scan|solver|WideOr1163~485|datac
    Info (332115):     16.959      0.303 FF  CELL  ineqsudx_scan|solver|WideOr1163~485|combout
    Info (332115):     17.220      0.261 FF    IC  ineqsudx_scan|solver|Selector2844~3|datac
    Info (332115):     17.501      0.281 FR  CELL  ineqsudx_scan|solver|Selector2844~3|combout
    Info (332115):     17.501      0.000 RR    IC  ineqsudx_scan|solver|state.SCAN|d
    Info (332115):     17.590      0.089 RR  CELL  ineqsudx_scan:ineqsudx_scan|ineqsudx_scan_solver:solver|state.SCAN
    Info (332115): Data Required Path:
    Info (332115): Total (ns)  Incr (ns)     Type  Element
    Info (332115): ==========  ========= ==  ====  ===================================
    Info (332115):      1.000      1.000           latch edge time
    Info (332115):      1.000      0.000           source latency
    Info (332115):      1.000      0.000           clk
    Info (332115):      1.000      0.000 RR    IC  clk~input|i
    Info (332115):      1.708      0.708 RR  CELL  clk~input|o
    Info (332115):      2.566      0.858 RR    IC  clk~inputclkctrl|inclk[0]
    Info (332115):      2.566      0.000 RR  CELL  clk~inputclkctrl|outclk
    Info (332115):      4.382      1.816 RR    IC  ineqsudx_scan|solver|state.SCAN|clk
    Info (332115):      4.857      0.475 RR  CELL  ineqsudx_scan:ineqsudx_scan|ineqsudx_scan_solver:solver|state.SCAN
    Info (332115):      4.916      0.059           clock pessimism removed
    Info (332115):      4.896     -0.020           clock uncertainty
    Info (332115):      4.909      0.013     uTsu  ineqsudx_scan:ineqsudx_scan|ineqsudx_scan_solver:solver|state.SCAN
    Info (332115): Data Arrival Time  :    17.590
    Info (332115): Data Required Time :     4.909
    Info (332115): Slack              :   -12.681 (VIOLATED)
    Info (332115): ===================================================================
Info (332115): Path #5: Setup slack is -12.669 (VIOLATED)
    Info (332115): ===================================================================
    Info (332115): From Node    : ineqsudx_scan:ineqsudx_scan|ineqsudx_scan_solver:solver|domain[0][1]
    Info (332115): To Node      : ineqsudx_scan:ineqsudx_scan|ineqsudx_scan_solver:solver|state.PICK_ROWS
    Info (332115): Launch Clock : clk
    Info (332115): Latch Clock  : clk
    Info (332115): Data Arrival Path:
    Info (332115): Total (ns)  Incr (ns)     Type  Element
    Info (332115): ==========  ========= ==  ====  ===================================
    Info (332115):      0.000      0.000           launch edge time
    Info (332115):      0.000      0.000           source latency
    Info (332115):      0.000      0.000           clk
    Info (332115):      0.000      0.000 RR    IC  clk~input|i
    Info (332115):      0.708      0.708 RR  CELL  clk~input|o
    Info (332115):      1.602      0.894 RR    IC  clk~inputclkctrl|inclk[0]
    Info (332115):      1.602      0.000 RR  CELL  clk~inputclkctrl|outclk
    Info (332115):      3.190      1.588 RR    IC  ineqsudx_scan|solver|domain[0][1]|clk
    Info (332115):      3.700      0.510 RR  CELL  ineqsudx_scan:ineqsudx_scan|ineqsudx_scan_solver:solver|domain[0][1]
    Info (332115):      3.907      0.207     uTco  ineqsudx_scan:ineqsudx_scan|ineqsudx_scan_solver:solver|domain[0][1]
    Info (332115):      3.907      0.000 FF  CELL  ineqsudx_scan|solver|domain[0][1]|q
    Info (332115):      4.745      0.838 FF    IC  ineqsudx_scan|solver|singleton[0]~272|datab
    Info (332115):      5.149      0.404 FF  CELL  ineqsudx_scan|solver|singleton[0]~272|combout
    Info (332115):      5.384      0.235 FF    IC  ineqsudx_scan|solver|singleton[0]~273|datad
    Info (332115):      5.515      0.131 FF  CELL  ineqsudx_scan|solver|singleton[0]~273|combout
    Info (332115):      5.757      0.242 FF    IC  ineqsudx_scan|solver|singleton[0]~277|datac
    Info (332115):      6.060      0.303 FF  CELL  ineqsudx_scan|solver|singleton[0]~277|combout
    Info (332115):      6.366      0.306 FF    IC  ineqsudx_scan|solver|singleton[0]~278|dataa
    Info (332115):      6.794      0.428 FF  CELL  ineqsudx_scan|solver|singleton[0]~278|combout
    Info (332115):      7.558      0.764 FF    IC  ineqsudx_scan|solver|CELLS[0].peer_allowed[6]~1|datac
    Info (332115):      7.861      0.303 FF  CELL  ineqsudx_scan|solver|CELLS[0].peer_allowed[6]~1|combout
    Info (332115):      9.692      1.831 FF    IC  ineqsudx_scan|solver|next_domain[0][6]~391|datab
    Info (332115):     10.085      0.393 FF  CELL  ineqsudx_scan|solver|next_domain[0][6]~391|combout
    Info (332115):     11.811      1.726 FF    IC  ineqsudx_scan|solver|WideOr1163~5|datac
    Info (332115):     12.114      0.303 FF  CELL  ineqsudx_scan|solver|WideOr1163~5|combout
    Info (332115):     13.920      1.806 FF    IC  ineqsudx_scan|solver|WideOr1163~9|datad
    Info (332115):     14.051      0.131 FF  CELL  ineqsudx_scan|solver|WideOr1163~9|combout
    Info (332115):     14.298      0.247 FF    IC  ineqsudx_scan|solver|WideOr1163~20|datac
    Info (332115):     14.601      0.303 FF  CELL  ineqsudx_scan|solver|WideOr1163~20|combout
    Info (332115):     15.324      0.723 FF    IC  ineqsudx_scan|solver|WideOr1163~84|datac
    Info (332115):     15.627      0.303 FF  CELL  ineqsudx_scan|solver|WideOr1163~84|combout
    Info (332115):     15.908      0.281 FF    IC  ineqsudx_scan|solver|WideOr1163~152|datab
    Info (332115):     16.262      0.354 FF  CELL  ineqsudx_scan|solver|WideOr1163~152|combout
    Info (332115):     16.504      0.242 FF    IC  ineqsudx_scan|solver|WideOr1163~485|datac
    Info (332115):     16.807      0.303 FF  CELL  ineqsudx_scan|solver|WideOr1163~485|combout
    Info (332115):     17.106      0.299 FF    IC  ineqsudx_scan|solver|Selector2846~0|datab
    Info (332115):     17.462      0.356 FF  CELL  ineqsudx_scan|solver|Selector2846~0|combout
    Info (332115):     17.462      0.000 FF    IC  ineqsudx_scan|solver|state.PICK_ROWS|d
    Info (332115):     17.556      0.094 FF  CELL  ineqsudx_scan:ineqsudx_scan|ineqsudx_scan_solver:solver|state.PICK_ROWS
    Info (332115): Data Required Path:
    Info (332115): Total (ns)  Incr (ns)     Type  Element
    Info (332115): ==========  ========= ==  ====  ===================================
    Info (332115):      1.000      1.000           latch edge time
    Info (332115):      1.000      0.000           source latency
    Info (332115):      1.000      0.000           clk
    Info (332115):      1.000      0.000 RR    IC  clk~input|i
    Info (332115):      1.708      0.708 RR  CELL  clk~input|o
    Info (332115):      2.566      0.858 RR    IC  clk~inputclkctrl|inclk[0]
    Info (332115):      2.566      0.000 RR  CELL  clk~inputclkctrl|outclk
    Info (332115):      4.382      1.816 RR    IC  ineqsudx_scan|solver|state.PICK_ROWS|clk
    Info (332115):      4.857      0.475 RR  CELL  ineqsudx_scan:ineqsudx_scan|ineqsudx_scan_solver:solver|state.PICK_ROWS
    Info (332115):      4.894      0.037           clock pessimism removed
    Info (332115):      4.874     -0.020           clock uncertainty
    Info (332115):      4.887      0.013     uTsu  ineqsudx_scan:ineqsudx_scan|ineqsudx_scan_solver:solver|state.PICK_ROWS
    Info (332115): Data Arrival Time  :    17.556
    Info (332115): Data Required Time :     4.887
    Info (332115): Slack              :   -12.669 (VIOLATED)
    Info (332115): ===================================================================
Info (332115): Path #6: Setup slack is -12.657 (VIOLATED)
    Info (332115): ===================================================================
    Info (332115): From Node    : ineqsudx_scan:ineqsudx_scan|ineqsudx_scan_solver:solver|unique_digit[2][1]
    Info (332115): To Node      : ineqsudx_scan:ineqsudx_scan|ineqsudx_scan_solver:solver|state.SCAN
    Info (332115): Launch Clock : clk
    Info (332115): Latch Clock  : clk
    Info (332115): Data Arrival Path:
    Info (332115): Total (ns)  Incr (ns)     Type  Element
    Info (332115): ==========  ========= ==  ====  ===================================
    Info (332115):      0.000      0.000           launch edge time
    Info (332115):      0.000      0.000           source latency
    Info (332115):      0.000      0.000           clk
    Info (332115):      0.000      0.000 RR    IC  clk~input|i
    Info (332115):      0.708      0.708 RR  CELL  clk~input|o
    Info (332115):      1.602      0.894 RR    IC  clk~inputclkctrl|inclk[0]
    Info (332115):      1.602      0.000 RR  CELL  clk~inputclkctrl|outclk
    Info (332115):      3.229      1.627 RR    IC  ineqsudx_scan|solver|unique_digit[2][1]|clk
    Info (332115):      3.739      0.510 RR  CELL  ineqsudx_scan:ineqsudx_scan|ineqsudx_scan_solver:solver|unique_digit[2][1]
    Info (332115):      3.946      0.207     uTco  ineqsudx_scan:ineqsudx_scan|ineqsudx_scan_solver:solver|unique_digit[2][1]
    Info (332115):      3.946      0.000 RR  CELL  ineqsudx_scan|solver|unique_digit[2][1]|q
    Info (332115):      5.735      1.789 RR    IC  ineqsudx_scan|solver|CELLS[19].hidden[1]~4|dataa
    Info (332115):      6.144      0.409 RR  CELL  ineqsudx_scan|solver|CELLS[19].hidden[1]~4|combout
    Info (332115):      7.357      1.213 RR    IC  ineqsudx_scan|solver|Equal1001~0|dataa
    Info (332115):      7.776      0.419 RF  CELL  ineqsudx_scan|solver|Equal1001~0|combout
    Info (332115):      8.026      0.250 FF    IC  ineqsudx_scan|solver|Equal992~0|datad
    Info (332115):      8.157      0.131 FF  CELL  ineqsudx_scan|solver|Equal992~0|combout
    Info (332115):      8.428      0.271 FF    IC  ineqsudx_scan|solver|Equal992~1|datad
    Info (332115):      8.559      0.131 FF  CELL  ineqsudx_scan|solver|Equal992~1|combout
    Info (332115):      9.377      0.818 FF    IC  ineqsudx_scan|solver|next_domain[19][2]|datac
    Info (332115):      9.680      0.303 FF  CELL  ineqsudx_scan|solver|next_domain[19][2]|combout
    Info (332115):     12.099      2.419 FF    IC  ineqsudx_scan|solver|WideOr1163~26|datac
    Info (332115):     12.402      0.303 FF  CELL  ineqsudx_scan|solver|WideOr1163~26|combout
    Info (332115):     12.643      0.241 FF    IC  ineqsudx_scan|solver|WideOr1163~30|datac
    Info (332115):     12.946      0.303 FF  CELL  ineqsudx_scan|solver|WideOr1163~30|combout
    Info (332115):     14.451      1.505 FF    IC  ineqsudx_scan|solver|WideOr1163~41|datad
    Info (332115):     14.582      0.131 FF  CELL  ineqsudx_scan|solver|WideOr1163~41|combout
    Info (332115):     15.374      0.792 FF    IC  ineqsudx_scan|solver|WideOr1163~84|dataa
    Info (332115):     15.733      0.359 FF  CELL  ineqsudx_scan|solver|WideOr1163~84|combout
    Info (332115):     16.014      0.281 FF    IC  ineqsudx_scan|solver|WideOr1163~152|datab
    Info (332115):     16.368      0.354 FF  CELL  ineqsudx_scan|solver|WideOr1163~152|combout
    Info (332115):     16.610      0.242 FF    IC  ineqsudx_scan|solver|WideOr1163~485|datac
    Info (332115):     16.913      0.303 FF  CELL  ineqsudx_scan|solver|WideOr1163~485|combout
    Info (332115):     17.174      0.261 FF    IC  ineqsudx_scan|solver|Selector2844~3|datac
    Info (332115):     17.455      0.281 FR  CELL  ineqsudx_scan|solver|Selector2844~3|combout
    Info (332115):     17.455      0.000 RR    IC  ineqsudx_scan|solver|state.SCAN|d
    Info (332115):     17.544      0.089 RR  CELL  ineqsudx_scan:ineqsudx_scan|ineqsudx_scan_solver:solver|state.SCAN
    Info (332115): Data Required Path:
    Info (332115): Total (ns)  Incr (ns)     Type  Element
    Info (332115): ==========  ========= ==  ====  ===================================
    Info (332115):      1.000      1.000           latch edge time
    Info (332115):      1.000      0.000           source latency
    Info (332115):      1.000      0.000           clk
    Info (332115):      1.000      0.000 RR    IC  clk~input|i
    Info (332115):      1.708      0.708 RR  CELL  clk~input|o
    Info (332115):      2.566      0.858 RR    IC  clk~inputclkctrl|inclk[0]
    Info (332115):      2.566      0.000 RR  CELL  clk~inputclkctrl|outclk
    Info (332115):      4.382      1.816 RR    IC  ineqsudx_scan|solver|state.SCAN|clk
    Info (332115):      4.857      0.475 RR  CELL  ineqsudx_scan:ineqsudx_scan|ineqsudx_scan_solver:solver|state.SCAN
    Info (332115):      4.894      0.037           clock pessimism removed
    Info (332115):      4.874     -0.020           clock uncertainty
    Info (332115):      4.887      0.013     uTsu  ineqsudx_scan:ineqsudx_scan|ineqsudx_scan_solver:solver|state.SCAN
    Info (332115): Data Arrival Time  :    17.544
    Info (332115): Data Required Time :     4.887
    Info (332115): Slack              :   -12.657 (VIOLATED)
    Info (332115): ===================================================================
Info (332115): Path #7: Setup slack is -12.648 (VIOLATED)
    Info (332115): ===================================================================
    Info (332115): From Node    : ineqsudx_scan:ineqsudx_scan|ineqsudx_scan_solver:solver|domain[0][7]
    Info (332115): To Node      : ineqsudx_scan:ineqsudx_scan|ineqsudx_scan_solver:solver|state.PICK_ROWS
    Info (332115): Launch Clock : clk
    Info (332115): Latch Clock  : clk
    Info (332115): Data Arrival Path:
    Info (332115): Total (ns)  Incr (ns)     Type  Element
    Info (332115): ==========  ========= ==  ====  ===================================
    Info (332115):      0.000      0.000           launch edge time
    Info (332115):      0.000      0.000           source latency
    Info (332115):      0.000      0.000           clk
    Info (332115):      0.000      0.000 RR    IC  clk~input|i
    Info (332115):      0.708      0.708 RR  CELL  clk~input|o
    Info (332115):      1.602      0.894 RR    IC  clk~inputclkctrl|inclk[0]
    Info (332115):      1.602      0.000 RR  CELL  clk~inputclkctrl|outclk
    Info (332115):      3.190      1.588 RR    IC  ineqsudx_scan|solver|domain[0][7]|clk
    Info (332115):      3.700      0.510 RR  CELL  ineqsudx_scan:ineqsudx_scan|ineqsudx_scan_solver:solver|domain[0][7]
    Info (332115):      3.907      0.207     uTco  ineqsudx_scan:ineqsudx_scan|ineqsudx_scan_solver:solver|domain[0][7]
    Info (332115):      3.907      0.000 RR  CELL  ineqsudx_scan|solver|domain[0][7]|q
    Info (332115):      4.168      0.261 RR    IC  ineqsudx_scan|Selector254~1|datac
    Info (332115):      4.448      0.280 RF  CELL  ineqsudx_scan|Selector254~1|combout
    Info (332115):      5.171      0.723 FF    IC  ineqsudx_scan|solver|singleton[0]~273|dataa
    Info (332115):      5.494      0.323 FF  CELL  ineqsudx_scan|solver|singleton[0]~273|combout
    Info (332115):      5.736      0.242 FF    IC  ineqsudx_scan|solver|singleton[0]~277|datac
    Info (332115):      6.039      0.303 FF  CELL  ineqsudx_scan|solver|singleton[0]~277|combout
    Info (332115):      6.345      0.306 FF    IC  ineqsudx_scan|solver|singleton[0]~278|dataa
    Info (332115):      6.773      0.428 FF  CELL  ineqsudx_scan|solver|singleton[0]~278|combout
    Info (332115):      7.537      0.764 FF    IC  ineqsudx_scan|solver|CELLS[0].peer_allowed[6]~1|datac
    Info (332115):      7.840      0.303 FF  CELL  ineqsudx_scan|solver|CELLS[0].peer_allowed[6]~1|combout
    Info (332115):      9.671      1.831 FF    IC  ineqsudx_scan|solver|next_domain[0][6]~391|datab
    Info (332115):     10.064      0.393 FF  CELL  ineqsudx_scan|solver|next_domain[0][6]~391|combout
    Info (332115):     11.790      1.726 FF    IC  ineqsudx_scan|solver|WideOr1163~5|datac
    Info (332115):     12.093      0.303 FF  CELL  ineqsudx_scan|solver|WideOr1163~5|combout
    Info (332115):     13.899      1.806 FF    IC  ineqsudx_scan|solver|WideOr1163~9|datad
    Info (332115):     14.030      0.131 FF  CELL  ineqsudx_scan|solver|WideOr1163~9|combout
    Info (332115):     14.277      0.247 FF    IC  ineqsudx_scan|solver|WideOr1163~20|datac
    Info (332115):     14.580      0.303 FF  CELL  ineqsudx_scan|solver|WideOr1163~20|combout
    Info (332115):     15.303      0.723 FF    IC  ineqsudx_scan|solver|WideOr1163~84|datac
    Info (332115):     15.606      0.303 FF  CELL  ineqsudx_scan|solver|WideOr1163~84|combout
    Info (332115):     15.887      0.281 FF    IC  ineqsudx_scan|solver|WideOr1163~152|datab
    Info (332115):     16.241      0.354 FF  CELL  ineqsudx_scan|solver|WideOr1163~152|combout
    Info (332115):     16.483      0.242 FF    IC  ineqsudx_scan|solver|WideOr1163~485|datac
    Info (332115):     16.786      0.303 FF  CELL  ineqsudx_scan|solver|WideOr1163~485|combout
    Info (332115):     17.085      0.299 FF    IC  ineqsudx_scan|solver|Selector2846~0|datab
    Info (332115):     17.441      0.356 FF  CELL  ineqsudx_scan|solver|Selector2846~0|combout
    Info (332115):     17.441      0.000 FF    IC  ineqsudx_scan|solver|state.PICK_ROWS|d
    Info (332115):     17.535      0.094 FF  CELL  ineqsudx_scan:ineqsudx_scan|ineqsudx_scan_solver:solver|state.PICK_ROWS
    Info (332115): Data Required Path:
    Info (332115): Total (ns)  Incr (ns)     Type  Element
    Info (332115): ==========  ========= ==  ====  ===================================
    Info (332115):      1.000      1.000           latch edge time
    Info (332115):      1.000      0.000           source latency
    Info (332115):      1.000      0.000           clk
    Info (332115):      1.000      0.000 RR    IC  clk~input|i
    Info (332115):      1.708      0.708 RR  CELL  clk~input|o
    Info (332115):      2.566      0.858 RR    IC  clk~inputclkctrl|inclk[0]
    Info (332115):      2.566      0.000 RR  CELL  clk~inputclkctrl|outclk
    Info (332115):      4.382      1.816 RR    IC  ineqsudx_scan|solver|state.PICK_ROWS|clk
    Info (332115):      4.857      0.475 RR  CELL  ineqsudx_scan:ineqsudx_scan|ineqsudx_scan_solver:solver|state.PICK_ROWS
    Info (332115):      4.894      0.037           clock pessimism removed
    Info (332115):      4.874     -0.020           clock uncertainty
    Info (332115):      4.887      0.013     uTsu  ineqsudx_scan:ineqsudx_scan|ineqsudx_scan_solver:solver|state.PICK_ROWS
    Info (332115): Data Arrival Time  :    17.535
    Info (332115): Data Required Time :     4.887
    Info (332115): Slack              :   -12.648 (VIOLATED)
    Info (332115): ===================================================================
Info (332115): Path #8: Setup slack is -12.642 (VIOLATED)
    Info (332115): ===================================================================
    Info (332115): From Node    : ineqsudx_scan:ineqsudx_scan|ineqsudx_scan_solver:solver|unique_digit[9][0]
    Info (332115): To Node      : ineqsudx_scan:ineqsudx_scan|ineqsudx_scan_solver:solver|state.SCAN
    Info (332115): Launch Clock : clk
    Info (332115): Latch Clock  : clk
    Info (332115): Data Arrival Path:
    Info (332115): Total (ns)  Incr (ns)     Type  Element
    Info (332115): ==========  ========= ==  ====  ===================================
    Info (332115):      0.000      0.000           launch edge time
    Info (332115):      0.000      0.000           source latency
    Info (332115):      0.000      0.000           clk
    Info (332115):      0.000      0.000 RR    IC  clk~input|i
    Info (332115):      0.708      0.708 RR  CELL  clk~input|o
    Info (332115):      1.602      0.894 RR    IC  clk~inputclkctrl|inclk[0]
    Info (332115):      1.602      0.000 RR  CELL  clk~inputclkctrl|outclk
    Info (332115):      3.200      1.598 RR    IC  ineqsudx_scan|solver|unique_digit[9][0]|clk
    Info (332115):      3.710      0.510 RR  CELL  ineqsudx_scan:ineqsudx_scan|ineqsudx_scan_solver:solver|unique_digit[9][0]
    Info (332115):      3.917      0.207     uTco  ineqsudx_scan:ineqsudx_scan|ineqsudx_scan_solver:solver|unique_digit[9][0]
    Info (332115):      3.917      0.000 FF  CELL  ineqsudx_scan|solver|unique_digit[9][0]|q
    Info (332115):      5.807      1.890 FF    IC  ineqsudx_scan|solver|CELLS[0].hidden[0]~3|datac
    Info (332115):      6.110      0.303 FF  CELL  ineqsudx_scan|solver|CELLS[0].hidden[0]~3|combout
    Info (332115):      7.268      1.158 FF    IC  ineqsudx_scan|solver|Equal621~0|datac
    Info (332115):      7.547      0.279 FR  CELL  ineqsudx_scan|solver|Equal621~0|combout
    Info (332115):      7.761      0.214 RR    IC  ineqsudx_scan|solver|Equal612~0|datad
    Info (332115):      7.927      0.166 RR  CELL  ineqsudx_scan|solver|Equal612~0|combout
    Info (332115):      8.150      0.223 RR    IC  ineqsudx_scan|solver|Equal612~1|datad
    Info (332115):      8.316      0.166 RR  CELL  ineqsudx_scan|solver|Equal612~1|combout
    Info (332115):     10.031      1.715 RR    IC  ineqsudx_scan|solver|next_domain[0][6]~391|datad
    Info (332115):     10.176      0.145 RF  CELL  ineqsudx_scan|solver|next_domain[0][6]~391|combout
    Info (332115):     11.902      1.726 FF    IC  ineqsudx_scan|solver|WideOr1163~5|datac
    Info (332115):     12.205      0.303 FF  CELL  ineqsudx_scan|solver|WideOr1163~5|combout
    Info (332115):     14.011      1.806 FF    IC  ineqsudx_scan|solver|WideOr1163~9|datad
    Info (332115):     14.142      0.131 FF  CELL  ineqsudx_scan|solver|WideOr1163~9|combout
    Info (332115):     14.389      0.247 FF    IC  ineqsudx_scan|solver|WideOr1163~20|datac
    Info (332115):     14.692      0.303 FF  CELL  ineqsudx_scan|solver|WideOr1163~20|combout
    Info (332115):     15.415      0.723 FF    IC  ineqsudx_scan|solver|WideOr1163~84|datac
    Info (332115):     15.718      0.303 FF  CELL  ineqsudx_scan|solver|WideOr1163~84|combout
    Info (332115):     15.999      0.281 FF    IC  ineqsudx_scan|solver|WideOr1163~152|datab
    Info (332115):     16.353      0.354 FF  CELL  ineqsudx_scan|solver|WideOr1163~152|combout
    Info (332115):     16.595      0.242 FF    IC  ineqsudx_scan|solver|WideOr1163~485|datac
    Info (332115):     16.898      0.303 FF  CELL  ineqsudx_scan|solver|WideOr1163~485|combout
    Info (332115):     17.159      0.261 FF    IC  ineqsudx_scan|solver|Selector2844~3|datac
    Info (332115):     17.440      0.281 FR  CELL  ineqsudx_scan|solver|Selector2844~3|combout
    Info (332115):     17.440      0.000 RR    IC  ineqsudx_scan|solver|state.SCAN|d
    Info (332115):     17.529      0.089 RR  CELL  ineqsudx_scan:ineqsudx_scan|ineqsudx_scan_solver:solver|state.SCAN
    Info (332115): Data Required Path:
    Info (332115): Total (ns)  Incr (ns)     Type  Element
    Info (332115): ==========  ========= ==  ====  ===================================
    Info (332115):      1.000      1.000           latch edge time
    Info (332115):      1.000      0.000           source latency
    Info (332115):      1.000      0.000           clk
    Info (332115):      1.000      0.000 RR    IC  clk~input|i
    Info (332115):      1.708      0.708 RR  CELL  clk~input|o
    Info (332115):      2.566      0.858 RR    IC  clk~inputclkctrl|inclk[0]
    Info (332115):      2.566      0.000 RR  CELL  clk~inputclkctrl|outclk
    Info (332115):      4.382      1.816 RR    IC  ineqsudx_scan|solver|state.SCAN|clk
    Info (332115):      4.857      0.475 RR  CELL  ineqsudx_scan:ineqsudx_scan|ineqsudx_scan_solver:solver|state.SCAN
    Info (332115):      4.894      0.037           clock pessimism removed
    Info (332115):      4.874     -0.020           clock uncertainty
    Info (332115):      4.887      0.013     uTsu  ineqsudx_scan:ineqsudx_scan|ineqsudx_scan_solver:solver|state.SCAN
    Info (332115): Data Arrival Time  :    17.529
    Info (332115): Data Required Time :     4.887
    Info (332115): Slack              :   -12.642 (VIOLATED)
    Info (332115): ===================================================================
Info (332115): Path #9: Setup slack is -12.605 (VIOLATED)
    Info (332115): ===================================================================
    Info (332115): From Node    : ineqsudx_scan:ineqsudx_scan|ineqsudx_scan_solver:solver|domain[0][5]
    Info (332115): To Node      : ineqsudx_scan:ineqsudx_scan|ineqsudx_scan_solver:solver|state.PICK_ROWS
    Info (332115): Launch Clock : clk
    Info (332115): Latch Clock  : clk
    Info (332115): Data Arrival Path:
    Info (332115): Total (ns)  Incr (ns)     Type  Element
    Info (332115): ==========  ========= ==  ====  ===================================
    Info (332115):      0.000      0.000           launch edge time
    Info (332115):      0.000      0.000           source latency
    Info (332115):      0.000      0.000           clk
    Info (332115):      0.000      0.000 RR    IC  clk~input|i
    Info (332115):      0.708      0.708 RR  CELL  clk~input|o
    Info (332115):      1.602      0.894 RR    IC  clk~inputclkctrl|inclk[0]
    Info (332115):      1.602      0.000 RR  CELL  clk~inputclkctrl|outclk
    Info (332115):      3.190      1.588 RR    IC  ineqsudx_scan|solver|domain[0][5]|clk
    Info (332115):      3.700      0.510 RR  CELL  ineqsudx_scan:ineqsudx_scan|ineqsudx_scan_solver:solver|domain[0][5]
    Info (332115):      3.907      0.207     uTco  ineqsudx_scan:ineqsudx_scan|ineqsudx_scan_solver:solver|domain[0][5]
    Info (332115):      3.907      0.000 RR  CELL  ineqsudx_scan|solver|domain[0][5]|q
    Info (332115):      4.185      0.278 RR    IC  ineqsudx_scan|solver|singleton[0]~28|datac
    Info (332115):      4.465      0.280 RF  CELL  ineqsudx_scan|solver|singleton[0]~28|combout
    Info (332115):      5.148      0.683 FF    IC  ineqsudx_scan|solver|singleton[0]~273|datac
    Info (332115):      5.451      0.303 FF  CELL  ineqsudx_scan|solver|singleton[0]~273|combout
    Info (332115):      5.693      0.242 FF    IC  ineqsudx_scan|solver|singleton[0]~277|datac
    Info (332115):      5.996      0.303 FF  CELL  ineqsudx_scan|solver|singleton[0]~277|combout
    Info (332115):      6.302      0.306 FF    IC  ineqsudx_scan|solver|singleton[0]~278|dataa
    Info (332115):      6.730      0.428 FF  CELL  ineqsudx_scan|solver|singleton[0]~278|combout
    Info (332115):      7.494      0.764 FF    IC  ineqsudx_scan|solver|CELLS[0].peer_allowed[6]~1|datac
    Info (332115):      7.797      0.303 FF  CELL  ineqsudx_scan|solver|CELLS[0].peer_allowed[6]~1|combout
    Info (332115):      9.628      1.831 FF    IC  ineqsudx_scan|solver|next_domain[0][6]~391|datab
    Info (332115):     10.021      0.393 FF  CELL  ineqsudx_scan|solver|next_domain[0][6]~391|combout
    Info (332115):     11.747      1.726 FF    IC  ineqsudx_scan|solver|WideOr1163~5|datac
    Info (332115):     12.050      0.303 FF  CELL  ineqsudx_scan|solver|WideOr1163~5|combout
    Info (332115):     13.856      1.806 FF    IC  ineqsudx_scan|solver|WideOr1163~9|datad
    Info (332115):     13.987      0.131 FF  CELL  ineqsudx_scan|solver|WideOr1163~9|combout
    Info (332115):     14.234      0.247 FF    IC  ineqsudx_scan|solver|WideOr1163~20|datac
    Info (332115):     14.537      0.303 FF  CELL  ineqsudx_scan|solver|WideOr1163~20|combout
    Info (332115):     15.260      0.723 FF    IC  ineqsudx_scan|solver|WideOr1163~84|datac
    Info (332115):     15.563      0.303 FF  CELL  ineqsudx_scan|solver|WideOr1163~84|combout
    Info (332115):     15.844      0.281 FF    IC  ineqsudx_scan|solver|WideOr1163~152|datab
    Info (332115):     16.198      0.354 FF  CELL  ineqsudx_scan|solver|WideOr1163~152|combout
    Info (332115):     16.440      0.242 FF    IC  ineqsudx_scan|solver|WideOr1163~485|datac
    Info (332115):     16.743      0.303 FF  CELL  ineqsudx_scan|solver|WideOr1163~485|combout
    Info (332115):     17.042      0.299 FF    IC  ineqsudx_scan|solver|Selector2846~0|datab
    Info (332115):     17.398      0.356 FF  CELL  ineqsudx_scan|solver|Selector2846~0|combout
    Info (332115):     17.398      0.000 FF    IC  ineqsudx_scan|solver|state.PICK_ROWS|d
    Info (332115):     17.492      0.094 FF  CELL  ineqsudx_scan:ineqsudx_scan|ineqsudx_scan_solver:solver|state.PICK_ROWS
    Info (332115): Data Required Path:
    Info (332115): Total (ns)  Incr (ns)     Type  Element
    Info (332115): ==========  ========= ==  ====  ===================================
    Info (332115):      1.000      1.000           latch edge time
    Info (332115):      1.000      0.000           source latency
    Info (332115):      1.000      0.000           clk
    Info (332115):      1.000      0.000 RR    IC  clk~input|i
    Info (332115):      1.708      0.708 RR  CELL  clk~input|o
    Info (332115):      2.566      0.858 RR    IC  clk~inputclkctrl|inclk[0]
    Info (332115):      2.566      0.000 RR  CELL  clk~inputclkctrl|outclk
    Info (332115):      4.382      1.816 RR    IC  ineqsudx_scan|solver|state.PICK_ROWS|clk
    Info (332115):      4.857      0.475 RR  CELL  ineqsudx_scan:ineqsudx_scan|ineqsudx_scan_solver:solver|state.PICK_ROWS
    Info (332115):      4.894      0.037           clock pessimism removed
    Info (332115):      4.874     -0.020           clock uncertainty
    Info (332115):      4.887      0.013     uTsu  ineqsudx_scan:ineqsudx_scan|ineqsudx_scan_solver:solver|state.PICK_ROWS
    Info (332115): Data Arrival Time  :    17.492
    Info (332115): Data Required Time :     4.887
    Info (332115): Slack              :   -12.605 (VIOLATED)
    Info (332115): ===================================================================
Info (332115): Path #10: Setup slack is -12.600 (VIOLATED)
    Info (332115): ===================================================================
    Info (332115): From Node    : ineqsudx_scan:ineqsudx_scan|ineqsudx_scan_solver:solver|unique_digit[1][6]
    Info (332115): To Node      : ineqsudx_scan:ineqsudx_scan|ineqsudx_scan_solver:solver|state.PICK_ROWS
    Info (332115): Launch Clock : clk
    Info (332115): Latch Clock  : clk
    Info (332115): Data Arrival Path:
    Info (332115): Total (ns)  Incr (ns)     Type  Element
    Info (332115): ==========  ========= ==  ====  ===================================
    Info (332115):      0.000      0.000           launch edge time
    Info (332115):      0.000      0.000           source latency
    Info (332115):      0.000      0.000           clk
    Info (332115):      0.000      0.000 RR    IC  clk~input|i
    Info (332115):      0.708      0.708 RR  CELL  clk~input|o
    Info (332115):      1.602      0.894 RR    IC  clk~inputclkctrl|inclk[0]
    Info (332115):      1.602      0.000 RR  CELL  clk~inputclkctrl|outclk
    Info (332115):      3.156      1.554 RR    IC  ineqsudx_scan|solver|unique_digit[1][6]|clk
    Info (332115):      3.666      0.510 RR  CELL  ineqsudx_scan:ineqsudx_scan|ineqsudx_scan_solver:solver|unique_digit[1][6]
    Info (332115):      3.873      0.207     uTco  ineqsudx_scan:ineqsudx_scan|ineqsudx_scan_solver:solver|unique_digit[1][6]
    Info (332115):      3.873      0.000 FF  CELL  ineqsudx_scan|solver|unique_digit[1][6]|q
    Info (332115):      6.235      2.362 FF    IC  ineqsudx_scan|solver|CELLS[17].hidden[6]~5|datac
    Info (332115):      6.538      0.303 FF  CELL  ineqsudx_scan|solver|CELLS[17].hidden[6]~5|combout
    Info (332115):      8.411      1.873 FF    IC  ineqsudx_scan|solver|Equal952~0|datad
    Info (332115):      8.572      0.161 FR  CELL  ineqsudx_scan|solver|Equal952~0|combout
    Info (332115):      8.810      0.238 RR    IC  ineqsudx_scan|solver|Equal952~1|datad
    Info (332115):      8.976      0.166 RR  CELL  ineqsudx_scan|solver|Equal952~1|combout
    Info (332115):     10.161      1.185 RR    IC  ineqsudx_scan|solver|next_domain[17][6]|dataa
    Info (332115):     10.526      0.365 RR  CELL  ineqsudx_scan|solver|next_domain[17][6]|combout
    Info (332115):     12.186      1.660 RR    IC  ineqsudx_scan|solver|WideOr1163~63|datac
    Info (332115):     12.470      0.284 RF  CELL  ineqsudx_scan|solver|WideOr1163~63|combout
    Info (332115):     12.755      0.285 FF    IC  ineqsudx_scan|solver|WideOr1163~67|datab
    Info (332115):     13.109      0.354 FF  CELL  ineqsudx_scan|solver|WideOr1163~67|combout
    Info (332115):     13.389      0.280 FF    IC  ineqsudx_scan|solver|WideOr1163~83|datab
    Info (332115):     13.743      0.354 FF  CELL  ineqsudx_scan|solver|WideOr1163~83|combout
    Info (332115):     15.204      1.461 FF    IC  ineqsudx_scan|solver|WideOr1163~84|datab
    Info (332115):     15.558      0.354 FF  CELL  ineqsudx_scan|solver|WideOr1163~84|combout
    Info (332115):     15.839      0.281 FF    IC  ineqsudx_scan|solver|WideOr1163~152|datab
    Info (332115):     16.193      0.354 FF  CELL  ineqsudx_scan|solver|WideOr1163~152|combout
    Info (332115):     16.435      0.242 FF    IC  ineqsudx_scan|solver|WideOr1163~485|datac
    Info (332115):     16.738      0.303 FF  CELL  ineqsudx_scan|solver|WideOr1163~485|combout
    Info (332115):     17.037      0.299 FF    IC  ineqsudx_scan|solver|Selector2846~0|datab
    Info (332115):     17.393      0.356 FF  CELL  ineqsudx_scan|solver|Selector2846~0|combout
    Info (332115):     17.393      0.000 FF    IC  ineqsudx_scan|solver|state.PICK_ROWS|d
    Info (332115):     17.487      0.094 FF  CELL  ineqsudx_scan:ineqsudx_scan|ineqsudx_scan_solver:solver|state.PICK_ROWS
    Info (332115): Data Required Path:
    Info (332115): Total (ns)  Incr (ns)     Type  Element
    Info (332115): ==========  ========= ==  ====  ===================================
    Info (332115):      1.000      1.000           latch edge time
    Info (332115):      1.000      0.000           source latency
    Info (332115):      1.000      0.000           clk
    Info (332115):      1.000      0.000 RR    IC  clk~input|i
    Info (332115):      1.708      0.708 RR  CELL  clk~input|o
    Info (332115):      2.566      0.858 RR    IC  clk~inputclkctrl|inclk[0]
    Info (332115):      2.566      0.000 RR  CELL  clk~inputclkctrl|outclk
    Info (332115):      4.382      1.816 RR    IC  ineqsudx_scan|solver|state.PICK_ROWS|clk
    Info (332115):      4.857      0.475 RR  CELL  ineqsudx_scan:ineqsudx_scan|ineqsudx_scan_solver:solver|state.PICK_ROWS
    Info (332115):      4.894      0.037           clock pessimism removed
    Info (332115):      4.874     -0.020           clock uncertainty
    Info (332115):      4.887      0.013     uTsu  ineqsudx_scan:ineqsudx_scan|ineqsudx_scan_solver:solver|state.PICK_ROWS
    Info (332115): Data Arrival Time  :    17.487
    Info (332115): Data Required Time :     4.887
    Info (332115): Slack              :   -12.600 (VIOLATED)
    Info (332115): ===================================================================
Info (332115): Path #11: Setup slack is -12.599 (VIOLATED)
    Info (332115): ===================================================================
    Info (332115): From Node    : ineqsudx_scan:ineqsudx_scan|ineqsudx_scan_solver:solver|unique_digit[15][1]
    Info (332115): To Node      : ineqsudx_scan:ineqsudx_scan|ineqsudx_scan_solver:solver|state.PICK_ROWS
    Info (332115): Launch Clock : clk
    Info (332115): Latch Clock  : clk
    Info (332115): Data Arrival Path:
    Info (332115): Total (ns)  Incr (ns)     Type  Element
    Info (332115): ==========  ========= ==  ====  ===================================
    Info (332115):      0.000      0.000           launch edge time
    Info (332115):      0.000      0.000           source latency
    Info (332115):      0.000      0.000           clk
    Info (332115):      0.000      0.000 RR    IC  clk~input|i
    Info (332115):      0.708      0.708 RR  CELL  clk~input|o
    Info (332115):      1.602      0.894 RR    IC  clk~inputclkctrl|inclk[0]
    Info (332115):      1.602      0.000 RR  CELL  clk~inputclkctrl|outclk
    Info (332115):      3.231      1.629 RR    IC  ineqsudx_scan|solver|unique_digit[15][1]|clk
    Info (332115):      3.741      0.510 RR  CELL  ineqsudx_scan:ineqsudx_scan|ineqsudx_scan_solver:solver|unique_digit[15][1]
    Info (332115):      3.948      0.207     uTco  ineqsudx_scan:ineqsudx_scan|ineqsudx_scan_solver:solver|unique_digit[15][1]
    Info (332115):      3.948      0.000 RR  CELL  ineqsudx_scan|solver|unique_digit[15][1]|q
    Info (332115):      6.101      2.153 RR    IC  ineqsudx_scan|solver|CELLS[60].hidden[1]~4|datad
    Info (332115):      6.267      0.166 RR  CELL  ineqsudx_scan|solver|CELLS[60].hidden[1]~4|combout
    Info (332115):      7.575      1.308 RR    IC  ineqsudx_scan|solver|Equal1821~0|dataa
    Info (332115):      7.994      0.419 RF  CELL  ineqsudx_scan|solver|Equal1821~0|combout
    Info (332115):      8.240      0.246 FF    IC  ineqsudx_scan|solver|Equal1812~0|datad
    Info (332115):      8.371      0.131 FF  CELL  ineqsudx_scan|solver|Equal1812~0|combout
    Info (332115):      8.695      0.324 FF    IC  ineqsudx_scan|solver|next_domain~998|datac
    Info (332115):      8.993      0.298 FF  CELL  ineqsudx_scan|solver|next_domain~998|combout
    Info (332115):      9.970      0.977 FF    IC  ineqsudx_scan|solver|next_domain[60][6]|datac
    Info (332115):     10.273      0.303 FF  CELL  ineqsudx_scan|solver|next_domain[60][6]|combout
    Info (332115):     11.027      0.754 FF    IC  ineqsudx_scan|solver|WideOr1163~424|datac
    Info (332115):     11.330      0.303 FF  CELL  ineqsudx_scan|solver|WideOr1163~424|combout
    Info (332115):     12.127      0.797 FF    IC  ineqsudx_scan|solver|WideOr1163~427|datac
    Info (332115):     12.430      0.303 FF  CELL  ineqsudx_scan|solver|WideOr1163~427|combout
    Info (332115):     14.153      1.723 FF    IC  ineqsudx_scan|solver|WideOr1163~428|datad
    Info (332115):     14.284      0.131 FF  CELL  ineqsudx_scan|solver|WideOr1163~428|combout
    Info (332115):     15.781      1.497 FF    IC  ineqsudx_scan|solver|WideOr1163~484|datac
    Info (332115):     16.084      0.303 FF  CELL  ineqsudx_scan|solver|WideOr1163~484|combout
    Info (332115):     16.378      0.294 FF    IC  ineqsudx_scan|solver|WideOr1163~485|dataa
    Info (332115):     16.737      0.359 FF  CELL  ineqsudx_scan|solver|WideOr1163~485|combout
    Info (332115):     17.036      0.299 FF    IC  ineqsudx_scan|solver|Selector2846~0|datab
    Info (332115):     17.392      0.356 FF  CELL  ineqsudx_scan|solver|Selector2846~0|combout
    Info (332115):     17.392      0.000 FF    IC  ineqsudx_scan|solver|state.PICK_ROWS|d
    Info (332115):     17.486      0.094 FF  CELL  ineqsudx_scan:ineqsudx_scan|ineqsudx_scan_solver:solver|state.PICK_ROWS
    Info (332115): Data Required Path:
    Info (332115): Total (ns)  Incr (ns)     Type  Element
    Info (332115): ==========  ========= ==  ====  ===================================
    Info (332115):      1.000      1.000           latch edge time
    Info (332115):      1.000      0.000           source latency
    Info (332115):      1.000      0.000           clk
    Info (332115):      1.000      0.000 RR    IC  clk~input|i
    Info (332115):      1.708      0.708 RR  CELL  clk~input|o
    Info (332115):      2.566      0.858 RR    IC  clk~inputclkctrl|inclk[0]
    Info (332115):      2.566      0.000 RR  CELL  clk~inputclkctrl|outclk
    Info (332115):      4.382      1.816 RR    IC  ineqsudx_scan|solver|state.PICK_ROWS|clk
    Info (332115):      4.857      0.475 RR  CELL  ineqsudx_scan:ineqsudx_scan|ineqsudx_scan_solver:solver|state.PICK_ROWS
    Info (332115):      4.894      0.037           clock pessimism removed
    Info (332115):      4.874     -0.020           clock uncertainty
    Info (332115):      4.887      0.013     uTsu  ineqsudx_scan:ineqsudx_scan|ineqsudx_scan_solver:solver|state.PICK_ROWS
    Info (332115): Data Arrival Time  :    17.486
    Info (332115): Data Required Time :     4.887
    Info (332115): Slack              :   -12.599 (VIOLATED)
    Info (332115): ===================================================================
Info (332115): Path #12: Setup slack is -12.585 (VIOLATED)
    Info (332115): ===================================================================
    Info (332115): From Node    : ineqsudx_scan:ineqsudx_scan|ineqsudx_scan_solver:solver|unique_digit[6][1]
    Info (332115): To Node      : ineqsudx_scan:ineqsudx_scan|ineqsudx_scan_solver:solver|state.PICK_ROWS
    Info (332115): Launch Clock : clk
    Info (332115): Latch Clock  : clk
    Info (332115): Data Arrival Path:
    Info (332115): Total (ns)  Incr (ns)     Type  Element
    Info (332115): ==========  ========= ==  ====  ===================================
    Info (332115):      0.000      0.000           launch edge time
    Info (332115):      0.000      0.000           source latency
    Info (332115):      0.000      0.000           clk
    Info (332115):      0.000      0.000 RR    IC  clk~input|i
    Info (332115):      0.708      0.708 RR  CELL  clk~input|o
    Info (332115):      1.602      0.894 RR    IC  clk~inputclkctrl|inclk[0]
    Info (332115):      1.602      0.000 RR  CELL  clk~inputclkctrl|outclk
    Info (332115):      3.066      1.464 RR    IC  ineqsudx_scan|solver|unique_digit[6][1]|clk
    Info (332115):      3.576      0.510 RR  CELL  ineqsudx_scan:ineqsudx_scan|ineqsudx_scan_solver:solver|unique_digit[6][1]
    Info (332115):      3.783      0.207     uTco  ineqsudx_scan:ineqsudx_scan|ineqsudx_scan_solver:solver|unique_digit[6][1]
    Info (332115):      3.783      0.000 RR  CELL  ineqsudx_scan|solver|unique_digit[6][1]|q
    Info (332115):      5.866      2.083 RR    IC  ineqsudx_scan|solver|CELLS[60].hidden[1]~4|dataa
    Info (332115):      6.275      0.409 RR  CELL  ineqsudx_scan|solver|CELLS[60].hidden[1]~4|combout
    Info (332115):      7.583      1.308 RR    IC  ineqsudx_scan|solver|Equal1821~0|dataa
    Info (332115):      8.002      0.419 RF  CELL  ineqsudx_scan|solver|Equal1821~0|combout
    Info (332115):      8.248      0.246 FF    IC  ineqsudx_scan|solver|Equal1812~0|datad
    Info (332115):      8.379      0.131 FF  CELL  ineqsudx_scan|solver|Equal1812~0|combout
    Info (332115):      8.703      0.324 FF    IC  ineqsudx_scan|solver|next_domain~998|datac
    Info (332115):      9.001      0.298 FF  CELL  ineqsudx_scan|solver|next_domain~998|combout
    Info (332115):      9.978      0.977 FF    IC  ineqsudx_scan|solver|next_domain[60][6]|datac
    Info (332115):     10.281      0.303 FF  CELL  ineqsudx_scan|solver|next_domain[60][6]|combout
    Info (332115):     11.035      0.754 FF    IC  ineqsudx_scan|solver|WideOr1163~424|datac
    Info (332115):     11.338      0.303 FF  CELL  ineqsudx_scan|solver|WideOr1163~424|combout
    Info (332115):     12.135      0.797 FF    IC  ineqsudx_scan|solver|WideOr1163~427|datac
    Info (332115):     12.438      0.303 FF  CELL  ineqsudx_scan|solver|WideOr1163~427|combout
    Info (332115):     14.161      1.723 FF    IC  ineqsudx_scan|solver|WideOr1163~428|datad
    Info (332115):     14.292      0.131 FF  CELL  ineqsudx_scan|solver|WideOr1163~428|combout
    Info (332115):     15.789      1.497 FF    IC  ineqsudx_scan|solver|WideOr1163~484|datac
    Info (332115):     16.092      0.303 FF  CELL  ineqsudx_scan|solver|WideOr1163~484|combout
    Info (332115):     16.386      0.294 FF    IC  ineqsudx_scan|solver|WideOr1163~485|dataa
    Info (332115):     16.745      0.359 FF  CELL  ineqsudx_scan|solver|WideOr1163~485|combout
    Info (332115):     17.044      0.299 FF    IC  ineqsudx_scan|solver|Selector2846~0|datab
    Info (332115):     17.400      0.356 FF  CELL  ineqsudx_scan|solver|Selector2846~0|combout
    Info (332115):     17.400      0.000 FF    IC  ineqsudx_scan|solver|state.PICK_ROWS|d
    Info (332115):     17.494      0.094 FF  CELL  ineqsudx_scan:ineqsudx_scan|ineqsudx_scan_solver:solver|state.PICK_ROWS
    Info (332115): Data Required Path:
    Info (332115): Total (ns)  Incr (ns)     Type  Element
    Info (332115): ==========  ========= ==  ====  ===================================
    Info (332115):      1.000      1.000           latch edge time
    Info (332115):      1.000      0.000           source latency
    Info (332115):      1.000      0.000           clk
    Info (332115):      1.000      0.000 RR    IC  clk~input|i
    Info (332115):      1.708      0.708 RR  CELL  clk~input|o
    Info (332115):      2.566      0.858 RR    IC  clk~inputclkctrl|inclk[0]
    Info (332115):      2.566      0.000 RR  CELL  clk~inputclkctrl|outclk
    Info (332115):      4.382      1.816 RR    IC  ineqsudx_scan|solver|state.PICK_ROWS|clk
    Info (332115):      4.857      0.475 RR  CELL  ineqsudx_scan:ineqsudx_scan|ineqsudx_scan_solver:solver|state.PICK_ROWS
    Info (332115):      4.916      0.059           clock pessimism removed
    Info (332115):      4.896     -0.020           clock uncertainty
    Info (332115):      4.909      0.013     uTsu  ineqsudx_scan:ineqsudx_scan|ineqsudx_scan_solver:solver|state.PICK_ROWS
    Info (332115): Data Arrival Time  :    17.494
    Info (332115): Data Required Time :     4.909
    Info (332115): Slack              :   -12.585 (VIOLATED)
    Info (332115): ===================================================================
Info (332115): Path #13: Setup slack is -12.582 (VIOLATED)
    Info (332115): ===================================================================
    Info (332115): From Node    : ineqsudx_scan:ineqsudx_scan|ineqsudx_scan_solver:solver|unique_digit[17][5]
    Info (332115): To Node      : ineqsudx_scan:ineqsudx_scan|ineqsudx_scan_solver:solver|state.PICK_ROWS
    Info (332115): Launch Clock : clk
    Info (332115): Latch Clock  : clk
    Info (332115): Data Arrival Path:
    Info (332115): Total (ns)  Incr (ns)     Type  Element
    Info (332115): ==========  ========= ==  ====  ===================================
    Info (332115):      0.000      0.000           launch edge time
    Info (332115):      0.000      0.000           source latency
    Info (332115):      0.000      0.000           clk
    Info (332115):      0.000      0.000 RR    IC  clk~input|i
    Info (332115):      0.708      0.708 RR  CELL  clk~input|o
    Info (332115):      1.602      0.894 RR    IC  clk~inputclkctrl|inclk[0]
    Info (332115):      1.602      0.000 RR  CELL  clk~inputclkctrl|outclk
    Info (332115):      3.209      1.607 RR    IC  ineqsudx_scan|solver|unique_digit[17][5]|clk
    Info (332115):      3.719      0.510 RR  CELL  ineqsudx_scan:ineqsudx_scan|ineqsudx_scan_solver:solver|unique_digit[17][5]
    Info (332115):      3.926      0.207     uTco  ineqsudx_scan:ineqsudx_scan|ineqsudx_scan_solver:solver|unique_digit[17][5]
    Info (332115):      3.926      0.000 FF  CELL  ineqsudx_scan|solver|unique_digit[17][5]|q
    Info (332115):      6.470      2.544 FF    IC  ineqsudx_scan|solver|CELLS[62].hidden[5]~6|datac
    Info (332115):      6.768      0.298 FF  CELL  ineqsudx_scan|solver|CELLS[62].hidden[5]~6|combout
    Info (332115):      8.561      1.793 FF    IC  ineqsudx_scan|solver|Equal1852~0|datac
    Info (332115):      8.842      0.281 FR  CELL  ineqsudx_scan|solver|Equal1852~0|combout
    Info (332115):      9.113      0.271 RR    IC  ineqsudx_scan|solver|Equal1852~1|datac
    Info (332115):      9.418      0.305 RR  CELL  ineqsudx_scan|solver|Equal1852~1|combout
    Info (332115):     10.467      1.049 RR    IC  ineqsudx_scan|solver|next_domain[62][4]|datad
    Info (332115):     10.612      0.145 RF  CELL  ineqsudx_scan|solver|next_domain[62][4]|combout
    Info (332115):     10.876      0.264 FF    IC  ineqsudx_scan|solver|WideOr1163~430|datac
    Info (332115):     11.179      0.303 FF  CELL  ineqsudx_scan|solver|WideOr1163~430|combout
    Info (332115):     13.143      1.964 FF    IC  ineqsudx_scan|solver|WideOr1163~433|datad
    Info (332115):     13.274      0.131 FF  CELL  ineqsudx_scan|solver|WideOr1163~433|combout
    Info (332115):     13.517      0.243 FF    IC  ineqsudx_scan|solver|WideOr1163~449|datac
    Info (332115):     13.820      0.303 FF  CELL  ineqsudx_scan|solver|WideOr1163~449|combout
    Info (332115):     15.708      1.888 FF    IC  ineqsudx_scan|solver|WideOr1163~484|dataa
    Info (332115):     16.067      0.359 FF  CELL  ineqsudx_scan|solver|WideOr1163~484|combout
    Info (332115):     16.361      0.294 FF    IC  ineqsudx_scan|solver|WideOr1163~485|dataa
    Info (332115):     16.720      0.359 FF  CELL  ineqsudx_scan|solver|WideOr1163~485|combout
    Info (332115):     17.019      0.299 FF    IC  ineqsudx_scan|solver|Selector2846~0|datab
    Info (332115):     17.375      0.356 FF  CELL  ineqsudx_scan|solver|Selector2846~0|combout
    Info (332115):     17.375      0.000 FF    IC  ineqsudx_scan|solver|state.PICK_ROWS|d
    Info (332115):     17.469      0.094 FF  CELL  ineqsudx_scan:ineqsudx_scan|ineqsudx_scan_solver:solver|state.PICK_ROWS
    Info (332115): Data Required Path:
    Info (332115): Total (ns)  Incr (ns)     Type  Element
    Info (332115): ==========  ========= ==  ====  ===================================
    Info (332115):      1.000      1.000           latch edge time
    Info (332115):      1.000      0.000           source latency
    Info (332115):      1.000      0.000           clk
    Info (332115):      1.000      0.000 RR    IC  clk~input|i
    Info (332115):      1.708      0.708 RR  CELL  clk~input|o
    Info (332115):      2.566      0.858 RR    IC  clk~inputclkctrl|inclk[0]
    Info (332115):      2.566      0.000 RR  CELL  clk~inputclkctrl|outclk
    Info (332115):      4.382      1.816 RR    IC  ineqsudx_scan|solver|state.PICK_ROWS|clk
    Info (332115):      4.857      0.475 RR  CELL  ineqsudx_scan:ineqsudx_scan|ineqsudx_scan_solver:solver|state.PICK_ROWS
    Info (332115):      4.894      0.037           clock pessimism removed
    Info (332115):      4.874     -0.020           clock uncertainty
    Info (332115):      4.887      0.013     uTsu  ineqsudx_scan:ineqsudx_scan|ineqsudx_scan_solver:solver|state.PICK_ROWS
    Info (332115): Data Arrival Time  :    17.469
    Info (332115): Data Required Time :     4.887
    Info (332115): Slack              :   -12.582 (VIOLATED)
    Info (332115): ===================================================================
Info (332115): Path #14: Setup slack is -12.571 (VIOLATED)
    Info (332115): ===================================================================
    Info (332115): From Node    : ineqsudx_scan:ineqsudx_scan|ineqsudx_scan_solver:solver|unique_digit[17][5]
    Info (332115): To Node      : ineqsudx_scan:ineqsudx_scan|ineqsudx_scan_solver:solver|state.PICK_ROWS
    Info (332115): Launch Clock : clk
    Info (332115): Latch Clock  : clk
    Info (332115): Data Arrival Path:
    Info (332115): Total (ns)  Incr (ns)     Type  Element
    Info (332115): ==========  ========= ==  ====  ===================================
    Info (332115):      0.000      0.000           launch edge time
    Info (332115):      0.000      0.000           source latency
    Info (332115):      0.000      0.000           clk
    Info (332115):      0.000      0.000 RR    IC  clk~input|i
    Info (332115):      0.708      0.708 RR  CELL  clk~input|o
    Info (332115):      1.602      0.894 RR    IC  clk~inputclkctrl|inclk[0]
    Info (332115):      1.602      0.000 RR  CELL  clk~inputclkctrl|outclk
    Info (332115):      3.209      1.607 RR    IC  ineqsudx_scan|solver|unique_digit[17][5]|clk
    Info (332115):      3.719      0.510 RR  CELL  ineqsudx_scan:ineqsudx_scan|ineqsudx_scan_solver:solver|unique_digit[17][5]
    Info (332115):      3.926      0.207     uTco  ineqsudx_scan:ineqsudx_scan|ineqsudx_scan_solver:solver|unique_digit[17][5]
    Info (332115):      3.926      0.000 RR  CELL  ineqsudx_scan|solver|unique_digit[17][5]|q
    Info (332115):      5.794      1.868 RR    IC  ineqsudx_scan|solver|CELLS[17].hidden[5]~6|dataa
    Info (332115):      6.203      0.409 RR  CELL  ineqsudx_scan|solver|CELLS[17].hidden[5]~6|combout
    Info (332115):      8.116      1.913 RR    IC  ineqsudx_scan|solver|Equal952~0|dataa
    Info (332115):      8.506      0.390 RF  CELL  ineqsudx_scan|solver|Equal952~0|combout
    Info (332115):      8.785      0.279 FF    IC  ineqsudx_scan|solver|Equal952~1|datad
    Info (332115):      8.916      0.131 FF  CELL  ineqsudx_scan|solver|Equal952~1|combout
    Info (332115):     10.116      1.200 FF    IC  ineqsudx_scan|solver|next_domain[17][6]|dataa
    Info (332115):     10.497      0.381 FR  CELL  ineqsudx_scan|solver|next_domain[17][6]|combout
    Info (332115):     12.157      1.660 RR    IC  ineqsudx_scan|solver|WideOr1163~63|datac
    Info (332115):     12.441      0.284 RF  CELL  ineqsudx_scan|solver|WideOr1163~63|combout
    Info (332115):     12.726      0.285 FF    IC  ineqsudx_scan|solver|WideOr1163~67|datab
    Info (332115):     13.080      0.354 FF  CELL  ineqsudx_scan|solver|WideOr1163~67|combout
    Info (332115):     13.360      0.280 FF    IC  ineqsudx_scan|solver|WideOr1163~83|datab
    Info (332115):     13.714      0.354 FF  CELL  ineqsudx_scan|solver|WideOr1163~83|combout
    Info (332115):     15.175      1.461 FF    IC  ineqsudx_scan|solver|WideOr1163~84|datab
    Info (332115):     15.529      0.354 FF  CELL  ineqsudx_scan|solver|WideOr1163~84|combout
    Info (332115):     15.810      0.281 FF    IC  ineqsudx_scan|solver|WideOr1163~152|datab
    Info (332115):     16.164      0.354 FF  CELL  ineqsudx_scan|solver|WideOr1163~152|combout
    Info (332115):     16.406      0.242 FF    IC  ineqsudx_scan|solver|WideOr1163~485|datac
    Info (332115):     16.709      0.303 FF  CELL  ineqsudx_scan|solver|WideOr1163~485|combout
    Info (332115):     17.008      0.299 FF    IC  ineqsudx_scan|solver|Selector2846~0|datab
    Info (332115):     17.364      0.356 FF  CELL  ineqsudx_scan|solver|Selector2846~0|combout
    Info (332115):     17.364      0.000 FF    IC  ineqsudx_scan|solver|state.PICK_ROWS|d
    Info (332115):     17.458      0.094 FF  CELL  ineqsudx_scan:ineqsudx_scan|ineqsudx_scan_solver:solver|state.PICK_ROWS
    Info (332115): Data Required Path:
    Info (332115): Total (ns)  Incr (ns)     Type  Element
    Info (332115): ==========  ========= ==  ====  ===================================
    Info (332115):      1.000      1.000           latch edge time
    Info (332115):      1.000      0.000           source latency
    Info (332115):      1.000      0.000           clk
    Info (332115):      1.000      0.000 RR    IC  clk~input|i
    Info (332115):      1.708      0.708 RR  CELL  clk~input|o
    Info (332115):      2.566      0.858 RR    IC  clk~inputclkctrl|inclk[0]
    Info (332115):      2.566      0.000 RR  CELL  clk~inputclkctrl|outclk
    Info (332115):      4.382      1.816 RR    IC  ineqsudx_scan|solver|state.PICK_ROWS|clk
    Info (332115):      4.857      0.475 RR  CELL  ineqsudx_scan:ineqsudx_scan|ineqsudx_scan_solver:solver|state.PICK_ROWS
    Info (332115):      4.894      0.037           clock pessimism removed
    Info (332115):      4.874     -0.020           clock uncertainty
    Info (332115):      4.887      0.013     uTsu  ineqsudx_scan:ineqsudx_scan|ineqsudx_scan_solver:solver|state.PICK_ROWS
    Info (332115): Data Arrival Time  :    17.458
    Info (332115): Data Required Time :     4.887
    Info (332115): Slack              :   -12.571 (VIOLATED)
    Info (332115): ===================================================================
Info (332115): Path #15: Setup slack is -12.569 (VIOLATED)
    Info (332115): ===================================================================
    Info (332115): From Node    : ineqsudx_scan:ineqsudx_scan|ineqsudx_scan_solver:solver|unique_digit[10][1]
    Info (332115): To Node      : ineqsudx_scan:ineqsudx_scan|ineqsudx_scan_solver:solver|state.PICK_ROWS
    Info (332115): Launch Clock : clk
    Info (332115): Latch Clock  : clk
    Info (332115): Data Arrival Path:
    Info (332115): Total (ns)  Incr (ns)     Type  Element
    Info (332115): ==========  ========= ==  ====  ===================================
    Info (332115):      0.000      0.000           launch edge time
    Info (332115):      0.000      0.000           source latency
    Info (332115):      0.000      0.000           clk
    Info (332115):      0.000      0.000 RR    IC  clk~input|i
    Info (332115):      0.708      0.708 RR  CELL  clk~input|o
    Info (332115):      1.602      0.894 RR    IC  clk~inputclkctrl|inclk[0]
    Info (332115):      1.602      0.000 RR  CELL  clk~inputclkctrl|outclk
    Info (332115):      3.126      1.524 RR    IC  ineqsudx_scan|solver|unique_digit[10][1]|clk
    Info (332115):      3.636      0.510 RR  CELL  ineqsudx_scan:ineqsudx_scan|ineqsudx_scan_solver:solver|unique_digit[10][1]
    Info (332115):      3.843      0.207     uTco  ineqsudx_scan:ineqsudx_scan|ineqsudx_scan_solver:solver|unique_digit[10][1]
    Info (332115):      3.843      0.000 FF  CELL  ineqsudx_scan|solver|unique_digit[10][1]|q
    Info (332115):      5.887      2.044 FF    IC  ineqsudx_scan|solver|CELLS[19].hidden[1]~4|datad
    Info (332115):      6.018      0.131 FF  CELL  ineqsudx_scan|solver|CELLS[19].hidden[1]~4|combout
    Info (332115):      7.234      1.216 FF    IC  ineqsudx_scan|solver|Equal1001~0|dataa
    Info (332115):      7.636      0.402 FR  CELL  ineqsudx_scan|solver|Equal1001~0|combout
    Info (332115):      7.849      0.213 RR    IC  ineqsudx_scan|solver|Equal992~0|datad
    Info (332115):      8.015      0.166 RR  CELL  ineqsudx_scan|solver|Equal992~0|combout
    Info (332115):      8.242      0.227 RR    IC  ineqsudx_scan|solver|Equal992~1|datad
    Info (332115):      8.408      0.166 RR  CELL  ineqsudx_scan|solver|Equal992~1|combout
    Info (332115):      9.212      0.804 RR    IC  ineqsudx_scan|solver|next_domain[19][2]|datac
    Info (332115):      9.496      0.284 RF  CELL  ineqsudx_scan|solver|next_domain[19][2]|combout
    Info (332115):     11.915      2.419 FF    IC  ineqsudx_scan|solver|WideOr1163~26|datac
    Info (332115):     12.218      0.303 FF  CELL  ineqsudx_scan|solver|WideOr1163~26|combout
    Info (332115):     12.459      0.241 FF    IC  ineqsudx_scan|solver|WideOr1163~30|datac
    Info (332115):     12.762      0.303 FF  CELL  ineqsudx_scan|solver|WideOr1163~30|combout
    Info (332115):     14.267      1.505 FF    IC  ineqsudx_scan|solver|WideOr1163~41|datad
    Info (332115):     14.398      0.131 FF  CELL  ineqsudx_scan|solver|WideOr1163~41|combout
    Info (332115):     15.190      0.792 FF    IC  ineqsudx_scan|solver|WideOr1163~84|dataa
    Info (332115):     15.549      0.359 FF  CELL  ineqsudx_scan|solver|WideOr1163~84|combout
    Info (332115):     15.830      0.281 FF    IC  ineqsudx_scan|solver|WideOr1163~152|datab
    Info (332115):     16.184      0.354 FF  CELL  ineqsudx_scan|solver|WideOr1163~152|combout
    Info (332115):     16.426      0.242 FF    IC  ineqsudx_scan|solver|WideOr1163~485|datac
    Info (332115):     16.729      0.303 FF  CELL  ineqsudx_scan|solver|WideOr1163~485|combout
    Info (332115):     17.028      0.299 FF    IC  ineqsudx_scan|solver|Selector2846~0|datab
    Info (332115):     17.384      0.356 FF  CELL  ineqsudx_scan|solver|Selector2846~0|combout
    Info (332115):     17.384      0.000 FF    IC  ineqsudx_scan|solver|state.PICK_ROWS|d
    Info (332115):     17.478      0.094 FF  CELL  ineqsudx_scan:ineqsudx_scan|ineqsudx_scan_solver:solver|state.PICK_ROWS
    Info (332115): Data Required Path:
    Info (332115): Total (ns)  Incr (ns)     Type  Element
    Info (332115): ==========  ========= ==  ====  ===================================
    Info (332115):      1.000      1.000           latch edge time
    Info (332115):      1.000      0.000           source latency
    Info (332115):      1.000      0.000           clk
    Info (332115):      1.000      0.000 RR    IC  clk~input|i
    Info (332115):      1.708      0.708 RR  CELL  clk~input|o
    Info (332115):      2.566      0.858 RR    IC  clk~inputclkctrl|inclk[0]
    Info (332115):      2.566      0.000 RR  CELL  clk~inputclkctrl|outclk
    Info (332115):      4.382      1.816 RR    IC  ineqsudx_scan|solver|state.PICK_ROWS|clk
    Info (332115):      4.857      0.475 RR  CELL  ineqsudx_scan:ineqsudx_scan|ineqsudx_scan_solver:solver|state.PICK_ROWS
    Info (332115):      4.916      0.059           clock pessimism removed
    Info (332115):      4.896     -0.020           clock uncertainty
    Info (332115):      4.909      0.013     uTsu  ineqsudx_scan:ineqsudx_scan|ineqsudx_scan_solver:solver|state.PICK_ROWS
    Info (332115): Data Arrival Time  :    17.478
    Info (332115): Data Required Time :     4.909
    Info (332115): Slack              :   -12.569 (VIOLATED)
    Info (332115): ===================================================================
Info (332115): Path #16: Setup slack is -12.559 (VIOLATED)
    Info (332115): ===================================================================
    Info (332115): From Node    : ineqsudx_scan:ineqsudx_scan|ineqsudx_scan_solver:solver|unique_digit[17][5]
    Info (332115): To Node      : ineqsudx_scan:ineqsudx_scan|ineqsudx_scan_solver:solver|state.FINISH_OK
    Info (332115): Launch Clock : clk
    Info (332115): Latch Clock  : clk
    Info (332115): Data Arrival Path:
    Info (332115): Total (ns)  Incr (ns)     Type  Element
    Info (332115): ==========  ========= ==  ====  ===================================
    Info (332115):      0.000      0.000           launch edge time
    Info (332115):      0.000      0.000           source latency
    Info (332115):      0.000      0.000           clk
    Info (332115):      0.000      0.000 RR    IC  clk~input|i
    Info (332115):      0.708      0.708 RR  CELL  clk~input|o
    Info (332115):      1.602      0.894 RR    IC  clk~inputclkctrl|inclk[0]
    Info (332115):      1.602      0.000 RR  CELL  clk~inputclkctrl|outclk
    Info (332115):      3.209      1.607 RR    IC  ineqsudx_scan|solver|unique_digit[17][5]|clk
    Info (332115):      3.719      0.510 RR  CELL  ineqsudx_scan:ineqsudx_scan|ineqsudx_scan_solver:solver|unique_digit[17][5]
    Info (332115):      3.926      0.207     uTco  ineqsudx_scan:ineqsudx_scan|ineqsudx_scan_solver:solver|unique_digit[17][5]
    Info (332115):      3.926      0.000 FF  CELL  ineqsudx_scan|solver|unique_digit[17][5]|q
    Info (332115):      6.470      2.544 FF    IC  ineqsudx_scan|solver|CELLS[62].hidden[5]~6|datac
    Info (332115):      6.768      0.298 FF  CELL  ineqsudx_scan|solver|CELLS[62].hidden[5]~6|combout
    Info (332115):      8.561      1.793 FF    IC  ineqsudx_scan|solver|Equal1852~0|datac
    Info (332115):      8.842      0.281 FR  CELL  ineqsudx_scan|solver|Equal1852~0|combout
    Info (332115):      9.113      0.271 RR    IC  ineqsudx_scan|solver|Equal1852~1|datac
    Info (332115):      9.418      0.305 RR  CELL  ineqsudx_scan|solver|Equal1852~1|combout
    Info (332115):     10.467      1.049 RR    IC  ineqsudx_scan|solver|next_domain[62][4]|datad
    Info (332115):     10.633      0.166 RR  CELL  ineqsudx_scan|solver|next_domain[62][4]|combout
    Info (332115):     11.672      1.039 RR    IC  ineqsudx_scan|solver|Equal1853~0|datad
    Info (332115):     11.817      0.145 RF  CELL  ineqsudx_scan|solver|Equal1853~0|combout
    Info (332115):     12.060      0.243 FF    IC  ineqsudx_scan|solver|Equal1853~2|datac
    Info (332115):     12.363      0.303 FF  CELL  ineqsudx_scan|solver|Equal1853~2|combout
    Info (332115):     13.121      0.758 FF    IC  ineqsudx_scan|solver|always150~35|dataa
    Info (332115):     13.549      0.428 FF  CELL  ineqsudx_scan|solver|always150~35|combout
    Info (332115):     13.783      0.234 FF    IC  ineqsudx_scan|solver|always150~36|datad
    Info (332115):     13.914      0.131 FF  CELL  ineqsudx_scan|solver|always150~36|combout
    Info (332115):     15.690      1.776 FF    IC  ineqsudx_scan|solver|always150~37|datac
    Info (332115):     15.988      0.298 FF  CELL  ineqsudx_scan|solver|always150~37|combout
    Info (332115):     16.279      0.291 FF    IC  ineqsudx_scan|solver|always150~355|datab
    Info (332115):     16.683      0.404 FF  CELL  ineqsudx_scan|solver|always150~355|combout
    Info (332115):     16.982      0.299 FF    IC  ineqsudx_scan|solver|state.FINISH_OK~0|dataa
    Info (332115):     17.357      0.375 FR  CELL  ineqsudx_scan|solver|state.FINISH_OK~0|combout
    Info (332115):     17.357      0.000 RR    IC  ineqsudx_scan|solver|state.FINISH_OK|d
    Info (332115):     17.446      0.089 RR  CELL  ineqsudx_scan:ineqsudx_scan|ineqsudx_scan_solver:solver|state.FINISH_OK
    Info (332115): Data Required Path:
    Info (332115): Total (ns)  Incr (ns)     Type  Element
    Info (332115): ==========  ========= ==  ====  ===================================
    Info (332115):      1.000      1.000           latch edge time
    Info (332115):      1.000      0.000           source latency
    Info (332115):      1.000      0.000           clk
    Info (332115):      1.000      0.000 RR    IC  clk~input|i
    Info (332115):      1.708      0.708 RR  CELL  clk~input|o
    Info (332115):      2.566      0.858 RR    IC  clk~inputclkctrl|inclk[0]
    Info (332115):      2.566      0.000 RR  CELL  clk~inputclkctrl|outclk
    Info (332115):      4.382      1.816 RR    IC  ineqsudx_scan|solver|state.FINISH_OK|clk
    Info (332115):      4.857      0.475 RR  CELL  ineqsudx_scan:ineqsudx_scan|ineqsudx_scan_solver:solver|state.FINISH_OK
    Info (332115):      4.894      0.037           clock pessimism removed
    Info (332115):      4.874     -0.020           clock uncertainty
    Info (332115):      4.887      0.013     uTsu  ineqsudx_scan:ineqsudx_scan|ineqsudx_scan_solver:solver|state.FINISH_OK
    Info (332115): Data Arrival Time  :    17.446
    Info (332115): Data Required Time :     4.887
    Info (332115): Slack              :   -12.559 (VIOLATED)
    Info (332115): ===================================================================
Info (332115): Path #17: Setup slack is -12.558 (VIOLATED)
    Info (332115): ===================================================================
    Info (332115): From Node    : ineqsudx_scan:ineqsudx_scan|ineqsudx_scan_solver:solver|unique_digit[9][1]
    Info (332115): To Node      : ineqsudx_scan:ineqsudx_scan|ineqsudx_scan_solver:solver|state.PICK_ROWS
    Info (332115): Launch Clock : clk
    Info (332115): Latch Clock  : clk
    Info (332115): Data Arrival Path:
    Info (332115): Total (ns)  Incr (ns)     Type  Element
    Info (332115): ==========  ========= ==  ====  ===================================
    Info (332115):      0.000      0.000           launch edge time
    Info (332115):      0.000      0.000           source latency
    Info (332115):      0.000      0.000           clk
    Info (332115):      0.000      0.000 RR    IC  clk~input|i
    Info (332115):      0.708      0.708 RR  CELL  clk~input|o
    Info (332115):      1.602      0.894 RR    IC  clk~inputclkctrl|inclk[0]
    Info (332115):      1.602      0.000 RR  CELL  clk~inputclkctrl|outclk
    Info (332115):      3.106      1.504 RR    IC  ineqsudx_scan|solver|unique_digit[9][1]|clk
    Info (332115):      3.616      0.510 RR  CELL  ineqsudx_scan:ineqsudx_scan|ineqsudx_scan_solver:solver|unique_digit[9][1]
    Info (332115):      3.823      0.207     uTco  ineqsudx_scan:ineqsudx_scan|ineqsudx_scan_solver:solver|unique_digit[9][1]
    Info (332115):      3.823      0.000 FF  CELL  ineqsudx_scan|solver|unique_digit[9][1]|q
    Info (332115):      6.336      2.513 FF    IC  ineqsudx_scan|solver|CELLS[9].hidden[1]~4|datac
    Info (332115):      6.639      0.303 FF  CELL  ineqsudx_scan|solver|CELLS[9].hidden[1]~4|combout
    Info (332115):      7.459      0.820 FF    IC  ineqsudx_scan|solver|Equal801~0|dataa
    Info (332115):      7.861      0.402 FR  CELL  ineqsudx_scan|solver|Equal801~0|combout
    Info (332115):      8.073      0.212 RR    IC  ineqsudx_scan|solver|Equal792~0|datad
    Info (332115):      8.239      0.166 RR  CELL  ineqsudx_scan|solver|Equal792~0|combout
    Info (332115):      8.468      0.229 RR    IC  ineqsudx_scan|solver|Equal792~1|datad
    Info (332115):      8.634      0.166 RR  CELL  ineqsudx_scan|solver|Equal792~1|combout
    Info (332115):      9.458      0.824 RR    IC  ineqsudx_scan|solver|next_domain[9][6]|datad
    Info (332115):      9.603      0.145 RF  CELL  ineqsudx_scan|solver|next_domain[9][6]|combout
    Info (332115):     11.941      2.338 FF    IC  ineqsudx_scan|solver|WideOr1163~18|datac
    Info (332115):     12.244      0.303 FF  CELL  ineqsudx_scan|solver|WideOr1163~18|combout
    Info (332115):     12.479      0.235 FF    IC  ineqsudx_scan|solver|WideOr1163~19|datad
    Info (332115):     12.610      0.131 FF  CELL  ineqsudx_scan|solver|WideOr1163~19|combout
    Info (332115):     14.381      1.771 FF    IC  ineqsudx_scan|solver|WideOr1163~20|datad
    Info (332115):     14.512      0.131 FF  CELL  ineqsudx_scan|solver|WideOr1163~20|combout
    Info (332115):     15.235      0.723 FF    IC  ineqsudx_scan|solver|WideOr1163~84|datac
    Info (332115):     15.538      0.303 FF  CELL  ineqsudx_scan|solver|WideOr1163~84|combout
    Info (332115):     15.819      0.281 FF    IC  ineqsudx_scan|solver|WideOr1163~152|datab
    Info (332115):     16.173      0.354 FF  CELL  ineqsudx_scan|solver|WideOr1163~152|combout
    Info (332115):     16.415      0.242 FF    IC  ineqsudx_scan|solver|WideOr1163~485|datac
    Info (332115):     16.718      0.303 FF  CELL  ineqsudx_scan|solver|WideOr1163~485|combout
    Info (332115):     17.017      0.299 FF    IC  ineqsudx_scan|solver|Selector2846~0|datab
    Info (332115):     17.373      0.356 FF  CELL  ineqsudx_scan|solver|Selector2846~0|combout
    Info (332115):     17.373      0.000 FF    IC  ineqsudx_scan|solver|state.PICK_ROWS|d
    Info (332115):     17.467      0.094 FF  CELL  ineqsudx_scan:ineqsudx_scan|ineqsudx_scan_solver:solver|state.PICK_ROWS
    Info (332115): Data Required Path:
    Info (332115): Total (ns)  Incr (ns)     Type  Element
    Info (332115): ==========  ========= ==  ====  ===================================
    Info (332115):      1.000      1.000           latch edge time
    Info (332115):      1.000      0.000           source latency
    Info (332115):      1.000      0.000           clk
    Info (332115):      1.000      0.000 RR    IC  clk~input|i
    Info (332115):      1.708      0.708 RR  CELL  clk~input|o
    Info (332115):      2.566      0.858 RR    IC  clk~inputclkctrl|inclk[0]
    Info (332115):      2.566      0.000 RR  CELL  clk~inputclkctrl|outclk
    Info (332115):      4.382      1.816 RR    IC  ineqsudx_scan|solver|state.PICK_ROWS|clk
    Info (332115):      4.857      0.475 RR  CELL  ineqsudx_scan:ineqsudx_scan|ineqsudx_scan_solver:solver|state.PICK_ROWS
    Info (332115):      4.916      0.059           clock pessimism removed
    Info (332115):      4.896     -0.020           clock uncertainty
    Info (332115):      4.909      0.013     uTsu  ineqsudx_scan:ineqsudx_scan|ineqsudx_scan_solver:solver|state.PICK_ROWS
    Info (332115): Data Arrival Time  :    17.467
    Info (332115): Data Required Time :     4.909
    Info (332115): Slack              :   -12.558 (VIOLATED)
    Info (332115): ===================================================================
Info (332115): Path #18: Setup slack is -12.553 (VIOLATED)
    Info (332115): ===================================================================
    Info (332115): From Node    : ineqsudx_scan:ineqsudx_scan|ineqsudx_scan_solver:solver|domain[56][7]
    Info (332115): To Node      : ineqsudx_scan:ineqsudx_scan|ineqsudx_scan_solver:solver|state.FINISH_OK
    Info (332115): Launch Clock : clk
    Info (332115): Latch Clock  : clk
    Info (332115): Data Arrival Path:
    Info (332115): Total (ns)  Incr (ns)     Type  Element
    Info (332115): ==========  ========= ==  ====  ===================================
    Info (332115):      0.000      0.000           launch edge time
    Info (332115):      0.000      0.000           source latency
    Info (332115):      0.000      0.000           clk
    Info (332115):      0.000      0.000 RR    IC  clk~input|i
    Info (332115):      0.708      0.708 RR  CELL  clk~input|o
    Info (332115):      1.602      0.894 RR    IC  clk~inputclkctrl|inclk[0]
    Info (332115):      1.602      0.000 RR  CELL  clk~inputclkctrl|outclk
    Info (332115):      3.183      1.581 RR    IC  ineqsudx_scan|solver|domain[56][7]|clk
    Info (332115):      3.693      0.510 RR  CELL  ineqsudx_scan:ineqsudx_scan|ineqsudx_scan_solver:solver|domain[56][7]
    Info (332115):      3.900      0.207     uTco  ineqsudx_scan:ineqsudx_scan|ineqsudx_scan_solver:solver|domain[56][7]
    Info (332115):      3.900      0.000 RR  CELL  ineqsudx_scan|solver|domain[56][7]|q
    Info (332115):      4.206      0.306 RR    IC  ineqsudx_scan|solver|singleton[56]~418|datab
    Info (332115):      4.648      0.442 RF  CELL  ineqsudx_scan|solver|singleton[56]~418|combout
    Info (332115):      6.974      2.326 FF    IC  ineqsudx_scan|solver|next_domain[57][4]~1767|datac
    Info (332115):      7.255      0.281 FR  CELL  ineqsudx_scan|solver|next_domain[57][4]~1767|combout
    Info (332115):      8.625      1.370 RR    IC  ineqsudx_scan|solver|next_domain[57][4]~1770|dataa
    Info (332115):      8.969      0.344 RR  CELL  ineqsudx_scan|solver|next_domain[57][4]~1770|combout
    Info (332115):      9.606      0.637 RR    IC  ineqsudx_scan|solver|next_domain[57][4]|datac
    Info (332115):      9.911      0.305 RR  CELL  ineqsudx_scan|solver|next_domain[57][4]|combout
    Info (332115):     11.272      1.361 RR    IC  ineqsudx_scan|solver|Equal1753~0|datac
    Info (332115):     11.552      0.280 RF  CELL  ineqsudx_scan|solver|Equal1753~0|combout
    Info (332115):     11.837      0.285 FF    IC  ineqsudx_scan|solver|always150~32|datab
    Info (332115):     12.167      0.330 FF  CELL  ineqsudx_scan|solver|always150~32|combout
    Info (332115):     13.610      1.443 FF    IC  ineqsudx_scan|solver|always150~36|datac
    Info (332115):     13.908      0.298 FF  CELL  ineqsudx_scan|solver|always150~36|combout
    Info (332115):     15.684      1.776 FF    IC  ineqsudx_scan|solver|always150~37|datac
    Info (332115):     15.982      0.298 FF  CELL  ineqsudx_scan|solver|always150~37|combout
    Info (332115):     16.273      0.291 FF    IC  ineqsudx_scan|solver|always150~355|datab
    Info (332115):     16.677      0.404 FF  CELL  ineqsudx_scan|solver|always150~355|combout
    Info (332115):     16.976      0.299 FF    IC  ineqsudx_scan|solver|state.FINISH_OK~0|dataa
    Info (332115):     17.351      0.375 FR  CELL  ineqsudx_scan|solver|state.FINISH_OK~0|combout
    Info (332115):     17.351      0.000 RR    IC  ineqsudx_scan|solver|state.FINISH_OK|d
    Info (332115):     17.440      0.089 RR  CELL  ineqsudx_scan:ineqsudx_scan|ineqsudx_scan_solver:solver|state.FINISH_OK
    Info (332115): Data Required Path:
    Info (332115): Total (ns)  Incr (ns)     Type  Element
    Info (332115): ==========  ========= ==  ====  ===================================
    Info (332115):      1.000      1.000           latch edge time
    Info (332115):      1.000      0.000           source latency
    Info (332115):      1.000      0.000           clk
    Info (332115):      1.000      0.000 RR    IC  clk~input|i
    Info (332115):      1.708      0.708 RR  CELL  clk~input|o
    Info (332115):      2.566      0.858 RR    IC  clk~inputclkctrl|inclk[0]
    Info (332115):      2.566      0.000 RR  CELL  clk~inputclkctrl|outclk
    Info (332115):      4.382      1.816 RR    IC  ineqsudx_scan|solver|state.FINISH_OK|clk
    Info (332115):      4.857      0.475 RR  CELL  ineqsudx_scan:ineqsudx_scan|ineqsudx_scan_solver:solver|state.FINISH_OK
    Info (332115):      4.894      0.037           clock pessimism removed
    Info (332115):      4.874     -0.020           clock uncertainty
    Info (332115):      4.887      0.013     uTsu  ineqsudx_scan:ineqsudx_scan|ineqsudx_scan_solver:solver|state.FINISH_OK
    Info (332115): Data Arrival Time  :    17.440
    Info (332115): Data Required Time :     4.887
    Info (332115): Slack              :   -12.553 (VIOLATED)
    Info (332115): ===================================================================
Info (332115): Path #19: Setup slack is -12.551 (VIOLATED)
    Info (332115): ===================================================================
    Info (332115): From Node    : ineqsudx_scan:ineqsudx_scan|ineqsudx_scan_solver:solver|domain[0][4]
    Info (332115): To Node      : ineqsudx_scan:ineqsudx_scan|ineqsudx_scan_solver:solver|state.PICK_ROWS
    Info (332115): Launch Clock : clk
    Info (332115): Latch Clock  : clk
    Info (332115): Data Arrival Path:
    Info (332115): Total (ns)  Incr (ns)     Type  Element
    Info (332115): ==========  ========= ==  ====  ===================================
    Info (332115):      0.000      0.000           launch edge time
    Info (332115):      0.000      0.000           source latency
    Info (332115):      0.000      0.000           clk
    Info (332115):      0.000      0.000 RR    IC  clk~input|i
    Info (332115):      0.708      0.708 RR  CELL  clk~input|o
    Info (332115):      1.602      0.894 RR    IC  clk~inputclkctrl|inclk[0]
    Info (332115):      1.602      0.000 RR  CELL  clk~inputclkctrl|outclk
    Info (332115):      3.190      1.588 RR    IC  ineqsudx_scan|solver|domain[0][4]|clk
    Info (332115):      3.700      0.510 RR  CELL  ineqsudx_scan:ineqsudx_scan|ineqsudx_scan_solver:solver|domain[0][4]
    Info (332115):      3.907      0.207     uTco  ineqsudx_scan:ineqsudx_scan|ineqsudx_scan_solver:solver|domain[0][4]
    Info (332115):      3.907      0.000 FF  CELL  ineqsudx_scan|solver|domain[0][4]|q
    Info (332115):      4.733      0.826 FF    IC  ineqsudx_scan|solver|singleton[0]~272|datac
    Info (332115):      5.031      0.298 FF  CELL  ineqsudx_scan|solver|singleton[0]~272|combout
    Info (332115):      5.266      0.235 FF    IC  ineqsudx_scan|solver|singleton[0]~273|datad
    Info (332115):      5.397      0.131 FF  CELL  ineqsudx_scan|solver|singleton[0]~273|combout
    Info (332115):      5.639      0.242 FF    IC  ineqsudx_scan|solver|singleton[0]~277|datac
    Info (332115):      5.942      0.303 FF  CELL  ineqsudx_scan|solver|singleton[0]~277|combout
    Info (332115):      6.248      0.306 FF    IC  ineqsudx_scan|solver|singleton[0]~278|dataa
    Info (332115):      6.676      0.428 FF  CELL  ineqsudx_scan|solver|singleton[0]~278|combout
    Info (332115):      7.440      0.764 FF    IC  ineqsudx_scan|solver|CELLS[0].peer_allowed[6]~1|datac
    Info (332115):      7.743      0.303 FF  CELL  ineqsudx_scan|solver|CELLS[0].peer_allowed[6]~1|combout
    Info (332115):      9.574      1.831 FF    IC  ineqsudx_scan|solver|next_domain[0][6]~391|datab
    Info (332115):      9.967      0.393 FF  CELL  ineqsudx_scan|solver|next_domain[0][6]~391|combout
    Info (332115):     11.693      1.726 FF    IC  ineqsudx_scan|solver|WideOr1163~5|datac
    Info (332115):     11.996      0.303 FF  CELL  ineqsudx_scan|solver|WideOr1163~5|combout
    Info (332115):     13.802      1.806 FF    IC  ineqsudx_scan|solver|WideOr1163~9|datad
    Info (332115):     13.933      0.131 FF  CELL  ineqsudx_scan|solver|WideOr1163~9|combout
    Info (332115):     14.180      0.247 FF    IC  ineqsudx_scan|solver|WideOr1163~20|datac
    Info (332115):     14.483      0.303 FF  CELL  ineqsudx_scan|solver|WideOr1163~20|combout
    Info (332115):     15.206      0.723 FF    IC  ineqsudx_scan|solver|WideOr1163~84|datac
    Info (332115):     15.509      0.303 FF  CELL  ineqsudx_scan|solver|WideOr1163~84|combout
    Info (332115):     15.790      0.281 FF    IC  ineqsudx_scan|solver|WideOr1163~152|datab
    Info (332115):     16.144      0.354 FF  CELL  ineqsudx_scan|solver|WideOr1163~152|combout
    Info (332115):     16.386      0.242 FF    IC  ineqsudx_scan|solver|WideOr1163~485|datac
    Info (332115):     16.689      0.303 FF  CELL  ineqsudx_scan|solver|WideOr1163~485|combout
    Info (332115):     16.988      0.299 FF    IC  ineqsudx_scan|solver|Selector2846~0|datab
    Info (332115):     17.344      0.356 FF  CELL  ineqsudx_scan|solver|Selector2846~0|combout
    Info (332115):     17.344      0.000 FF    IC  ineqsudx_scan|solver|state.PICK_ROWS|d
    Info (332115):     17.438      0.094 FF  CELL  ineqsudx_scan:ineqsudx_scan|ineqsudx_scan_solver:solver|state.PICK_ROWS
    Info (332115): Data Required Path:
    Info (332115): Total (ns)  Incr (ns)     Type  Element
    Info (332115): ==========  ========= ==  ====  ===================================
    Info (332115):      1.000      1.000           latch edge time
    Info (332115):      1.000      0.000           source latency
    Info (332115):      1.000      0.000           clk
    Info (332115):      1.000      0.000 RR    IC  clk~input|i
    Info (332115):      1.708      0.708 RR  CELL  clk~input|o
    Info (332115):      2.566      0.858 RR    IC  clk~inputclkctrl|inclk[0]
    Info (332115):      2.566      0.000 RR  CELL  clk~inputclkctrl|outclk
    Info (332115):      4.382      1.816 RR    IC  ineqsudx_scan|solver|state.PICK_ROWS|clk
    Info (332115):      4.857      0.475 RR  CELL  ineqsudx_scan:ineqsudx_scan|ineqsudx_scan_solver:solver|state.PICK_ROWS
    Info (332115):      4.894      0.037           clock pessimism removed
    Info (332115):      4.874     -0.020           clock uncertainty
    Info (332115):      4.887      0.013     uTsu  ineqsudx_scan:ineqsudx_scan|ineqsudx_scan_solver:solver|state.PICK_ROWS
    Info (332115): Data Arrival Time  :    17.438
    Info (332115): Data Required Time :     4.887
    Info (332115): Slack              :   -12.551 (VIOLATED)
    Info (332115): ===================================================================
Info (332115): Path #20: Setup slack is -12.551 (VIOLATED)
    Info (332115): ===================================================================
    Info (332115): From Node    : ineqsudx_scan:ineqsudx_scan|ineqsudx_scan_solver:solver|domain[0][1]
    Info (332115): To Node      : ineqsudx_scan:ineqsudx_scan|ineqsudx_scan_solver:solver|state.SCAN
    Info (332115): Launch Clock : clk
    Info (332115): Latch Clock  : clk
    Info (332115): Data Arrival Path:
    Info (332115): Total (ns)  Incr (ns)     Type  Element
    Info (332115): ==========  ========= ==  ====  ===================================
    Info (332115):      0.000      0.000           launch edge time
    Info (332115):      0.000      0.000           source latency
    Info (332115):      0.000      0.000           clk
    Info (332115):      0.000      0.000 RR    IC  clk~input|i
    Info (332115):      0.708      0.708 RR  CELL  clk~input|o
    Info (332115):      1.602      0.894 RR    IC  clk~inputclkctrl|inclk[0]
    Info (332115):      1.602      0.000 RR  CELL  clk~inputclkctrl|outclk
    Info (332115):      3.190      1.588 RR    IC  ineqsudx_scan|solver|domain[0][1]|clk
    Info (332115):      3.700      0.510 RR  CELL  ineqsudx_scan:ineqsudx_scan|ineqsudx_scan_solver:solver|domain[0][1]
    Info (332115):      3.907      0.207     uTco  ineqsudx_scan:ineqsudx_scan|ineqsudx_scan_solver:solver|domain[0][1]
    Info (332115):      3.907      0.000 FF  CELL  ineqsudx_scan|solver|domain[0][1]|q
    Info (332115):      4.745      0.838 FF    IC  ineqsudx_scan|solver|singleton[0]~272|datab
    Info (332115):      5.149      0.404 FF  CELL  ineqsudx_scan|solver|singleton[0]~272|combout
    Info (332115):      5.384      0.235 FF    IC  ineqsudx_scan|solver|singleton[0]~273|datad
    Info (332115):      5.515      0.131 FF  CELL  ineqsudx_scan|solver|singleton[0]~273|combout
    Info (332115):      5.757      0.242 FF    IC  ineqsudx_scan|solver|singleton[0]~277|datac
    Info (332115):      6.060      0.303 FF  CELL  ineqsudx_scan|solver|singleton[0]~277|combout
    Info (332115):      6.366      0.306 FF    IC  ineqsudx_scan|solver|singleton[0]~278|dataa
    Info (332115):      6.794      0.428 FF  CELL  ineqsudx_scan|solver|singleton[0]~278|combout
    Info (332115):      7.558      0.764 FF    IC  ineqsudx_scan|solver|CELLS[0].peer_allowed[6]~1|datac
    Info (332115):      7.861      0.303 FF  CELL  ineqsudx_scan|solver|CELLS[0].peer_allowed[6]~1|combout
    Info (332115):      9.692      1.831 FF    IC  ineqsudx_scan|solver|next_domain[0][6]~391|datab
    Info (332115):     10.085      0.393 FF  CELL  ineqsudx_scan|solver|next_domain[0][6]~391|combout
    Info (332115):     11.811      1.726 FF    IC  ineqsudx_scan|solver|WideOr1163~5|datac
    Info (332115):     12.114      0.303 FF  CELL  ineqsudx_scan|solver|WideOr1163~5|combout
    Info (332115):     13.920      1.806 FF    IC  ineqsudx_scan|solver|WideOr1163~9|datad
    Info (332115):     14.051      0.131 FF  CELL  ineqsudx_scan|solver|WideOr1163~9|combout
    Info (332115):     14.298      0.247 FF    IC  ineqsudx_scan|solver|WideOr1163~20|datac
    Info (332115):     14.601      0.303 FF  CELL  ineqsudx_scan|solver|WideOr1163~20|combout
    Info (332115):     15.324      0.723 FF    IC  ineqsudx_scan|solver|WideOr1163~84|datac
    Info (332115):     15.627      0.303 FF  CELL  ineqsudx_scan|solver|WideOr1163~84|combout
    Info (332115):     15.908      0.281 FF    IC  ineqsudx_scan|solver|WideOr1163~152|datab
    Info (332115):     16.262      0.354 FF  CELL  ineqsudx_scan|solver|WideOr1163~152|combout
    Info (332115):     16.504      0.242 FF    IC  ineqsudx_scan|solver|WideOr1163~485|datac
    Info (332115):     16.807      0.303 FF  CELL  ineqsudx_scan|solver|WideOr1163~485|combout
    Info (332115):     17.068      0.261 FF    IC  ineqsudx_scan|solver|Selector2844~3|datac
    Info (332115):     17.349      0.281 FR  CELL  ineqsudx_scan|solver|Selector2844~3|combout
    Info (332115):     17.349      0.000 RR    IC  ineqsudx_scan|solver|state.SCAN|d
    Info (332115):     17.438      0.089 RR  CELL  ineqsudx_scan:ineqsudx_scan|ineqsudx_scan_solver:solver|state.SCAN
    Info (332115): Data Required Path:
    Info (332115): Total (ns)  Incr (ns)     Type  Element
    Info (332115): ==========  ========= ==  ====  ===================================
    Info (332115):      1.000      1.000           latch edge time
    Info (332115):      1.000      0.000           source latency
    Info (332115):      1.000      0.000           clk
    Info (332115):      1.000      0.000 RR    IC  clk~input|i
    Info (332115):      1.708      0.708 RR  CELL  clk~input|o
    Info (332115):      2.566      0.858 RR    IC  clk~inputclkctrl|inclk[0]
    Info (332115):      2.566      0.000 RR  CELL  clk~inputclkctrl|outclk
    Info (332115):      4.382      1.816 RR    IC  ineqsudx_scan|solver|state.SCAN|clk
    Info (332115):      4.857      0.475 RR  CELL  ineqsudx_scan:ineqsudx_scan|ineqsudx_scan_solver:solver|state.SCAN
    Info (332115):      4.894      0.037           clock pessimism removed
    Info (332115):      4.874     -0.020           clock uncertainty
    Info (332115):      4.887      0.013     uTsu  ineqsudx_scan:ineqsudx_scan|ineqsudx_scan_solver:solver|state.SCAN
    Info (332115): Data Arrival Time  :    17.438
    Info (332115): Data Required Time :     4.887
    Info (332115): Slack              :   -12.551 (VIOLATED)
    Info (332115): ===================================================================
Info (23030): Evaluation of Tcl script /data/project/tsmc65/shared/qsyn/util/report_worst.tcl was successful
Info: Quartus Prime Timing Analyzer was successful. 0 errors, 1 warning
    Info: Peak virtual memory: 614 megabytes
    Info: Processing ended: Wed Sep  9 00:06:42 2026
    Info: Elapsed time: 00:00:22
    Info: Total CPU time (on all processors): 00:00:03
