1 785 PASS 923614587816537294754928361178259436539746128642381975287195643495863712361472859
2 123 PASS 937245681142689573856371924523418769689732145714956238468597312291863457375124896
3 195 PASS 874529613231678459965314278426895731759431826183267594598142367312786945647953182
4 156 PASS 132754698864391572975268341316429785427586913589173264241637859658912437793845126
5 186 PASS 162397854853421697974685231749263518218549763635718429427136985591872346386954172
6 297 PASS 671429835923685741458713962217536498546198327389247156735961284192854673864372519
7 1068 PASS 693574128584312697172869345459128763368497251721653984815936472236745819947281536
8 322 PASS 916432578873651942542789631327816495691543827458297316184975263235164789769328154
9 232 PASS 491238567325967841678154932156329784247685193839471256764592318912843675583716429
10 31 PASS 164295783973648251852731946718569432346872195295413678637184529581927364429356817
11 174 PASS 154263798267981435938574126415629873893715264726348951342896517571432689689157342
12 272 PASS 142568379857293461963471285271356948385942716694187523416735892529814637738629154
13 132 PASS 839571642465283917271946835628397451314652798957814263543729186182465379796138524
14 191 PASS 152678943863491725974532681216749358437285169589316274321857496645923817798164532
15 192 PASS 831245769725689431946731528487963215193528647562417983374196852619852374258374196
16 109 PASS 132485976847691532965723481213847695684359127759216348321574869498162753576938214
17 44 PASS 128547639345869217679213548912486375784352196536791482891624753467935821253178964
18 203 PASS 132648579857291364946753281321964758574182693689375142265419837418537926793826415
19 146 PASS 123549786964387251875261394257698413319425867486173925548936172692714538731852649
20 79 PASS 125439786947586231863271945734692158512843679689715423271368594498157362356924817
21 496 PASS 536897142291465387847132956324789561659321478718654293973248615482516739165973824
22 269 PASS 123457689456189273789326451241765938697832145835941762318274596572693814964518327
23 73 PASS 172384965843695271956721384214538796635917428798462153321859647489176532567243819
24 89 PASS 123476598857291463964358271371825649482963715596147382215684937639712854748539126
25 952 PASS 763814925428953671159672483891725364674381592235496718342169857586237149917548236
26 131 PASS 841596372275384961936712548629431857357268194184975236763129485518643729492857613
27 58 PASS 142536987857294631963871425315428796498167253726359148231645879589712364674983512
28 1306 PASS 132758694964321587857496231623175948518943726749682315495217863276834159381569472
29 205 PASS 123568749876249531954731682512673498648195273739482156281354967365917824497826315
30 222 PASS 132598674576342819894716325768925143423681957951473286317264598245839761689157432
31 47 PASS 279538164314769285685214973823491657561873492947625831732946518156382749498157326
32 203 PASS 132548697865791324974362581513924768628175943749683152251436879387259416496817235
33 265 PASS 142793685857461392936582471783159264694327518521846739475938126219674853368215947
34 708 PASS 124597683835261479967348251241735968586129347793486125312854796459673812678912534
35 201 PASS 132549678845762391976381254321854769587296413694137582213678945468925137759413826
36 121 PASS 125386974837491562946725381254169837361874259798532146412653798579248613683917425
37 222 PASS 123659784854723691976481532512846973638972145749135268261394857385267419497518326
38 506 PASS 184256397327914865956873241492631578613587429578429613761345982245198736839762154
39 40 PASS 124538697875691324936274581512347968689152473743869215251486739367915842498723156
40 163 PASS 935781246867429531124653987749216358216835479358947162581362794673194825492578613
41 585 PASS 172698543543217698689345712824156379316879254795432861457983126231564987968721435
42 109 PASS 123684795874529361965731482216453879398176254547298613431865927652947138789312546
43 252 PASS 123684795865739421974521683216453879347198562598276314431862957652947138789315246
44 151 PASS 132698574854731692967245381513472869648159723729386415271563948386914257495827136
45 552 PASS 142639785687452913935817426879126354524793861316584297468275139253941678791368542
46 884 PASS 152683794873491265964572381315764829426839157789125643231946578547218936698357412
47 84 PASS 132574698874269351956381247241697835587143926693825714318752469465938172729416583
48 639 PASS 312945687946817352587362941739156428658423179124789563471538296865291734293674815
49 409 PASS 473612589628957431915834276142586397589371642367429815231745968856193724794268153
50 111 PASS 132698574864752391975341268241937685693185742758264139316429857487513926529876413
51 435 PASS 126789354943561287857342961792415836618973425534628179285196743371854692469237518
52 364 PASS 125478369846293571937651482261534897384769215579182634413827956692315748758946123
53 239 PASS 498126753235874691617395482846539127751482369923761548174258936589613274362947815
54 189 PASS 123759486874361592965284371216593847397846215458127963531478629642915738789632154
55 138 PASS 124359678875264391936781542253147986489526713761893254312475869598612437647938125
56 999 PASS 152749386987356142346821957235698714614237895879514263428175639791463528563982471
57 954 PASS 123579486874632951956481237512794368638215749749863512261347895385926174497158623
58 646 PASS 123584796874369521965721483216473859357298614489156237531642978692817345748935162
59 270 PASS 316254978957831462248976315563197824489625731172483596631549287895712643724368159
60 292 PASS 564819237739542681182376954397281465641935872258467193423658719875194326916723548
61 155 PASS 132475698867291453954368271271856349483927165596143782315684927628719534749532816
62 128 PASS 631257984527984361894163275178426539246395718953871642369518427485732196712649853
63 768 PASS 123456789456789132789213546235978614874621953961534278342165897597842361618397425
64 278 PASS 124596873835724691976381542213647958648915327759832164361279485492158736587463219
65 167 PASS 789152364316479258452368917123845796674291835895736421531987642968524173247613589
66 148 PASS 157463298846279351932581476574612839369758142218934567785326914691845723423197685
67 284 PASS 123965487865347921947281356234516798571892634689473215312654879458729163796138542
68 82 PASS 124689753835741962976235481512476839683912574749358126251864397368197245497523618
69 58 PASS 132746598857291463964358271213489657645137982789625314371562849496813725528974136
70 406 PASS 394712685576834219218596734185247396647953821923168547869425173751389462432671958
71 306 PASS 124398567856472391937651248241583679685947132793126485312769854469815723578234916
72 83 PASS 146298573852376491937451268264735189389124756571689342795812634423967815618543927
73 521 PASS 165294873738561294294837165972345618651789432483126759549672381316458927827913546
74 232 PASS 125469378836571294947283651271834569583196742694752183318645927452917836769328415
75 310 PASS 124396587836527941975481326241653798653978412789214653312745869468139275597862134
76 181 PASS 132947586854261937967385241413529768528673419679814352241736895385192674796458123
77 2920 PASS 123456789456798213789213564234675891671839425895124637348967152562341978917582346
78 310 PASS 132758694847269531956341728513876942624913875789425163261537489378194256495682317
79 86 PASS 132496785865721943974583621241367598596218374783945216317852469428639157659174832
80 622 PASS 142638957865729341973541286251386479386497512794152638417263895528914763639875124
81 116 PASS 513249867486735219729816345258364971694172583371598624842951736135687492967423158
82 497 PASS 132495786846721953957386421213574698564819372798263514321657849479138265685942137
83 65 PASS 142368597853479261976521384514296738639847152728135649261954873395782416487613925
84 75 PASS 389764251716259483542318679864597132951832764237146895493681527128975346675423918
85 280 PASS 132487695875691324964523871213958467658374912749216538321849756497165283586732149
86 149 PASS 162948357937152864458763291679435182214896573385217946791524638826379415543681729
87 54 PASS 132498756854762391967531284513246978628973145749185632271354869385619427496827513
88 409 PASS 132476598846359271957281463271935684394628157685714329418567932529843716763192845
89 345 PASS 172954368893216745456837192627481953948573216531692874714325689269748531385169427
90 103 PASS 156372498827491653943568271295817346674235189318649527469753812732184965581926734
91 87 PASS 861539724293874615457621983716248539324795168985316247649153872132987456578462391
92 64 PASS 163542798852937146749186352927864531586713429314295867271359684438621975695478213
93 158 PASS 961587324538249176274631958157498263389762541642315789796853412423176895815924637
94 93 PASS 796821435435976281812354796624583917389217654571649328953468172267195843148732569
95 261 PASS 132497586847635921956821347213574698589163274674982135321746859468259713795318462
96 167 PASS 125389467836274591947651283214563879578192346693748125359426718461837952782915634
97 267 PASS 875142396934657281216839475548916723791523648362784519459268137127395864683471952
98 211 PASS 691748235234951768578263419987432156126579384345186972869314527712895643453627891
99 346 PASS 619352847458971236237684915921836574786415392543297681194528763862743159375169428
100 209 PASS 872159346493867152165234879921583467586471923347926518214798635738645291659312784
101 111 PASS 123478695874596321965231784512743869649182537738965412256314978391857246487629153
102 191 PASS 123649875847351296956782431512473968689215347734968152261534789378196524495827613
103 261 PASS 123456789987321456456879312839162547241785693765943821572614938318597264694238175
104 70 PASS 123694587875321946946875231312469758594738612768152394231546879459287163687913425
105 47 PASS 152934687763821549984567321618493275375182496249756813521378964436219758897645132
106 107 PASS 641279583258314976739865241382651497416792358597438612174926835925183764863547129
107 295 PASS 132496785854237961976851234321549678487162593569378142293614857615783429748925316
108 89 PASS 132856947875491326946327581368749215519682734427513869294178653681935472753264198
109 372 PASS 123476598847259361965381472216738954359642817478915236531827649684193725792564183
110 491 PASS 124387569578964132369125478946578321832491657715236984453712896697843215281659743
111 371 PASS 132489576856273491974561832213756984548392617769814325321648759485927163697135248
112 691 PASS 413592876925678431867431952136254789294867315758319624389126547641785293572943168
113 379 PASS 124379856836451297975682341512738469643915728789246135251863974367194582498527613
114 371 PASS 124357986876291345935864271412573698658149723793628514241735869369482157587916432
115 705 PASS 972641385834572691156398724623485917518927436749136258397814562485269173261753849
116 42 PASS 413658792987421356265973814136582947874169235592347168358294671749816523621735489
117 47 PASS 123476589857291463964358271218564937346917825579832614431625798695783142782149356
118 355 PASS 123579486856423971947681325214837659639215847785946132361754298472198563598362714
119 153 PASS 124359678837462591965781243241893756583627914796145382312574869458936127679218435
120 537 PASS 581324697967851324342796518413985762879462135256137849795643281134278956628519473
121 64 PASS 142365987873291456965874231216438579437519628589726314321647895698152743754983162
122 175 PASS 152678943864391752973245681215763894497582136638914527321856479549127368786439215
123 99 PASS 512498376498736512376512498965174283821963745743285961684329157257641839139857624
124 180 PASS 123974685846531927957286431514628379639457218782319564261745893375892146498163752
125 100 PASS 132598674854761293967432581513946728648275319729183465271359846396824157485617932
126 235 PASS 142398765863751294975624831214836957397215648586947123421579386659183472738462519
127 55 PASS 124369857835471296967528431213754968578916324649283175351642789496837512782195643
128 99 PASS 481239675356781492972645318543817926769352841218964753825476139694123587137598264
129 162 PASS 147369258963285471825471396214758963579136824638924517382697145751842639496513782
130 83 PASS 915438267842976351376125984563294178721853496489617523697342815254781639138569742
131 64 PASS 124356987836297451975841326213578694569124873748639512351482769492765138687913245
132 61 PASS 132457689867291543945368271514723968623189754789546132251634897378915426496872315
133 141 PASS 462815973971432685385697142729364851653128794814579236547281369238946517196753428
134 305 PASS 865491327974263581123758496419526873537849162286137954652914738348675219791382645
135 246 PASS 564719823723458916189362475932647158457891362816523749695184237271935684348276591
136 106 PASS 146289735825374691937651482274193856618542379593768124781425963359816247462937518
137 103 PASS 413528796725946831896137245548671923172395684639284517261853479954712368387469152
138 222 PASS 125369487847521936936478521214786359573294168689153742352617894491832675768945213
139 509 PASS 143792685952684317876351942735819264298463751461527893629175438584236179317948526
140 410 PASS 142387956876591432953624781231458697587169324694273518315742869428936175769815243
141 300 PASS 125384967836791524947625381253149876681537249794862135312456798478913652569278413
142 283 PASS 123457689456189327789362145218973456634825791975641238347518962561294873892736514
143 112 PASS 152386794864579231973241856739412568528967143416853972241735689395628417687194325
144 132 PASS 132649785874325961956781324513896247628417539749532816261953478385174692497268153
145 408 PASS 124685793873249561965731482216473958357198246498562317531824679642917835789356124
146 70 PASS 173689452952374681864251937247516893389427165516893274621738549798145326435962718
147 132 PASS 164397285932485671857261394389126547275849163641753928726514839418932756593678412
148 586 PASS 954871632862935147173426589485692713326517894791348256538264971647159328219783465
149 894 PASS 125976348369428517784351926253817694416293875897645132978532461631784259542169783
150 1449 PASS 124597368369428517587361924293815746416273895875946132958632471631784259742159683
151 218 PASS 142397658873561294965248371321786549684935712759124836216453987438679125597812463
152 145 PASS 152734896974685231863921547345817629729563184618249375537198462281476953496352718
153 138 PASS 921736584354189627687425193132654879579318462846972351468293715793561248215847936
154 811 PASS 129576348376428519584391627293815764417263895865749132958632471731984256642157983
155 53 PASS 124639785837251694956784321512463978643978152789125463261547839395816247478392516
156 268 PASS 152376984863429751974581623215693478438712596796845132321954867547268319689137245
157 190 PASS 152436897863971524974285361246318975381597246597642138415723689629854713738169452
158 560 PASS 143658792872391654956742381514926837628473915739185426261834579395267148487519263
159 391 PASS 123469587865732491974581623216357849357894216498126735531278964642915378789643152
160 408 PASS 132769458875421693964358721396245187528137946417896532743512869651983274289674315
161 751 PASS 142397586863425971957861234314278695598613742726549318231754869475986123689132457
162 528 PASS 123456789456798132789213546275849613691537428834162957318975264567324891942681375
163 175 PASS 613957428742138569958246317376891254489562173521473986894715632235689741167324895
164 73 PASS 168432975925781643473956182831529764249867351756314298614278539592643817387195426
165 46 PASS 142398567863751294975642381514926738638175429729483615251834976387569142496217853
166 335 PASS 132749685854361792967582341513476829648925137729138564271693458385214976496857213
167 946 PASS 123469587864572931975381426512793648638245719749816352251637894386924175497158263
168 332 PASS 142593678865741293937268451513472986624985137798136524256317849389624715471859362
169 352 PASS 152743869987126543463598217579814326231967458648235791726481935814359672395672184
170 130 PASS 142973586679158324538624971321765849765489132894231765256317498913842657487596213
171 391 PASS 172689453953421687864735921316847592297516348548392176435178269689253714721964835
172 76 PASS 978126453613594827254387196495861732827943561361752984536478219782619345149235678
173 689 PASS 962314857134587269578296413847962531651873942329145786285639174793451628416728395
174 531 PASS 167243598832659471954781263671498325543162987289537614496815732715326849328974156
175 77 PASS 142398756853276941967541283618739425324815697579624318496157832285963174731482569
176 529 PASS 142379586863451927975628431216584379437192658589736214321947865654813792798265143
177 85 PASS 124985367875346291936271854342518679517629438689437512251764983468193725793852146
178 171 PASS 937281465145936287826547931318625794579413628264798513651879342782364159493152876
179 322 PASS 832571694947368251165492378276839415481756923359124867594213786613987542728645139
180 79 PASS 153762948647891235892354761486175392975423816321689574738246159514938627269517483
181 705 PASS 927158436453926781168374529736849215245713968819562374584231697692487153371695842
182 173 PASS 132468597846579321957231684514382976698745132723196458261853749379624815485917263
183 166 PASS 132479685857631942964285731213956874548317269679824153321568497485792316796143528
184 307 PASS 123478596865291374974536281512763948638945712749182653256817439391654827487329165
185 156 PASS 681473295573296814294185376718534962342869157956712438827951643469327581135648729
186 91 PASS 123479658847561392965382471214657839396824517578913264431295786659748123782136945
187 243 PASS 124569783865371492973284651216753849397648125458192376531427968649815237782936514
188 198 PASS 123476598847259361965381274251638947378942156496715832514863729632197485789524613
189 542 PASS 178462935924531768365897412239718654857643291416259387791325846683174529542986173
190 811 PASS 132456897845927361967381425413862759529174638678539142251648973384795216796213584
191 333 PASS 123659478865374291947281563271938645384765129596142837412593786638417952759826314
192 217 PASS 124695387876231495935748621512369748643827519789154236251486973367912854498573162
193 51 PASS 134692857592178634687543921945237186368419275271865349426781593819354762753926418
194 126 PASS 123468975857391624964275381216753849348619257579824136431586792682947513795132468
195 378 PASS 142593786857624931963781245215376498378419562496852173524938617631247859789165324
196 153 PASS 124698573837251694965743281213574869476982315589136427341827956652319748798465132
197 211 PASS 927351684431687295856492731178524963245963817369718542792136458514879326683245179
198 36 PASS 154268739863579421972341685316425978427896153598137264231654897649783512785912346
199 77 PASS 914286753762539841835147296658971324179423685243658917321864579596712438487395162
200 34 PASS 153986427847321695926457831692173548375894162481265973769512384214638759538749216
201 1099 PASS 381467925549213687762895413458639172916728354273541869634152798895376241127984536
202 108 PASS 132487596857961234964235871413578629589642317726319458241756983375894162698123745
203 558 PASS 285314769619278354374569281792651438451893627836427915127935846543786192968142573
204 272 PASS 143758692867291534952346781518432967629175348734689215271863459385924176496517823
205 176 PASS 132476589947258361865391472359684217416725893278913645794562138621837954583149726
206 676 PASS 137498652954263718268517439426359187813672594579184326742835961685941273391726845
207 5835 PASS 139648752758132964246795318461573289893426175527981436982357641674819523315264897
208 240 PASS 817935246359642718264187359723594861981276534645318927178423695436859172592761483
209 1534 PASS 713429658489615327625783941197856234842937516356241789561374892274598163938162475
210 47 PASS 142897356835261497967345821683152749274689513591734682419573268726418935358926174
211 6565 PASS 135849672269357841748261359896524137412736598357198264574612983681973425923485716
212 635 PASS 124379568837651294965482371216837945348925716579146823451293687693718452782564139
213 95 PASS 125483976837596241946721583261379854583142769794865132312657498459238617678914325
214 292 PASS 142653798867291345953478261314786529629145837785932416231567984476829153598314672
215 417 PASS 135748629729635148684291537971582463356914782248376951413859276567123894892467315
216 319 PASS 184536729935287461627914835298745613473691258561823974746158392819372546352469187
217 117 PASS 135689472827541963946237581318795246274863159569412837492356718651978324783124695
218 656 PASS 185427639936185274274639581497312856562874913318596427759261348623748195841953762
219 146 PASS 153694872927185634486237951314569287768423519592718463245376198639841725871952346
220 520 PASS 976184532581326479423795861192578643865943127734261985349812756657439218218657394
221 432 PASS 491763258265981743837524961354197682978236415126845379583472196712659834649318527
222 139 PASS 143568297857291436962374851214637985578419623639825714321786549486953172795142368
223 214 PASS 147683592826459371935271468361924857584367219279815643458792136712536984693148725
224 276 PASS 815264379293175486764398215586943127921587634437612958652839741379451862148726593
225 152 PASS 523648917976152348148793265285417639364985721791236854612874593839521476457369182
226 1137 PASS 891473526763259841254816397537642918149385672682791453325164789418937265976528134
227 145 PASS 943721865856394721172685394639412578284567139715839642467958213591273486328146957
228 127 PASS 897215463324678951615493287241837695589162734736549812972381546168754329453926178
229 6112 PASS 912857364856324179374691528287419635593276841461538792139782456625143987748965213
230 123 PASS 159723468786419235342586917238195746574638129961274583895341672423967851617852394
231 310 PASS 124395687835476921976821354351748296482569713697132548213654879568917432749283165
232 47 PASS 152368749864279351973451682215946837386127594497835126521684973638792415749513268
233 229 PASS 934126587258374916167589234716832459495761328382495671623918745849257163571643892
234 107 PASS 142569387873421956956738421264385179381697245795142638417256893528913764639874512
235 132 PASS 152634987863795421974821356216348795347952168589167234421583679635479812798216543
236 296 PASS 152398647973641285864572931598714362247936158316285794725463819431829576689157423
237 405 PASS 169534278248197536753286914472368195391475862685921743817653429526749381934812657
238 3309 PASS 164583279375219684892647153587164932926358741413792865649831527251476398738925416
239 151 PASS 125468397836791524947523681213649758684157239759832146361284975472915863598376412
240 266 PASS 123648795854791362967532481512376948648129573739485126271854639385967214496213857
241 776 PASS 123589764864721395975643281216374958358192647497865123532416879681957432749238516
242 7342 PASS 328176594495238761176459238682743159549621873713985642931562487864317925257894316
243 263 PASS 132596847867324591954781236241865379683179425795432168316257984429618753578943612
244 244 PASS 152394786873526941964781532246837195397145268581962473415673829628419357739258614
245 451 PASS 139768542546921783872354691251687439798243165463195278625879314387412956914536827
246 98 PASS 473819625652473819891562374164287953935641287287395461328154796549726138716938542
247 93 PASS 152347986864259371973681245315472698429816753786593124238764519597138462641925837
248 177 PASS 132489675846375291957621843513942768624718539789536124261893457375164982498257316
249 133 PASS 289715463531964872764832159312479586697358214458621937926187345143596728875243691
250 198 PASS 123759684847261953965483721514372869638915247792648135251837496386194572479526318
251 1078 PASS 847931526163425987952687341679812435518346279234759618321568794786294153495173862
252 60 PASS 123457689456189327789326451291538764375694218864712935542961873617843592938275146
253 503 PASS 738416925169725843452938671915842736324657189687193254241579368893264517576381492
254 348 PASS 713425698546879231892361574258793146967142385134658927689214753475936812321587469
255 145 PASS 172539684863241795945786321417928536539167248286354917354612879691873452728495163
256 257 PASS 123574698856291473947368251218756349579143826634829517362417985481935762795682134
257 143 PASS 237941586489756231156382497793524618864179325521638749315497862642815973978263154
258 199 PASS 471285936562379148398641275249537861687124593135896427813462759954713682726958314
259 302 PASS 123569784865247391974381265217695843359428617486173529532814976691732458748956132
260 244 PASS 973261584145987236862345971589473612324618795617529348258794163496132857731856429
261 274 PASS 681293547254867193973541286148732965539186472762459318395618724817324659426975831
262 280 PASS 219865734456713892738924615864372159527149386391658427685491273943287561172536948
263 259 PASS 123456987857391642946278531214635798638917425795824316361542879482769153579183264
264 250 PASS 142638579863759241957421386314567892689142753725893164236975418471286935598314627
265 303 PASS 159874236237156948486329517791438625648295173325761489862917354514683792973542861
266 207 PASS 134256897852749631967381542215837469349615278678924153421573986593168724786492315
267 276 PASS 124359768865472391937681245351247689479863512682195473216738954543916827798524136
268 671 PASS 165289347278436519943715682586172934392564871417893256621357498839641725754928163
269 242 PASS 132479658847561392956283471271934865368752149594816723413625987685197234729348516
270 336 PASS 124356987836749521957281634512693478643872159789415263261937845398524716475168392
271 97 PASS 162435897834796521957821634641258973385179462729364185578643219296517348413982756
272 89 PASS 153679482862431975974285361219367548345918627786524193421756839597843216638192754
273 212 PASS 132569478846371592957284361214653987365897214789142635421736859573928146698415723
274 251 PASS 147658293923471568856392471471923685539864127682517349318249756295736814764185932
275 157 PASS 918735624435162987276984135321648579847359216569271348783526491154893762692417853
276 49 PASS 152349687863572941974681235318725469625914378749863152231457896487196523596238714
277 104 PASS 124569378836271594975483261241695783357824916689137452412756839563948127798312645
278 214 PASS 178645239459372618632198574825739146746281395391456827283967451517824963964513782
279 211 PASS 152493687964587321873621945286174593547239168391856274625348719439712856718965432
280 84 PASS 367418259491352876258769143726591384819243765534687921143876592985124637672935418
281 64 PASS 124579683865423791973681542216397458437856219589142376341768925652914837798235164
282 292 PASS 123594687865721394974638521216479835489153762537862419341285976658917243792346158
283 118 PASS 123748596854691372976235481512963748638574129749182653261459837395817264487326915
284 304 PASS 145729386827653491936481527713965248584372619692148753478296135369514872251837964
285 247 PASS 178493625596728341243651987359142876821367459467589213614235798935874162782916534
286 2551 PASS 319624857562871943478395162721439586985762314643158729254983671197546238836217495
287 193 PASS 384512679259376481716948523928654317135789264647123958491865732863297145572431896
288 104 PASS 172465839984123765653798241749816352236957418518234697425681973861379524397542186
289 416 PASS 749582316365719428281643597196375842853294761472861953534127689918436275627958134
290 105 PASS 157648392364219857829573641536194728792836415418725936985462173641357289273981564
291 178 PASS 716839542358247169942651783491365278687912435523784916269178354874593621135426897
292 429 PASS 941856372386721594752943168893572641527164983614398725178239456265417839439685217
293 129 PASS 915872634276943581834615729521437968349586217687291345193728456768354192452169873
294 265 PASS 182639475735214869694785312948563127527148693316927584469371258273856941851492736
295 252 PASS 125439678836571492947628531213946785574812369698753124351287946462395817789164253
296 189 PASS 152743698873269451964581273241395867396874512785126934417652389528937146639418725
297 183 PASS 142569387857431926963728451215387649379642518486195732521973864698254173734816295
298 67 PASS 528147396193682754746593182231876549659431827487925613964718235872354961315269478
299 57 PASS 528769431461823795397415268236174589175986324849352617682597143953241876714638952
300 87 PASS 123457689456189273789263451231678594675942138948531762312796845597814326864325917
301 598 PASS 162457839943861275587329461615983742439172658728546193256738914371294586894615327
302 221 PASS 136489275847521963952376481693214857285967134714835629321748596479652318568193742
303 523 PASS 163584792824739561975621483597346128236158974418297635652473819381965247749812356
304 122 PASS 123689475845731962967425381519346728682957143734218659256173894378594216491862537
305 75 PASS 123649785875321496964785231512463879638972154749158362251836947397514628486297513
306 186 PASS 697538124235164789148792653524876391976315248381249576753481962419627835862953417
307 921 PASS 129478653536912478874365912983754126617283549452691387368147295245839761791526834
308 463 PASS 137645982864329571925781436619473825543892167782516349298137654451268793376954218
309 167 PASS 865742391143698572972351684718923465639485217524176839257869143481537926396214758
310 451 PASS 137965428985243176462178539728539641619487253354612897546791382871324965293856714
311 178 PASS 924751683165389274873462591397124865456893127218675349732918456549236718681547932
312 3803 PASS 912653847835174629764289135158367492276941358493528761689732514327415986541896273
313 40 PASS 142396857863527491957841326321685974486719235579432168215964783634278519798153642
314 72 PASS 785931624693425178241687953438152796579863241162749385814296537326578419957314862
315 199 PASS 132479865847365291956281743513942678629738154784516932265193487378624519491857326
316 254 PASS 142658379857293461963471285214389756378564192596127843425716938639842517781935624
317 71 PASS 349258176256719483817436259928561347135947862764382915592174638671823594483695721
318 1042 PASS 142379568867251394953684271231495687578163429694728153325817946486932715719546832
319 178 PASS 123456789456789132789213645264375891875941326931862574317694258542138967698527413
320 88 PASS 925781364147639582836542791518394276693275418274168935362417859759826143481953627
321 105 PASS 781924653962583147354761892846219375135476289279835461698152734523647918417398526
322 200 PASS 123684795875329641964571382216758439437196258598243176341865927652937814789412563
323 438 PASS 132465897854729631976381245513846972628917453749532168265174389391658724487293516
324 51 PASS 132568497846729531975341826251634978387195642469287153513476289628953714794812365
325 234 PASS 132458697857691342964723581513946278628175934749382156271534869396817425485269713
326 643 PASS 153648792926735481874291356732564918618972543549183267381457629467829135295316874
327 195 PASS 124386795835497621976521843217835469358964172469172358542613987681759234793248516
328 183 PASS 142678395857392461963451278271534689384169752596827134415783926639215847728946513
329 224 PASS 514623789392785146876149352258374961931568427647912538463891275185237694729456813
330 177 PASS 124379685873564291965281473216493857389657124457128369532716948648935712791842536
331 131 PASS 123475689856391472947268351261534897389627145574189236412753968695842713738916524
332 152 PASS 137926485964587231825341967241895673673412598589673142758164329396258714412739856
333 93 PASS 132768495847591362965342871314259786528673914679814523251487639483926157796135248
334 91 PASS 152764389873291546964358271216845793348972165597136428421589637639417852785623914
335 91 PASS 124635987837249561965781324512496873643872159789513642251364798376928415498157236
336 162 PASS 124579683857643921936281547213754896685932714749816352361495278498327165572168439
337 215 PASS 125694387976381425843725961264857193759136248381249756437968512518472639692513874
338 283 PASS 164358927825794631973261584587419362346582719219673458652847193798136245431925876
339 553 PASS 531247689246918735789563124697824513418635297325179846863792451154386972972451368
340 327 PASS 712645983439812756658739241397526814824173569165498372286951437573264198941387625
341 44 PASS 132465987864927531957381246216543798349678125578192463421736859685219374793854612
342 50 PASS 814569273657312849293487156349658712125734968786291435578123694961845327432976581
343 268 PASS 834756291162398574957241368328175649416932857579864132683427915791583426245619783
344 46 PASS 132659478864271395957384261246713589391825647578946123419567832623198754785432916
345 311 PASS 528416937713598426649237518471869352296345871835721649967153284154982763382674195
346 242 PASS 986425713514873962372196485153982674647351829298647351835719246429568137761234598
347 1985 PASS 154963782632187954897254613721395468568471239943826175219738546485612397376549821
348 228 PASS 132469587847521936956378421321694758468735192579812643213946875684257319795183264
349 1806 PASS 895631274261487395437925168648312957723569481519748623984156732156273849372894516
350 119 PASS 137462598456981732892357164543196287289743615671528943918274356765839421324615879
351 123 PASS 167394582842651379953278461374819256296435718581726934718542693625983147439167825
352 1246 PASS 178325694263497851945186723536241987812759346497638512329574168684913275751862439
353 242 PASS 132586974845791362967423581271345896583962147694178253316854729459217638728639415
354 596 PASS 175369284924581367863274591417653928259148736386792415692415873531827649748936152
355 264 PASS 173426985926851374845397621759632418684179532312548796298764153567213849431985267
356 159 PASS 176584932394612758258973146921465873835127469647839215569748321413296587782351694
357 292 PASS 132497856854326791967581324243159678591768243786234915315672489428913567679845132
358 156 PASS 125674398837291564964358271241935687378126945596487123412763859653849712789512436
359 997 PASS 817425693926837514453916827695742138238651479741398256189263745372584961564179382
360 485 PASS 132745986975681432846329571613592847728436159594817263361958724489273615257164398
361 438 PASS 538416972294753168167289453625198347783524619419637285872961534356842791941375826
362 183 PASS 142573986853649271976281435514392867629718543738465129261857394397124658485936712
363 410 PASS 961487532834625197752391846216749358589163724473258961695874213148532679327916485
364 1417 PASS 917523684582496173463718592854679321629351847371284956145962738296837415738145269
365 206 PASS 147528639935674812682139457316785294598462371274913586869341725753296148421857963
366 774 PASS 928451736567293148431867592384572619759136824216948375895714263672389451143625987
367 156 PASS 142387596873695421956421873214873659635219748798546312321758964467932185589164237
368 70 PASS 841765293265389471793421568632948715587216934419573826376852149128694357954137682
369 60 PASS 453281796291657843867439521625398417389174265174562938518943672936725184742816359
370 81 PASS 695283147174695238283741659961854723352917486847362915726438591418579362539126874
371 239 PASS 123479586874562391965381724217635948489127635536948217341256879698713452752894163
372 124 PASS 132785694846291573957463281328174965461529837795638412213846759584917326679352148
373 130 PASS 451978263732651984968423571583712496627894135149365827315287649876149352294536718
374 116 PASS 142573698865291473937468251216845739384927516579136824421659387693782145758314962
375 53 PASS 132597486864321975975864231321749658458632197796158342213475869549286713687913524
376 234 PASS 132758694847629351956341287513476928689132475724895136261583749375914862498267513
377 367 PASS 132547698847369251956281473421678539583924167769153824214735986395816742678492315
378 370 PASS 856291473947358261132647598615824739794135682283769145421986357579413826368572914
379 310 PASS 954381267873652941162479583596724138218563794347918652689147325725836419431295876
380 155 PASS 964581732853724691127369845378612954245937168619845273591273486436198527782456319
381 311 PASS 186547239275839164943612587421986375637125948598473621359768412764291853812354796
382 193 PASS 123479568847652391965381274214738956379516482586924713431895627652147839798263145
383 99 PASS 123679485865324791974581362216743859439856127587192634341265978658917243792438516
384 35 PASS 236814597817935624945267138658479213372681945194352786529748361461523879783196452
385 62 PASS 142738596857469231936251847421597683385126479679843125794685312263914758518372964
386 246 PASS 812497365467853912593126874629341587758962143134578629376289451985714236241635798
387 799 PASS 269314785548769231731852649126437958895621473374985126457193862983246517612578394
388 163 PASS 145397826876421593923685471734256918651849732298713654412978365389562147567134289
389 314 PASS 124597863937648215856231749513786492482913657769425138698374521341852976275169384
390 239 PASS 153427896867395241942861357619738425234156789578942163721589634485613972396274518
391 1065 PASS 681243597573896412429715638264937185318562974957481326796124853832659741145378269
392 231 PASS 125764983847239651936581427213657849659843172784912365361425798472198536598376214
393 429 PASS 125789346964532781837641925742915863513468279689273154356897412498126537271354698
394 87 PASS 126375498837469251954281376261538749398647125475912683512793864689124537743856912
395 152 PASS 162857493534129678789643521475312986913586742628794135356478219241935867897261354
396 539 PASS 123456789649837251857291634274518963398672415561943827416725398985364172732189546
397 42 PASS 142658793853792641976341285514923867628475319739186452261534978395867124487219536
398 454 PASS 123479568847652391956381274261547983394128756578963412412796835689235147735814629
399 93 PASS 137859264465721389892463715541632897723985641986174523654297138279318456318546972
400 338 PASS 971482653682593417354617982593826741246179835718354269839745126167238594425961378
401 1652 PASS 361475982497281563852693417785914236629358741134762859273846195918537624546129378
402 66 PASS 361457982497218563852693417785941236629385741134726859273864195918532674546179328
403 512 PASS 914675382652438179837921456289356741371842695546197238498263517165784923723519864
404 140 PASS 935271486827654391146389752678543129594162873213798645389426517762815934451937268
405 197 PASS 635741892479852613128963574284376159597184326361295487943517268752638941816429735
406 103 PASS 125378694349625781687194325472936158518247936936851247863512479791483562254769813
407 220 PASS 918532764427816953653974812895361427276498531341257689782643195534189276169725348
408 527 PASS 162785943853496721974321685387259164546137892291864357728643519439518276615972438
409 141 PASS 952184367634297185781356492475832619869571234213649578196428753328765941547913826
410 2794 PASS 198342657465187293327695814642751389539428761871963542953216478216874935784539126
411 119 PASS 127486593843759621956321874239815467715264938684937152371598246498672315562143789
412 2780 PASS 142379586856421937973658421231584679684792315795136248317265894468913752529847163
413 76 PASS 567218943293746518148359726384675192916482357752193864631927485475861239829534671
414 172 PASS 126749385845631792937582641214365978693178254758294136361457829479826513582913467
415 417 PASS 152749386864532971973681245316254897427968153598317462235496718641873529789125634
416 453 PASS 967581342842397561135624987674159823513268794289473156756832419498716235321945678
417 157 PASS 936541278824397651157268394513689742279134586468725913385476129742913865691852437
418 267 PASS 694125837532768419781394625378956142125847963469231578246583791813479256957612384
419 199 PASS 897416532635872491421395867259164378174583629368729145516237984783941256942658713
420 457 PASS 142386597853791246976524831215837964639245178784169352327458619468913725591672483
421 517 PASS 123785496856491273974362581215673849638249157749158362367514928481926735592837614
422 207 PASS 237516489814297563695348271379125846158964327426783915543672198781459632962831754
423 140 PASS 913285764426379815785146923532968471871432659649751238258693147364817592197524386
424 82 PASS 947265381852391674136487592619842753524673918378159426485926137763518249291734865
425 138 PASS 123578496865439271974261385216793548439815762587642139341926857652387914798154623
426 142 PASS 142786953857391642963425781231567498584239176796148325315874269429653817678912534
427 225 PASS 947351286825967431163284975271648359539712648486539712614823597758496123392175864
428 305 PASS 693425871715896432428317659246938517531674298987251346854769123172583964369142785
429 253 PASS 132748695856392471974561283513684927628973514749125836261439758387256149495817362
430 668 PASS 931572846825614379746938125563729418478163952192485637684357291259841763317296584
431 240 PASS 132486597874591326965723841241367958586914732793258614317645289459872163628139475
432 139 PASS 123645987847931526965287431214576398379418265586392174431769852658123749792854613
433 311 PASS 124378596937265481856491327482739615763152849519846732295683174648917253371524968
434 102 PASS 137284695842596371965371284251437968386915427479628153513762849694853712728149536
435 113 PASS 132647598865291473974358261213475689596182734748936125321569847457823916689714352
436 509 PASS 391482567286175943754639812167524389928713654435968721573841296619257438842396175
437 426 PASS 132649578864751293975382461316574829428963157759128346241896735593217684687435912
438 4289 PASS 518926734964357281273148659852471396697235148341869527486512973729683415135794862
439 59 PASS 621487593534192678978356241857269134492531867163874925389725416245613789716948352
440 350 PASS 715496382286753149439218675354971826897625413621384597943867251562149738178532964
441 1967 PASS 217653849849721365635894712921568473568347291473219586396475128154982637782136954
442 89 PASS 345961872618472953972853614836197245594236781721584369487319526153628497269745138
443 187 PASS 164379582975248631823651479537182946649537128218964357751893264496725813382416795
444 164 PASS 123487956845691327967325481231568794584973612679214835312749568456832179798156243
445 252 PASS 134695782865327941972481563213874659658219374749536128321758496487963215596142837
446 1218 PASS 231576498576984213489123567892715346164832759357469821613247985725698134948351672
447 1207 PASS 647321598895467312213589476536712984978634125421958763164893257382175649759246831
448 533 PASS 532718694948653127716249583123984765685372419479561832364827951891435276257196348
449 93 PASS 123684597865379241974521386216748935497253168538196724341965872652837419789412653
450 386 PASS 741238596856974231392651784487516923619823457235497618123745869578369142964182375
451 55 PASS 152396784863547921974821635215478396348659172796132548421763859587914263639285417
452 68 PASS 172345896489276153635198247921763485543812769768954312317589624256431978894627531
453 147 PASS 154897623867423951239651478471389562598264137326175894685712349942538716713946285
454 392 PASS 489352671376918542215746839193587264748621953562493187621874395857139426934265718
455 58 PASS 316297845452168793978345126285936471137452968694781352763829514821574639549613287
456 699 PASS 387164925952738641146259783261873459439512867578946312624391578713485296895627134
457 198 PASS 194867253862354179375921486456713892731289564289546731923175648548632917617498325
458 546 PASS 134562987862791435975348621213854796487916253596273148321487569649135872758629314
459 47 PASS 568713492491258736273946851135479628624385179789621543952864317316597284847132965
460 702 PASS 146275398872391564953468271214856739369742185785139426421683957538917642697524813
461 458 PASS 865721934134986257972345681689517423721834596543269178457698312296173845318452769
462 49 PASS 164592738892473156735861492653217984971684325248359617427938561386145279519726843
463 145 PASS 174986325835724691962531847589347216613259784427618953741893562358462179296175438
464 330 PASS 751984236639152487842637159193265748268471593475398621516849372924713865387526914
465 150 PASS 481793562269415738357628419845372691196854327732961854513247986678139245924586173
466 255 PASS 192486753587392146364157892679825431815943627243671589751238964938764215426519378
467 451 PASS 156394287843271965972856431389125746624739158715468392491587623537642819268913574
468 244 PASS 867431592923785461154629783612573948549168327738942156395216874271854639486397215
469 158 PASS 132586947864791235975423681241675398659318724783249156316852479428967513597134862
470 484 PASS 123598674854763291967241358312456987596187423748329516231675849479832165685914732
471 469 PASS 853721496974685231126934857739248615685319724412576983267853149348197562591462378
472 362 PASS 814326795952174386367985241173492658425863917698517432731648529586239174249751863
473 382 PASS 615934728983712645742685193239471586451368972867259314374896251198523467526147839
474 135 PASS 156392487873641295942758631718426359529183746634975128495267813261839574387514962
475 283 PASS 132485976857396241964721385213864759645937128789512463321648597476159832598273614
476 1268 PASS 819437652436285179527169843643891725182753964795642381958326417261974538374518296
477 84 PASS 486123597139578462725694318263817945891456723574239681347981256612745839958362174
478 391 PASS 142378695876591342953426781514762938628943517739185264261837459395214876487659123
479 666 PASS 123947685847356921965281347214739568398465712576812439431578296652193874789624153
480 231 PASS 385147296794526813126893457537981642412365978968274135671438529859712364243659781
481 2678 PASS 819567243245139786673824159396481527524376891187952364968213475751648932432795618
482 252 PASS 152738946864291375973645281216357498348912567597486123421863759639574812785129634
483 52 PASS 319427586852963147674158932947836215265741893138592674726319458593684721481275369
484 178 PASS 768419325195327864432658971327864519541792638986135247274983156659241783813576492
485 258 PASS 751429638483167592692385417376248159815976324924531786567893241239714865148652973
486 187 PASS 134568792862791543975342681513924876628175934749683215251837469386459127497216358
487 2418 PASS 142895763358672941769134285614587392837429516925361478473218659291756834586943127
488 128 PASS 123485796865729341974631582296147835418356927537298614349562178681974253752813469
489 189 PASS 142369578863751492975428361314692785528147936796835124231576849459283617687914253
490 83 PASS 321945867657218394948736215839672541275184639164593782493857126586421973712369458
491 82 PASS 315427968842695137679381425537214689281976543496538271764153892128769354953842716
492 187 PASS 219384675435796182678251349357642918946518237821937456162873594583429761794165823
493 174 PASS 153268497947351826862749531485127369796534218321896745214975683539682174678413952
494 242 PASS 123584796865739241974621583216473859397258164548196327431862975652917438789345612
495 149 PASS 319847526576392814248615379954738261867921453123564987481273695795486132632159748
496 449 PASS 152639487873541926964728351215873649396154278487962513521386794648297135739415862
497 311 PASS 351894672749621583862375941286953714917486325435217896598132467623749158174568239
498 730 PASS 136825947857491326942367581513274698289516734674983215768139452325748169491652873
499 434 PASS 142658397875392461963741285514976832629183754738425916251834679396217548487569123
500 84 PASS 134597682865324971972681543243875196651439827789216435316748259497152368528963714
501 294 PASS 167394285829675143435182679543726891716839524982451736658947312391268457274513968
502 69 PASS 324791865968524731751368429685172943479653218132489657243817596597236184816945372
503 228 PASS 314596782762384159985217364128479536643158927597623841851742693239861475476935218
504 234 PASS 384957216925186437716342958163729584258461793479538621847215369591673842632894175
505 312 PASS 159236478342789156786415923274593861913862745568174392825941637691357284437628519
506 183 PASS 143258796862791453957463281514976832639182547728345619271534968385629174496817325
507 516 PASS 124573698865291374937468251241735869379826145586914723412357986698142537753689412
508 141 PASS 125749836873562491964381752396425178418937265257816349649178523531294687782653914
509 261 PASS 267158934594637218381924765625491873879263541413875692156742389938516427742389156
510 472 PASS 872451396143692785965378421489125637217836954536749218328564179691287543754913862
511 316 PASS 895176234172834569463925817716243985384519672529687341657391428948762153231458796
512 204 PASS 286147935374985621591632748759213864162498573843756219425369187917824356638571492
513 1767 PASS 219385476487961253563427819358614792174259368692873145945132687736548921821796534
514 193 PASS 897213654463579182152684397518426973974358216326791845631945728249867531785132469
515 61 PASS 689251347172436895534987621416792583823564179795318264968173452251649738347825916
516 228 PASS 862791435943256781157348692538672149619485327724139568286514973475923816391867254
517 217 PASS 829316754761245389435798621256971843173482965948653172382164597694537218517829436
518 125 PASS 976325148385417692241968375493681527712534986568279413157846239624793851839152764
519 175 PASS 962815734137496285845273691783651429496328517521947863619584372258739146374162958
520 206 PASS 263187945475369182189452763892734516517628439346591278931845627654273891728916354
521 78 PASS 894216357723549681165738942451623798379854216682971534917465823238197465546382179
522 137 PASS 964281375175369284823547691387125946256498713419673528742856139691734852538912467
523 221 PASS 649382571528917634317465289483176925192534867756829143965748312834251796271693458
524 145 PASS 973281645865974231124356987642539718759148362381627594217463859438795126596812473
525 536 PASS 237981654598642317164735982859314726723856491416279835672193548385427169941568273
526 148 PASS 723584169491376582856912437279658341348291675165743298514869723937425816682137954
527 575 PASS 871329465254168937936574182685743219429651378713982546547216893192837654368495721
528 315 PASS 397815624561724398824396751612958437475632189983471265756249813138567942249183576
529 428 PASS 821469537465137892397825614953786241182943756746512983238651479519274368674398125
530 291 PASS 692157438184632795573894612729386154468571923315429876857963241946215387231748569
531 721 PASS 925681437837549261146732985489276513752318694613495728298154376364827159571963842
532 59 PASS 723541896658972341914638725249385167371269458586714239467893512835126974192457683
533 108 PASS 283741596615239748974865321397126854861453972452978613528394167736512489149687235
534 3246 PASS 678524319431689527925731864867412953392856741514397286189243675753168492246975138
535 104 PASS 354682179962471538781359642547218396298536714136947285479165823613824957825793461
536 294 PASS 752864913134795628869321475678432159423519867915678234587146392391287546246953781
537 681 PASS 271659843648273951359418762764891235915324678832765419596142387187936524423587196
538 52 PASS 627853149185294637349617825862549713534761982791382564216475398953128476478936251
539 141 PASS 379152468216348957548976312485719236162583794793624581621495873857231649934867125
540 398 PASS 935427681172856934864391725597238146348169572216745398681972453459683217723514869
541 78 PASS 962548371154367298837291456489123567516479823723685149278934615341756982695812734
542 225 PASS 672481593315972648849356721253867914791534862468219375187623459936145287524798136
543 294 PASS 258376194396184572471295836814762359923541687765938421182659743647823915539417268
544 365 PASS 742938516951642873386175249235817964678594132419263758597386421164729385823451697
545 995 PASS 859273641427618395163594728386957412215436879794821563578149236641382957932765184
546 260 PASS 872531946154689372963274581486312795729465138315897624247153869598746213631928457
547 90 PASS 923581764856497231147326985365742198214859673798613542671238459532974816489165327
548 124 PASS 824731695165249387973586421459123876317658249286497153798314562632875914541962738
549 381 PASS 725849136964132785183765294316428579849657321257913468591276843478391652632584917
550 2061 PASS 467239851198654723253817946349725618782196534615483297526371489834962175971548362
551 321 PASS 852476391947381562136259478674823915293715846518964237485637129361592784729148653
552 214 PASS 712483569598267431634159728476812953289534617351976284963721845145698372827345196
553 165 PASS 942571386837469251156382479283154697619738542574296813428913765761825934395647128
554 7879 PASS 271895364569431782348276915795364821624187593813529476486952137957613248132748659
555 602 PASS 952381647873426951164759382728913465439265178516847239385692714691574823247138596
556 153 PASS 628593417593174286147628359369217845781435692254869173835746921972381564416952738
557 219 PASS 123684957876925431954731286215463798439178562768592143341256879587319624692847315
558 162 PASS 125693784864751392937248561213974658476582139589136247341825976698317425752469813
559 280 PASS 123497685854621973967583241235164798649378512781259436312745869496812357578936124
560 543 PASS 218364975347859126956172483562718349731946852489235761673581294125497638894623517
561 202 PASS 427593186315862479968174325659328714731649852284751963593287641842916537176435298
562 118 PASS 294183576817256349563974128748315962136429785925867431359648217672531894481792653
563 67 PASS 142379586853621947967458321215783469436592718789164235328915674571246893694837152
564 132 PASS 142783695856294371973561482231847956467925813589136724315478269628319547794652138
565 159 PASS 172496358394857612865321749613785294728914536459263187541678923987132465236549871
566 230 PASS 891756423624318597357429816139682754562174389748935162485263971213897645976541238
567 238 PASS 764359812893712645125684793942861357378295164651473928216537489439128576587946231
568 379 PASS 925371486163498725874562391542689137618753942739124658487915263351246879296837514
569 286 PASS 152694783863721954974385621215436897639817245748259316321568479496172538587943162
570 140 PASS 125379684843265971967481523512736849684912735739548162256893417371654298498127356
571 170 PASS 124368795835791624976425381512836479649257813783149562251673948368914257497582136
572 129 PASS 924351687875269431163784295398527164256143879417896523732418956549672318681935742
573 505 PASS 123456789456789123789123564215694837397815246864237915548961372631572498972348651
574 1196 PASS 927315864384276591615498372798631425143952687562847913856124739431789256279563148
575 1127 PASS 927315864384276519615498372798631425143952687562847931856124793431789256279563148
576 548 PASS 872361549934578621156429387463952178719683452528714963681295734247136895395847216
577 570 PASS 924361758156478293837592641613247985749185326582936174498623517371859462265714839
578 327 PASS 162497583875321694943568721287143965536972418419856372658239147391784256724615839
579 58 PASS 142635987857921346963487521271368459396254718584179632415792863629843175738516294
580 280 PASS 263985417541673298789421365915246783638597142427318659176839524392154876854762931
581 298 PASS 123549687865731492974682351216354978498276513537198264341865729689427135752913846
582 120 PASS 123759486874261593965384721216543978357896142498127365532478619641932857789615234
583 114 PASS 512963748863754912749821536671249385954638271328517694135472869486395127297186453
584 284 PASS 124397568857641293936258471312589647645723189789164352261875934473916825598432716
585 713 PASS 124685397936271485875394261689142573457963128312758946543827619761439852298516734
586 257 PASS 243176598986325714157849632874653921591782346362914875615497283738261459429538167
587 517 PASS 649123587813597462275684193132875649598246371764931258951368724426719835387452916
588 112 PASS 756921348149378625832564791361289457927435186485716932693857214278143569514692873
589 74 PASS 263819745495763218178524963941658327782341596536972481614235879329187654857496132
590 245 PASS 142386975853749261976521384415263897628917453739854126261478539384695712597132648
591 3895 PASS 273681495891754263546392178169537824485269731327148956734916582958423617612875349
592 146 PASS 852349167734156892961728354298571436375684921146293785589412673617835249423967518
593 561 PASS 825674391937281654146359287214598736578163429693742815459837162361425978782916543
594 281 PASS 127643985538192764649758321873214596914536278265987413791365842382471659456829137
595 113 PASS 123589764864732591975641283296154837417398625538276419341825976652917348789463152
596 137 PASS 142397568956248371837651294783964125624175839519832746298413657365789412471526983
597 106 PASS 124573698865291473937468251246735819381629745579814326412356987658947132793182564
598 100 PASS 123759684874361295965284731216847359389526417457193826531472968642918573798635142
599 329 PASS 972358146415976832863241975387415269159623487624789513798564321546132798231897654
600 95 PASS 823759461165384792974261385417826539356197248298543617631975824589432176742618953
601 269 PASS 162598374943271658857364291279846513634159827518723946486912735395487162721635489
602 88 PASS 972354681853761249164298375485932167619587432237146958528413796391675824746829513
603 4374 PASS 923418675184567932576392814715924368269183547348756129832679451691245783457831296
604 310 PASS 865734921174925386932681457241859763697243518583176294456312879318597642729468135
605 93 PASS 863521974952784361174693582297468153386915247415372896739256418528147639641839725
606 308 PASS 927546381836271495145398726752839164619452873483167952294715638561983247378624519
607 91 PASS 261547389389612475547938126824359761793186254156274893915723648432865917678491532
608 396 PASS 691527483234186795785943162349761528852439617167852934576318249413295876928674351
609 134 PASS 871692543236845971459731286793426815182953764564178392348217659615389427927564138
610 150 PASS 512674398637895412498132756946521873271483965853967124164758239725349681389216547
611 134 PASS 752146398639782541148593726516429837327658914894371265285914673473265189961837452
612 260 PASS 924673581873521496165489237286357914437192658519846723748935162692718345351264879
613 189 PASS 872436159196752438534981267985143672263875914741629385417398526658214793329567841
614 53 PASS 124657389875391462936248571213476958468925137759183246341762895597814623682539714
615 89 PASS 981546327724318596536792184142839765859167432673254819368425971215973648497681253
616 49 PASS 921578643845396271763214958132467589458921736697835412576189324214653897389742165
617 72 PASS 872194635346527891159683724795238416421976583683415972538761249914852367267349158
618 484 PASS 927451368164389572853672491571924683439867125682513947748136259216795834395248716
619 77 PASS 239847561614592738785613924396475812871329456542168379427951683163784295958236147
620 136 PASS 132749865847561293956382741514236978693478152728915436265194387389627514471853629
621 180 PASS 243167958689253147517849632951678324764392815328415796835926471192784563476531289
622 416 PASS 128479653953126874467358912891265347635714298274893165789531426546982731312647589
623 432 PASS 123456789456789123789123465237514698641938572895672314364297851572841936918365247
624 374 PASS 132479658857361294964582371213647589476958123589213746321794865648125937795836412
625 82 PASS 792386451518947236364512789476298513985173624231654897127435968643829175859761342
626 64 PASS 124678593865392471937451268241537689376829145589164327412783956698215734753946812
627 58 PASS 123485697875269431964731285216357849359824716487196523531642978648973152792518364
628 92 PASS 132487596865931247947625831271394685384516729596278314413752968659843172728169453
629 137 PASS 162345897845697231937821456258974163679183524314256978583462719796518342421739685
630 285 PASS 392476518685291734714538926458327169931865472276914385569183247823749651147652893
631 816 PASS 129476385634825179785931462592748613318562794467319258976284531253197846841653927
632 67 PASS 124567398835291476976348251312685947547129683689734512251473869468912735793856124
633 122 PASS 152348796864791523973256481316874259427569318589123674231485967645917832798632145
634 114 PASS 124397685837526941965841237216435798358719462479682513541263879692178354783954126
635 1790 PASS 248175693573694128196238754419867532865312479732459861357981246621743985984526317
636 323 PASS 123685497847291365965374281214756839356829174789143526431962758598437612672518943
637 652 PASS 124685793853729461967431582512948637639172854748563129271356948395814276486297315
638 721 PASS 245786931981354726637912854159427368423168597768539412316845279892673145574291683
639 58 PASS 132479658847563291956281347413725869528196473769348125271854936394617582685932714
640 173 PASS 598723641374816952612549837237961485186354729459278316745682193863195274921437568
641 358 PASS 623894517487531926519627834396485172752163498841972365174259683938746251265318749
642 111 PASS 216479583975318642384526791649837125832195467157642839528961374491783256763254918
643 550 PASS 123497685864523971975681234216834597358976142497215368531749826642358719789162453
644 241 PASS 123549786647832519859167243582374691974621835316985427291456378435718962768293154
645 273 PASS 126953478735284196498617523263478915917536842854192637342861759581729364679345281
646 40 PASS 219346875854127396673598142596273418387461259421985763945732681138654927762819534
647 64 PASS 862734195714859362395162847451697238983215476627348519579481623246573981138926754
648 577 PASS 254719863796384125381652794132547689675938412948126537419873256867295341523461978
649 563 PASS 123694875854721693967385241231547968645839127789162534312456789476918352598273416
650 245 PASS 152364987864729351973581624216475893349618275587932146421853769635297418798146532
651 612 PASS 124387695875496321936521847213865479458179263769234158341752986592618734687943512
652 206 PASS 962741385834592761175368294719625843523184976648973152356819427481257639297436518
653 115 PASS 254736819791458236638912475847195623925367184163824957379241568416583792582679341
654 181 PASS 291658437486397152357241869645739281712864395839125746123586974968472513574913628
655 280 PASS 237594816695187234184623957952416378843972165761358429479261583516839742328745691
656 454 PASS 132578496867493251954261378216847539348925617579136824421389765685712943793654182
657 102 PASS 152487963974326581863591274739815426241769358586243197415672839628934715397158642
658 274 PASS 132568794874391652956742381513684927628973415749125836261439578387256149495817263
659 44 PASS 123457689456189273789362451241576398378941526695238714517693842832714965964825137
660 760 PASS 123457689456189273789362451241576398378941526695238714517693842832714965964825137
661 758 PASS 123457689456189273789362451241576398378941526695238714517693842832714965964825137
662 436 PASS 158234976746198352923765418837519264461372589592486137389621745215847693674953821
663 306 PASS 132487956856921437947635281261543798374198625589762143413256879625879314798314562
664 250 PASS 672581439945632817183497526597264381461873295238915674716348952829156743354729168
665 337 PASS 249865173531974268867132495423786519986251347715349826692518734354627981178493652
666 207 PASS 123745986854691723967328541512473698638519472749862135271936854395184267486257319
667 729 PASS 132498657864572391975361248413926875628157439759843126241785963397614582586239714
668 125 PASS 132458697875396241964721385518642739623975814749183526251864973387519462496237158
669 13886 PASS 274819653593642871618753942731298465986534127452167398865421739327986514149375286
670 870 PASS 132495876854267391967831524416758239589342617723619458241576983375984162698123745
671 145 PASS 124597683837621945965483721241865379693174258758239164312748596479356812586912437
672 94 PASS 562489371417563298938721645154937826896245713723816954241678539385192467679354182
673 241 PASS 872491365154623987963785241487936152316572498295148673738269514529814736641357829
674 411 PASS 938642571127589463465173928359824716281967354674351289846795132793216845512438697
675 206 PASS 864321975173589426952467381397812564416753298528694137789245613235176849641938752
676 312 PASS 832679415914253687765814329689537241423981576571462938346198752258746193197325864
677 111 PASS 268574913735129648194836725549612387623748159871395462952463871487951236316287594
678 288 PASS 123586974874391562965427381231675498648219735759834216312748659486953127597162843
679 497 PASS 632459718781362495459187326864725139927831564315946287548293671276518943193674852
680 225 PASS 125379684837654291946281375214593768573168942698742513359416827462837159781925436
681 2878 PASS 417295638698134725235678914581723496726459183943861572174386259352947861869512347
682 142 PASS 962351487145798236873642591738425169514976823629183745386217954297534618451869372
683 248 PASS 825469371136572498947381652268957143513248769479613285394725816782196534651834927
684 42 PASS 125389746936741582847526931468972153213465879579813264782694315651237498394158627
685 69 PASS 624871539589346721173295864468517392215639478397482615732154986946728153851963247
686 70 PASS 124685793873249561965731482216473859357198246498562137531826974642957318789314625
687 278 PASS 125639487836741592947582631214365978693278154758194326361857249472913865589426713
688 220 PASS 189326547342875916756941382617589234495632871238714695523197468974268153861453729
689 346 PASS 527698341184753629693124587952471836476385912831269754718546293369812475245937168
690 78 PASS 162483957834597261975621483241875396653219748789346125316952874427168539598734612
691 433 PASS 682519374459732861713648295921867543374951682568324719297483156835196427146275938
692 156 PASS 876329451952461783143578269628153947314897526795246138261935874439782615587614392
693 720 PASS 925748631137569284864321579582693147619475328743182956471256893296837415358914762
694 70 PASS 132479658847562391965381274214835967573916482689724513321657849458193726796248135
695 98 PASS 124635987856297431937841526241359678368472195579186342412763859685924713793518264
696 175 PASS 123784596875269341964351782216843957359127864487596213531478629642935178798612435
697 88 PASS 132495687847261395965738421513826749684579132729143856251387964376954218498612573
698 176 PASS 814259763652738491379614852425967138183542679967183524736821945291475386548396217
699 326 PASS 123569487865247391974381265216475839357698142489123576538716924641932758792854613
700 88 PASS 142358697863791452975642381514926873638175249729483165251867934396514728487239516
701 15786 PASS 127954638536728491498163527961547382384291756275836914742315869813679245659482173
702 123 PASS 125346897837921645946587321251468739378192456469735182512873964684219573793654218
703 229 PASS 273584619594612837681739524412968753956347182837251946749125368325876491168493275
704 41 PASS 275816349391472856846359217712594683984263571653187924127638495538941762469725138
705 60 PASS 137258469952476381846391275279683514381945627465712893798564132624137958513829746
706 150 PASS 245389716391672458687415392452837169163294875978156234539728641726941583814563927
707 63 PASS 729146385638725149514389762187562493352491678946873521273954816461238957895617234
708 124 PASS 125398674864572391937461258298714563671935482543826719456183927389257146712649835
709 158 PASS 942365817716489253358127694897243165624591738135678429569714382273856941481932576
710 275 PASS 613849257975132864428675319741268935356794128289513476162487593594326781837951642
711 447 PASS 123456789475983162968712534312547698849261375657398421731824956296135847584679213
712 283 PASS 912753486675482139843961725268379541437518962159246378394825617721694853586137294
713 201 PASS 614258379387941265925763184298137456431685927756429813142376598573892641869514732
714 324 PASS 462975831713428569859631742541297683326584917987163425295816374674352198138749256
715 202 PASS 643217985715984623829365471596421837178539246432678519267853194951742368384196752
716 242 PASS 124658793863279541975431682216594378389762154457813269531946827642187935798325416
717 56 PASS 123659487864731295957482361512843679648975132739126854271398546395264718486517923
718 208 PASS 924531786165789342873624591596478213247153968318296457439867125651342879782915634
719 125 PASS 134672985865349271972581643513796428649823517728415369251967834386154792497238156
720 138 PASS 427158693583269741961473852142837965795614328836592417318945276259786134674321589
721 102 PASS 214675398935482671678139452786541239149263587523897146497316825862754913351928764
722 101 PASS 361729485945381276782564319138976542654132798279458163897245631426813957513697824
723 112 PASS 872645931965321784134987256396758142721439568548162397213896475487513629659274813
724 197 PASS 126478593837592461945361278412937856569184732783256914251649387374815629698723145
725 1154 PASS 125639784837541692946782351214365978693178425758294136361827549472956813589413267
726 170 PASS 123589647865347291974261385287695134316428759459173862632754918591832476748916523
727 335 PASS 381275694647398512952614783573961248429583167816427359238159476194736825765842931
728 625 PASS 123457689456189273789263514234516798675938142918742365341695827562874931897321456
729 531 PASS 124756398836291475957348261261935784473182659598674132312569847645817923789423516
730 370 PASS 123568974874392561965471283216837459489256137537914826341625798658749312792183645
731 305 PASS 964281573175349682832675941749816325513792864628453719397128456286534197451967238
732 258 PASS 132687954864925731975341286321468597459732168786159342213894675598276413647513829
733 615 PASS 142698537863752491975341286518423769639175824724986315251864973387519642496237158
734 806 PASS 132496587875321964964587321213875496549613872687249153321758649456932718798164235
735 94 PASS 142356987865749231973281546514673829629815473738492615251934768386527194497168352
736 375 PASS 126435987837291546954867321241658739579342618683719254312974865498526173765183492
737 654 PASS 298653471173248596564197832736481925942735168851962743415329687389576214627814359
738 143 PASS 126437958895621473374985126457193862983246517612578394269314785548769231731852649
739 220 PASS 124385796836729541975461823512937468643218957798546132251674389389152674467893215
740 88 PASS 173426985854397621962851734417635298639248517528179346286713459391564872745982163
741 194 PASS 126739845847625391935481762213864579654973218798512436361248957489157623572396184
742 58 PASS 942738156685419327137265849819624573724351968356897214268543791493172685571986432
743 684 PASS 124397856835641297967825341241538769583769412679412538312974685498256173756183924
744 1023 PASS 726814395951736284483592176897463521514287963632159847248375619379621458165948732
745 4197 PASS 923168475167435982485792136318529647694873251572641893249317568756284319831956724
746 74 PASS 924761385856394271173285694468953127517628439239147856342576918781439562695812743
747 206 PASS 123689475856741923974352681648235719712896354539417862467523198281974536395168247
748 143 PASS 326479185857321469149568273482936517591784326673215948218653794734892651965147832
749 78 PASS 264185739159673842738492615987236154345817296621954387873569421496321578512748963
750 114 PASS 514728936697134825328956417269375184845619273731842569156297348472583691983461752
751 121 PASS 132784659468915732975236481789642315214853967653179248341597826596428173827361594
752 44 PASS 123658479847291365956374281261483597378965124594127836412736958635819742789542613
753 223 PASS 123456789695187234784239561531764928942518376867392145219643857356871492478925613
754 716 PASS 745236981938174526162859473653781294427593618891642357384915762219367845576428139
755 296 PASS 142368597863795421957241683518472369624139875739586142271654938386917254495823716
756 49 PASS 247639185316528794895417623169784532583296417724153869952871346678342951431965278
757 82 PASS 132678495857294361964351278246713589391825647578946123419567832623189754785432916
758 157 PASS 914836572236157849758294316163749258872561934549328167685973421397412685421685793
759 77 PASS 132687945856394721974521683213465897695718432748932156321846579467259318589173264
760 93 PASS 123497685864325971975681324216938547359274816487156293531842769692713458748569132
761 369 PASS 123456897854937261967281435216745389378192654549368172431679528695824713782513946
762 3693 PASS 246537918785941326931862574624158739857693241193724865579316482468279153312485697
763 94 PASS 824361597963574281175289634289753146356142879417698325698425713732916458541837962
764 789 PASS 142579683853461972967382541514793826638245719729816435271654398385927164496138257
765 213 PASS 894265173671938542325147986263589714718624395459371628146752839932816457587493261
766 391 PASS 261754389798362451543981276839476512127538964456129738974815623685243197312697845
767 531 PASS 261754983798362451543981276839476512127598364456123798374815629685249137912637845
768 158 PASS 123469587845731926967528341371852469486973152592146738214387695639215874758694213
769 205 PASS 824316597397584621165279834958162473641735289732948165519827346483691752276453918
770 297 PASS 543276189178934625962185347327451896819623754654798213296847531431562978785319462
771 159 PASS 265437198379681524184925763852763419937154286641298375513876942798542631426319857
772 530 PASS 123456789456789123789132546231675894675948312948321675312597468597864231864213957
773 60 PASS 132467598857291346946358271215634789368179452479825163521786934693542817784913625
774 137 PASS 152394786863527941974861325215738694346259178798146532421673859587912463639485217
775 71 PASS 132567498845291376976348251217435869358679124469182537524716983681923745793854612
776 202 PASS 412653897673819425859724631924175386381962754765438219237596148546381972198247563
777 624 PASS 152349687863751924974682351216435798347918265598276143421563879635897412789124536
778 227 PASS 924631587153478926867295341738549162649812735512763498281354679475926813396187254
779 256 PASS 259164738174398625386725914623957481791482563845613297918576342467231859532849176
780 318 PASS 173529684964381752825764391298456137517293846346178529739645218452817963681932475
781 123 PASS 132456987845927361967381425421569738578132649693874152214695873356718294789243516
782 51 PASS 124365897837941526965287431412679358573824619689513742241736985356198274798452163
783 203 PASS 823691574156472398947358261539247186281965437674813952315726849468139725792584613
784 365 PASS 152469378874253691963781542321597864598642713647138925215376489486915237739824156
785 299 PASS 123469785865371294974582631216753948389124576457896312531247869642938157798615423
786 1464 PASS 276953814435812769981764235614279583729385146853146972162538497548697321397421658
787 270 PASS 124683597857291364963475281236148759485729136791536428312864975578912643649357812
788 2216 PASS 246798153591236784738541926687413592415962378329857641953684217174329865862175439
789 159 PASS 123645987856297341947831526231574698584963172679182435312458769465729813798316254
790 556 PASS 278639145159247368346581972465398721731462859892175634914756283623814597587923416
791 55 PASS 278639145156247398349581627495368712731492856862175934914756283623814579587923461
792 243 PASS 123769584864521397975384261216458973357196842489273615538617429641932758792845136
793 220 PASS 268739145437158296591264783645327819812945367379816452783591624154672938926483571
794 334 PASS 924751368876243591153689274481527936732196485569834712317462859295318647648975123
795 233 PASS 659412378238679451741385296865723149427891635913546782396157824574268913182934567
796 781 PASS 269753481187249563534168972873491625642875139951632847415326798396587214728914356
797 68 PASS 923571486847269531156384792639748215715692843284153679491825367578936124362417958
798 455 PASS 127835946956247381843691257374182695215976438689453172591328764468719523732564819
799 124 PASS 924385671136792584875461392587139246241576938369824715493258167658917423712643859
800 44 PASS 952168734468397251713452986396814572541279863827635149275943618184726395639581427
801 44 PASS 152748396864593271973261458319652784427189635685437912241375869796814523538926147
802 111 PASS 275683419398142567641795832139576284584219376726834951852467193463951728917328645
803 430 PASS 238594617576321489419678325754839162361257894982146573893715246145962738627483951
804 165 PASS 152394678864751392973268541216435789347189265589672413425816937631927854798543126
805 59 PASS 273598416468321759915764328124679835759843261836215947391486572647952183582137694
806 128 PASS 237541698145689732986732145453927861628415973791368524862193457374856219519274386
807 79 PASS 821935674495726183736148925382674519169852347574319268618597432943281756257463891
808 53 PASS 127384695863591724954726831549178362731269458286435917418653279675942183392817546
809 95 PASS 692573481185264937743189562837945126521637849469821753918356274276498315354712698
810 197 PASS 582791364936458721417326859795213486168945237243687915324569178671834592859172643
811 1449 PASS 521869374498713625367542198749385216836124957152976483674251839283697541915438762
812 226 PASS 123459786874362591965781324217694853398125647456873219531246978682917435749538162
813 594 PASS 396821754874539261125467839648152973213976485759348126462795318987613542531284697
814 2410 PASS 621348975879562341354197286216483597598671432743259168185734629467925813932816754
815 743 PASS 123479658847561293956382471234617985579824136681935742312748569465193827798256314
816 241 PASS 623915748789624315145387629296538174871496532534172896918253467367849251452761983
817 133 PASS 152389476874261953963745281315497628427638195689512734231874569546923817798156342
818 259 PASS 189253746265487391734691285612348579493175862857962134921736458576824913348519627
819 472 PASS 831294756952736148467158923386527491795341682124869537518972364243615879679483215
820 105 PASS 152984736873261495964537821317456289549812367628379514231645978486793152795128643
821 369 PASS 265741389193682457487953261974215638358469712612378594526894173739126845841537926
822 127 PASS 123475698845369271967281453214653789578914362639827145351748926482196537796532814
823 134 PASS 129867435734512698856943127483126759691375284572489316368791542917254863245638971
824 126 PASS 246518379718936524359742618837164952194257863625893741981625437462379185573481296
825 935 PASS 953124768461789325728365914392471856176958243845632197639517482584293671217846539
826 183 PASS 142685973863791452957324681234568197695172348781439265316847529428953716579216834
827 117 PASS 142697538953184627876523419419268375685371294327459186764932851538716942291845763
828 161 PASS 152734986863259471974681532315946728486527193729318654231475869598162347647893215
829 115 PASS 142785693863491572975326841231864759654179328789532164316247985498653217527918436
830 449 PASS 628571934945236718731489256819364572374125869562798143493817625287653491156942387
831 289 PASS 126784395834295671975361482249173856387456219561829743412537968653948127798612534
832 210 PASS 623794815149285736857631429496812573378549261512376984984123657261957348735468192
833 199 PASS 412375896536982714798614352961843527285769143374251689647598231829136475153427968
834 107 PASS 136275489847391265952468371321586947465729138789143652213657894594832716678914523
835 64 PASS 372469581841325697956187234215978463697534812483216975724891356568743129139652748
836 259 PASS 417295638865143927293678451549761283381952746726834195138427569972586314654319872
837 306 PASS 257814693348629175619753248761498532493562817582137469976245381135986724824371956
838 70 PASS 746385921923714865815269347172498536359627184468153792284531679597846213631972458
839 291 PASS 397524681815963274426187395238715469954836127671249538782351946569472813143698752
840 449 PASS 724385169693124758518769432435297681162458397987631524846572913251943876379816245
841 164 PASS 721658349583497126694123578452981763368745291179362854915236487847519632236874915
842 317 PASS 281634795673598241459271683347965812816427539592183467164352978928716354735849126
843 99 PASS 258341769146927358793856142479235816865179234321468975684712593937584621512693487
844 448 PASS 123486597874295361956371284312659478469837125587142936231568749695724813748913652
845 1117 PASS 246915783189473652735682419924358176617249538358167294861594327593726841472831965
846 71 PASS 142398576853761492967245381518432769624579813739186245271654938385917624496823157
847 641 PASS 527849316148736925963512478859163742736254189214987653485691237392475861671328594
848 132 PASS 328746951694518372571932684936127845857463129412859763269375418185694237743281596
849 1122 PASS 924673185751948632368512947836257491197436528542891763219365874485729316673184259
850 509 PASS 152638974864795231973241586215476398436829157798513462321967845547382619689154723
851 494 PASS 472593186691487532385612947853721469216934875749856321168379254934265718527148693
852 225 PASS 162378495875496321943251687724183569539762814618945273296514738357829146481637952
853 117 PASS 673219458492685137518473692956324781134897526287561349849156273321748965765932814
854 144 PASS 923841765184657932576329148768493251459712386231568497612984573897235614345176829
855 158 PASS 264318759153974268879562134496857312531249687782631945625783491347195826918426573
856 180 PASS 913762485852413769764859132496385271187246953325971648248137596579628314631594827
857 1516 PASS 298456137156793248347812659564328971839571426721649583972134865485967312613285794
858 532 PASS 132549786854672931976381254513726849628493517749815362261938475397154628485267193
859 147 PASS 123659478865374291947281563231465987574198326698723154352816749489537612716942835
860 76 PASS 123947865847256391965381427214639578376825149598174632431592786682713954759468213
861 178 PASS 239784615178365492654921873465139287793248561812657349321496758547812936986573124
862 89 PASS 428631759176529483935487261549173628712846935683295147254918376897362514361754892
863 161 PASS 123794586864325971975681432231467859648259317759813624312546798487932165596178243
864 157 PASS 973125648528364917614987352836592471145738269297416835752843196381679524469251783
865 58 PASS 285936147943751826716842395521489763379615284864327519692578431137294658458163972
866 234 PASS 132746985864359721957281364513492678629875413748613259271534896385967142496128537
867 126 PASS 362814579879635142415297368187542936294376851536189427951763284743928615628451793
868 69 PASS 132865974864397251975421386421638795659742138783159462216573849348916527597284613
869 47 PASS 132475698867291453954368271241639587573842916689157342315724869428916735796583124
870 146 PASS 123469587865731492974285631216397854357824916489156723531648279692573148748912365
871 1183 PASS 123548976857396421946271385214753698695812734738964512361427859479185263582639147
872 86 PASS 123586974876249531945731286512378469639412857784695312251864793368927145497153628
873 233 PASS 125678493836492571947351268213865749574913682698247135351784926462139857789526314
874 82 PASS 139547268748632519562981473385764192691253847274819356923475681857126934416398725
875 1829 PASS 963428175451739862872615934597183426326974518148562397615347289784291653239856741
876 46 PASS 124369587863754291975281463216543879357896124489127635531672948648935712792418356
877 262 PASS 395172486872649135614583792451826379926734851738915624289361547147258963563497218
878 42 PASS 125384697846279531937651482213598746594763218678142953351426879469817325782935164
879 150 PASS 123465897865397241947821536231756489589142763674938125312589674456273918798614352
880 605 PASS 132498576865731924974526381513679248628345197749812653256184739381957462497263815
881 225 PASS 125384796837659241946271385213748659594163827678592413351426978469817532782935164
882 531 PASS 127564983396871245584392761479618352863259417251743896718926534942135678635487129
883 288 PASS 265748319189235764734619258653124897841397625927586431596873142318452976472961583
884 224 PASS 942517683863294571157863942491782365528136497736459218375948126214675839689321754
885 53 PASS 253416789681957423794283561419875632326149857875362194562794318948531276137628945
886 257 PASS 523687491846519372719342568697438125134275986285961743451896237378124659962753814
887 379 PASS 725891463498635721361247958849156372516723894273489615682914537954372186137568249
888 210 PASS 368275914975146328214389675783491562641528739592763481436912857827654193159837246
889 69 PASS 324971568571486293869235174657198432498523716213647859135862947742359681986714325
890 192 PASS 426583971859716432317942658972361584163458297548279316691834725734125869285697143
891 115 PASS 426587391835419672719632458597368124163274985284951763641895237378126549952743816
892 236 PASS 241986753576431298938275614485613972793528461162794835329857146617342589854169327
893 419 PASS 142387695863591274957264381321478569485936712796125438218643957534719826679852143
894 310 PASS 823591674947368251165472983534619728716284395289735416451923867698147532372856149
895 1987 PASS 267548931459361872318792456985124367623957148174683295792416583846235719531879624
896 231 PASS 672489531851763924349512768127398456983654172465271893518936247296147385734825619
897 100 PASS 352796418147283695968541273513678924274359186896124357735412869629835741481967532
898 433 PASS 652789314748123956913465278189237645275694831436518729824356197591872463367941582
899 1188 PASS 123685794874239561965741382216478953357192846498563217531824679642957138789316425
900 91 PASS 329146785187952364465783129571368492698421573243597816834279651752614938916835247
901 234 PASS 162389574973542681854671932396718245518264397247953168431895726689127453725436819
902 93 PASS 382795416471263895695814327254681973738952641169347582546129738823476159917538264
903 373 PASS 529638147831742695746159382698215734453967218172483569284376951317594826965821473
904 49 PASS 123659478856743291974281365231465987485397612769128543312974856547836129698512734
905 2295 PASS 267538914319462875458791326985123467624957183173684259792316548836245791541879632
906 231 PASS 826341759935672481147598263582967134319425678674183925258714396761839542493256817
907 290 PASS 185627439234189567769453128397845612821396754456271983673918245512734896948562371
908 372 PASS 873621495142795683956348721287153946319264857465879132591437268724586319638912574
909 124 PASS 264791538758432961139865274825613497496257183317948652942376815583129746671584329
910 176 PASS 123694587846725931957381426261578349384169275579432168412856793635947812798213654
911 203 PASS 124369785865274391973581642216457839357698124489123567531842976692735418748916253
912 109 PASS 132486975867395241954721683213867459685914327749532168321658794498273516576149832
913 329 PASS 468235917139746825725189436956813742347952168812674359684591273573428691291367584
914 124 PASS 172398456843651297965742381714926835639185742528473169491537628387269514256814973
915 96 PASS 132498657846572391975361248214957836653184729798236415327615984461829573589743162
916 131 PASS 152489763864731952973652481217396548539814627648527139321945876486173295795268314
917 144 PASS 153429786874653291926781534718946352632875419549132678481567923395214867267398145
918 93 PASS 132459768845671392976238451514823976629715843783946125251394687398567214467182539
919 94 PASS 123584796865729341974631285216458937398176452547293618431862579659317824782945163
920 687 PASS 812493576593761428674258913268134759351987264749625831987312645436579182125846397
921 316 PASS 275341986139768245486259317764592138312874569598613472923487651647125893851936724
922 86 PASS 827563914615947382934281756361459278752618493498732165576394821149825637283176549
923 418 PASS 475823196936174258821695743389561427654237819712489635297316584568942371143758962
924 57 PASS 235194687716823594948756321651249873489367152372581946164978235823415769597632418
925 434 PASS 132749685854361792967582341513478269628935417749126853271654938396817524485293176
926 1274 PASS 729845613538761924164293758215986347847312596693457182486539271971628435352174869
927 99 PASS 124895367836271954975346281351427698487639512692518743213954876548762139769183425
928 366 PASS 132795684964381275857264391513942867479658132628137459285476913346519728791823546
929 409 PASS 437281596562394718198576324816932475324715689975648132689153247753429861241867953
930 67 PASS 842359167196278534537164829479812653381546792265937481618423975924785316753691248
931 121 PASS 123569784865347291974281563216493857357128946489675312532814679691752438748936125
932 91 PASS 824761593963458271175392648218945367457683912639127485342879156791536824586214739
933 472 PASS 124369785863547291975281463216478359387195624459623178532816947691754832748932516
934 211 PASS 123569478845271396967483251271934865386725149594816723412658937639147582758392614
935 1587 PASS 271693548395482761684715923149327856753846192826159437537961284968274315412538679
936 101 PASS 142368597853791426976425381214639758369857142785142639421586973597213864638974215
937 64 PASS 132475698864291357957368241413952786528736419679184532245619873381527964796843125
938 362 PASS 239587461185496723674321589417968235893152674562743198928614357346875912751239846
939 370 PASS 234519786689723154157468932468135279923847561715296843842371695591684327376952418
940 260 PASS 124638597836759421975241836241593768689127345753864219312975684497386152568412973
941 170 PASS 162385974943726581857491632719263458534178296286549317428937165691852743375614829
942 136 PASS 124389765936745821875621394512436978749812536683597142268953417497168253351274689
943 48 PASS 651279384982534671374618952129743568548962713736851249295486137863127495417395826
944 388 PASS 267398514514627839389415276653842197478139652192756483731284965845963721926571348
945 138 PASS 827456391164389275953271468375842916681937542249615783492163857718524639536798124
946 544 PASS 473561829168239745925478613692845371341927568587613294216354987759186432834792156
947 127 PASS 735698142692415738481723659813952467957864321264371895146589273578236914329147586
948 127 PASS 341658297952741638687392415265879341473516982198423576816935724534287169729164853
949 355 PASS 954283671126795384873461592648539127719624835235178946597846213481352769362917458
950 198 PASS 768243915452196873319758426824531697695487132137629584243815769986374251571962348
951 676 PASS 928743165165298734437156928842679351651324879793581642589467213374812596216935487
952 265 PASS 837651492965284371142379568591427683274863159683915724358196247426738915719542836
953 898 PASS 143592678857361492962748351319625847684973215725184936231456789476819523598237164
954 71 PASS 253614789918375426647982153821437965379526841564891237132768594486159372795243618
955 256 PASS 392145876871693542564728913218436759943587261657912438189374625426851397735269184
956 335 PASS 953721486827645931146389725715936248684217359392854167461572893239168574578493612
957 68 PASS 964731582152498376873265941526314798497586123318927465685149237739652814241873659
958 93 PASS 893214576416975238527836491764381925382759614159462387241697853978543162635128749
959 91 PASS 682739514751648293943125867867593421239814756415267389176382945324956178598471632
960 264 PASS 536874219928561347714329685653497821492618573871253964167985432245736198389142756
961 430 PASS 397462815218539764564817392653271489729684531841395627132746958976158243485923176
962 1212 PASS 349128567851647293762953148684312975593786421127594836435869712916275384278431659
963 67 PASS 318659724692874153754132896129765348486913275573428619947286531265341987831597462
964 4198 PASS 489352167627418395513967248948521736751643982236789451895174623372896514164235879
965 87 PASS 873569142461237598952184637519326874738415269246978315127893456395642781684751923
966 205 PASS 382594167479861523615273849231946785857312694964758231123487956546129378798635412
967 202 PASS 875431926624897513319256874961543287783129465452768391597312648146985732238674159
968 410 PASS 948276315673519428251843769439128576865397142712465893594681237186732954327954681
969 315 PASS 437215896812697534596483172624738951789521463351964287943872615278156349165349728
970 554 PASS 835462917694817523172593468258971346469328751317654289583746192741289635926135874
971 276 PASS 853791246164238975972465381598316427317924568246587193485172639629853714731649852
972 87 PASS 493618275562743198718952364934826751175394682286571943851269437349187526627435819
973 885 PASS 958276314743519628261843579639128745875394162412765893594681237187432956326957481
974 78 PASS 845719623193246578726538914237891465684357192951462387568124739412973856379685241
975 133 PASS 975348261832761495164592387618974523723185649549623178456819732281437956397256814
976 521 PASS 385146972417923865269587431734815629521639784698274153973462518142758396856391247
977 213 PASS 934561782875342691162798435623975148719684523548123976257436819481259367396817254
978 1486 PASS 475392186826417935319586247547823619698145372231679458753964821982731564164258793
979 212 PASS 375214869428695371916837542567421983849563217132978456683759124251346798794182635
980 2896 PASS 479352186826417395513986247947823651638541972251679438795164823362798514184235769
981 57 PASS 935271468874365291126498375751982634682143957493756182368514729249837516517629843
982 355 PASS 597286341483971256216345897738562914951438672642719538825197463379624185164853729
983 117 PASS 962745381873261945154398672715683294496527138238914567627859413349172856581436729
984 190 PASS 742593816916847532835621497487169253169235748523478169654382971291756384378914625
985 124 PASS 687342519392156874541879326763928145925614783418537962256791438879463251134285697
986 4793 PASS 243657819761894532985321746129748653458936127637215984596483271312579468874162395
987 40 PASS 954368217271954683863127954396581472718492536425673891542719368637845129189236745
988 165 PASS 837521946142986357956437281419358762678142593325769418283695174794813625561274839
989 54 PASS 628354791397186524154279836236845179475961382981732645563497218819623457742518963
990 376 PASS 873261594125749386964385271217856943456193827389427615632914758748532169591678432
991 574 PASS 324875691891236745576914382769352814153648927248197563617483259432569178985721436
992 235 PASS 132794586856321947947865231214653798395278614768419325421536879579182463683947152
993 410 PASS 679358214134962857258741936897435621423196785561287493342579168985614372716823549
994 274 PASS 328416579179532864564789213712945386495863127836271945957628431241397658683154792
995 1549 PASS 382716945974385162615942378793564821541298736826137459438629517259471683167853294
996 250 PASS 132468597856379241947251836314526978698147325725893164261735489489612753573984612
997 180 PASS 135698472876243591942751368217934856359862147468175239591326784623487915784519623
998 196 PASS 846397251572641839193285476438159627219763584765428913921874365384516792657932148
999 147 PASS 132549786847621935965783421513492678689375142724816359251934867376158294498267513
1000 64 PASS 132749685857361924964285371216457839348692157579813246421536798683974512795128463
1001 216 PASS 139752846542386971687194235216473598793518624458269317321645789864927153975831462
1002 95 PASS 328671459175943826469582713741365298582719634693428175916234587237856941854197362
1003 261 PASS 321698457876154239549273816138765924694812573752439168285346791467921385913587642
1004 73 PASS 132748569845639217967251843716584932384927156259316478493875621621493785578162394
1005 146 PASS 713425698495816723862793145986547312127639584354182976249351867578964231631278459
1006 155 PASS 853742961964381527172659384316598742745213698289476153697834215528167439431925876
1007 160 PASS 321659847759841326684273159948735261576912438132468795215386974897524613463197582
1008 5001 PASS 945632718713498265826751394158374629497826153362519847589267431271943586634185972
1009 89 PASS 681937542792485316534216897367124958819563724245879163423751689178692435956348271
1010 355 PASS 932741658864593271157268493529174836473685912618329547796432185285917364341856729
1011 152 PASS 953821674874536921162497385718652493295348716346719852427965138681273549539184267
1012 246 PASS 136574982954268137827139564642915378319786245785342691473651829261897453598423716
1013 7745 PASS 834756291612984735795312846567139482329548167481267359158623974946871523273495618
1014 440 PASS 143597682856423971972681354234176598685349217791258463317962845429815736568734129
1015 330 PASS 132485967864397251975621384213546879648739125759812643326154798487963512591278436
1016 78 PASS 372184956461295738859637124785341269624759813913862547196573482248916375537428691
1017 387 PASS 153298674874365291962741358539687412218459736647132985496813527321576849785924163
1018 53 PASS 314926785526187349798453126482571963671398452935642817867234591249715638153869274
1019 400 PASS 832617495954328176176549328613285749795461832428973651281754963549836217367192584
1020 215 PASS 132769845864325791957481632513846279628917453749532168271653984386194527495278316
1021 442 PASS 143692578952478361867351294281539647396847125475126983728915436614283759539764812
1022 95 PASS 385126749912734685467958132278549316134672598659381274521897463846213957793465821
1023 73 PASS 835691274924378561167254398279415836543826719618739425791583642386942157452167983
1024 335 PASS 431782569629541783578396124152839647786425931394167258245973816817654392963218475
1025 216 PASS 132478956857629431946531287315847692428196573769352148271984365584263719693715824
1026 112 PASS 153248976864791352972635481315472698426819735798356124231567849549183267687924513
1027 50 PASS 153762984874359621962481375517624893389517246246938157791846532638275419425193768
1028 117 PASS 315829467294167835687534129541698273926713584873245916769482351452371698138956742
1029 211 PASS 176532984893416752425897136742689315631745298958321467369254871584173629217968543
1030 822 PASS 937614852658327941241589736593248167812765394764931285425193678189476523376852419
1031 340 PASS 529746381634189752718532964387415629492673518156928473961254837243867195875391246
1032 263 PASS 952748316367129584148536279691283457734615928825974163519367842473852691286491735
1033 364 PASS 123469857846571392975382461512748639689235174734916528251694783368127945497853216
1034 364 PASS 653847219478192563912356487294568371561734892387921645835479126746213958129685734
1035 640 PASS 679354812832716549541892376485279631217683954396541728168435297923167485754928163
1036 615 PASS 345712896261948753789536421672194538518623974934875612497381265126459387853267149
1037 95 PASS 374159286195286734682374915738412659956837142241965873819523467463791528527648391
1038 515 PASS 367451928891263754245789631654192873183576249972348516716935482528614397439827165
1039 367 PASS 835279461964381572127456398219764835578923614643815927452637189381592746796148253
1040 739 PASS 734296158526187493918543672182475936357961284649832517475329861293618745861754329
1041 75 PASS 293817465745296138816435297568942371137568924429173586354789612972651843681324759
1042 58 PASS 863794152719265384524183697186439725347528916952671843235817469478956231691342578
1043 72 PASS 134782596967541382852369741643978215518426937729135468295614873471853629386297154
1044 60 PASS 734612895268395714159487362371928456682541973945763128897254631423176589516839247
1045 35 PASS 865293741143678295972451368389524617751869423624137589596382174438716952217945836
1046 65 PASS 952368741873421956164795382716539428485217693239846175321984567548673219697152834
1047 346 PASS 132597864847621395956384271213859746578416923694273518321745689485962137769138452
1048 289 PASS 796312548823564719451789263972148356634295871518673924287436195345921687169857432
1049 104 PASS 673928415294531687815647392162793854457816923389254176738162549941375268526489731
1050 58 PASS 963427518521638947487195623296314875315872496874569132649253781138746259752981364
1051 283 PASS 157896234293145687684723159439268715725314896861579423518637942972451368346982571
1052 93 PASS 123456789456798132789231546245387961318629475697514823574163298861942357932875614
1053 669 PASS 635249187821573694974618523267395841518764239493821765742136958159482376386957412
1054 434 PASS 937482561826351479154679283573964128641238957298517634719825346465793812382146795
1055 189 PASS 345691728812574693679832514281765349534918276967423851128359467793246185456187932
1056 82 PASS 378154296914326578265879341132548967657291483489637125526983714843712659791465832
1057 212 PASS 152394786863751942974628351216437598389516427547289613421963875695872134738145269
1058 188 PASS 329741568765928431184653972972186345438579216516234897253417689891365724647892153
1059 470 PASS 345671298987253146621984573264795831573816429198432657836529714712348965459167382
1060 1177 PASS 345671289987253641126894573214735968873916425659482137568329714792148356431567892
1061 90 PASS 123456789456789132789231546238695471594317268617842953362974815875123694941568327
1062 777 PASS 317456928896213754245789136654192873183574269972368541761935482528641397439827615
1063 156 PASS 173489562864325791925671483416852379237196854589743216751934628398267145642518937
1064 280 PASS 126589734945371286837462951589726143273814569614935872751693428462158397398247615
1065 88 PASS 593846721471239568862715349627594813148673952935128476214987635759362184386451297
1066 154 PASS 132694785854721936976385241213867459685419327749532168321956874468173592597248613
1067 310 PASS 123456789456789132789231546294568317361947825578123964617894253845372691932615478
1068 308 PASS 123456789456789132789231546294568317361947825578123964617894253845372691932615478
1069 90 PASS 935486721714253968862917354576349182498162537123578496387691245659724813241835679
1070 104 PASS 853269417429178365716435892541326789987514236632897154294681573378952641165743928
1071 685 PASS 153247689746918325289365471327186594865492713914753862478521936531679248692834157
1072 604 PASS 935476281847291365162358479594823617371965842286147953618739524459612738723584196
1073 445 PASS 837269451956481273124375698479538126215647389368912745593726814682194537741853962
1074 191 PASS 132578496865493271947261358271356984394182567586749132418635729623917845759824613
1075 2712 PASS 321497685794658213568132974152746398976813452843925167415289736689374521237561849
1076 95 PASS 536274918497831562128695473642518739351947826789326145964152387213789654875463291
1077 210 PASS 126593487975284361843671295412865973587139624639742158764918532358426719291357846
1078 274 PASS 934152867256873914187496523763289145549631278812547396698324751371965482425718639
1079 283 PASS 126739485835641792947582631512468973693275814784193256258914367361827549479356128
1080 52 PASS 132746859574893621698251734943127586265384197817965342481639275729518463356472918
1081 79 PASS 132498675864753291975261348217345869386972514549186723421537986693824157758619432
1082 126 PASS 136728495845691327927354681483562719712849536569173842694287153358916274271435968
1083 44 PASS 132746985865239741974581632513692478628473519749815326251364897386927154497158263
1084 674 PASS 316459827784213659295678134459182763173564298862397541641835972527941386938726415
1085 40 PASS 513849267286751493497326518961472835725138946834965721678293154349517682152684379
1086 40 PASS 376491852598732614421865379137524986265189437849673521613248795954317268782956143
1087 75 PASS 937428561846531297125679438279186354683254179514397682468715923391862745752943816
1088 1102 PASS 384592176792136548156847329918675432563924817247381695821763954675419283439258761
1089 627 PASS 813694725947251836562387194289435617671928453435716289798562341156843972324179568
1090 121 PASS 358192674149367528726458193462971385981536742573284916897643251235819467614725839
1091 1294 PASS 375198246612347958498652371589721634736485129241936785863214597124579863957863412
1092 215 PASS 346582197279613485158794236621458973934267851587931624895176342413825769762349518
1093 203 PASS 437659128296184375158327964819536247362748591574912683945861732681273459723495816
1094 41 PASS 713869452824135679596427318659374281482651793371982564238716945965248137147593826
1095 276 PASS 967385241853421967142697583281576394539814726674239158725148639318962475496753812
1096 191 PASS 873542691162398574945761382638279415524186937719435268256813749387924156491657823
1097 223 PASS 867213495543896721129475683351627849982534167476981352634159278215748936798362514
1098 50 PASS 963581472825746391174239685297453168418627953356198247642815739789362514531974826
1099 80 PASS 173958462926417835584623179895174326741362598362895714419786253658231947237549681
1100 223 PASS 136245897842967531957381426214736985368159742579428613425693178691872354783514269
1101 139 PASS 639185247417362985852749136125978463986431752374526819241693578568217394793854621
1102 81 PASS 127389546835642791946751382582964137793128654614573829369215478278436915451897263
1103 205 PASS 132594687864731925975826341328149756649257138751368492213475869486912573597683214
1104 226 PASS 268713945493586271175924386984275613752631498631498527547162839329857164816349752
1105 141 PASS 863951472721364895459827361597183624614275983238496517942738156185642739376519248
1106 134 PASS 132546987847291365956837421271485693593672148684913572318764259429158736765329814
1107 653 PASS 914378526658912734327564981289137465463295178571846392846753219792481653135629847
1108 186 PASS 834295176527136984169784352793842561452619738681573429275461893918327645346958217
1109 700 PASS 351684279482973516967152483196325847234718965875496321718239654629541738543867192
1110 35 PASS 193562748657348912842719563925481637768253194431976285374195826516824379289637451
1111 253 PASS 357684219482139675196752483871925346264318597539476821718263954923541768645897132
1112 62 PASS 837521496126497853945683271253169748681745329794832165462358917578914632319276584
1113 234 PASS 357689241984251673621374895148725936573916428269438157836592714712843569495167382
1114 239 PASS 432561987186749523759238164961374852573892416824156379345687291618923745297415638
1115 207 PASS 351672948879541623462983715147325896985716234623498157216834579738259461594167382
1116 92 PASS 748135269935624187216987345321796854859341672674258913162579438583462791497813526
1117 61 PASS 863251479142679583957483261594862137678315924231947856789126345415738692326594718
1118 113 PASS 357128946692745381148936527789514263465293178231687495923871654574369812816452739
1119 51 PASS 167249358593178642824365791918632574642517839735894126459781263371926485286453917
1120 182 PASS 681745329527983146349612875196258734834197562275436981963821457718564293452379618
1121 667 PASS 976435182231897564845621379763258941582914736419376825697143258154782693328569417
1122 224 PASS 173529486854761923962384751316297548425816397798453162537642819289135674641978235
1123 336 PASS 219683457468759312753142986695418723321976845874235169932864571547321698186597234
1124 256 PASS 143658792872391564965742381514973628629485137738126945251839476387564219496217853
1125 74 PASS 963721584152486937874935621325148796618597243749263158586379412431652879297814365
1126 60 PASS 123649587974581632865732491497358126518276349236194758649813275782465913351927864
1127 260 PASS 123579684845361279967482351239615847571824936684937125312746598456298713798153462
1128 522 PASS 312946857486157293759283614295361748641875329837492561924638175568714932173529486
1129 87 PASS 176342598832759461954681372691825743287436915543197286369578124715264839428913657
1130 170 PASS 382654179175923468946187325419736852253498716867512943621379584794865231538241697
1131 241 PASS 132578694865493271947261358271356849386947125594812736413625987629784513758139462
1132 221 PASS 953478261867251394142396578374182956296745183581963742735614829418529637629837415
1133 568 PASS 436179825872563941159248637361985472795421386284637519928316754517894263643752198
1134 728 PASS 367192854158643297249587361614278935725369418893415672432756189971834526586921743
1135 157 PASS 347865129658291374129743658812974563764358912935612487281436795593187246476529831
1136 595 PASS 923581764156749283874632951518476329739215846642893517395168472481927635267354198
1137 553 PASS 152397684863421795974658321215869473349175268786234159421586937537912846698743512
1138 237 PASS 974526381635841279218397564423958617159673842867214953346789125591462738782135496
1139 285 PASS 143792685852641793976358241718423956524976138639185472267839514395214867481567329
1140 352 PASS 185923764234687519697514382471398256968275431523461978316742895749856123852139647
1141 345 PASS 936752481845391627172468395719846253524173869683925174358619742491287536267534918
1142 84 PASS 123597684857624931964381752231865479645739128789142365312456897496278513578913246
1143 390 PASS 873614952642935817591827643457289361239146785186753429364571298925368174718492536
1144 1046 PASS 136249587925781634847635291712598346694173852583462179351927468478316925269854713
1145 417 PASS 145378692836295471927461358319524867578619243264837519481752936753986124692143785
1146 464 PASS 837562491954381762162749583749126358618435279523978146496253817385617924271894635
1147 168 PASS 725413698316895742489726153573269814294178536861354927942587361637941285158632479
1148 663 PASS 157382694834769251962541387529438716613975842748126935391257468285694173476813529
1149 55 PASS 368542917924176853175983462619735248837264195452819376743698521281457639596321784
1150 86 PASS 936451827142987365857326491369172548275864139481539672514793286728645913693218754
1151 162 PASS 738641925192758634645293781821365479379412856564987312286574193413829567957136248
1152 42 PASS 853679421974281536162354987317492865286735194549816273791523648635948712428167359
1153 93 PASS 136452897875369241942781563524918736613574928789623154358247619467195382291836475
1154 177 PASS 483729651157436928692185743714653289539872416268941375825364197371298564946517832
1155 191 PASS 137268549894153627256794183762541938549386712381972465913627854425819376678435291
1156 57 PASS 152743698864591273973268451215389764649175382738426519321857946497612835586934127
1157 300 PASS 439758261265431879781962453697183524312574986548629137824317695176895342953246718
1158 53 PASS 836792541147568923925431687584973162713246895692815374259387416368124759471659238
1159 308 PASS 125369784873451692964287531216893475359174826487625913531748269648912357792536148
1160 1210 PASS 253678419647931582918524736861459273439782165725163894592317648184296357376845921
1161 332 PASS 735816429892453617416972853684197532157234968923685174541329786379568241268741395
1162 229 PASS 124387956875961234936245781312574698458629317697138542241753869569812473783496125
1163 87 PASS 319264875825179643467538291138627954974385126256941387592413768743896512681752439
1164 602 PASS 413926587726458931895173624134689275958732146267514893379261458541897362682345719
1165 175 PASS 739182564618547239254693817462739185573218946891456372126375498945861723387924651
1166 348 PASS 132486795854791623976325841215639478643817259789542136321964587497158362568273914
1167 479 PASS 349867125621549783758213469965372814487951632132684597573126948214798356896435271
1168 411 PASS 132576984857349621946281573513428769624795318789613452261937845378154296495862137
1169 428 PASS 427396581168752493359841276641987352932415768785263149514629837276538914893174625
1170 71 PASS 123645987856937421947281356269753148385124679471869235512376894634598712798412563
1171 162 PASS 293645871675813294814279563158437629427196358936582417742968135361754982589321746
1172 81 PASS 371869425492537168856124793218693547769451832543782916985216374124375689637948251
1173 447 PASS 152439786864752931973681425216375894347968152598214367421593678635847219789126543
1174 247 PASS 173648592946752381852391467529173846738426159614985273487239615391564728265817934
1175 517 PASS 435689712798125364612347859249513687186472935573968241861794523327851496954236178
1176 199 PASS 392687541418593267567214938726348195154972386839165472283759614971426853645831729
1177 519 PASS 356871294972643851841952736213465987794318625685297413128736549569184372437529168
1178 656 PASS 813425679569817342742936815621354987987162534435789261294673158176598423358241796
1179 189 PASS 138425697579683124264791358795846213426317985381952746612534879953278461847169532
1180 160 PASS 124365798876491352935278641253984167461537289798126534312649875547813926689752413
1181 211 PASS 153468927872391654964275381246713598395824176718659243421537869537986412689142735
1182 532 PASS 123485796865729341974631582216347859357198624498256173531972468682514937749863215
1183 80 PASS 639724815421385769857196342592431678386957124714268953263519487175843296948672531
1184 75 PASS 943752681865341297172698435718426953524973168639185742251869374486237519397514826
1185 132 PASS 293576841578314296461829753324658179759241638816793425647985312185432967932167584
1186 214 PASS 124379568975628341863451792248935176759146283316287954492763815681592437537814629
1187 120 PASS 931648275847295631526713894375964182194852367682137459769481523458329716213576948
1188 56 PASS 127365489853491276964278351231756894548932617679184523312547968485619732796823145
1189 228 PASS 152349768863571492974682351231496587645827913789135246316254879427918635598763124
1190 352 PASS 537612894126894735489573612653427189714958326892361457268145973345789261971236548
1191 285 PASS 138654927524987316976312854317248695892536741465179283753821469249765138681493572
1192 262 PASS 132768495874591263965342781513624879648975132729183546256437918387219654491856327
1193 250 PASS 832697541164325897975481362219546738653278419748139625391854276486712953527963184
1194 350 PASS 125493786846725931937681524253169847691874253784532169312948675469257318578316492
1195 81 PASS 132479658847365291965281473396154827278936145514827369729618534651743982483592716
1196 367 PASS 875423961934681257162597384397154826481236579256879143718962435543718692629345718
1197 501 PASS 123645987864279531975381426316724895497518263582936174231497658649853712758162349
1198 778 PASS 316842597897315426425679831738964152149523678652187943284791365571436289963258714
1199 196 PASS 123685497847921356965437821214569783539718642678243915351874269492356178786192534
1200 82 PASS 134987652568214379279356814891675423642831795357429168983162547726548931415793286
1201 837 PASS 824935671567412893193768542251693487938274156746851329472386915619547238385129764
1202 97 PASS 952367841718542936463918752231759468594186273876234519625493187349871625187625394
1203 362 PASS 375149628629835714841267953497582361216973485583614297164798532932451876758326149
1204 105 PASS 523861974819247536746359128392784615687125493154936782478613259935472861261598347
1205 1145 PASS 846932175927451863513687429351768294268194537794523618685319742179245386432876951
1206 105 PASS 345791628128346759697852341832469175569137482471528936784615293956273814213984567
1207 1894 PASS 317564928428193567965782314872435196659817243143629785794256831286371459531948672
1208 1709 PASS 317584926526193847984762315672435198153829764849617253798246531265371489431958672
1209 407 PASS 531876294497325168268491735876512943145938672923764851614257389789143526352689417
1210 188 PASS 368725419542391768971684523623857941495163287187942356219578634734216895856439172
1211 1021 PASS 863427951147695382925381467659178234234569718781234596398746125572813649416952873
1212 138 PASS 813927654459816327276435819687593241394281576521764983965172438732648195148359762
1213 821 PASS 936574281827391465154268379782146593569732148413985726695423817271859634348617952
1214 360 PASS 958347612471926538623185479746532891589471263132698754867219345395864127214753986
1215 184 PASS 317849265245736891869512473456398712732164958981257634174925386693481527528673149
1216 105 PASS 835621794927485631146379582683192457512748369794536218368214975271953846459867123
1217 59 PASS 829736514674159382513842697481627935795483261362915478137594826256378149948261753
1218 472 PASS 981374256327659481465812397274183965516297843893465172649531728152748639738926514
1219 155 PASS 132786954856491723974325681213547869645819372789632145327158496498263517561974238
1220 99 PASS 437256819581397642692148357375624198824719536916835724749561283258973461163482975
1221 171 PASS 964813725183752496752496318395124867871365942246978531437681259629537184518249673
1222 40 PASS 375496218248571369196238547419685723582347691763129485857962134924713856631854972
1223 197 PASS 123759486856341927974286351512473698649812573738695142265937814381524769497168235
1224 510 PASS 132594687875621943946783521251836479369247158784159362417362895593478216628915734
1225 383 PASS 923576481641389752758142693486725139237491865195863274812957346564238917379614528
1226 233 PASS 375642918284591673916783524763825149429316785851479236647258391132964857598137462
1227 256 PASS 378691425914572863652384197843925716596718234721463589485236971237149658169857342
1228 287 PASS 143576892867429531952381764514792683639845127728613945271938456385164279496257318
1229 65 PASS 379641258215789643864523197486295371927318465153476829538962714792134586641857932
1230 210 PASS 123759486847263951956481372214635897639872514785914623361528749478196235592347168
1231 85 PASS 123479568867351294954682371271946853396518427485723619512837946648195732739264185
1232 56 PASS 371649825869521437425783169186935274794216583532478916258364791647192358913857642
1233 96 PASS 375694128689152473124783659917835264463219785852476931798321546241568397536947812
1234 178 PASS 372681954189543267465729183738965421624318795951472836516294378247836519893157642
1235 337 PASS 123479685864523791975681234216347958389256147457198362531764829648912573792835416
1236 229 PASS 123659748847321695965478321534162987682795134719843562398217456451986273276534819
1237 122 PASS 124375896837629541956481723512743968643918257789562134261854379375196482498237615
1238 608 PASS 123456789456789132789213645247195863318627594695834217571348926864972351932561478
1239 2288 PASS 152693784863724951974581263231457896486932175597168342315849627628375419749216538
1240 686 PASS 824935176961874352537621984483592617712468539659713428145286793296357841378149265
1241 242 PASS 124586793873249651965731482216453879397628145458197326531872964682914537749365218
1242 511 PASS 945721386837694521126538497652143879489257163713869254278316945364985712591472638
1243 316 PASS 134576892862439751975281463513642978628795134749318526251867349386954217497123685
1244 699 PASS 835472169497163528216859374978346251351298746642715983189524637564937812723681495
1245 105 PASS 123456789657398421489172653561239874948517236372684915216845397895763142734921568
1246 240 PASS 937541682164382597852769431713925846548136729629478153371894265285613974496257318
1247 581 PASS 142368579875429361963751482314895726526137894789246135231674958457982613698513247
1248 155 PASS 826534719593712468471689235358946127612873954947125683184367592239451876765298341
1249 350 PASS 125493678837561294964278351596714823378652149241839567419326785653987412782145936
1250 312 PASS 937428516421365879865917342319842657648753921752691438174589263296134785583276194
1251 262 PASS 846321975937645281152789346789532164623417859514896723268153497395274618471968532
1252 1284 PASS 369841275854273619172659438521734986748962351936185724295316847483597162617428593
1253 90 PASS 342758169598164723176932584763419852485276391219583647951647238634821975827395416
1254 79 PASS 389257164764391285152648793415832976678419532923765418841923657297586341536174829
1255 261 PASS 397625814518437269642891357769148532425369178183752946851276493236914785974583621
1256 173 PASS 937451682162798435854326791528143967613972548749685123491237856386514279275869314
1257 297 PASS 567934182431825796892761345273486519185297634946153278718542963659318427324679851
1258 176 PASS 957134682421869357863275941392416578786952134145783296219548763678391425534627819
1259 90 PASS 638795241219643785574281396156928473793514628842376519425139867967852134381467952
1260 73 PASS 576923184298174365341586297837261459469357812152849673915438726723615948684792531
1261 333 PASS 173689254964257381825341697319426875487593126256178439791862543538714962642935718
1262 48 PASS 463981275291753684875642931532419867187536492946827153654278319718394526329165748
1263 96 PASS 927643581835291674164758293513982746286174359479536128751469832342815967698327415
1264 189 PASS 163798542972645381854231976418923765795486123236517498627154839341869257589372614
1265 151 PASS 146735892853629471927481635765812349214963758389574216498356127572148963631297584
1266 681 PASS 674823519825169374139745628516982437783456291492317865248671953357294186961538742
1267 274 PASS 124539786873462591965781423216357948358194267497826135531248679682975314749613852
1268 80 PASS 731569824296841573458327169315792648679418352824653917583276491962184735147935286
1269 466 PASS 132786594847529361965341872513672948624938157798415623251864739386297415479153286
1270 400 PASS 736285941815497632924316857683742519251963784497158263169874325348529176572631498
1271 187 PASS 295368417347195826816472539674951283981243765523687194169724358738519642452836971
1272 80 PASS 172938654438625719956714832397582461281346975564197328619453287843271596725869143
1273 188 PASS 256491378843257691719386524928514736375862149164973285592138467487625913631749852
1274 101 PASS 436852179718369245925174863169527438284613957357948621843796512691235784572481396
1275 426 PASS 386517429215649837947328516728463195631952784459781263572836941193274658864195372
1276 80 PASS 134698257865273491972541368286937514517486923349125876458719632793862145621354789
1277 183 PASS 123589647965247381874361592357428169419673258286195473648712935732956814591834726
1278 190 PASS 381695472924317568765482193617829354453761829892534617149253786236178945578946231
1279 62 PASS 439871265271536849865429317928643571314752986657198432582317694146985723793264158
1280 1776 PASS 162389754953467281874521963319758426285634197746912538598176342421893675637245819
1281 364 PASS 263987415194532786758461932819346257425719863376825194932678541541293678687154329
1282 257 PASS 123487596864529371975361284216748953489253167537196842341875629652914738798632415
1283 860 PASS 538976241642531798971248536286317954395482167417695823154823679769154382823769415
1284 82 PASS 382671495974258316516394728641825973835719264729436851498562137267143589153987642
1285 130 PASS 381672945974351826562894173643925718895716234127483659216538497738249561459167382
1286 1415 PASS 381694725476152938529873416812735649694218573735469281948326157257981364163547892
1287 127 PASS 159374286847692153623158974786213549514987362392546718278431695961825437435769821
1288 647 PASS 385621497179584326426739518762395841534812769891476253917253684243168975658947132
1289 415 PASS 387621459129543876546879123891735264473216985652498731215384697764952318938167542
1290 120 PASS 124386975836795421957421683213548796648917352795632148362874519489153267571269834
1291 223 PASS 693824715421579386758163942982635174164798253375241698247986531816357429539412867
1292 1694 PASS 354186927298743615167952483481527369932614578576398241729865134845231796613479852
1293 329 PASS 673598241419263875258417963536849127821756439947321658194675382365182794782934516
1294 327 PASS 593846712468217539172593486817324695349165827625978341986732154751489263234651978
1295 1366 PASS 254963187917845632638127549482756391579318264361492875825679413196534728743281956
1296 116 PASS 719426583438579126625183974954238617263751849871964352346817295192345768587692431
1297 175 PASS 932748651854361792176592384523184967618975423749623815465817239281439576397256148
1298 489 PASS 923751486874369251165482793298173645357624819416895327589236174642517938731948562
1299 252 PASS 132486975847591362956327481213765894564819237789234516321648759495173628678952143
1300 504 PASS 123486957874591263965723481231859746658347129749162538312674895486915372597238614
1301 105 PASS 123596874846721395975384261251863947367942158498175623512439786684217539739658412
1302 430 PASS 163524987974381625852976341781459236649213758235867194418632579396745812527198463
1303 2864 PASS 296487351358912764417635298974128536685394127132756489749563812863271945521849673
1304 58 PASS 135489672876532491942671853513794268629813547784265139251347986398156724467928315
1305 206 PASS 465732981128496735739581462683127549574968213912354876257813694891645327346279158
1306 646 PASS 395672184184539672726481539568394721473128956219765843852913467937846215641257398
1307 212 PASS 173682945946351782825479631732948156518736429694215378267894513381567294459123867
1308 102 PASS 536498721849127635217536984793281546152964873684753192961842357475319268328675419
1309 103 PASS 718435692963278541254961378547612839192387456386549127675893214421756983839124765
1310 241 PASS 124356987835927641967481325213745869549268713678193452351674298482539176796812534
1311 429 PASS 813974625796125834425836719567481392139762548284359176978643251642517983351298467
1312 291 PASS 164325897823971654975486321689142735541637289732859416456213978297568143318794562
1313 228 PASS 531496827247318569986275314873962451162854793459137286614583972728649135395721648
1314 70 PASS 428735691937164825561982734372516948859473162614829573745398216293651487186247359
1315 172 PASS 125738946874695231963421785387964152519872463246513879752389614498156327631247598
1316 598 PASS 863279541954681372172345986437962158218453697695718423589137264741526839326894715
1317 284 PASS 126385974975624381834791562613879425258416793749253618497132856562948137381567249
1318 60 PASS 823475691156289374947361258368942715471658923592137486714596832685723149239814567
1319 386 PASS 143297685956381274827465391518672943739854126462139758285716439694523817371948562
1320 92 PASS 398572146267148359451396287842719563715634928639285714976821435523467891184953672
1321 138 PASS 295136847871945623436827519347682195528419376619753284962378451754261938183594762
1322 252 PASS 398654271572189643641732859183975426264813597957426318715268934829341765436597182
1323 80 PASS 527396184436185792891724653768952431153467928942831567284579316679213845315648279
1324 208 PASS 162587943893624157547319286984763521731258694256491378425836719379142865618975432
1325 465 PASS 123475896845639271976281354512763948698542137734918625251894763369157482487326519
1326 50 PASS 391678254826154937547923816132795468479816523658432791285341679714269385963587142
1327 219 PASS 395672418286541379147389526461935287523718694879426153918263745732854961654197832
1328 160 PASS 392641875817532946564798123679285314428913567153476289285364791736129458941857632
1329 382 PASS 452836179916472385873519462547281936638945721129367854291753648785694213364128597
1330 150 PASS 123479568867351492954682371371245986482916753596837214215763849638594127749128635
1331 204 PASS 154692378239857614786413952318569247567324189942781563821976435673245891495138726
1332 320 PASS 856391472143287695972465381681952734495173268327648519269834157734519826518726943
1333 757 PASS 639784125571263489482951637967315248853429716124876953716532894398147562245698371
1334 92 PASS 132594876846327591957681342271458639583269417694173258318742965425916783769835124
1335 2589 PASS 465389271827451396193267458278594613631872945954613782549136827786925134312748569
1336 229 PASS 123685497847921356956734821361259748482173965579846213214367589635498172798512634
1337 107 PASS 317594628428673519695812743864237951231956487579481236786145392942368175153729864
1338 214 PASS 835791264126584397947623851369457182574812936218369475651948723483275619792136548
1339 69 PASS 152439786863725941974681523215964378436578192789312465321847659548196237697253814
1340 117 PASS 132569487865741932947382561514293678623875149789416325251637894378954216496128753
1341 247 PASS 217395648584276931693148752132869475478531296965724183859412367326987514741653829
1342 76 PASS 124378596867591324935264781412836957583749612679125843246953178351487269798612435
1343 369 PASS 123694587864375921975821346351246798482759613796138254217583469548967132639412875
1344 92 PASS 132495876856327491974681253243568917681279345795134628317842569469753182528916734
1345 198 PASS 347689215581324967926715348718436592453192786269578134895241673172863459634957821
1346 79 PASS 173245698962781354854369271789152463426837519315496782598624137231578946647913825
1347 278 PASS 381425697472639581965781324659347218823196745714852963236518479598274136147963852
1348 1041 PASS 412837659978546132536129784324698517659471328781253946165782493843965271297314865
1349 110 PASS 841927536736451298925683174657814923298536417314279865569742381182365749473198652
1350 199 PASS 142385976863791245975624381214537869659812437738469512321946758497158623586273194
1351 100 PASS 345982167792651348186734592627345981431879256958216473563198724819427635274563819
1352 226 PASS 634871925798526143215934768563419287847352691921768354476283519382195476159647832
1353 52 PASS 947361258853472691126589374378925146564813729291647835635798412419236587782154963
1354 281 PASS 926843751518279463473165289149387625265491837837526914654712398791638542382954176
1355 503 PASS 347516289258349176619872543591437628823961754476285931735198462182654397964723815
1356 480 PASS 943612578187549263652387419365491827721856394498723156574168932839275641216934785
1357 168 PASS 276315849419287563385964721931472658624538197758196234192753486847629315563841972
1358 914 PASS 297543681435681927816927543129875436653419872748236195374158269562394718981762354
1359 141 PASS 284136975769245318153897264891654732432978156675321489916782543528413697347569821
1360 383 PASS 975468321163295784842371596387159462219647853456832179721984635698513247534726918
1361 81 PASS 637429815429581673851763249375916482246837951918254736184392567762145398593678124
1362 189 PASS 753648912914725386862913457238576194197432568645891273581364729376259841429187635
1363 692 PASS 269743581154268937378915426421596873986372145537184692842657319693821754715439268
1364 53 PASS 872365941164279385953481726346512897517894263289637154431958672728146539695723418
1365 850 PASS 498175263736294815521863749954628137182347956367951482243716598875439621619582374
1366 140 PASS 964781352123549786875236491257394618496158273318627549732915864581462937649873125
1367 325 PASS 849316275572498361361275489285147693617983524493652817938724156756831942124569738
1368 104 PASS 278945361154836729396271548647192853521368974983457216819724635462583197735619482
1369 47 PASS 842691537975342681163758294639485172528173946714926358496237815257819463381564729
1370 303 PASS 847635291153927846926481357274519683538762419619843725362194578781256934495378162
1371 334 PASS 943276815526418793817359264269835471138764529475192386694527138382941657751683942
1372 56 PASS 384697125169254783572831496841965237257413968693728541736542819418379652925186374
1373 3710 PASS 491862375387195264265374891159236487632487519748951632923748156816529743574613928
1374 1647 PASS 928576413674319528351824679249158736836497152715263894592681347183742965467935281
1375 458 PASS 536294781218765439749813562895432617321657948467189325982376154654921873173548296
1376 277 PASS 973241586854637921162985374316729845795468132248153697621394758489576213537812469
1377 101 PASS 478312965963548712512796384635487129897251643124963578746839251381625497259174836
1378 244 PASS 847251396953768241162394578684173952315629784729845613578432169436917825291586437
1379 967 PASS 825379461764251893193846752386794125942185376517623948231467589458912637679538214
1380 1223 PASS 958762413764319528321854679549128736873496152612537894295681347187243965436975281
1381 101 PASS 625489713914237865378651249851974326492563187736128954287346591569712438143895672
1382 384 PASS 973641582152798364846253791718469253534182679629375418261937845387514926495826137
1383 1043 PASS 265389471874251693193647852327894165946125387518763249631578924452916738789432516
1384 90 PASS 964381752853279461172645398389162547546738219217954683425893176791426835638517924
1385 127 PASS 374129685256843791819765423527491836648537219193286547781952364435618972962374158
1386 823 PASS 253789461867514239491623785512876943634192857978345612385967124746231598129458376
1387 714 PASS 742913856861457293359286147235761984187394625694528371478132569523649718916875432
1388 331 PASS 925674381846351792137289456514768239278593614693142875482917563759436128361825947
1389 294 PASS 963754281874261593125389467456823719319547826287196345632415978541978632798632154
1390 343 PASS 427315986869427351153869742234958617615274893978631524386192475541783269792546138
1391 389 PASS 734125869986734215512968734425371698693482571178596342259613487347859126861247953
1392 706 PASS 827639415954218637361754928248167359793485162516923784689571243175342896432896571
1393 2328 PASS 827569413964318527351724968248157639793486152615932784589271346172643895436895271
1394 423 PASS 827659413964318257351724698248167935793485162615932784589271346176543829432896571
1395 1482 PASS 857692413964318527321754698548127369736489152219563784683271945172945836495836271
1396 1317 PASS 857962413924318567361754298548127936793486152216539784689271345175643829432895671
1397 2071 PASS 857629413924318657361754928248167539793485162516932784689271345172543896435896271
1398 533 PASS 351284769467319582829675431632857914145923678978146253714598326583462197296731845
1399 253 PASS 865741392924536781173289654216493578357628149489157263641972835798315426532864917
1400 93 PASS 746289315185736249932415678453162897817953426629874531391528764278641953564397182
1401 753 PASS 974521683852673491163498725436257918289164537517839246698345172345712869721986354
1402 2892 PASS 432178569951624378786395214173952846549786132628413795814267953267539481395841627
1403 2862 PASS 421789536975632841386145297748513629219867354563924178852476913194358762637291485
1404 177 PASS 674819235531672489829453176283195764147286953956734821418567392795321648362948517
1405 164 PASS 745162938312895746896347521578234169629718453431659872983576214267481395154923687
1406 377 PASS 914872356852361497367459821289713564146295783573648912628534179731986245495127638
1407 100 PASS 142379658857461293963582471231645987579823146684917532315298764428756319796134825
1408 115 PASS 142369587853721946967458231321597468486132759795846312214673895578914623639285174
1409 667 PASS 538219746962874531174356298283497615741568329695123874329645187857931462416782953
1410 324 PASS 936148572472935816815762439267859341358614297194273685789326154523491768641587923
1411 360 PASS 714983625239456718568712493187364259645129387923578146352847961471695832896231574
1412 290 PASS 467239518153486927892157346675942831328571694914863752239718465581694273746325189
1413 1169 PASS 137486925945721683826593471719845362653912748284637159398264517472159836561378294
1414 665 PASS 421859736563217894897634251184365972732941685956728143349186527218573469675492318
1415 41 PASS 697315842581742396324869751132486975475193268968257413753921684819634527246578139
1416 104 PASS 462813759983754162157962483294675318675381294318429675829136547731548926546297831
1417 2391 PASS 417539268836472591529861374942187653671345829385926417798654132254713986163298745
1418 69 PASS 843296175621785934597134826416327589275849613389561247134658792762913458958472361
1419 220 PASS 139487526675129843284563791862354917941672385357891264528746139716938452493215678
1420 414 PASS 651437829738952614924168375597246183486713952312895467273689541169524738845371296
1421 222 PASS 425179386367285941198346527849713265653492178712568439236851794971624853584937612
1422 41 PASS 154297386872631495963548721347826159615479832289153647496312578738965214521784963
1423 260 PASS 452783916937461852861952734584176293279534168613829547325618479198347625746295381
1424 239 PASS 543129687697384152182657934724863519369571248851492763478916325236745891915238476
1425 233 PASS 143268795857493621962571384215749863386152479479836152521387946638924517794615238
1426 163 PASS 543267918871359246269841753628135497417692385395784621132478569754916832986523174
1427 117 PASS 147869253582371964693254871479132586218546739365798142756923418824615397931487625
1428 195 PASS 154673289296854713837921456713568924689412537425397168371246895548139672962785341
1429 83 PASS 872639541164285973953741286749562138286413795315978462597826314438157629621394857
1430 159 PASS 142568937856739421973241586215386749367495218489127653521673894638954172794812365
1431 90 PASS 142736985853249761967581324514673298638492157729815643271954836395168472486327519
1432 261 PASS 936458271142397586857261349523149768784536192619872435298713654471685923365924817
1433 45 PASS 394715862526938174178426539962341785837652941451879623649583217715264398283197456
1434 46 PASS 153674298827359461964281375341725689578946123296813547419568732632197854785432916
1435 57 PASS 146529378293871645857463192614938527932754816578612439369245781781396254425187963
1436 42 PASS 451732869379648512628159743163274958297586431845391276786423195934815627512967384
1437 155 PASS 567294381234781965819653247625178493348569172971342658483925716792816534156437829
1438 322 PASS 954381276172469385863725941417693528329518467685274139746152893538947612291836754
1439 487 PASS 578463912639217548241589367492758631716392854385641729157934286964825173823176495
1440 439 PASS 896743152451298673237615948519836724328479516674152389743921865185364297962587431
1441 2183 PASS 164398572852471369937652481485269713376184295291735648749823156628517934513946827
1442 146 PASS 854937216362158479791264358918746532576312984243589761685423197129675843437891625
1443 2309 PASS 463957812927681345851324967386512794249736581715498236632845179594173628178269453
1444 1929 PASS 463957812927681345851324967386512794249736581175498236632845179594173628718269453
1445 2107 PASS 463957812927681345851324769386512974249736581715498236632845197594173628178269453
1446 1921 PASS 463957812927681345851324769386512974249736581175498236632845197594173628718269453
1447 1241 PASS 413865972628791345957324861396572184241638597785419236532946718874153629169287453
1448 1266 PASS 413865972628791345957324168396572814241638597785419236532946781874153629169287453
1449 2017 PASS 643987215791526843258143796836712954425639178917458632564271389372895461189364527
1450 1266 PASS 641938527892751346735246819328619754956427183417385962574892631163574298289163475
1451 55 PASS 627149583531827946948563721782614359315982674496735812153276498869451237274398165
1452 422 PASS 439658721576142839281397465715986342693421587842735916158274693367819254924563178
1453 1342 PASS 463598721928716453751243968376189542145372896289654317832465179597821634614937285
1454 1323 PASS 463598721928761453751234968376189542145327896289645317832456179597812634614973285
1455 540 PASS 674392158153847296298651734469518327821736945735924861382475619947163582516289473
1456 297 PASS 142379658936582741857461293315627984724893516689154372463915827298746135571238469
1457 436 PASS 814793562673542981952186743145639827786214395329875614297458136568321479431967258
1458 294 PASS 142635987853971426967284531321548679684729315795316248216457893479863152538192764
1459 184 PASS 694537182537812946182964735319275864768493251245681379956728413823146597471359628
1460 3892 PASS 841769325659283174327514689215647893934128567768395241583972416192436758476851932
1461 264 PASS 947365281132897546865241937576483192319752468284619753453128679791536824628974315
1462 1205 PASS 468931527751624839392578461134756298289413675675289314846192753513867942927345186
1463 85 PASS 761289354324165897985743621578391246693472518142856739859624173417538962236917485
1464 660 PASS 124689573835741962976352481512478639643915728789236154251864397368197245497523816
1465 92 PASS 142569378853271496967483251231647985476958123598312647314725869685194732729836514
1466 452 PASS 124367985875921346936584271412658793689732514753149628261473859347895162598216437
1467 816 PASS 145378692396425178287916453734652819562891734918743265659184327821537946473269581
1468 488 PASS 764359812358124769921876543845791236192563487637482951479638125216945378583217694
1469 1487 PASS 475691328961832745823754196259143687347586219618927534534269871796318452182475963
1470 311 PASS 453768912726195348198234657869341275345872169271956834582617493634589721917423586
1471 667 PASS 495712638631598274728346951574289316169453782382671495816934527947125863253867149
1472 326 PASS 142395687873624951956781423214573869635819742798462135321946578489257316567138294
1473 89 PASS 152689473863742591974351268321467859549823716687195342215934687496278135738516924
1474 144 PASS 143278695957463821826591437684917352219835764735624918471359286368142579592786143
1475 312 PASS 124673985857291364936458721213547698649812537785936412361724859492385176578169243
1476 244 PASS 472318965351679284869245317643827159527196843918453672796582431234761598185934726
1477 179 PASS 418735962532946871796182354689521743147863295325497618251379486873654129964218537
1478 313 PASS 146327985973685421852491736689714352715236894234859617421973568368542179597168243
1479 88 PASS 843269751957381426126475893514738269792546138638912547381654972469127385275893614
1480 47 PASS 731289564264153897958746231826975143315864972497312685579631428643528719182497356
1481 222 PASS 142387956863591274975624381251876493387249165496153827514962738639718542728435619
1482 81 PASS 867459321421783659593126748935648217612975834748312965279531486354867192186294573
1483 86 PASS 789521643512346897346879125673294581195738264824165739967452318458613972231987456
1484 301 PASS 862541397953278461147693258385462179716839542294157683529714836471386925638925714
1485 81 PASS 824561793137294658956378241461723589278945136593186427789652314612439875345817962
1486 367 PASS 836451729152879634749623581567984312481235967923716458215347896678592143394168275
1487 76 PASS 837946521142587936956321487329678154784153692615492378598764213471235869263819745
1488 121 PASS 149562837685347921723198465851439672362785149974621583216853794437916258598274316
1489 357 PASS 416985273879312546235476198568291734391748625742653981187539462654827319923164857
1490 237 PASS 941573826568142379273986154197458263685321947432697581314865792826739415759214638
1491 149 PASS 783461952694257381521839674352714869168593427479682135845976213216345798937128546
1492 227 PASS 234587691751296348968341752627139485189654237345872916873965124516423879492718563
1493 512 PASS 973485621814627539256931478347592186195876243628143795769314852582769314431258967
1494 490 PASS 749162538315874692286359174457916823123748956698523417861297345974635281532481769
1495 83 PASS 824539761956741238137268594649175382582493176713682945491326857365817429278954613
1496 775 PASS 469187532813542679275639841354926187786351924921874365532418796648795213197263458
1497 58 PASS 458276931623891475197534286371452698269783154845169327712948563986315742534627819
1498 77 PASS 243675189761984253958123476617359842829746315534218697382591764175462938496837521
1499 249 PASS 371496852456128937982357146824965713195273684637814295713582469568749321249631578
1500 365 PASS 842657319619328745573491682427583196135946278968712534791865423386274951254139867
1501 837 PASS 287419536654832917139675824842561793573298461961743258495386172726154389318927645
1502 995 PASS 152479386874365921963281574415793268629854137738612459246137895397548612581926743
1503 46 PASS 123456789549387621768912534815624973394871265672593418951268347237145896486739152
1504 156 PASS 879624513634715892215938647382591764451276938967843125548162379193487256726359481
1505 60 PASS 748256913596143278231897564157932486683475129924618357479581632812369745365724891
1506 133 PASS 137249856942586731856371492723865149514793628698412573265137984479628315381954267
1507 996 PASS 842359167573186942619274538127865394435791286968423715781942653354617829296538471
1508 847 PASS 842153967531976842679284531127865394485739216963421785718342659354697128296518473
1509 1626 PASS 842351967573986142691274538127865394435719286968423715789142653354697821216538479
1510 156 PASS 456913287273468915918725643591376428324851769867249531732584196185692374649137852
1511 169 PASS 937261458826495371154378296581943762279856143463127985642519837798632514315784629
1512 146 PASS 145628397872539461963741285514297638628153749739864152251386974397415826486972513
1513 292 PASS 178596423235874916694312857762189534849235671513467289956721348481653792327948165
1514 179 PASS 945632781172589364863471925638795412529814637714263859496128573257346198381957246
1515 208 PASS 864531297327496851519278643251743986943862715678915324195627438782354169436189572
1516 553 PASS 312468597678593412594217863237685149841729356956341278485972631169834725723156984
1517 154 PASS 143576982865291734972348561514739628639825417728614395251463879387952146496187253
1518 175 PASS 684325179152769483973841256817653942296417538435298761541986327728134695369572814
1519 459 PASS 142536987867921435953487621231674598574892163698315742315249876426758319789163254
1520 89 PASS 473659128581432976269871543795348612328167459614295387136724895852913764947586231
1521 670 PASS 943651278127498563856372491269834715374516982518729346685247139492183657731965824
1522 144 PASS 417369528839125746652748319925437861781956432346812957294683175573291684168574293
1523 222 PASS 417369528839125746652748319925837461741956832386412957294683175573291684168574293
1524 439 PASS 143587962852496731976321584214675398635819427789243615321764859468952173597138246
1525 292 PASS 134598276596724138287631594845319762361472985972856341613945827728163459459287613
1526 165 PASS 471853629923476851685129437792534168364781295158692374836917542547268913219345786
1527 97 PASS 415687239637259814982143576274918365196325487358476192861594723749832651523761948
1528 738 PASS 123457689456189273789263451265398714318742965974615832597834126642571398831926547
1529 738 PASS 123457689456189273789263451265398714318742965974615832597834126642571398831926547
1530 256 PASS 126473598857291463943658271261735849379814625584962137412387956635129784798546312
1531 145 PASS 574389162982615734613247958796421385321758649845936217237564891468192573159873426
1532 107 PASS 973584261125639487864721593546178932317296845298453176482365719651947328739812654
1533 77 PASS 123478695864591723975236481216843957489725136537169842341682579698357214752914368
1534 92 PASS 924361587837452691156798324583129746719546832462873159348917265291685473675234918
1535 239 PASS 832475691945361278167298453471659832256813947389742165793126584518934726624587319
1536 192 PASS 857431629216975843943628751679254318324186597581397462162843975435719286798562134
1537 1047 PASS 194683257265947318738512496982165743543879621671324985357298164419756832826431579
1538 397 PASS 946572381317684952852913764124356897738149625695827143269735418471298536583461279
1539 177 PASS 962348571157692384834751269375264918216985437489137625741526893698413752523879146
1540 333 PASS 893457162256813947417692853142938576768245319935761428324179685581326794679584231
1541 83 PASS 134698725826547391975321486719834562542169873683275914267483159358912647491756238
1542 1259 PASS 146287395538946271927315468752463189314879652869152743495631827281794536673528914
1543 1089 PASS 463851729912736584758429631125347968846195372397268415579612843284573196631984257
1544 657 PASS 463259817581467293297831645359186724124793568678542139835614972746925381912378456
1545 320 PASS 425618379317925468698347251973861524842753916156492837581274693739586142264139785
1546 78 PASS 598743216132586794764129385617938542285614937943275861371862459856497123429351678
1547 135 PASS 954671382827349651136285947512936478789412536643758129361824795275193864498567213
1548 350 PASS 254198637739246518861573942516487329948362751327951486693824175172635894485719263
1549 246 PASS 874691235963258741152743986396817452725364198418529367589132674247986513631475829
1550 103 PASS 847631925953472681162589374538214769719865243624793518486357192371928456295146837
1551 151 PASS 124693587837425961965781423241567839683149752759832146312954678476218395598376214
1552 433 PASS 927543681856721934134698725569234178472816593318957462641389257293175846785462319
1553 157 PASS 719463258568297134342851679837514962495632781621789543286945317953178426174326895
1554 398 PASS 125784693863529741974631285396148572417256938258397416649815327782463159531972864
1555 330 PASS 742196853356782194819534627283965471971243586564817932437658219125479368698321745
1556 134 PASS 123679584846352971957481263512748639634915827798263145261534798375896412489127356
1557 296 PASS 158436297372591846946872153463718925591264378287953461634125789725389614819647532
1558 267 PASS 459637812273189654186245397794851263635972481821364975518426739347598126962713548
1559 84 PASS 142568793857392641963471258215643987376829415489157326521734869634985172798216534
1560 1297 PASS 482957361193486527576231489627345918915628734348179256259814673761593842834762195
1561 198 PASS 947325681126489735835671492614532978783196254592748316259863147461957823378214569
1562 65 PASS 123469758846571293957283641312758469468392175579146832234615987681937524795824316
1563 198 PASS 749638152653241987182795634895472316371569428426813579538924761917386245264157893
1564 387 PASS 931467285756328914248159637497215368185693472623784159319572846874936521562841793
1565 126 PASS 346285971827196534591347268283974615754612893169538427935421786472863159618759342
1566 91 PASS 423658719561972384798341625817465932256139478934287561689724153342516897175893246
1567 41 PASS 157463982926781435843529671614375829798642153532918746285194367461237598379856214
1568 248 PASS 357814629896725413241369785965271348728643591134598267513486972482937156679152834
1569 94 PASS 132458697854796321967321485513672948628945713749183256271534869385269174496817532
1570 387 PASS 146783592853294671972561483217635948364829715589147236421376859695418327738952164
1571 560 PASS 425187963687943152139265874841596237396872415752314698974638521563421789218759346
1572 368 PASS 843752691952641387176398524724983156619475238538126479481239765297564813365817942
1573 124 PASS 132486957865793421974521386213967845546218793789354612321649578457832169698175234
1574 207 PASS 132487695864295371957361284316548729428739156579126438241853967683974512795612843
1575 79 PASS 724581396953762814186394752569423178341879265278156943612948537835617429497235681
1576 91 PASS 124685973873249651956731482512398764638417529749526138261854397395172846487963215
1577 169 PASS 132476598856291473947358261214735689398642157675819324421587936583964712769123845
1578 344 PASS 153472698864591372927368451215643789389127546476859123531284967692715834748936215
1579 88 PASS 496573128381924675275861943153789462962435781847216539714352896529648317638197254
1580 647 PASS 345791286817265493269384751586479132123856947794123865938612574451937628672548319
1581 222 PASS 426715893397628451518943726964872135281356974735194682653489217872561349149237568
1582 863 PASS 134782695957361284862549371543128967629475813718936542281657439395814726476293158
1583 213 PASS 465723198197684532238159746352961874976842315841375629729536481513498267684217953
1584 799 PASS 947326581852491673136587942284735169693812457715649238579168324328954716461273895
1585 479 PASS 846271395923658471157493268465319782371862549298547136682735914714926853539184627
1586 373 PASS 316478295927351846485692713854267139239514687671983524743825961162739458598146372
1587 261 PASS 147285396853496271962371584216754938378619452495823617521947863689132745734568129
1588 78 PASS 249587631716243958853169742561974823378652194492318567624891375987435216135726489
1589 135 PASS 496157328315298764872634519231865947564729183789413652158372496623941875947586231
1590 69 PASS 564781239329645718817329645948236571653197482172854396436518927285973164791462853
1591 126 PASS 248569173369721584715438269582376491137294658496185732874613925653942817921857346
1592 271 PASS 142795386965381724873624951457263198391857462286149573729436815538912647614578239
1593 52 PASS 123456987847931265956287431261378549374529618598614372412765893685193724739842156
1594 303 PASS 147239568398657421652814973421368759839572146765491832984723615513946287276185394
1595 549 PASS 283497516617825349459361782395142678126578934748639125834756291572914863961283457
1596 133 PASS 482731659963852417175964238621579843358426791794318526217643985539287164846195372
1597 1989 PASS 842715963573962841196834257768591432235487196419623578687249315354178629921356784
1598 340 PASS 947628351863751492125349678734895126589162734612473985478236519256917843391584267
1599 252 PASS 942376581867251394153498267518943672739162458624785913295837146471629835386514729
1600 572 PASS 421356798376819245958724316519268437642537189837941652185472963294683571763195824
1601 141 PASS 934271658875463291162598347428357916317629584596184723249836175651742839783915462
1602 355 PASS 143586792862794351975321846214837965658912473739465128321649587487253619596178234
1603 196 PASS 149572638753846192826931475567284319984153726231697854695318247412765983378429561
1604 90 PASS 149625837732841695568937124813476259957182463624593718275318946486259371391764582
1605 98 PASS 965438721842571396173692584437829615519764832286153947351286479694317258728945163
1606 85 PASS 947582361863471952152639784624813579738295416519764823285946137396157248471328695
1607 286 PASS 962478351147563298835291476289754163376812549514936827693145782758329614421687935
1608 141 PASS 132479568867352491954681273246715839379826145581943627413298756625137984798564312
1609 70 PASS 132594786846723951957681234213965478579348162684172593321857649465239817798416325
1610 542 PASS 214738659678591342935642178362154897851379426749826513487965231596213784123487965
1611 67 PASS 823645791175289463964731285498562317357198642216473859749356128682917534531824976
1612 312 PASS 125683974874591362963724581216457893487932156539816427348265719651379248792148635
1613 79 PASS 431785296795623814628194537963451728817269345542837961276948153389516472154372689
1614 85 PASS 481567923739842165256931487518794236923615748674283519395428671147356892862179354
1615 556 PASS 854972136293618745167453928512846379978231564436597281681725493329184657745369812
1616 265 PASS 934286157687513294152479386361954728425867913798132645243698571579341862816725439
1617 266 PASS 624985137519763482837421695158376924972814563346259871281647359795138246463592718
1618 58 PASS 123695847845721396976483521231547968658139274794862135317254689462918753589376412
1619 561 PASS 964381275853274961172659384785423196349816752216597438427968513598132647631745829
1620 155 PASS 124569378835271496967483251216735849348916725579824163451392687682157934793648512
1621 423 PASS 498761532576823194321954867617435928283197645945682371832546719154379286769218453
1622 76 PASS 498751263163429785725836491319267548576384912842915637687543129934172856251698374
1623 760 PASS 976458321134297586825361794789145632643829157512736948251974863468513279397682415
1624 288 PASS 173498652685372419492165387934517268516829734827634195358741926769283541241956873
1625 232 PASS 142658793863791254975342681514923867638475912729186435251864379387219546496537128
1626 82 PASS 971526348265834179438791526527913684816245793394687215152468937643179852789352461
1627 134 PASS 634851972789642351215793864461378529527469183398125746153286497842937615976514238
1628 2251 PASS 487312695593684271126597384735849162914265837268731549851476923379128456642953718
1629 104 PASS 152498367864273591973651248316724985487935126529186473231847659648519732795362814
1630 159 PASS 495861273762953814183724596928347165631589742547612938879236451216475389354198627
1631 231 PASS 428375916361948725957261348176423589249857163583196274635714892812639457794582631
1632 338 PASS 269154783478936251315728469156289347827341695943567812534612978782495136691873524
1633 278 PASS 124583796873496521965721843216845379347962158598137264431259687659378412782614935
1634 98 PASS 142683795873591462956472381385149627419267538627358914234716859568924173791835246
1635 175 PASS 486315927319274856725869413174698532958132764263547189541923678692781345837456291
1636 137 PASS 953827461864591237127436985648972513571384692239615748782149356415263879396758124
1637 144 PASS 417369825839125746652748319925437168781956432346812957294683571573291684168574293
1638 427 PASS 417369825638125947952748316825437169791856432346912758284693571573281694169574283
1639 102 PASS 497852613185673942263194758614538297329746581578219436852461379731925864946387125
1640 57 PASS 123485796874396521965721834231674958648259317759813462312547689486932175597168243
1641 200 PASS 948357162627184935531926748896712354273645819415839276762591483359478621184263597
1642 51 PASS 957632481863451297124789653749825316618943725532176948285364179371298564496517832
1643 127 PASS 152498673874631925963572481216345897398217546547986132421759368635824719789163254
1644 400 PASS 124385796836497251957621843213569478689714532745832169371246985462958317598173624
1645 34 PASS 348697152597218634612534789156429873473865291829371465785942316934186527261753948
1646 626 PASS 142358796863791542975642381514926837638475219729183654251864973387219465496537128
1647 185 PASS 439286571715934268286175439967512384548367912321498657694751823873629145152843796
1648 391 PASS 143582967852679431967431285514793628638214759729865314271348596386957142495126873
1649 414 PASS 124758693865394271937261548312587964478629315659143782241936857586472139793815426
1650 511 PASS 142386795867591324953427861236754918791268543584913672479135286318672459625849137
1651 467 PASS 463897125517246938829513476251389647936754812748162359394625781682471593175938264
1652 382 PASS 491586732873912564625437918958324671732168459164795823386279145517843296249651387
1653 324 PASS 132487965856921347947536281271364598584192673693875412315648729428759136769213854
1654 72 PASS 325941876861735924974286153587692431213874569496513782659128347738469215142357698
1655 717 PASS 124658793835791624976432581512863947643179852789524316251386479397245168468917235
1656 409 PASS 134592786976348521825671493519237864742869315683154279397426158251983647468715932
1657 67 PASS 967342581154789236832561497513478962628935714749126358291857643486293175375614829
1658 247 PASS 142368597867259341953741826214673958386592714795184632428936175531827469679415283
1659 389 PASS 743215986815946327269837415158624739376591248492378561531782694624159873987463152
1660 744 PASS 142395786853726941967481352231547698584269173796138524315872469429653817678914235
1661 126 PASS 524367189379182465186945732257894613648213597931756248492678351863521974715439826
1662 168 PASS 142385796875496321963721845231968457594273618786514932317642589429857163658139274
1663 191 PASS 415768239378429651962531487736152894549876123281394576124983765697215348853647912
1664 304 PASS 826349175153678942749521638538914726214736589967285413492857361375162894681493257
1665 57 PASS 248167935136985247975423168823694751714852693659731482387249516461578329592316874
1666 278 PASS 864293571175468293923751648346172985589346712712589436498635127631927854257814369
1667 635 PASS 374952186128736594695184237937548612861297453542613978713429865489365721256871349
1668 82 PASS 146387925973251684825946371752639418619478532384512796291764853567823149438195267
1669 128 PASS 498716235516234978732958641153842769829367154674591823281475396965123487347689512
1670 197 PASS 814976352592384176376152948428795613631248597957613284743569821285431769169827435
1671 81 PASS 685743912714926358923185746157462893398571624462839175241698537576314289839257461
1672 125 PASS 495286371768351294312794685831675429926413857547928136253167948189542763674839512
1673 129 PASS 468923157291785364537164289752846931846391572913572648625418793174639825389257416
1674 141 PASS 549317628368254791721698435287136954196485273453729186934862517615973842872541369
1675 454 PASS 547619823231587964968342157796134582185726439423958716854273691319465278672891345
1676 493 PASS 518374269946281375327956481261749853789135624435862197854693712173528946692417538
1677 92 PASS 174593286968427513325186479732849651491675832586231794643718925217954368859362147
1678 142 PASS 123456897845927631967381425431862759589174362672539148214698573396715284758243916
1679 349 PASS 347962815198753246562184379874239561956841723213576984435627198621398457789415632
1680 53 PASS 146783925895426713372159486961238547287564139534917268723891654418675392659342871
1681 220 PASS 863249571741853962259671843132596784684127359975438126427315698516984237398762415
1682 105 PASS 824739651175286493963541287296354718457128369318697542781463925549872136632915874
1683 702 PASS 429761583136859472758324691395246718284517369617938254943685127572193846861472935
1684 264 PASS 784139265236854791591276843127643958469528317358917624942785136673491582815362479
1685 164 PASS 437892651915674823286531497748256139351789246692143578173428965564917382829365714
1686 245 PASS 132487956867935421954621387241573698578196234693842175315268749426759813789314562
1687 335 PASS 493685271517324986826791354684279513935816742271453869768942135142537698359168427
1688 465 PASS 492867153385412679176953842841679235953284716627135984239748561714596328568321497
1689 175 PASS 429568137853791264761243985136472859245189376978635421394856712617324598582917643
1690 183 PASS 854321976162597384973684521548216793617953842239478615395842167726139458481765239
1691 229 PASS 623495178847163952519728364798612435154837296362549817971286543236954781485371629
1692 141 PASS 173645982862391547954728631218476395635912478497583126789154263341267859526839714
1693 210 PASS 124589673863724591975631482216458739398176245547293168431862957659317824782945316
1694 99 PASS 214698375579234186863715249645381927391572864782469531957826413426153798138947652
1695 303 PASS 641327598829561734753489126586274319132958467974613852318792645495836271267145983
1696 75 PASS 152468973863791542974325681216534798497682135538917426325149867641873259789256314
1697 152 PASS 142398576857246931963571284314625798579814623628739415231457869496182357785963142
1698 126 PASS 756283149392164875481579632579612483614835297238497561843751926127946358965328714
1699 81 PASS 872459631154683972963721485216834759549217368738596124481362597627945813395178246
1700 134 PASS 964251378172683495853749261631924587745836912298175643319567824486312759527498136
1701 80 PASS 561749832829315647347286591284651973736924185195837426972568314618473259453192768
1702 82 PASS 469571382837629451251438697983714265542863719176952843618297534794385126325146978
1703 168 PASS 541793682738625149962481375854379216617542893329168457186937524475216938293854761
1704 203 PASS 657148239829735614314926578476812395583469721291573486932684157745291863168357942
1705 66 PASS 958347126371926845264518379796853412143279658582461793427685931619732584835194267
1706 314 PASS 975286413684913725213754869547132698821469537396578142739645281458321976162897354
1707 69 PASS 359712846147586392826934571518463729273198654964275138795821463431659287682347915
1708 37 PASS 576928134214376895938415762785642319143789256692531487457893621861254973329167548
1709 356 PASS 936482571852761493147593682615827934478139265329645817261974358784356129593218746
1710 102 PASS 829531674346879251571264839185746392697352148234918765913487526762195483458623917
1711 190 PASS 256194873147823659398675241964238715572941386831756924785469132429317568613582497
1712 288 PASS 354961782789542163126378495631254879278139654495786231962815347817493526543627918
1713 275 PASS 489523167263718459157496328725364981831259674946871235618935742374182596592647813
1714 242 PASS 935721864142386795876594321259617438783459612614238579591863247468172953327945186
1715 89 PASS 356128974471369825289475163512794386967832451843516792634287519795641238128953647
1716 439 PASS 352179846478326591691854732829647153735218469146935278513492687284763915967581324
1717 354 PASS 439657281187924365562183749841765923923841657675392418756419832318276594294538176
1718 484 PASS 581794632423615978976283145859362417137548269642971583398156724215437896764829351
1719 323 PASS 365482719214796853879351462148239675652147398937865124421978536786523941593614287
1720 238 PASS 748591326195623847263487519421936758356874291987152634832749165679215483514368972
1721 34 PASS 651439782847612539392587461918265374523874196476193258284356917139748625765921843
1722 1459 PASS 935248761172693458846571293413865972698427315527139684289754136761382549354916827
1723 124 PASS 485637921123598476769412538231984657978256143654371892397165284512843769846729315
1724 540 PASS 867591324245873961391462758186237549932145876754689132473928615529316487618754293
1725 243 PASS 875234961942651387163789452457318296319426875286975134628543719791862543534197628
1726 267 PASS 152786493863249571974351268216538947347692815598174632421863759635927184789415326
1727 50 PASS 163498527875321694942657381286139745419576238537842916721964853394785162658213479
1728 291 PASS 561987423274153968983642751849571236126834597357269814735496182692718345418325679
1729 156 PASS 514328967398567412762149835837451629645982371129736548253874196986213754471695283
1730 488 PASS 158724396679381425234596817892613754346275189715948263967832541483159672521467938
1731 184 PASS 568291374134687592972534186623148957819752643457963218781329465396475821245816739
1732 778 PASS 684351927137429586952867431876932145345618279219745368491276853563184792728593614
1733 76 PASS 159247683764983521823651479497812356635794812218365947976528134381479265542136798
1734 79 PASS 652481937834679152971325864467812593315794628298563471186937245523146789749258316
1735 152 PASS 582397641749681532631452978925134786478569213163728495297816354854273169316945827
1736 317 PASS 985723614637481952421695378874256193396814527512937846148562739259378461763149285
1737 119 PASS 387961542129854763654237189935486271476129358812573694241795836593618427768342915
1738 209 PASS 134859627758612439269743518825396174943571862617284953396425781581937246472168395
1739 182 PASS 152649837639578421874123659946317285521984763783256194218435976465792318397861542
1740 1385 PASS 527316489896542731314987562172453896689271354453698217941825673765134928238769145
1741 119 PASS 153749286946283571827651934639478152584912763712365849261837495498526317375194628
1742 67 PASS 514296378267384591389751462978615243135942786642837159453169827791428635826573914
1743 440 PASS 152946837963587421847231695574863912289415763631729548796152384415398276328674159
1744 203 PASS 152367984863459721974281653416792538529834167738615249241573896387926415695148372
1745 169 PASS 146873952527691834398254671862947315913528467754136289689415723235769148471382596
1746 522 PASS 853694271162378495947251368581463927639827154274915683498736512716542839325189746
1747 55 PASS 152679384864531972973482561217345698396718425548926137421863759685197243739254816
1748 101 PASS 356298174281754396749163285693582417527641839814379652932415768168927543475836921
1749 151 PASS 165398427843721695972546381389154276526973814417862539258619743731485962694237158
1750 3495 PASS 416837529982465371735129468571298643293746185864351297647913852359682714128574936
1751 48 PASS 637149582542786931918235647326514879851973426794628315163857294479362158285491763
1752 95 PASS 319574286748629531652138749467392158183756924295841673926487315831265497574913862
1753 479 PASS 356492781982715364147863592215638479468971235739524618871256943623149857594387126
1754 116 PASS 534271869786935124192864735468527391253196478917483256825349617641752983379618542
1755 470 PASS 476529183895173624321864795517398246289645371634712958752431869168957432943286517
1756 76 PASS 197583264654297381238461759512746938483952176769138425846329517375814692921675843
1757 250 PASS 518237496923645718647819325395762841864391572172458639489523167256174983731986254
1758 55 PASS 953687412814932765276154398548216937139748256762593184695421873487369521321875649
1759 203 PASS 735298461219764835684351279526973184897145623341682597972516348168437952453829716
1760 138 PASS 795438621124956873368172459613794582487523916952681347876315294541269738239847165
1761 981 PASS 541928376697153824283476195732649518169285437458317962315862749976534281824791653
1762 66 PASS 874196523632745981915283746291678354347529618586314279128967435759431862463852197
1763 53 PASS 156372498927481653834569271279618345463957182518243769342795816691824537785136924
1764 49 PASS 953472861421586379687391524592847613178639245346125987269754138814963752735218496
1765 787 PASS 987563214623714895154289376349876521816352749275941638791625483538497162462138957
1766 230 PASS 795163824624987513183425967961234758348571692572896341856742139239618475417359286
1767 74 PASS 867351924953472681142689753729815436534796812618243579391568247486127395275934168
1768 300 PASS 574638291628719354193245867815467923936182475742593618361974582459821736287356149
1769 66 PASS 165932478729481653438576921641897235293615784587324169854269317316748592972153846
1770 409 PASS 538127946624839751719645382965314827381762594247598163493281675856473219172956438
1771 102 PASS 249768531156234987873951642931587426724619853568342179692475318487193265315826794
1772 236 PASS 142786953857391624963425781215864379639517248784932165321648597476159832598273416
1773 202 PASS 769215348384967521152348697215834976478596132693721485526489713937152864841673259
1774 460 PASS 593264187146978325872153649415826793629731854387549216731492568958617432264385971
1775 92 PASS 568329741124875396793164285246531978879246153315798462637482519481953627952617834
1776 104 PASS 152394786864257931973861425421576398539428167687139542215643879396785214748912653
1777 548 PASS 521893674768514293493672185315728469846951327279346851687435912154289736932167548
1778 257 PASS 952748361164392785873651942527416893418539276396827154785163429241985637639274518
1779 197 PASS 541387692923165487678294513385749126719623854264851739197438265856972341432516978
1780 102 PASS 573614289128953764946728315615482973384579126297136548852361497769245831431897652
1781 72 PASS 174583692832694751956721843749862135615437928283915476427156389391248567568379214
1782 63 PASS 927563481134789562856241973519427836642358197783916245291634758468175329375892614
1783 1373 PASS 746513892132869754598742316367925481925481673481637925679154238254378169813296547
1784 108 PASS 451627938928134675763598412376812549194365827582479163217956384835741296649283751
1785 440 PASS 154329687862471935973586241237614598516892473489735162795248316648153729321967854
1786 425 PASS 289645731761932845435187629873269154592814367614753298156428973948376512327591486
1787 120 PASS 956327841127486395834951267548739612271864539369215478793548126415692783682173954
1788 67 PASS 956278134327541986481963572564782319879314265213659748638125497795436821142897653
1789 228 PASS 256478193713659824849123675524986317137542968968731542481265739392817456675394281
1790 1554 PASS 153469827976528314482731569261397458748156293395284176639812745517943682824675931
1791 227 PASS 536419728179682435842573916913257684725846391684391257361725849497138562258964173
1792 204 PASS 532978416618234579479156382183769245726415893954823167267381954341597628895642731
1793 242 PASS 145327698839654127672918543496185372218473956753296481367542819984761235521839764
1794 314 PASS 571293486683451972429867513735982164894615237216374895958726341362149758147538629
1795 368 PASS 165374289973582164284196735641258973897463512352917846528641397419735628736829451
1796 210 PASS 125368497837594621946271385412756938583129746769843152251437869398612574674985213
1797 832 PASS 245138796731649528986572143852361479164795382397824651579216834418953267623487915
1798 197 PASS 538427961124695378967318452849136527653972184271584693385261749796843215412759836
1799 60 PASS 153289746962471358874563291629748513517936482348152967486397125791825634235614879
1800 119 PASS 524396781318547269679128345163254978957831624482769153831472596746915832295683417
1801 246 PASS 846532791927641385135789624214368579758194236693275148381426957462957813579813462
1802 157 PASS 846532719519487632327196548453261987162978453798354126675813294231749865984625371
1803 2259 PASS 573291486694583721281674395439126857712845963865739142327458619158967234946312578
1804 2986 PASS 583291476694573821271684395439126758712845963865739142328457619157968234946312587
1805 174 PASS 126597843845613297793248615478935162359126478612784359964372581287451936531869724
1806 134 PASS 982534716134672895657891324265917438418365972379248651726459183841723569593186247
1807 369 PASS 463512798725689134189743265872396451946851372531274986394168527617925843258437619
1808 149 PASS 615874293932156847487329615351792486869415732274683159196238574528947361743561928
1809 142 PASS 675318492321694857489752136258473961713869524946521378564987213892136745137245689
1810 99 PASS 152749683864231957973685241215463798348972165796518432421356879587194326639827514
1811 572 PASS 583497216914268753276513984327685491495132867168749325841976532759321648632854179
1812 579 PASS 156847392284193675379526148495632781731489256862751934643275819517968423928314567
1813 374 PASS 852493761769512438431678295578924613923167584146835972294386157685741329317259846
1814 215 PASS 139687452764235891258491763495176238372548916816923547623859174541762389987314625
1815 262 PASS 735412896941685732286973145573126489162894357498357621659748213817239564324561978
1816 125 PASS 936214587742568931518937642381796425479352168265481793123645879657829314894173256
1817 1116 PASS 524987163867321594391654872276193458148562937953748621415236789682479315739815246
1818 43 PASS 937542816542681397168793425724918653396257184851436972415379268683125749279864531
1819 755 PASS 259713468184692375673485291837251946921346587546978123368129754412567839795834612
1820 95 PASS 564728139192534687378196542847219365259463871613875924735982416426351798981647253
1821 435 PASS 589472613326815974471396825237189456195634287648257391714968532952743168863521749
1822 114 PASS 835147296427569831691328574548972163172635948369481752216793485954816327783254619
1823 305 PASS 952614873716385492834972561283561749167849235549723618325496187698157324471238956
1824 89 PASS 132965847857341296964287531413529768528673419679814352241736985385192674796458123
1825 118 PASS 152389476873456921964721385215943768486217593739568142321674859548192637697835214
1826 201 PASS 965342781834791652172568493613985274528674139749123865357416928291857346486239517
1827 124 PASS 956781324823649571147532896512478639689315247734926158271854963468293715395167482
1828 138 PASS 795241863281736495643859127168392574439517286527468931372185649954623718816974352
1829 697 PASS 152349786864751923973682451216438597348975162597216348421563879635897214789124635
1830 1209 PASS 139872465548693172276154398785961234924387651361245987812536749697418523453729816
1831 190 PASS 856921347973684521124735896491356278765298413238147965347512689512869734689473152
1832 320 PASS 915387462768241953423569781846915327259738614137624895574892136681453279392176548
1833 288 PASS 153486972874259361962731485215364798349817256786592143421675839537928614698143527
1834 75 PASS 893254176415697328627381459274516893368942715159738264931425687742869531586173942
1835 439 PASS 152483967863791452974526381216837594397654128548912673425168739631279845789345216
1836 123 PASS 152936487863754921974281365321475698649128753785693142216547839498312576537869214
1837 50 PASS 253148976816795324947623518785419263421376895639582147362957481178234659594861732
1838 486 PASS 596487321782163945143295867614378592978652413325941786439716258251839674867524139
1839 139 PASS 236587149895314672471692583964721358128453967753869421349275816612948735587136294
1840 1210 PASS 137568942849213675562497183625781439498632751713954826974326518386175294251849367
1841 300 PASS 752349816863512479419876253276985134945231687381467592524193768137628945698754321
1842 315 PASS 952461378136578294847293651281746539475319826369852147723684915694125783518937462
1843 653 PASS 163985247827341596945267831531694782689723415274158369452816973318579624796432158
1844 78 PASS 125679483847351296936284571613548729598762134274193865762915348381426957459837612
1845 231 PASS 517463829846295317932781645681359472253874196794126538329618754165947283478532961
1846 303 PASS 851439627937652481246718359793841265684527193125963874368195742572384916419276538
1847 1064 PASS 136579842984213675572846193625791438849632751713458926468327519397165284251984367
1848 1056 PASS 137569842984213675562847193625791438849632751713458926478326519396175284251984367
1849 354 PASS 123586947965347281847921365274618539639254718518739426451892673386475192792163854
1850 176 PASS 154369287972581364836472591548936172613728945729145836485297613267813459391654728
1851 1673 PASS 124759386856431927937286451213567894685942713749813562368175249472698135591324678
1852 191 PASS 836521947142379586975648321364892715259167438781435269598214673413756892627983154
1853 329 PASS 853679241162345987974281653237516498598724136416938572689153724321497865745862319
1854 523 PASS 958642137124735698673198425237951846546283719891476253785324961469517382312869574
1855 61 PASS 429857631653912478178634952392476185867195324541328769935261847286749513714583296
1856 94 PASS 257698314914753286836124759421579638369482571785316942672831495548967123193245867
1857 182 PASS 256718934483269157791435628965384271317526489824197563142673895538942716679851342
1858 195 PASS 956143872821675349743829516419786235375291468682354197534962781297418653168537924
1859 450 PASS 952638741176542983834791265718325694549816372623479158395287416281964537467153829
1860 92 PASS 957481362142369578836572491395124786721836954684795213469217835578643129213958647
1861 111 PASS 534629817682137495971854326325746189718293564496581273247915638159368742863472951
1862 378 PASS 561729348423681975897534261942173856135896724678452139256318497719245683384967512
1863 243 PASS 153624987964785321872931456728159643431267598695348172547813269219476835386592714
1864 145 PASS 134275986872649531965381742513462879648793125729518463251834697386957214497126358
1865 139 PASS 579463218831792654426815973165239487743681529298574361982357146614928735357146892
1866 157 PASS 536289471817643529294517836942358617678194352153726948461832795385971264729465183
1867 996 PASS 598613472126475983347829165614597328852341796739268514963184257481752639275936841
1868 274 PASS 875321964934687521162594783491875236356249817287136495529463178648712359713958642
1869 299 PASS 156278394972436581843591267614783952538942716729165843285617439391824675467359128
1870 137 PASS 586947321937821456214635897192564738643782915758319264825173649369458172471296583
1871 284 PASS 175268394963541278842397651659172843324685917781439526218756439536914782497823165
1872 35 PASS 594126837186573924327498156432865791715349682968217543673984215851632479249751368
1873 283 PASS 123675984856439271974281365512796438638542719749813526261354897385967142497128653
1874 383 PASS 125684793863729541974531682216473958397158426548296317431865279652917834789342165
1875 260 PASS 238517496914862357675439281123684579587291634496753812362978145741325968859146723
1876 165 PASS 561798423397214865824635791945321678612587349783469512239846157176953284458172936
1877 346 PASS 857219634946375812321486957583947261462153789179628345735891426218764593694532178
1878 54 PASS 143579862852463791976281534214397685538614927769852413325946178491728356687135249
1879 254 PASS 547863912962174583813295467628349175395718246174652839756981324431527698289436751
1880 454 PASS 857361492324579681196842375943657218782194563615283947439728156571936824268415739
1881 300 PASS 439578162657291483218436597796185234841329675523764918164857329982643751375912846
1882 95 PASS 956432187743158692821967435569824371472319856318576249134295768297683514685741923
1883 290 PASS 845163972679425138312879456524631789786942513193587264268714395931258647457396821
1884 195 PASS 123854967875296431964371285217438596439567128658129743341782659592613874786945312
1885 180 PASS 857439261163782594924651783719825346538946127642173958291364875376598412485217639
1886 254 PASS 156478932842391657937526481284967315793815264615234798471659823368142579529783146
1887 74 PASS 125476893843529761976381542512748639634915278798632154257193486361854927489267315
1888 323 PASS 123594687856723941974681325245136879389257164761849253412365798538972416697418532
1889 215 PASS 825463791934271658176598243613754829542389176789126534397615482268947315451832967
1890 456 PASS 125376489836491275947258361261745893384962157579183642418527936652839714793614528
1891 174 PASS 825764391934281675167593284786129543459637812213845967542976138398412756671358429
1892 134 PASS 157283694846591273932467581593124768724658319681739425475912836218346957369875142
1893 266 PASS 184352967673891542295476183867219435321547698549638721758924316432165879916783254
1894 326 PASS 123584697865739421974621385216458973398276514547193862431862759652947138789315246
1895 167 PASS 471569328235184967869327514918236745354871296726495831592618473647953182183742659
1896 65 PASS 547681239892357641613924785389172564264539817751468392928713456135246978476895123
1897 52 PASS 354761928218934765796258134147392586982615473635487219879146352461523897523879641
1898 468 PASS 834567291952381674176294385781943562325678419469152837593416728247839156618725943
1899 102 PASS 137548962495672183826193574382761459519284736674935218953827641768419325241356897
1900 137 PASS 852791364937645281164238795628359417549176823713482956491867532386524179275913648
1901 74 PASS 826537194157849623439126578792458316543612789681973452218365947374291865965784231
1902 277 PASS 857436291132598674964721583729145836618973452543682719496817325285369147371254968
1903 241 PASS 163489257954721683872635941638517429247893165519264738491352876326978514785146392
1904 40 PASS 124385796836729541957641832512438967643972158798516324261853479379164285485297613
1905 59 PASS 865491723123678594974235681237169458489753162516842379391586247758324916642917835
1906 229 PASS 135672498846391572927458361213945786598267134674813259352186947461739825789524613
1907 198 PASS 946731582157248639832659471719423865584976123623815947461397258398562714275184396
1908 421 PASS 548279361726153489319486275134627958967548132852931647683712594295864713471395826
1909 426 PASS 645379218981642735273815496426537981719486523358291674837964152594128367162753849
1910 610 PASS 593827164678541329124369875835714296247698513961253487756482931389175642412936758
1911 236 PASS 624578139135496827789123456216385794857964213493217685942651378568732941371849562
1912 209 PASS 863721945974356281152984367547269813386175492291438576435817629729643158618592734
1913 524 PASS 572963418684751932319824756198275643467389125253146897936518274741632589825497361
1914 64 PASS 657134289914287635823659417768591324239746851145328976572463198481972563396815742
1915 858 PASS 815267439623149857974853126341728695589634271762915348436571982297486513158392764
1916 2285 PASS 567492138239861745148375926623148579951736482874259361712983654396524817485617293
1917 317 PASS 541862973279345618386179425957634281438521769162798354893257146714986532625413897
1918 285 PASS 536712984291834576478965123623179458184523697759648231915487362367291845842356719
1919 525 PASS 465273891183965472279814653398651724751432968642789315927148536514396287836527149
1920 186 PASS 152879436976324518843615972567482391498153267231967854615238749384796125729541683
1921 573 PASS 596873142812549673743261895289654731637918254154327968428736519375192486961485327
1922 117 PASS 135792486842561379976348251367284915451639728289175643794853162618927534523416897
1923 68 PASS 128439576957618342436275189691742835245183697873596214589367421712854963364921758
1924 121 PASS 124395687837621594965478321512837469689154273743269815251746938398512746476983152
1925 1673 PASS 132546987867921345954387621241653798386792514579418236413265879628179453795834162
1926 179 PASS 582743619963821547174956238621479853348562791795318426217635984439287165856194372
1927 315 PASS 419568732856273149237914856728641395961352478543897261385426917672139584194785623
1928 206 PASS 831457692542896713967321485389274561724165839615938247156749328278613954493582176
1929 734 PASS 951476283284193567376258914835621749642937158719584326527869431498312675163745892
1930 138 PASS 351274698264938751987516324423165987615789243879423516596847132742391865138652479
1931 134 PASS 832791645175486932946325781718549326693872154254613897489267513561934278327158469
1932 181 PASS 576381492124957638893246175619428357348175926257693841961532784485769213732814569
1933 233 PASS 165749283874236591923581674356127849498653127217498356581374962642915738739862415
1934 194 PASS 132495786856723941974681352213859467645317298789264513321546879467938125598172634
1935 788 PASS 263517498154893672789264513927635841416728359538941267842176935675389124391452786
1936 162 PASS 517268439489713652326594871173426985894351267265879143751682394642937518938145726
1937 123 PASS 561372894928645731347819562483251976659437218712968453896723145174586329235194687
1938 121 PASS 283457619195326478476981352847619235612538794359274186931862547568743921724195863
1939 89 PASS 645721938392865174817934625471692853563187492289453761956318247728549316134276589
1940 490 PASS 143527986852691437967348251314752698528469713679813524231974865485236179796185342
1941 154 PASS 457916823396285714281473596825649371639751482714832965178324659563197248942568137
1942 56 PASS 659287314381594762742613598236758941894136257175429683927845136518362479463971825
1943 148 PASS 753481296264579183189326547942713658516842379378695412495238761827164935631957824
1944 422 PASS 958241763263597841471863259849132675127956438635478912392614587786325194514789326
1945 136 PASS 152389764863741925974652381219834576635297148748516239321465897497128653586973412
1946 378 PASS 578612394194375268236894715741289653625431987983567142869743521312958476457126839
1947 378 PASS 578614392192375468436892715741289653625431987983567124869723541314958276257146839
1948 120 PASS 579682413614539782823471956231867594457923168968145327186754239792316845345298671
1949 734 PASS 935748621876231594124695783512469378643872915789153462267514839491386257358927146
1950 282 PASS 435821976791463825268759431917346258356982147842175693579614382184237569623598714
1951 505 PASS 594368217328751964176942358731825649845693172962417583453189726619274835287536491
1952 408 PASS 132594687865327941974681532241875396653219478789436125316742859497158263528963714
1953 491 PASS 581932746437568921926147358769285134245316897813794562698451273374829615152673489
1954 627 PASS 965481273143276598827359461531964827298715634674823915386142759759638142412597386
1955 180 PASS 154673298837259461962481573548926137379814652216735984725198346491367825683542719
1956 983 PASS 251697843378541629694283751483765912526918437719432586167354298842179365935826174
1957 1066 PASS 582741693749635218316982574928173465165498327473256981897364152254819736631527849
1958 290 PASS 123769584846521973957384261214837659698245137735916842361452798472698315589173426
1959 99 PASS 731586429649271583582349176897154632314692857256738941128463795465927318973815264
1960 354 PASS 972658431864731952153294786315479268746812395298563147529387614481926573637145829
1961 397 PASS 143597682876324951952681437214865379635719248789432165327148596498256713561973824
1962 302 PASS 956741382124385976873629451618537249742896135539412867361954728287163594495278613
1963 150 PASS 153698274964725381872431956495816723318274695726359148637542819581967432249183567
1964 789 PASS 758619234469327851321854769297436185143582697586971423915248376672193548834765912
1965 241 PASS 751348296694512783238769154485173629362985471917426538843251967579634812126897345
1966 333 PASS 957826413813459627624317958362594871785631249491782536248973165179265384536148792
1967 233 PASS 123589647865724931974631582216347859348952176597816324431265798659478213782193465
1968 916 PASS 528176943169843572374259816751632489892714635643985721415367298237598164986421357
1969 71 PASS 152478693947361258836592471578926314614735982293814765385647129461259837729183546
1970 274 PASS 124359768836741592957628431512463987649872153783195624261534879378916245495287316
1971 226 PASS 273945618145867293689123547924581736816732459537694821491278365368459172752316984
1972 198 PASS 596287143218349756743156829924835671875961234631724985469572318352618497187493562
1973 223 PASS 946381572872564391135297684364758219589132746217946853451673928698425137723819465
1974 160 PASS 125689473847523961936741285214375698368294517579816324451967832683152749792438156
1975 290 PASS 612583479847192635359674281976428513231759846584361792465937128123845967798216354
1976 324 PASS 145923687763548291892176543621835974438792165579614832384261759257489316916357428
1977 2573 PASS 518263497672941853439875162387156924164729538295438671826394715751682349943517286
1978 170 PASS 152469378874253691963781542231674859695328714748195263316542987487936125529817436
1979 339 PASS 124379568837651294965284371246713985378925146591846723412567839683192457759438612
1980 53 PASS 425789163167354892389612574812476935743195286956823741531967428698241357274538619
1981 444 PASS 379846152852971346641325789594182673728639514136754298415293867983567421267418935
1982 175 PASS 625389741148267593793451628837592164256714839419638275584926317372145986961873452
1983 79 PASS 685749132243851976197632845712496358936528714854317629378265491561974283429183567
1984 122 PASS 453698271871243596926157348597321864612984735384765912735412689249836157168579423
1985 833 PASS 635249178984173625721658943472381569359726481816495237567814392148932756293567814
1986 180 PASS 348659217279134865156728493591382746734916528682475931423567189815293674967841352
1987 142 PASS 658394217143726985792185463436978152279513648815642379524869731367251894981437526
1988 270 PASS 317569428246387951859214376695438217173925864482176593521743689938651742764892135
1989 166 PASS 135672498847391265926458371264719583591836742378524916452167839689243157713985624
1990 646 PASS 142536987873291456956847321217358649468729513539614278321975864694182735785463192
1991 233 PASS 856491372143572698927368451278645139514923786639817245361789524485236917792154863
1992 442 PASS 912587463845693172736142598458239617629471385173865924567318249294756831381924756
1993 639 PASS 345129768182476593976835412519368274827914356463752189754693821298541637631287945
1994 44 PASS 583714692219586734746392185374621859965843217821975346458237961692158473137469528
1995 42 PASS 815974236439652781627813945264589173981437562753126498546391827192768354378245619
1996 405 PASS 596721843821934567347568129435186972678392415912475386169243758784659231253817694
1997 282 PASS 589174326142536879673829154815742693236981547497365218364257981751698432928413765
1998 224 PASS 172538946953641287864792351386479125415326798297815634641953872538267419729184563
1999 53 PASS 285193647937465281164278593678354129523981764491726835312647958756839412849512376
2000 660 PASS 165479382974238561832651479718342956629785134543196728291563847387924615456817293
2001 311 PASS 123456789964718532587329416312674958675891243849235167231567894758943621496182375
2002 138 PASS 153849672674512983928673154532968417841237569769451238216384795397125846485796321
2003 98 PASS 485297613726138954931645287679812435542379861813564729257483196364921578198756342
2004 113 PASS 125349786836751294947682351512963847694178532783524619251436978369817425478295163
2005 103 PASS 153479286872365941964281573215634897347918652698527134421853769536792418789146325
2006 247 PASS 468327591529861374713945862854173926631259748297486153986732415145698237372514689
2007 46 PASS 154928673827136954936754128482579316569341782713682495641295837395867241278413569
2008 147 PASS 152638947864791532973245681315482796426973158798516324231857469589164273647329815
2009 277 PASS 132546987854279631967381542518463729643792815729815463271654398386927154495138276
2010 48 PASS 152693487873421596964758321216379854349865172587142963421586739635917248798234615
2011 147 PASS 124593687867421953935687421213874596596132748748965132351246879479318265682759314
2012 75 PASS 125394786846527931937681524213465879689712345754839162361258497492173658578946213
2013 188 PASS 173526984964831725852497361746152893318649572295378416429765138587213649631984257
2014 82 PASS 125369478864275391937481256271843569493156782586927143318594627642718935759632814
2015 92 PASS 157369482934582761862741593648125379719438256523976814475613928381297645296854137
2016 130 PASS 415237896769845132823619457582964371134578269697123584376452918941386725258791643
2017 75 PASS 126478593853692471947351268261834759379516824584927136412763985698245317735189642
2018 194 PASS 152379486863421975974586321215693748638742159749815632321954867497268513586137294
2019 1452 PASS 756392148321485679984167235692834751843751926517926483135249867469578312278613594
2020 230 PASS 523971864471268395896435217384127956765849123912356478649582731158793642237614589
2021 407 PASS 751948623864253179329167854932615748176834592485792361243586917597321486618479235
2022 135 PASS 154379628986152734732684591261938457378245916495761382549826173813497265627513849
2023 1187 PASS 135426987846957321927381465213748659598163742674295813351674298482539176769812534
2024 72 PASS 132549786857362491964781523513428679629175348748936152271694835385217964496853217
2025 66 PASS 715943268928176453634852719289637145173584926456219387547328691391465872862791534
2026 232 PASS 362541987819267345745938126127384569934756218586129473298473651651892734473615892
2027 121 PASS 643519827812367954597248136476852319231796485985134672368425791129673548754981263
2028 131 PASS 867145329142983765935267148571634892426879531389521674798352416613498257254716983
2029 1942 PASS 437685192861297543259341867625813974718469235943752681594138726382576419176924358
2030 286 PASS 564139827382647915179285643915463782647892351823751496731924568298576134456318279
2031 644 PASS 947563281135287694826491375358946127219738456764125839681379542473652918592814763
2032 166 PASS 564817392198253746273946185729561834451378269836492571317629458685134927942785613
2033 942 PASS 621759438475836219938241657147928563563174982892365174789512346354697821216483795
2034 78 PASS 247651398856349217193728465964873152381295746572416983629534871435187629718962534
2035 190 PASS 562791348493586721178342695217654983945813276836927514721435869384269157659178432
2036 127 PASS 768152439529347816143689725431568297275914683986273154814735962397826541652491378
2037 53 PASS 962381547874652931135749286658934172213867459749215863397428615421576398586193724
2038 315 PASS 932681754175324986846795231368417592214539678597862143423976815659148327781253469
2039 221 PASS 932675418867412593415983762158247936674139285329568147283791654796354821541826379
2040 85 PASS 934651278852479361167382495218743956346915827579826143795238614423167589681594732
2041 91 PASS 952461378173289564846375291385146927629857143714932856497513682561728439238694715
2042 422 PASS 257384691981562734436179582615437928879215463324698175793851246148726359562943817
2043 245 PASS 526187943871943562394652817685379124743821659219564378458236791162798435937415286
2044 129 PASS 629754813387162549451983726816547392532896471974321658263479185148235967795618234
2045 583 PASS 682193745315674289479528613798432561531867924264915378153286497927341856846759132
2046 366 PASS 326597814891342756574186932439871265685239471712465398263954187158723649947618523
2047 58 PASS 746351982823479165195862347481293756967185423532746891279614538314528679658937214
2048 219 PASS 957683421843251697126749853694532718215874936738916245379465182461328579582197364
2049 235 PASS 674913852582476391319852467943267518857149623261385974136524789798631245425798136
2050 260 PASS 236178594145239876798645123613492785829756341457381962574963218982514637361827459
2051 222 PASS 365184297198276453274539168753891624841362579926457381637915842489623715512748936
2052 3188 PASS 679143285453268197281759643715832964894516732362497851528674319946321578137985426
2053 67 PASS 236415987795832146814769253643521798589374612172986435457293861968157324321648579
2054 141 PASS 614852379275396481389174256748629513563718924921435768156947832897263145432581697
2055 45 PASS 967134582428597163531286947795428316813769254246315879374852691189673425652941738
2056 310 PASS 792651438641378952385249716857136249429785163163492587934567821276814395518923674
2057 131 PASS 867524391142693875539187462473219658258476139916835724685742913794351286321968547
2058 180 PASS 823579641946281357157463298289146735435728169761395482692814573374952816518637924
2059 765 PASS 863427951549361872217895463354982716786513294192674538431758629678239145925146387
2060 799 PASS 863427951549361872217598463384952716756813294192674538431785629678239145925146387
2061 104 PASS 965287431132456897847931265573819642684725319291364758319672584428593176756148923
2062 2492 PASS 794638251813952746526417398478326519265189473139574682352841967941763825687295134
2063 229 PASS 621948573985723146734516829456281937873659412192437658549872361367194285218365794
2064 133 PASS 954621783123785496867439521518942637742163859639578214491856372386297145275314968
2065 419 PASS 567428913498351627123697485356819742219764538874235196642173859785942361931586274
2066 68 PASS 162385497874291365953674281325846179681927534497153628238519746716438952549762813
2067 428 PASS 123864957857291346964735281312547698685329714749618532231456879476983125598172463
2068 146 PASS 785943612632851974419267358846512739971438526253679481597186243368724195124395867
2069 351 PASS 358791246724638519619245873175986324483572691962314785541867932836129457297453168
2070 95 PASS 174352698962781543835469271243875916659123784781694352516938427427516839398247165
2071 350 PASS 627841953483952167915763482842395716596187324731426598264579831379218645158634279
2072 406 PASS 623891547518437962479562318791628435256349781384175629167983254935214876842756193
2073 217 PASS 318762594467359281925841376839524617271936845546187932184295763653478129792613458
2074 205 PASS 658391724312746589479285136924613857761458293583972461247539618195867342836124975
2075 280 PASS 968374125371562489245918367854729631126835794739641258512486973683197542497253816
2076 205 PASS 682154379951763842374892165437528916816937254295416738568271493729345681143689527
2077 99 PASS 476328519523916874189745623237591486645283197891467235318674952954832761762159348
2078 830 PASS 946271538513849267782563491671495382259387146438126975825634719367912854194758623
2079 245 PASS 983157462265498371147236958456729813732841695819365247674583129391672584528914736
2080 250 PASS 682153479951764832374892165437528916816947253295316748568271394729435681143689527
2081 363 PASS 162387495937546821854921367679854132481273659325169748548732916716495283293618574
2082 419 PASS 864231597175649382923785461298173645416598723357462819549316278782954136631827954
2083 106 PASS 964251387835976421172384965427639158351748296698125743786412539543897612219563874
2084 199 PASS 846271395972635481153498726469157832285369147317824659798513264631942578524786913
2085 268 PASS 487259613912836547563471982875914236346582791291763458729348165134625879658197324
2086 38 PASS 384629157965781423217345986529863741438157692176492835851936274692574318743218569
2087 68 PASS 148627359673895142952143678815264937234719865769358421521486793497531286386972514
2088 4040 PASS 642351798731869542958427631287195463319674285564238917175943826423586179896712354
2089 105 PASS 186237549942856731375194682827561493619473258534982176268749315753618924491325867
2090 503 PASS 964725381123698745875431926597813462216974853348562179482359617731246598659187234
2091 173 PASS 364281957815973624972465318421659873637824195598137246159348762786592431243716589
2092 554 PASS 579632841632481579148975623461259387297863154385714296813597462726148935954326718
2093 243 PASS 974561382863247951152389467529614738637892145418753629795426813241938576386175294
2094 62 PASS 146287593852391674973465281321948765465172839789653412214736958537829146698514327
2095 55 PASS 617824395398615472245397681831942756976581243524736819182453967759268134463179528
2096 197 PASS 163275498925481673847369251584617329371942865296853147619534782758126934432798516
2097 69 PASS 581462793439178265276359481753894126892516374164237859927641538348925617615783942
2098 822 PASS 765438219149265783238971456986714325527893641413652978391527864852346197674189532
2099 203 PASS 719362458568479312423185679157243986946718235832956147671594823385621794294837561
2100 689 PASS 546283791237419586189576432672891354395624817418735269861342975923157648754968123
2101 472 PASS 862931574543872619179456283628549731394617852715283946937165428456328197281794365
2102 367 PASS 268379541341528769795461238687154392523986174914732856879245613432617985156893427
2103 83 PASS 846371295125689743937254681578163429293748156614592837382916574769425318451837962
2104 552 PASS 168975423723641589495823671674182935839756214512394768251437896946218357387569142
2105 56 PASS 176324958459786123823951467967845312315297846248163579632519784594678231781432695
2106 504 PASS 756293418314685297892147635689321574127564389543879162468712953275936841931458726
2107 732 PASS 654312879913876452827495136742638591165729384398541627286157943471983265539264718
2108 282 PASS 685379241419256387237148965768513492543982176921764538154637829396821754872495613
2109 94 PASS 615382479943765812827491536752634198168279354394518627286157943579843261431926785
2110 287 PASS 618342579943765182527891436752634891861279354394518627286157943179483265435926718
2111 627 PASS 614382579953764812827591436742635198168279354395418627286157943579843261431926785
2112 1115 PASS 645389271237165849981724563328671495596432187174958632813247956759816324462593718
2113 1198 PASS 657832419428961357193457826371685942589214673264793185812376594735149268946528731
2114 660 PASS 638275419142963785759148263491526837567831942823794651215487396986312574374659128
2115 668 PASS 638257419142963785759184263491526837567831942823749651215478396986312574374695128
2116 691 PASS 638275419142963785759148263491526837567831942823794651215487396986352174374619528
2117 264 PASS 154689723862371954973524681398217546415896372726453198531942867649738215287165439
2118 73 PASS 632159874985674231741832569127495386463781952598263417814327695256918743379546128
2119 1433 PASS 982675134714239658365418972123954867458167329697382415241793586876541293539826741
2120 177 PASS 163425798925867314748931256432756189679182543851349672217698435584213967396574821
2121 353 PASS 246597381359418267817623459563879142421356978798241635135762894672984513984135726
2122 577 PASS 876439521142758396953261847287193654395674182614582739521846973769325418438917265
2123 346 PASS 682139754754862391193574682936728145471953268825416973518297436267345819349681527
2124 656 PASS 825764391963581472174293586436129857782635149519478623358912764691847235247356918
2125 284 PASS 146359287852471936937628451379185624628734195415296378294867513763512849581943762
2126 62 PASS 863521497174698523952473681417259836586137942239864715621985374395742168748316259
2127 433 PASS 689514327457293681312876459835942716971658243264731895126389574743125968598467132
2128 302 PASS 698253741412679583735148962873914625246785319159326478587432196361897254924561837
2129 206 PASS 254196837683725941971438265719542386825963174436817529547281693398654712162379458
2130 311 PASS 982613547745298316316475982857349621193826754264157839631784295528961473479532168
2131 2225 PASS 498653712251879436736142895927318654684795123513426987142587369375961248869234571
2132 2578 PASS 498653712251879436736142895527316984684795123913428657142587369375961248869234571
2133 96 PASS 654987132378621594219543768793816245842375619561492387426739851185264973937158426
2134 255 PASS 152693784963784521874521936381256497597148263246937158439872615715369842628415379
2135 140 PASS 632895714897431625451762839923178546186954273745326198578249361214683957369517482
2136 1150 PASS 693825714258741369714639825389416257546297183127583946935162478861974532472358691
2137 216 PASS 627913854531428967849567321964182573715349682283756149456231798372895416198674235
2138 204 PASS 615387429234591876789624153891256734576843291342179568123465987968712345457938612
2139 56 PASS 546128973938674125127395648369742851781953264254816739692431587813567492475289316
2140 920 PASS 156873942897245136423691587935162478678459213241738659319527864562384791784916325
2141 244 PASS 163247985957836421842591367674985213598123674231674598325719846786452139419368752
2142 251 PASS 147563298836279451925481376273946185514738962698152743362894517451627839789315624
2143 78 PASS 927683541164725983853491726539146278471852369286937154398574612645219837712368495
2144 220 PASS 863541972952367481147289365738416259526973148419852637371698524694725813285134796
2145 272 PASS 864259731175384296923761485386597142217846953459123678691435827542678319738912564
2146 272 PASS 769152348138496572452783169845267913617539824923841756591628437284375691376914285
2147 129 PASS 579631482462578319138249567753416298214893756986725143345987621827164935691352874
2148 406 PASS 963784521125639784874521693517293846248156937396478215681945372759312468432867159
2149 279 PASS 964328715273541896815796432596134278438972651721685943689413527342857169157269384
2150 521 PASS 864257931173694285952831476419528763387169524526473198738945612695312847241786359
2151 321 PASS 963471258854392671127568493539627184241835769678914325395246817416789532782153946
2152 113 PASS 863574291157298643924361758741956382582743169396182574435619827619827435278435916
2153 182 PASS 963475281154289673872631945215746398347958162698312754536827419489163527721594836
2154 422 PASS 687941523412358679935627841794562318351894762826173495548216937173489256269735184
2155 76 PASS 864173259351926748279458361142865973785394126936217485597641832418532697623789514
2156 165 PASS 521976438369824715784315296195283647276541389843697152937168524412759863658432971
2157 172 PASS 756194382489362571213857946871943625364275198925618437192486753637529814548731269
2158 102 PASS 879641325465239187321875946192368754648597231753412869537924618986153472214786593
2159 97 PASS 678495231541283769932167548285639417194728653763541892416972385829354176357816924
2160 92 PASS 963284751875361294124759683418523976296147538357896142742635819589412367631978425
2161 517 PASS 132675894875349261946281735519736428623458179784912356251863947367194582498527613
2162 200 PASS 132967458578314962496285731651429387347158296829673145763591824915842673284736519
2163 257 PASS 941628375673514829825397416539162784764835192182479653256783941398241567417956238
2164 58 PASS 639417285425968731781325649543792816296184573178653492914576328362849157857231964
2165 196 PASS 957261384846537921123489567734926815295814736618375492572198643481653279369742158
2166 156 PASS 153679482864352971972481365215947638346218597798536124421763859537894216689125743
2167 70 PASS 153287694947365281862491573416539728279648135385172469791856342538724916624913857
2168 404 PASS 864952713752831964913674285596713428478265139321489657237596841685147392149328576
2169 50 PASS 876152493594836217123749856612578934948213765735694128451327689389461572267985341
2170 118 PASS 596724813471835269283916745324168957819457632657392184768243591935671428142589376
2171 101 PASS 561437289387952416429168753813746592956281374274395168132879645648513927795624831
2172 350 PASS 163425987927831546845697231578162394614983725239574168492718653786359412351246879
2173 175 PASS 364178925158293746972465183825749361796321854431856279689532417243617598517984632
2174 143 PASS 591683742673254918428917653235471869867592134149368275384126597756849321912735486
2175 194 PASS 864795231973821546152364987346518792718249653295637814581472369437956128629183475
2176 174 PASS 624315987359278164871946325792581643546732891183694752935827416467159238218463579
2177 438 PASS 162347985847596321953821467684915273279683154531472698715239846496158732328764519
2178 146 PASS 867251394923468571154739286538976142749123865612845937386517429495682713271394658
2179 331 PASS 642781359715439268389526174296817435457362981831945726978153642124678593563294817
2180 407 PASS 932671854865429371174385296643512987719863542528794163251947638496138725387256419
2181 60 PASS 965318742731425896248976513386541279427693185519287634194752368672839451853164927
2182 108 PASS 568429371497351826231876549175293468826145793943768215759684132384912657612537984
2183 87 PASS 625974831719863452384125697841296375573418269962537184136749528498352716257681943
2184 110 PASS 695274831712893456384165297841629375573418962926537184139746528468352719257981643
2185 1155 PASS 863521794127496853954387621645839172739142568281765439498653217512974386376218945
2186 251 PASS 162497358485263179793518624259634781876921543314875962921746835537182496648359217
2187 323 PASS 631895472892347561475621398916538724584279613327416985269154837158763249743982156
2188 791 PASS 714836952329154867586927413453678129671392584892541376245713698938265741167489235
2189 85 PASS 937621854145387692826594731659412378714835926283769145372156489568943217491278563
2190 93 PASS 672394158894251736531867294327419865189536427465728913258943671713682549946175382
2191 310 PASS 746831592983254167215679438429385671531467289867912354674193825392548716158726943
2192 188 PASS 619584273745132698328976415157463982293758146864219537576841329931627854482395761
2193 46 PASS 869574132124396758375128694932857416541632879786941325217469583493785261658213947
2194 449 PASS 167852493924173568538496721453719682712568349896234175241387956685941237379625814
2195 100 PASS 653489712972516384148273569596748231381625497724391856435167928269854173817932645
2196 366 PASS 942675381136289745857341926613958472729436158584712639398567214461823597275194863
2197 369 PASS 962851734173246985854397261385169427719428356246573198531782649497635812628914573
2198 237 PASS 678159432315742968942836715154397286769528143283461597531284679897615324426973851
2199 79 PASS 463812795297654183815793264129547638386129547754368921531986472948271356672435819
2200 354 PASS 164795283837241596952638471518479632643182759729356814395824167276513948481967325
2201 209 PASS 937658241864291735125734986583419627649372518712586493471963852396825174258147369
2202 174 PASS 124367985836594271975821346412658793683719524759432618261943857347285169598176432
2203 80 PASS 143658792856792431972341685714985326629473518538126974365217849297864153481539267
2204 321 PASS 826754391143698725957231684284573169635149872719862453498326517562417938371985246
2205 104 PASS 173658492962741385845392671628475913539126847714983526491537268386219754257864139
2206 1022 PASS 142396785876521943953487621214639578635178492789254316321745869468913257597862134
2207 52 PASS 735468192618259743249731658182675934497123586563984271824517369356892417971346825
2208 224 PASS 972351684153648792846792351718425936624973518539186247495867123261534879387219465
2209 950 PASS 145326897836795421927481563294517638653849172718632954489253716371964285562178349
2210 265 PASS 246798531917453286385126794678319452159284673432567819593842167864971325721635948
2211 311 PASS 562384197831795624794126538273569481145832976986471352329647815617958243458213769
2212 131 PASS 967235481125489367843671925614752839532948176789316254298167543356894712471523698
2213 257 PASS 953671482172498635864352971397286154518943726246715893435867219681529347729134568
2214 175 PASS 876521934935486721124397586241869357689735142753142869498273615562918473317654298
2215 70 PASS 163549782874261539952378641396824175728195463415736928241987356537612894689453217
2216 986 PASS 134658297872493561956271348645782913793145826218936754367524189581369472429817635
2217 443 PASS 564972831231846579798531462982417653615389247347625918423758196879164325156293784
2218 533 PASS 361849275294357816785126934942531768518764329673298451436912587859673142127485693
2219 181 PASS 839416527672583914154972386341698752587324691296751843963245178415837269728169435
2220 294 PASS 862345971173298546954671382295786134416523897738914625541837269327169458689452713
2221 70 PASS 598463721264178395731295486176984253943512678852637914617359842485726139329841567
2222 107 PASS 637518294481296753529437168195872346873641529264359817358924671746185932912763485
2223 147 PASS 651743289327598614489261753146387925735129468298654371873412596514976832962835147
2224 230 PASS 638472951942153687157698324371829465894516273265734198786941532429385716513267849
2225 106 PASS 162485973847369251935271486789513624614728395523694718496152837271836549358947162
2226 288 PASS 167354829324698157895271463631745982459862371278139546583926714742513698916487235
2227 346 PASS 618459723342867519579123468296534187784291635153786294927648351861375942435912876
2228 241 PASS 269715348417893652385426197142537869956284713873169524634958271728641935591372486
2229 57 PASS 412539876739826451658417923574291638963758214281364795396142587127685349845973162
2230 221 PASS 697321845534986721128547936951268473482713569763459218276195384849632157315874692
2231 409 PASS 649715283285634971173982645852196734314827596967453128521349867738261459496578312
2232 443 PASS 961258473438796125527413689879561342256374891314982756182645937693827514745139268
2233 271 PASS 162953748589471263473628951946517832215386479837294615791865324358742196624139587
2234 616 PASS 456891273173246985928537146784923561635418792219765834392184657561379428847652319
2235 48 PASS 529638741743519826618274539867423915132795684954186372386942157291857463475361298
2236 1261 PASS 683197452174625938952843671568479213319562847247381569725936184836214795491758326
2237 619 PASS 698321745531847296274956813765213489149785362382469571426138957857692134913574628
2238 784 PASS 264817539785943612139256748653729481847361295912485367396172854471538926528694173
2239 2521 PASS 968472351734815926512639478189724635475386219326591784251963847893147562647258193
2240 105 PASS 167925483392148567584673192675294318823516974419387625241759836756831249938462751
2241 407 PASS 391645728285397164647281395176428953529713846834956271718562439453179682962834517
2242 238 PASS 674328915391465728528917634812693547763584291459172863286741359137259486945836172
2243 372 PASS 964527381852431796173698425436259817219874563587163942628745139345916278791382654
2244 110 PASS 164295378872361594935478261389156427546927183217843956791584632428639715653712849
2245 138 PASS 125679834863542791947381526214835679356927418798416352431258967579164283682793145
2246 293 PASS 615972834798543162423681975352498617169237458874156329531824796986715243247369581
2247 511 PASS 174293856356748219928516473741652938582139647639874125217965384495381762863427591
2248 440 PASS 126479583843651972957382461512748639634915827798263145261534798375896214489127356
2249 414 PASS 136278495857394261942561378213687954564129783789435612321756849478912536695843127
2250 295 PASS 152369487973481625864725931246517893387692154519834276691253748738946512425178369
2251 81 PASS 637821594529647831184359762716592483852734619493186275345978126968215347271463958
2252 183 PASS 152364987863975421974281356231658794587419632649723815315846279428197563796532148
2253 142 PASS 863754921947821365152396487498572136726139548315468792674213859539687214281945673
2254 112 PASS 864521379917384256253769184738695412521438967496217835185972643372146598649853721
2255 401 PASS 239645187684721935175938462497853621561294378823167549348512796756489213912376854
2256 83 PASS 926381457147526983835497621651749832294835176783162549579218364412653798368974215
2257 2407 PASS 658123749934567218217498653783259461569814327142376985476981532895632174321745896
2258 228 PASS 962387451137945286854621937589172643273564198641893572716458329498236715325719864
2259 60 PASS 135467298862193754497852316756934821321678549948521673673219485289345167514786932
2260 96 PASS 968231457523497618147658923236179845719845236854362791372916584681524379495783162
2261 184 PASS 164579832925384617378216459537862941816495723249731586782643195651928374493157268
2262 86 PASS 125364987843971256976285341362518794514729638798643512231456879457892163689137425
2263 657 PASS 617459823248736915539128467982564371374291586156873294823647159791385642465912738
2264 136 PASS 617459823842763915539128467296584371374291586158376294923647158781935642465812739
2265 191 PASS 217654893658913274349728165726385941194267358583491726862149537471532689935876412
2266 97 PASS 172468359946531782853279461219647538468953127735182946627395814381724695594816273
2267 292 PASS 756813942839624715142597683475281396963475128218936457594368271627159834381742569
2268 234 PASS 152394678864751293973268541215486739387925416496137852521643987638579124749812365
2269 237 PASS 125689473847351269936274581514728396298463157673195824781536942369842715452917638
2270 589 PASS 679321845531948276284756913865213497147895362392467581426139758753684129918572634
2271 74 PASS 742936815586217943391854672817495236934682751265173489453769128179328564628541397
2272 176 PASS 124365789857291643936478251512746938643982175798153426261534897389627514475819362
2273 165 PASS 162385947945627381837941256378564192514293678296718534783156429659472813421839765
2274 257 PASS 934681527827539641156274983249816735785943216613752894362197458571428369498365172
2275 273 PASS 356482719174569283892371546263145978518793462947628351785936124631254897429817635
2276 269 PASS 269143857135782469478965123621497385394851672587236941813574296742619538956328714
2277 60 PASS 132645987847921356965387241219473568376518429584269713421736895653892174798154632
2278 104 PASS 368417952249385716157962483936851247814723569572649138721536894685294371493178625
2279 113 PASS 965241387874369251123587694419625873286173549357498162641752938592834716738916425
2280 87 PASS 436958127582731469719246358157362984824597631693184275978423516241675893365819742
2281 371 PASS 542361987769852431831479265276198543153246798498735126614987352987523614325614879
2282 102 PASS 132496587865721394947538621513269478684173952729845163251684739376912845498357216
2283 337 PASS 516429873834751962927863415253184796798236541461975238349518627175692384682347159
2284 415 PASS 142375698867491352953268471271653984385914726496827513514732869628549137739186245
2285 101 PASS 653892417748351296912746853527483961836129745491567328279635184385914672164278539
2286 426 PASS 147638529358492617296715438834256971521973864679841253785329146913564782462187395
2287 326 PASS 124578936538692714967314285391726548752843169846159372415967823289431657673285491
2288 116 PASS 152687394873491625964523871231965748547218963698374512315746289426839157789152436
2289 41 PASS 791684532358972461462351987573268149184539276629417853836195724945723618217846395
2290 318 PASS 123457689456189273789326415291568347674913852835274961348795126562831794917642538
2291 246 PASS 843691527172358496956742381734125869619483752528976134467839215281564973395217648
2292 508 PASS 142358697856791324973642581514923876638175942729486135261834759395217468487569213
2293 89 PASS 963725148217438956458691723374269815586147392192583674741856239829314567635972481
2294 278 PASS 725643819694718253183295476359826147876154932241379568517932684938461725462587391
2295 221 PASS 865493271947251368132678594276814953514936782398725146459162837623587419781349625
2296 140 PASS 367592184851764392249318567175283946426975813938146275782631459613459728594827631
2297 171 PASS 563972481219834675874615392346581729921763548758249163492357816185426937637198254
2298 368 PASS 867594213942371658315682749693457182158263974724918365589126437231745896476839521
2299 199 PASS 238569147961874253457321689816932475324756891579148326143297568782615934695483712
2300 46 PASS 269318754451729836387654921695147283148532679732986415923861547574293168816475392
2301 57 PASS 369127458152489376487635129845791632293568714716342895978214563621853947534976281
2302 932 PASS 674915238315842679982376514257493186491658723863721945746239851129584367538167492
2303 1041 PASS 175638942398724165462915873846359721751246389239187654924863517587491236613572498
2304 1178 PASS 175638942398724165462951873846395721751246389239187654924863517587419236613572498
2305 549 PASS 438126975725394681961758324674582139812943567593671842289465713356217498147839256
2306 943 PASS 698435217351726948742189365817364529534972681926851473169547832273698154485213796
2307 969 PASS 698435217351729648742186395817394526534672981926851473169547832273968154485213769
2308 106 PASS 679541283352879614841236579786194325213658497495327168934712856528963741167485932
2309 77 PASS 126345798954278361837691254371926485495187632268534179712869543683452917549713826
2310 66 PASS 716923584938457261254168973675239418842716359391845627427591836169382745583674192
2311 49 PASS 768952314459173682123648597217589436935264178846731925592816743371425869684397251
2312 121 PASS 524689731871235946936741285462593178357816492189427653213978564745362819698154327
2313 339 PASS 175482693846593271932761584458126739369875412217934856721659348684317925593248167
2314 410 PASS 694852317528371946317964258736529481481637529259148673975413862862795134143286795
2315 292 PASS 165739248734862915289451637812396574697514382543278196328945761956187423471623859
2316 515 PASS 657983412941257836328416795519764328473128569862395174185679243294531687736842951
2317 357 PASS 173654928945218736286937541591743682468192357732586194629875413814369275357421869
2318 106 PASS 617493582952816374843572916589734261134625897726981453398147625275368149461259738
2319 409 PASS 674953128582164397193872564426718935958326741317495682731249856269587413845631279
2320 559 PASS 624389517159476823783125496238914675941567382576832149462751938317698254895243761
2321 610 PASS 853461297967325841142987536214653789576198324398742165789216453621534978435879612
2322 288 PASS 136497582925381476874265391219574863463128957587639214641952738752813649398746125
2323 167 PASS 164753298873249561952681473749865312385192647216374985421937856697528134538416729
2324 759 PASS 132468579874295361956371284315624798469837152728159643241586937587913426693742815
2325 249 PASS 543126987697348152812957643351864279764295318289731465438679521125483796976512834
2326 238 PASS 467952138528431967139786245941823576372645891685197324214579683853264719796318452
2327 135 PASS 619327854375864291284951763741635928523498176968712435852176349196243587437589612
2328 83 PASS 132746598857291463964358271213469785598172634746583912325617849479835126681924357
2329 1049 PASS 639752148287341965451986327598263714124875639376419582913524876862197453745638291
2330 97 PASS 531769284869124375472583691716935842398241756245876139957618423184392567623457918
2331 176 PASS 692381574875946213134275869723854691418639725569712438981467352357128946246593187
2332 3021 PASS 679325148283741965451986327598263714124857639736419582912534876867192453345678291
2333 48 PASS 123874569587369214649521873461293758375618492892457631216945387734186925958732146
2334 136 PASS 164529387825734691973681542398276154216453879547198236631847925482915763759362418
2335 1408 PASS 865729341924381567137645892542816973713492658689573124458937216391264785276158439
2336 108 PASS 976254183485913276321768549837125694612349758594876312269581437143697825758432961
2337 449 PASS 857649231126378594934521687543792168612485973798136425285917346469853712371264859
2338 125 PASS 327569148198432567564817239839241756476395821251678394683124975712956483945783612
2339 313 PASS 349526871521897643876413529718369254465281397932745186654178932187932465293654718
2340 262 PASS 843729651127635984956481273294563718315872496768914532572348169681297345439156827
2341 1295 PASS 854926371326871954917543682789165423543297816162438795431782569675319248298654137
2342 94 PASS 394675182275841963681923574839712645752496318416358729123587496547269831968134257
2343 44 PASS 742598136958136427631427985429671358863245791517983264296814573384752619175369842
2344 545 PASS 872614953349527618156389427627895341935741286418263579293478165584136792761952834
2345 195 PASS 928736514137254698645918273784192356396475821512683947261349785453827169879561432
2346 78 PASS 695371482438652179217489635346198257982745316751263948863917524524836791179524863
2347 63 PASS 764312589283597146951468273537649821426185397198723654619254738342876915875931462
2348 145 PASS 236895741194762538785314962672951483413287695958436217327648159841529376569173824
2349 411 PASS 956721384123648957847593621694817235382954176715236849261375498479182563538469712
2350 97 PASS 368527914719846532542193687823614795657982341194375826431759268276438159985261473
2351 62 PASS 176528349584396721293741586345162897861974235729853614418637952652489173937215468
2352 164 PASS 751926348249835671368147952483691527195782436672354189927563814516478293834219765
2353 30 PASS 796152384531468927428379651152634798384791265967285143219843576645917832873526419
2354 69 PASS 429715836756328419381694275948273561572861943163459728817932654634587192295146387
2355 157 PASS 794126583825349761631578924968713245152964378347285196419632857276851439583497612
2356 63 PASS 823764591175289463964351287387526149416893752259147638748915326532678914691432875
2357 280 PASS 732514986681937524954268371547891632298346715163752498875429163419683257326175849
2358 70 PASS 279658431654193287183742695826479513437521869591386742368217954715964328942835176
2359 171 PASS 825371694637294815194568273972853146583146927416927538349615782761482359258739461
2360 247 PASS 853479261946281375127653498492867513678135942531942687315794826769528134284316759
2361 283 PASS 795364128612798534348215967986431275451827396237659841123576489564982713879143652
2362 289 PASS 718942563926385174534671289297853641483169752165427938341796825872514396659238417
2363 2430 PASS 671328954539714628842695317923576841487139562165842793798451236216983475354267189
2364 125 PASS 279513864635842791418976532542397618391468275786125943863751429957234186124689357
2365 123 PASS 875621394923584761164739285246158973398476512517293846751842639632917458489365127
2366 339 PASS 247351869931846572568792431174625398352489716689137254413568927896273145725914683
2367 83 PASS 742158639869423751513679824628945173395817462174236598257381946931764285486592317
2368 3429 PASS 782453619465197823319682754593841267127369485846725931671938542238574196954216378
2369 182 PASS 371549862695812734824367159439621587512478693786935241243786915967154328158293476
2370 354 PASS 714968253598231647326574189243619578159782364687345912431896725965427831872153496
2371 327 PASS 789632541426159783315784296138947652264315978597826134671498325853271469942563817
2372 66 PASS 723819564145267893968435172586974231419523687372186945894752316231648759657391428
2373 287 PASS 597138642821496537643275918169384725258761493734529861482617359916853274375942186
2374 65 PASS 847625931962381547153749286375412869618937452429856173731594628596278314284163795
2375 45 PASS 937642581126589437845731296298365174513274968674198352389426715752813649461957823
2376 281 PASS 782516439351984672469237581643198257298765143175423896524679318936851724817342965
2377 78 PASS 741389256692145873835627194564891327189732645273564918426978531958413762317256489
2378 203 PASS 184579326579623148362841759857432961923716485416985237298164573745398612631257894
2379 2758 PASS 496738251823951764517426398148367529675289143239514687351842976982673415764195832
2380 1386 PASS 164735982873291645952648371297316854615984237348527196731469528526873419489152763
2381 147 PASS 785623149263194758419875362874316295132958476956742813547289631398461527621537984
2382 106 PASS 193574286276918354845623971612857439937461825584239167759342618421786593368195742
2383 43 PASS 957263418648197523321845976894526731735418269216739845563972184482651397179384652
2384 186 PASS 176285493935461278842379561469853712281746359753192684618524937527938146394617825
2385 1001 PASS 653849721491723658728165394582437916964581237137692845879254163346918572215376489
2386 198 PASS 143569287827431956956287341318794625462815793579326418734152869681943572295678134
2387 75 PASS 715392846268514937934678152357286419649751328821439675583947261496125783172863594
2388 1253 PASS 752163489431829657968574321284796513375218946619345278146957832523681794897432165
2389 182 PASS 728364519695821374314795268461253897572986431839417625143572986287649153956138742
2390 40 PASS 187253964259461783463798215845936172731842659692175348314527896928614537576389421
2391 73 PASS 137652948945318276826947135368729451752134689491586723573491862689275314214863597
2392 398 PASS 741295638365148927892736154576481293924673581138529476487962315213854769659317842
2393 44 PASS 672453918348912756159678324913726485465389172287145639831564297726891543594237861
2394 196 PASS 596128734218734965347569812789251346132846597465973281871492653923615478654387129
2395 168 PASS 865729341123584796974631285247196853396458172518273469431967528682345917759812634
2396 76 PASS 143258679872964153695137482986541327451372968237896514719623845564789231328415796
2397 311 PASS 729864135465321798138975642512489376346517829897236451953148267271693584684752913
2398 154 PASS 172635984834921756965487321291768543486513297753249618547896132329174865618352479
2399 114 PASS 945381762167452893832769541524613978789524136613978254276845319358196427491237685
2400 203 PASS 963748251842651397175392486724986513639125748518473629257839164386514972491267835
2401 364 PASS 163784952482539167597162384716845239834291675259376418621957843345628791978413526
2402 426 PASS 147583962853629471926471583319257846465918237782346195594762318631895724278134659
2403 63 PASS 791248356436975218852631794578193642924867135163452987617384529389526471245719863
2404 551 PASS 745283691632519874891746253357691482416827935289354716174965328523478169968132547
2405 117 PASS 936421587127385496845679231592138674683742159714596328459813762378264915261957843
2406 171 PASS 594876123823914756617235894965421378781653942342798561159342687436587219278169435
2407 454 PASS 456371892293854617871926354685297431129463578734185926548732169967518243312649785
2408 441 PASS 635471298294853167817692345478265913356189472921734856742316589583947621169528734
2409 217 PASS 167482593925367481834591276489173625613258947572649318748936152351724869296815734
2410 406 PASS 975461283846293571132587496358129764267834915419756328594612837683975142721348659
2411 376 PASS 837265491965341827142987536589674312471823659623519748358196274294738165716452983
2412 574 PASS 316587294758924316924631875245196783637248951891753642463819527182375469579462138
2413 562 PASS 657123498241869573938457261362715984485692137179384652713546829896271345524938716
2414 527 PASS 872946351954381627163725984741638592689257413325419768436892175598174236217563849
2415 59 PASS 871259634569143827342786915295631748613874259487925361954367182126598473738412596
2416 224 PASS 783264519516379842249518637451923768627851394398647251864795123132486975975132486
2417 392 PASS 289763145761854293435192876897546312512387964643219587156438729928675431374921658
2418 226 PASS 947638521183295476652741839214389765796512348538467192465823917829174653371956284
2419 222 PASS 786192345123854967459637281375419826264583179918726453691278534542361798837945612
2420 491 PASS 471296835852143697369785214536412789947568123128379546284637951693851472715924368
2421 94 PASS 927438651143659728865721394634175982592843176718962435259314867486597213371286549
2422 79 PASS 195476328876231594432958176987314652264895713513627489729563841358149267641782935
2423 53 PASS 175389624942567381863421597519273846426958713387146259734812965658794132291635478
2424 47 PASS 941687352267354189583291647725143896619728534438965271372519468896432715154876923
2425 55 PASS 173589264952461783864327951286954137715632498349718526498276315637195842521843679
2426 864 PASS 487912635213546987965378124534621879198457362726893451359284716841765293672139548
2427 462 PASS 182795346457638921693241578516924783278563419349817265734189652961452837825376194
2428 71 PASS 719482365648753912235961478967534821521698743483127596354276189872319654196845237
2429 262 PASS 691345287873296514452718639185467392736982145924531876568174923249853761317629458
2430 140 PASS 928746351631529478745381692172638549483957126569214783856172934217493865394865217
2431 197 PASS 796834125812759634354216897289365741145978362673421958538647219427193586961582473
2432 193 PASS 197243568365918742842576193736492851581367429924851376678124935219735684453689217
2433 531 PASS 297634518346518297815972364153786942472193685689245731531467829928351476764829153
2434 255 PASS 679184235825973416341625897438217569597468321162539784786351942254896173913742658
2435 130 PASS 794382561528716394631945287187264935946153728352897146473621859269578413815439672
2436 140 PASS 937541268852376491146298357278163945319425876465987132791632584623854719584719623
2437 300 PASS 527936481641785392398142657986527134273491865154863279812359746465278913739614528
2438 219 PASS 792316854385429617146857239627135498914678325538942176253784961879261543461593782
2439 258 PASS 276845391493216587581397426712954863659183742834672159328461975965738214147529638
2440 153 PASS 278359164694281573315467298829635417763142985541978326956714832432896751187523649
2441 702 PASS 974631285123589674865472391416897532257346918398125467741263859689754123532918746
2442 331 PASS 647923815598714236312856947956432178284197563173685492839261754461578329725349681
2443 478 PASS 736941852452738196189652734968314527345279681271586349513427968894165273627893415
2444 48 PASS 152673984873491562946258731514362879638719425729845613261584397385927146497136258
2445 190 PASS 873459621964321785152786934489263157316597248527814396698135472241978563735642819
2446 320 PASS 174329658583467192629581437318796245965214783742853961856972314231648579497135826
2447 215 PASS 876134952421985673953267148692741385547893216138652794765318429289476531314529867
2448 172 PASS 972643581853721964164589237718492653395816742426357198287964315641235879539178426
2449 230 PASS 872964351134785926965231487483629715621357894759418632396172548248596173517843269
2450 285 PASS 975682341863741925142539786739815264528496173614327859451273698296158437387964512
2451 205 PASS 179658423384792156256341798893126574762584931541973682417239865625817349938465217
2452 63 PASS 798635421126974583453218679972586314564123897381497256617352948835749162249861735
2453 255 PASS 798635421126974583453218679972586314564123897381497256617352948835749162249861735
2454 593 PASS 714596832925831746368427915459683127271945368836712459642379581193258674587164293
2455 2659 PASS 714956832925831746368724519459683127271549368836217495642375981583192674197468253
2456 2712 PASS 714956382925831746368427951459683127271549638836712495642375819193268574587194263
2457 124 PASS 974261358823579641156483792469325187512897436387146925241738569798654213635912874
2458 535 PASS 792513684845296731613487952251749863387621495964835217529378146176954328438162579
2459 500 PASS 157498326834526791926371485643859217782164539519732648278945163495613872361287954
2460 115 PASS 127543896936281574854679321749852613683417952215936748498325167361794285572168439
2461 392 PASS 521678943897413526463952781286541379315729864749836215934187652658294137172365498
2462 76 PASS 382196745941857326567243198653918274728435961419672853294581637875369412136724589
2463 189 PASS 237681459456792813981354267514928376869473521723516948172835694345169782698247135
2464 100 PASS 132469785864751932957283641315846279648972153729315864271538496493627518586194327
2465 49 PASS 137295486852764391946381572428536719571829643369147258713952864294678135685413927
2466 9715 PASS 781435269456192387293867145368954721917326458524781936849513672132678594675249813
2467 353 PASS 127438569684592371935671284456713892279864153318259647562147938843926715791385426
2468 436 PASS 157263489986174523423958167762841935814395276539627814371489652295716348648532791
2469 219 PASS 123574698865291374947368251214835769378629145596417832431752986652983417789146523
2470 359 PASS 125386794864597321973421856231865479748219563596743218657134982312978645489652137
2471 61 PASS 794261835256348791831597624412876359368925147579134286187453962943612578625789413
2472 237 PASS 593721468276485931418693275132846597984517326765932184851279643649358712327164859
2473 230 PASS 793154628148269753652738941364925817581647392279813465935472186426381579817596234
2474 598 PASS 715968342648372195923154876281739564467521938539846721396215487854697213172483659
2475 59 PASS 157649328324857691869123475732918564648532917915764283483291756276485139591376842
2476 43 PASS 627489315914365287853721946786913452149257638235648179561894723472536891398172564
2477 2169 PASS 712935486384621597596874123849312675235786914671459238953267841467198352128543769
2478 1694 PASS 712935486384621597596874123849312675235786914671459238463297851957168342128543769
2479 417 PASS 672348519984157236153269487561423978238796154497815623725934861819672345346581792
2480 570 PASS 251746938496831275738529146942157683875963421613482597567394812124678359389215764
2481 540 PASS 825731496164289753973546281216458379487693125359127648738964512642815937591372864
2482 113 PASS 172493568864251397953678241517936482328745619496182753649827135285314976731569824
2483 109 PASS 127645398598372164346189275971238456654791823283456719769814532832567941415923687
2484 169 PASS 932475861617928534845613279568741392429836715173259648356192487294387156781564923
2485 115 PASS 369278514284351967175946823418563792952714638736829451691482375827635149543197286
2486 160 PASS 875321964146597382932684571753962148684153297291748653319475826527816439468239715
2487 223 PASS 837591246152463798946278351275984613319726485468135972684357129723819564591642837
2488 1131 PASS 745896132928431756361725849519683427274159368836247591652378914483912675197564283
2489 772 PASS 745896312928431756361527984519683427274159638836742591652378149193264875487915263
2490 308 PASS 173982465596473182248156793689725314352841679417369258765238941821694537934517826
2491 137 PASS 268947351753281694491563827184759236632418579579632148926175483345896712817324965
2492 91 PASS 349716285618352947725498316296873154574129638183564792857231469461987523932645871
2493 525 PASS 847526931163987245952431687531798462698142753274653819415879326389265174726314598
2494 104 PASS 927564831846391275153827496478952613261473589539618742785239164694185327312746958
2495 161 PASS 298714563641935782753286194864352971139678425572491836927543618315869247486127359
2496 126 PASS 147265398862379451953481276215638749376942185489517623521793864698124537734856912
2497 302 PASS 276519384435876291981243756862194537349765128157328469514982673628437915793651842
2498 770 PASS 867295431953461287124837956276389514581674392349512678635148729498723165712956843
2499 283 PASS 812756943569348721347291856496817532281539674753462189678124395934675218125983467
2500 241 PASS 763849251819352764542716389376195842925684137184237695297463518651928473438571926
2501 178 PASS 283174695671592834495368127824716953567983241139245786356827419942651378718439562
2502 51 PASS 975348261862571493134692758649823175718954632253167984327486519491735826586219347
2503 341 PASS 349572816275168943168934275924816357716325498853749621481253769532697184697481532
2504 201 PASS 275986134816473592439521867521738946784619325963245781652897413397164258148352679
2505 231 PASS 237496581465871923189253674814729365573648192926135748758362419691584237342917856
2506 97 PASS 123745986874269351965381742512437869638592417749816235281673594356924178497158623
2507 944 PASS 123569478856472391947381256261943587378615924594827613412756839635198742789234165
2508 97 PASS 713652984965784132284931567648295371357168429129473856892516743431827695576349218
2509 67 PASS 142387596867945231953621847271459368386712459594836712415268973629573184738194625
2510 482 PASS 216743589589126347473958261732869154694531728158472936827695413341287695965314872
2511 288 PASS 142937568358621497679584123486759231513246879927813654794165382861392745235478916
2512 190 PASS 497316582361285947258794361629837154734951826815642793576129438143568279982473615
2513 374 PASS 147325896825691437963847521591783642274169385638254719752418963419536278386972154
2514 244 PASS 376249581491358672852176943529761438137584296648923715985412367713695824264837159
2515 316 PASS 738491562124563789596287314247659831985134276361728945853946127412875693679312458
2516 350 PASS 419327685367158924258649713835972146946513278721864539694781352572436891183295467
2517 266 PASS 827361459946572381135498672361284597259736814478915263692153748513847926784629135
2518 98 PASS 238756491761498523495123867817634952354289716926571348189342675673915284542867139
2519 123 PASS 876149523943562871152738469685321947329476185714895236498657312237914658561283794
2520 300 PASS 123547698856291374974368251412653789568729413739184562241875936395416827687932145
2521 46 PASS 157642398932158467486793152869324571725961843314875926298416735571239684643587219
2522 60 PASS 562739418187462935394185627435916782619827543728543196851374269946258371273691854
2523 170 PASS 348712596529638471617945382782564913956173248134829657491286735275391864863457129
2524 77 PASS 312658974546397218879421356268735149154269837937814562723586491695142783481973625
2525 711 PASS 712638594536497281498125736685341927123789645947562813369874152254916378871253469
2526 849 PASS 974615382813729456652834791195367824238451679467982135729143568381596247546278913
2527 75 PASS 927481365134956827865237491548679132379125648216843579681794253493512786752368914
2528 148 PASS 875691342964723581123584976219457863546832197387916254652149738791368425438275619
2529 131 PASS 293478516468315972175962384352684791914537268687291435531726849746859123829143657
2530 255 PASS 782639514159824763463751298875492136216387945934516872521963487348175629697248351
2531 142 PASS 215793684796184253348625791589412367674538129132967548463279815851346972927851436
2532 276 PASS 756931428839642517214857936397215864428769351561483279182596743973124685645378192
2533 188 PASS 978362145235491876416875923627143589389527461541689237853714692762958314194236758
2534 258 PASS 125378496837496521946521783412769835579843612683152947251684379364917258798235164
2535 1111 PASS 152487396873691524964325871231548769645973218789216435316754982427869153598132647
2536 96 PASS 175693482962584371834721965257319648386452197419867253741938526693275814528146739
2537 381 PASS 124385796863749251975261384216853947359427618487196523531974862642538179798612435
2538 660 PASS 513294876479685132286317945935726481128459367764138529342571698857963214691842753
2539 229 PASS 328716459974835612651429837792541386485693271136278594243957168817362945569184723
2540 117 PASS 523864971876591324491327865315486792982175436764932158147659283639218547258743619
2541 399 PASS 471863925956214837823975614249538176735126498618749352394657281167382549582491763
2542 176 PASS 827641395163592487954738261738126549619475823542389176476213958395864712281957634
2543 134 PASS 132547689856391472947268351218936547365174298479825136521489763683752914794613825
2544 108 PASS 714835692326947185958126437497652813563781249182394756635218974879463521241579368
2545 69 PASS 137946825265783419984251736423568197619427358758319642891635274372894561546172983
2546 309 PASS 372549618486321759159876243925734861741268395863195472294653187517482936638917524
2547 91 PASS 415789362832654791769231845253147689971865423684392517597428136146973258328516974
2548 64 PASS 937528614814967253562413897756849132481236975293175486149752368325681749678394521
2549 404 PASS 745639812931872546862451379497583621286714935153296784678145293324967158519328467
2550 241 PASS 751693824426781359983245176239814567175362948864957213342579681697128435518436792
2551 211 PASS 358721694641935278729468513584217936163549782297683451435172869912856347876394125
2552 131 PASS 721354869396812754854976132489163275513427986267598413938641527642785391175239648
2553 413 PASS 817546923642739518593812647268951374931274865754683291176398452325467189489125736
2554 53 PASS 175249386964738521832651947597123468421896735386475219649387152713562894258914673
2555 66 PASS 382176459759482136416395728538264917621957384974813562297631845145728693863549271
2556 138 PASS 132584976846397251957621384591268743674135892283479615318742569765913428429856137
2557 149 PASS 452367918379128456618954273265789341891243765734615892987531624523496187146872539
2558 60 PASS 574819326928673514316452978795268431863741295241935867159387642482196753637524189
2559 230 PASS 578624193216398457394751862152876934963412578847935621689247315421563789735189246
2560 161 PASS 768592413951437628423861597284153769679284135315976842547319286892645371136728954
2561 329 PASS 159436782734829165286715934372598416418263579965174328891352647527641893643987251
2562 114 PASS 734918526658247931129635847813496752462751389597823164241589673386174295975362418
2563 705 PASS 798123645462758391315649287546297138921834756837561924153986472689472513274315869
2564 197 PASS 123496785874325961965781423216579348357842196489613257531264879648937512792158634
2565 1758 PASS 728946315934251678516738249147593826369482157852167493293615784481379562675824931
2566 67 PASS 541783269726519843983426571812967354369145728475832916198254637654378192237691485
2567 202 PASS 967381542134625987852794631219538476645217398783469125598173264476952813321846759
2568 503 PASS 718925364935641278426738519167493825359286147842157693693514782281379456574862931
2569 2729 PASS 768942315934651278512738649147593826329486157856127493693215784481379562275864931
2570 1060 PASS 756948213813267594942153876298315467375624189164789352527836941681492735439571628
2571 166 PASS 758432691431968752962517438126754983584193276379826145893641527215379864647285319
2572 70 PASS 142398576856741293973652481514926738628473159739185642265834917391567824487219365
2573 226 PASS 738129564965478231241653798384917652597862413126534987419785326672391845853246179
2574 127 PASS 695173842287946135134582976312458769478629513956317428743865291529731684861294357
2575 57 PASS 179452638865319427324687915583941276291576384746238159917863542658124793432795861
2576 349 PASS 324587169978216534156349872235874691469125783817963425793458216582631947641792358
2577 232 PASS 523417896478659123169283475716324589835791642294568317351942768642875931987136254
2578 226 PASS 257946831693851247841327596936472158475618329128539674762195483389264715514783962
2579 134 PASS 673485129195326874428197635937658412851274963264913758782569341549731286316842597
2580 194 PASS 935478261164352798872691543413726985729185634658934127247563819581249376396817452
2581 342 PASS 927348561163752498845691273782164935514937682396285714658473129471829356239516847
2582 539 PASS 957638421146729385832541679419352768628417953375986142791265834583174296264893517
2583 51 PASS 297813465438265971615749382962187543173524698854936217581692734326478159749351826
2584 92 PASS 123759486856241973974683251512376849649815327738492615261534798385927164497168532
2585 148 PASS 945671283136482597827593461614837952798125346253964178362759814581246739479318625
2586 189 PASS 157863492239541678468297513792156384685374921341928756824735169516489237973612845
2587 135 PASS 143572986872639451956481237514893672628715349739246815261354798385927164497168523
2588 297 PASS 124573986875629431936481527312946875658237194749815263261358749497162358583794612
2589 250 PASS 962351847835749621147286395718935462693472158524618973489127536371564289256893714
2590 164 PASS 152397846863421597974685321238169754641578932795234618316752489487913265529846173
2591 77 PASS 123748569845269371967531284512386947638497125794125638251674893379812456486953712
2592 477 PASS 132479865845631297976582341513296478628745139794813526251367984387954612469128753
2593 51 PASS 123478695845639721967521348512746983638195472794382156251964837389217564476853219
2594 634 PASS 615748932372915486894362157583691724721483695946527318238176549169254873457839261
2595 130 PASS 789541623253678914641923758436257189872194536915386247594862371127439865368715492
2596 52 PASS 172385946854269371936741285729416538648532719513897462491623857285174693367958124
2597 363 PASS 478653921365912784219874365736128459591746238842395176987531642623489517154267893
2598 346 PASS 847956231136247895925381467371698524589472613264135789752819346418763952693524178
2599 369 PASS 867945123913682745452317968729463581135829674648751239376198452594236817281574396
2600 54 PASS 486571392931842567257693418164325879795486231823719654372158946649237185518964723
2601 2394 PASS 487259316931786452625341789192438675853672194746915823218563947379824561564197238
2602 548 PASS 563274891871965423924381675286459317197832546345617289459723168612598734738146952
2603 169 PASS 874391256963752481125648397732986514649125873518473962487219635391564728256837149
2604 79 PASS 248975361976134528513682947754321689369748215821596473485219736632857194197463852
2605 190 PASS 451673298276189354893245167327958641945761823618432975582397416769814532134526789
2606 59 PASS 145278963862391754973465281518642379634719825729853416251937648386124597497586132
2607 57 PASS 562347189971628345483915276198762534346581792725493618637854921819236457254179863
2608 295 PASS 781932465365184927942765183193247856526819734874653219418576392257398641639421578
2609 59 PASS 178569342643721985925483761854312697712946853396857124431298576269175438587634219
2610 264 PASS 823671945947532681156498327719256834685943172234817596591784263372169458468325719
2611 200 PASS 436158792598247316721396854165873249372419568984625173647582931819734625253961487
2612 223 PASS 215876943678394215349125876587432169463981752192657384826743591734519628951268437
2613 431 PASS 132467895957381246864529731429673158578912364613854972385296417241735689796148523
2614 753 PASS 627483159348159267519726843275618394184937526936542781491875632863291475752364918
2615 518 PASS 317586294589124673246793851693251748154837962728469315431672589975348126862915437
2616 128 PASS 795642813483951627621387594278493156539216748146578932967134285312865479854729361
2617 624 PASS 574936812286175943913284756358491627749862135162357489625748391491623578837519264
2618 75 PASS 823745691176298453954631782738562149512984376649173528465329817287416935391857264
2619 288 PASS 745182963862395471391476582456917328213658749978243156189564237624739815537821694
2620 415 PASS 431572986785619243962348571359824617874961325216753894627185439198436752543297168
2621 71 PASS 759638124814295376326741985248517693173926458695384712482169537561873249937452861
2622 402 PASS 218647935936521487457839621561973842743182596829456173674295318182364759395718264
2623 109 PASS 835172649497568132162934587573829416218643795946715328724386951689451273351297864
2624 195 PASS 386574291751928364942361875614793528837245619529186743478659132293817456165432987
2625 246 PASS 134562798857391642962478351213984567645137289798256134321649875476815923589723416
2626 261 PASS 852631947963784521174925386291348675537269814648157293429516738716893452385472169
2627 36 PASS 132576894856249731947381625513462978628795143794813256261934587375128469489657312
2628 114 PASS 785321496126954378493876152349267581857413629261598734572649813618732945934185267
2629 330 PASS 946527381153894726827631945378469512491258637265713498712946853634185279589372164
2630 50 PASS 873654921192783456564291873639527184487169532251438697948312765315876249726945318
2631 481 PASS 568749312427163895913528647354981276179652438682374951836415729741296583295837164
2632 122 PASS 698713524524689731137425689419368257875942316263571948341296875982157463756834192
2633 295 PASS 648537219519824763237196458726413895483965127195278634351782946974651382862349571
2634 898 PASS 857291346932468751146375298728549613513786429694132587481623975265917834379854162
2635 402 PASS 927835614845216937631794582253178496196342875784569123579621348318457269462983751
2636 142 PASS 957236841146598327823471596798365412615924738234817965389152674571643289462789153
2637 75 PASS 853691427924587163671423598715862934246319785389745216168974352597236841432158679
2638 205 PASS 526873914319426578478591632793142865652738149184659327265917483847365291931284756
2639 507 PASS 823671495964358271157492368298516743376824519541739682789263154435187926612945837
2640 187 PASS 495826731316754289872913456158297364724638915963145827647381592281579643539462178
2641 345 PASS 873261549152498673964753281386147925719325864245986137598674312637512498421839756
2642 67 PASS 864573291175249368923681754239158476416937582587462913641725839798314625352896147
2643 653 PASS 382514697145976832769238415421695378893147256657382941274853169936721584518469723
2644 159 PASS 876241935325897416491563872517689243263475198984132657732916584158724369649358721
2645 1456 PASS 532497861714836259986251734348672195195348627267915483421583976659724318873169542
2646 156 PASS 845217396723869514916345782537928461269174835184653279678492153392581647451736928
2647 867 PASS 857934162964152837231768594592643781318527649476891325125389476643275918789416253
2648 1577 PASS 723469851651238794894715632375691428912874365486523917248356179137982546569147283
2649 1180 PASS 724369851651248793893715642375691428912874365486523917238456179147982536569137284
2650 382 PASS 489613572652947381137528964243176859715894236896235147974351628361782495528469713
2651 205 PASS 428791653965324718173658924749586231582137496631249587256413879397862145814975362
2652 61 PASS 743815962219647358865923741984136275351279486672584139498752613136498527527361894
2653 583 PASS 389627154765148239421935786917286543542379618836451927178564392294713865653892471
2654 147 PASS 891234756673915284542678931159863427467152893238749615785491362914326578326587149
2655 1445 PASS 253479861761238594894516732326791458915824376487653219548167923132985647679342185
2656 1022 PASS 254379861761248593893516742326791458915824376487653219538167924142985637679432185
2657 301 PASS 954681372136742895827539461692475138543816927718293546271354689389167254465928713
2658 676 PASS 826315749597842613431769528912437865684951372753286194368194257245673981179528436
2659 2196 PASS 328617954714529638965843271547198326631254789892376415156932847279481563483765192
2660 329 PASS 841276593759431628236598417372685941968143275415729386694317852123854769587962134
2661 71 PASS 947236158825197634316458927163725849482913765579684213751369482298541376634872591
2662 275 PASS 967482351845371296132569478459138762621947583378625149286753914794216835513894627
2663 1605 PASS 895432761416957382732816945968571423321694857574283619243169578657328194189745236
2664 439 PASS 486723159973154286125968473712496835534287691698315724259841367847639512361572948
2665 107 PASS 352816479879542613164793825781369542296458731435271986913687254527934168648125397
2666 279 PASS 859763421731249586264815397973452168416378259582196734348627915125984673697531842
2667 435 PASS 291648753867235149354791682479512368526387914138469275685123497713954826942876531
2668 755 PASS 872916435569384127134275689346891752925647813781523964453768291218459376697132548
2669 57 PASS 546917823918236574327584196283491657651372489479865312832149765794658231165723948
2670 264 PASS 893624157271859436465173829124598673539761248687432591918247365752316984346985712
2671 73 PASS 185926347492387651673415892851279436947631285236854179524193768768542913319768524
2672 334 PASS 821634795673598241459271683347965812216487539598123467164352978982716354735849126
2673 112 PASS 153678942864295371972431685416983527798542163235716894681324759347859216529167438
2674 134 PASS 496153872257489316381267945649875231512634789873912654764391528138526497925748163
2675 50 PASS 798264351623751489541398627412583796837649215965172834189427563354816972276935148
2676 2350 PASS 859147632416932785237658419371429568642385971985716243523864197768591324194273856
2677 730 PASS 872936514193854627645721398986317452734562981251498736567189243419273865328645179
2678 232 PASS 937481265152936874864257391691723458375894612248615739789162543423579186516348927
2679 1333 PASS 481793526695284371723561948356428197172956834849137652234819765568372419917645283
2680 160 PASS 147389265856742391932561847594236178728415936613978452381697524279154683465823719
2681 723 PASS 739168245856274913142359876367492158491587632528613497913825764275946381684731529
2682 766 PASS 359816427126754398748293165973425681564981273812637549291348756685172934437569812
2683 245 PASS 345987162869214573271635849614523798927861435583479621736152984452798316198346257
2684 127 PASS 465289371812376594793145682956438127234617958178592436329764815541823769687951243
2685 62 PASS 974182635862537914315649287158264793639871452427395861286453179591728346743916528
2686 245 PASS 148276593653491872972835416569782134824153769317649285495317628231568947786924351
2687 274 PASS 954781632876324951132596784798132546243865197561947823425678319619253478387419265
2688 427 PASS 829546137754318269631729458547862391913457682268931574375184926482695713196273845
2689 37 PASS 568341927794256381132987654971468532845723169623195748416572893389614275257839416
2690 213 PASS 986215734531784926427936581712649853849357612365128497298461375673592148154873269
2691 331 PASS 763451829128769543945328716814695237236147985597283164471532698359816472682974351
2692 157 PASS 178249635496531827352687419639472581784315962215896743941763258567128394823954176
2693 117 PASS 872654193153279684946138527591426738628317945734985261417892356369541872285763419
2694 209 PASS 761438529429715836385926147852391764673584291914267358536879412298143675147652983
2695 73 PASS 658279314349615827712348659597823146486157932123964785234786591871592463965431278
2696 187 PASS 834216975691753428725849631256194783917382546348567219169478352573621894482935167
2697 197 PASS 673894152492513678518672394867945231934261785251387469726158943345729816189436527
2698 173 PASS 187364259549278361263195784875613492692457813431982675926841537714536928358729146
2699 299 PASS 785496132461237598329185647653874219912653874847921365534762981196548723278319456
2700 554 PASS 492756831631284579875391624189463257753128946264579318318642795546937182927815463
2701 124 PASS 847361295932758641156492378261974583578123469493685127324817956685239714719546832
2702 319 PASS 845392671962471358137568294378124965491756823256839417524613789613987542789245136
2703 155 PASS 178695324239418567645372198521846973984537612367921485816253749793184256452769831
2704 247 PASS 184375962752946318693821754367514829529738146418269573946153287235687491871492635
2705 123 PASS 845197362617235498239486517781342659364579821952861734573918246126754983498623175
2706 82 PASS 468729153517348296329561784734652918291834567856197342183976425972485631645213879
2707 624 PASS 856732419427981536193456728561873942379214865284695173712568394635149287948327651
2708 201 PASS 167589324253174698498263175941827536326495817785316249579631482612948753834752961
2709 464 PASS 684137529912854673357269841298315467536478192741926358129643785865791234473582916
2710 218 PASS 128593467645827139739641258296138745481275693357964821813456972562719384974382516
2711 901 PASS 825361497136479285974258361243695178517842639689713524468137952392584716751926843
2712 91 PASS 823791564957624381146583927214879653365412798789365142578146239432957816691238475
2713 326 PASS 783465219421973658965281734347128596198546327652397481216854973534719862879632145
2714 461 PASS 152837946863594721974621385231475869645289137789316452316742598427958613598163274
2715 153 PASS 472189356698735124531246798987612543365497812124358967259863471816574239743921685
2716 111 PASS 782361459695284137143579826527698314468137592931452678359746281814923765276815943
2717 818 PASS 276845139415936728938127465764253981182769354359481672597312846821674593643598217
2718 153 PASS 617498235238615749594732861145967382763821954982543617851276493379184526426359178
2719 36 PASS 834651279127498563965372481578269314319547628246183795652814937783925146491736852
2720 181 PASS 428716953736945821591832764647153289953278146812469537175624398269387415384591672
2721 683 PASS 839624751726951483514837269285463197163579824497218635958146372671392548342785916
2722 315 PASS 867351942934286751152749386743612598619875423528493617386524179295137864471968235
2723 105 PASS 892145367713296458564783129359628741471359682286471593647932815128567934935814276
2724 395 PASS 824795631956341287173268594532176849748952163619483725481637952367529418295814376
2725 61 PASS 183752694594638217672194853219846735847325169365971428751289346936417582428563971
2726 58 PASS 975283146413697582286145379791834265564712893832956417359468721147529638628371954
2727 399 PASS 867531492152498376934762581523946718618275943749183265486329157391657824275814639
2728 220 PASS 583642719621973548974581236367128495198465327245397681412856973736219854859734162
2729 124 PASS 287435961951628437634197825345869712862714359179352684526943178418576293793281546
2730 87 PASS 832167594519438627746295183293754816457816932681329745328571469974683251165942378
2731 107 PASS 132785694864291375957463281321976458496358127785124936213547869548639712679812543
2732 376 PASS 952468371378915624461237958247391586819526743635784192194853267583672419726149835
2733 46 PASS 826371549935468721174529683649732158582196374713845962368954217291687435457213896
2734 232 PASS 154627983936485721872391654748532196213964578695718432389156247421879365567243819
2735 59 PASS 265187943987436512134925786571342869396758124842619357458293671613574298729861435
2736 318 PASS 842531967136974285975286341528347196491658723367129458214765839689413572753892614
2737 372 PASS 845317692761294853329568147178652934653149728492873561514736289986421375237985416
2738 363 PASS 825791436164385972973624581637419258519862347248573169752948613496137825381256794
2739 242 PASS 852964371973521486164387925738649512619275843245138697397452168486713259521896734
2740 702 PASS 678354291219687354543921678134795862962843715857216943381469527426578139795132486
2741 104 PASS 189354726352697148764281935418523697276419583593768412927135864641872359835946271
2742 144 PASS 375981426612743589894526173487219365139865742256374891768132954943658217521497638
2743 632 PASS 987542631452631879136978245368157924529864317714329568841293756693715482275486193
2744 464 PASS 781942365324576918659831724815723496936154872247698153578369241162487539493215687
2745 547 PASS 518476239427359618963821574795248361832617945146935827379564182651782493284193756
2746 489 PASS 162895347594317862783624195956138274317246958248759613629473581435981726871562439
2747 285 PASS 872135469543796281691842573125673948987214356436958127358469712764321895219587634
2748 320 PASS 731285496429631587856947123264153978317896245598472361143769852682514739975328614
2749 194 PASS 843791526952486371176325894219634758685179432734258619421563987568917243397842165
2750 305 PASS 132784596846591273957263481314659827568472319729138654271345968485916732693827145
2751 2081 PASS 986324157124759368537861429413285976695173284278946513342617895869532741751498632
2752 257 PASS 358927416912463578764851293687192354429375681135684927576238149891546732243719865
2753 100 PASS 845671392926438571137529468594163287713842956682795143359286714278914635461357829
2754 1049 PASS 938527146267814593541639728872956431493271685156483279319762854784195362625348917
2755 168 PASS 852476391137298465946351278469715823371829546285634917528967134794183652613542789
2756 217 PASS 278143956193865724546297381635719248721438695489652137314526879967384512852971463
2757 229 PASS 368921547417365829925847631259638714674219358831574296596483172783192465142756983
2758 153 PASS 923581467165749283874632591518274639496358712237196845351867924789423156642915378
2759 65 PASS 124387596836591472975462381317845629462179835589236714241753968653918247798624153
2760 219 PASS 132785496846391275957462381521874639684139527793256814215943768368517942479628153
2761 410 PASS 847269351165483297932571648251694783483127569679358124594716832316842975728935416
2762 325 PASS 825917364936524187741863529679382415258149673413756298362498751194275836587631942
2763 338 PASS 854379261176452398923681547539867412482195673761243985217936854645728139398514726
2764 194 PASS 617842395398751264254639781549328617762194853183576429971263548836415972425987136
2765 1068 PASS 537869142984213675162547893625791438849632751713458926478326519396175284251984367
2766 547 PASS 184372965539614278726958134278593641495186723613427589947235816352861497861749352
2767 972 PASS 831649572942715863567823941376591428489237156215468739628974315753182694194356287
2768 656 PASS 865297431913584762472631589237468915589172643146953278398726154651849327724315896
2769 123 PASS 385617492912384756476592381149236578657849123823175964538921647761458239294763815
2770 690 PASS 782351964145697328369824751631972845597418632824563197456189273978235416213746589
2771 252 PASS 851793642396482157247516839564921378983674521172358496625837914419265783738149265
2772 97 PASS 138765942546239781972481563764152839219843657853976214395624178481597326627318495
2773 376 PASS 845697312926431857371528694569713428284956731137842569752389146613274985498165273
2774 380 PASS 845697132926431857371825946569713428284956371137248569752389614493162785618574293
2775 2486 PASS 845967132926431857371528649569713428284659371137842596752386914613294785498175263
2776 112 PASS 859612437723854169164379528986147352375268914241593786432981675617425893598736241
2777 473 PASS 364781592875629341291345876658173924739264158142958763927836415486517239513492687
2778 162 PASS 856392741937451268142678593684927135325146879719835426291564387468713952573289614
2779 1657 PASS 815674932426931857379825641561793428284156379937248516652387194193462785748519263
2780 1127 PASS 895476132426931857371528946569713428284659371137842569952387614613294785748165293
2781 955 PASS 895476312426931857371528694569713428284659731137842569952387146713264985648195273
2782 867 PASS 815674392426931857379528146561793428284156739937842561652387914743219685198465273
2783 1039 PASS 895476132426931857371825946569713428284659371137248569952387614643192785718564293
2784 1748 PASS 815674932426931857379528146561793428284156379937842561152387694643219785798465213
2785 1944 PASS 815674932426931857379825146561793428284156379937248561152387694693412785748569213
2786 95 PASS 162478953853291476974365281489513762516724398327689145741836529695142837238957614
2787 2866 PASS 826139547713452869495876132564213978932768451187594326671385294258947613349621785
2788 460 PASS 857634921932871546146295387469152738513768492278349165684917253725483619391526874
2789 305 PASS 841762953279345618356189427985634271437821569162597384793258146514976832628413795
2790 93 PASS 428653791795148362163972485976425813542381679831769254219836547654297138387514926
2791 80 PASS 198245736364897251257361948721634589649582173583179462872413695935726814416958327
2792 266 PASS 853796421146238597927451683234965178619872354785143269572384916368519742491627835
2793 91 PASS 825743619946152387137689425382916574514837296769524831658391742471268953293475168
2794 129 PASS 928763154371254896456891273584379621639512748712648539247986315893125467165437982
2795 611 PASS 827591463435628791691734258542386179376912845918457632783169524169245387254873916
2796 188 PASS 126389574538764921974251683243916758751842396689573412892435167467198235315627849
2797 158 PASS 931675842285941367476328519659487123817239456342156798564893271123764985798512634
2798 548 PASS 879265413125384976436179852351742689798653124264891735913427568582916347647538291
2799 468 PASS 132785496846291375957463281521876934684139752793524618215347869368912547479658123
2800 243 PASS 857461293142397586936285471724659318319872654568143729293516847681724935475938162
2801 735 PASS 853729641967541283124638795519863472238475169746192538372956814485317926691284357
2802 633 PASS 127854639845396217369127458532768941476912583918435726291643875684571392753289164
2803 1280 PASS 854691732162738954973245681348572196715369248296814573429153867631987425587426319
2804 78 PASS 854739621976241583123568749732185496549672138618493275295314867487956312361827954
2805 162 PASS 842531967195768243376294815618943572459872136237156498983615724561427389724389651
2806 116 PASS 418753296657219384329486157186524739572938641934671825261345978843197562795862413
2807 286 PASS 142387956867495231953621487231569748695748312784213695316874529428956173579132864
2808 156 PASS 918253467426719583357846921163975248845621739279438615582367194631594872794182356
2809 507 PASS 418235697763948512529617843632571984985423761147869325894752136271396458356184279
2810 224 PASS 218574963354962781976318425593726814867145392142839657621493578735681249489257136
2811 1233 PASS 184395726397216584625487193936841257518732649472659318759168432241973865863524971
2812 253 PASS 864572391927381654153469278319645782685927143472138569731854926598216437246793815
2813 2414 PASS 854692173927341865316785924281937456479526318563418297742163589195874632638259741
2814 133 PASS 862351974173498526954276381798625143425713698316849752241537869589164237637982415
2815 423 PASS 891536742524197683637842591283619457165473829749285136912754368476328915358961274
2816 418 PASS 823749561175683294964521387397862145418395726256174839739256418681437952542918673
2817 35 PASS 846572913972431856513869724189625437365947281427318695651284379738196542294753168
2818 339 PASS 461723859352968174789145263546281937928376415173594682635412798217859346894637521
2819 184 PASS 127389456936254781845671392698142537273568149514793268481925673369417825752836914
2820 168 PASS 124685793875239641963741582216358479359427816487196325531872964648913257792564138
2821 424 PASS 875642391124739586963581427518296743437158269296374158642817935759463812381925674
2822 174 PASS 297584613153276948846391572735462189629158437418739256964817325571923864382645791
2823 89 PASS 512396847476218935983574162135827496268459713794163528829645371341782659657931284
2824 107 PASS 867591324953274681142638597219856473385947162476123859728415936594362718631789245
2825 167 PASS 854691732926378541371254869765429183239815674148763295613547928582936417497182356
2826 53 PASS 861723954429586317735149682986275431574361829213894765648952173392617548157438296
2827 329 PASS 127583694834691572956274381261739458375846129498125736512368947689457213743912865
2828 381 PASS 584729163396148257127536849612893574753214986948657321239475618871962435465381792
2829 153 PASS 134572698867391452952468371215647983378219546649835127421753869583926714796184235
2830 244 PASS 876394215241685379395127486153746892962538147784219653527461938618953724439872561
2831 161 PASS 846391527132587964957624381583279416674138295219465738761953842498712653325846179
2832 64 PASS 385624719276819453491573862517286934829341675634795128758462391142937586963158247
2833 119 PASS 185723694769485132243916785972638451831574269456291873598162347627349518314857926
2834 328 PASS 493176852216485937578923641637248519941537286852619374765891423329754168184362795
2835 78 PASS 579183642184625973326974815861249357237568491495731268758396124942817536613452789
2836 142 PASS 387654912296817435415329678728965143631482597549731286872196354963548721154273869
2837 293 PASS 823645791974281563165739284257198346398462157416573928531826479649357812782914635
2838 387 PASS 758492163239561784416738925895647231643125897172983456587319642324876519961254378
2839 155 PASS 894753126726914853153286479238475691549361782617892534485139267371628945962547318
2840 156 PASS 572869413139745826648321795867294351913578264254136978781953642326417589495682137
2841 174 PASS 875624391124539687963781524217458936546193872398276415732965148459817263681342759
2842 84 PASS 781296354439857126265413798176924583392685471854731962643572819518369247927148635
2843 244 PASS 528367914741859236369412578287934651435126789196785342812593467954671823673248195
2844 184 PASS 283645719154789623967213485379852146612974538548361297491536872736128954825497361
2845 189 PASS 286314957935872416471695283698527134753146829124983765312769548547238691869451372
2846 55 PASS 146289357857341296932765841524817963698532174713496528465128739371954682289673415
2847 117 PASS 649528173713496258285371694372164589496857321158239746534682917921743865867915432
2848 175 PASS 982437615136582974457196832845379126621845397793621458564213789378954261219768543
2849 348 PASS 952683741847521936136794582219847653374956128568312497493178265621435879785269314
2850 209 PASS 583716492726495813149382756374651928965278341218934675891543267452867139637129584
2851 568 PASS 879124365543689217261537894798345621324716958156298743617852439985463172432971586
2852 612 PASS 852371946174659382963482751546918237317246598298735164739164825681523479425897613
2853 232 PASS 154627983972384561836591247247815639589436712613279458325768194498152376761943825
2854 210 PASS 483761295192345867765298431541936782837512649629487153916823574378154926254679318
2855 74 PASS 897231465346985172251746893618423957429157638735698241983514726164372589572869314
2856 233 PASS 874596231163247895952831674518362749629475183347918562791624358235789416486153927
2857 205 PASS 872395461135684972946721583684937125753412896219568347421856739367149258598273614
2858 247 PASS 165873429794562183283419657936254718418637592572981364329145876857326941641798235
2859 117 PASS 865214739137695824492873561956342187213987456784156392641539278328761945579428613
2860 530 PASS 825691374137458269946273581361782495584169732279534816493815627712346958658927143
2861 261 PASS 836471952124695387975238641719346825682519734543782169361954278497823516258167493
2862 380 PASS 863751294957432681124689573532976148619843725748125936386217459295364817471598362
2863 378 PASS 893742156127356984546918327274863591961425738385179462459687213738291645612534879
2864 129 PASS 286573914753914628914268753839625471675341892421897365398156247542739186167482539
2865 194 PASS 817934652235861974694752183469378215528149736173625498751286349942513867386497521
2866 84 PASS 258741936139568247467329815375816492891274653624935781913687524782453169546192378
2867 61 PASS 827649351965371482143528697718463925594782163632195748286937514359214876471856239
2868 49 PASS 924817356387562149156349827649158273872934561513276984731685492498721635265493718
2869 419 PASS 872451693945386721136279584689743152723165849514928367361894275298517436457632918
2870 297 PASS 862439751174652983953781246718594362326817495495326178687143529241965837539278614
2871 335 PASS 124583967863497251975621483216734598349865172587912346438156729651279834792348615
2872 144 PASS 897536124312894657456271938164385279523769841978412365735128496641953782289647513
2873 293 PASS 857496312913257648462138975394825167581674293276319854725963481149582736638741529
2874 112 PASS 152349687863572941974681325316725894427918536598436172231854769685297413749163258
2875 125 PASS 123489576857631492964725381512963748649178253738542619271394865396857124485216937
2876 153 PASS 972361485156784293834295671265849137317526849489173526621938754598417362743652918
2877 674 PASS 925361874874592316613487925197634582356728149248159637439875261762913458581246793
2878 103 PASS 152634987873921546964785231315247869649813725728569314237156498491378652586492173
2879 127 PASS 864375921957821364123496587785649213392157648416238795279584136541963872638712459
2880 104 PASS 364128597798645231521937468485796123916382754273514689149253876857469312632871945
2881 101 PASS 143689257875432196926157348794268531652913784318574629461825973239741865587396412
2882 371 PASS 985312674476985312321647589563824791892731465714569823247156938658293147139478256
2883 141 PASS 643582791827391465519746283438169572251837946976425138385274619194658327762913854
2884 235 PASS 132754689846291573975368241321645798487932165659187432213479856564813927798526314
2885 420 PASS 136498752842573691957261348261347589395186427478925136519632874684759213723814965
2886 229 PASS 152896734863547921974231685315468297428759163796123548231674859547982316689315472
2887 469 PASS 248531679957264138316987452189476325465328917732195864871659243693742581524813796
2888 149 PASS 789612534514379826362485917297546381146893752835721469421938675673254198958167243
2889 173 PASS 867935421925641387143287956389752164574316298216498573652173849791824635438569712
2890 256 PASS 574283169891564732362917548718435926236179485945628317423756891659841273187392654
2891 214 PASS 896153472731824965425697183612978534549236718378541296153782649964315827287469351
2892 283 PASS 748392165369514728125876943932147856687235419514689372853461297476923581291758634
2893 292 PASS 286453719975128634314769285763584192429631857158297463597812346641375928832946571
2894 141 PASS 427865139953271684618943527184352976265197843379486251531624798796538412842719365
2895 123 PASS 857931246134265987926784531579128463213546798468379152645812379381497625792653814
2896 931 PASS 589726134217439568643851972162987453374512689958364721795248316421673895836195247
2897 462 PASS 768159234945327861231486597394572618516893742872614359487965123153248976629731485
2898 318 PASS 489726153217539468635841972162987534573412689948365721794258316321674895856193247
2899 88 PASS 436851792519742863278396541691537428352684917847129356725918634183465279964273185
2900 94 PASS 458962713739481526612573849325749168871236954946815372564198237187324695293657481
2901 312 PASS 857369241932471658164582793683257419245196387719834526491723865576948132328615974
2902 756 PASS 786492351349571268125386749493718625812645937567923814654839172931257486278164593
2903 257 PASS 748925361562183794931674852456732189879516423213849675384297516627351948195468237
2904 807 PASS 819462375632751489547839612178543926324697158956128743763215894291384567485976231
2905 59 PASS 132568794874392561965741283513924678628175349749683125256419837397856412481237956
2906 222 PASS 527431869643978251981256743814395627235867194796124538379682415468519372152743986
2907 428 PASS 182397654439568127765412893516723489278149365943685712857931246324856971691274538
2908 318 PASS 152386794873495621964721853231649578649857312785213469316974285498562137527138946
2909 1919 PASS 789421536651983472432576189197845263846732915325619748518264397964357821273198654
2910 102 PASS 847391652136572498925468371318645729674219583259837146562783914793124865481956237
2911 68 PASS 894152376167349258352876194713284569689513427425697831941735682576428913238961745
2912 799 PASS 842317956953462781176589423368745219524196837719823645495271368681934572237658194
2913 115 PASS 891563274745298316263471859134957682976382145528146937317625498452839761689714523
2914 266 PASS 896742153154683792273951468718569324649327581532814679981475236327196845465238917
2915 50 PASS 873946125149825367265371984316792458497518236528634719782169543954283671631457892
2916 406 PASS 172384965853691274946725381491856732237149856685237149568913427314572698729468513
2917 192 PASS 861427539547193682239685471795816324682349715413572896954238167178964253326751948
2918 127 PASS 132874569745369812896521437278416953619253748453987126327148695961735284584692371
2919 120 PASS 812359764749162385365784921257691843496238517183547692534916278921873456678425139
2920 159 PASS 852349671963781452174652983238475196415963728796218534687524319529136847341897265
2921 112 PASS 153926487894713625762584391536841279987652134421397856375468912248179563619235748
2922 161 PASS 548972136672413895391856472915237684723648951864195327456789213287361549139524768
2923 507 PASS 124583967856497231937621485261958374489372156573164892315749628642835719798216543
2924 120 PASS 825491367173685924946327581289754136634918752751236498418563279362179845597842613
2925 210 PASS 621357894379148526485296371948531762152674983736982415563719248817425639294863157
2926 46 PASS 123748956846591732957326481214835697638917245795264813361479528482653179579182364
2927 411 PASS 351846729287319645694725183168534972725198364943267518516483297832971456479652831
2928 398 PASS 152438697873695421964271385347829156619754238285163749491387562536912874728546913
2929 53 PASS 124385796856749231937621845512436978643897152789512364261953487378164529495278613
2930 219 PASS 123684975864957321975321486216479538349568712587132694431295867658713249792846153
2931 104 PASS 971435268526781349834692715752148936168329574493567182345916827689273451217854693
2932 463 PASS 874539261923761485165284793419628537386457129257193846691872354732945618548316972
2933 87 PASS 952781463163249785874365921527496138618573249439812576345128697791634852286957314
2934 698 PASS 758941326962738451431526987625419873174382569893657214519863742346275198287194635
2935 644 PASS 937281456865947231124635987598312764341796528276458193412869375783524619659173842
2936 192 PASS 954261378136578294827493651541386927269147583378952416713629845482735169695814732
2937 143 PASS 691283547328754169754691382249817653583946721176325894432578916965132478817469235
2938 326 PASS 951643782782519643463728519147356298825194376639872154594261837218937465376485921
2939 1355 PASS 463758291179236548825491376247165983396842715518973624931687452684529137752314869
2940 345 PASS 923481657864735291157629384712963845538142769649578132496817523381254976275396418
2941 54 PASS 869431527273895416154726839492183675716254983385679241541362798938547162627918354
2942 240 PASS 963518274845267139271934568529743681384651792716829453632495817157382946498176325
2943 569 PASS 794351628582746193316892547143587269657219384829463715965178432431925876278634951
2944 224 PASS 957238146684571293312946857521684379479352618863197524736415982245869731198723465
2945 339 PASS 962183745754296813183475269217368954836549172495712638371924586528637491649851327
2946 49 PASS 852974631967321485143586927378469152426157398591238746619845273284713569735692814
2947 40 PASS 934281675126795483875364291491836752267459138583172964352917846718643529649528317
2948 151 PASS 789342615354186297612795348927438561431657982865921734596214873243879156178563429
2949 139 PASS 927534861145689237836721594654912378798463152213857649482396715569178423371245986
2950 95 PASS 875639241163425897924781536548972163296813475317564928451396782689257314732148659
2951 702 PASS 586371492937425618142698573829763154751284369463519287214957836698132745375846921
2952 1829 PASS 792351648543786129681429537157648293924137865836295471368572914419863752275914386
2953 383 PASS 459816237721394685638572491513647928896123754247985163165739842382461579974258316
2954 238 PASS 123579684865421397974683521216347958357298146489156732531862479692734815748915263
2955 110 PASS 839256174275491683461873529796514238143982765582637941924168357657349812318725496
2956 228 PASS 972431586164758932853296741716849253425367198398512467237985614689174325541623879
2957 184 PASS 912485736536719284874362159163247598725896413498531672351628947647953821289174365
2958 851 PASS 137498562924651378865372491376829154518746923249513687781935246493267815652184739
2959 262 PASS 469528371835741629271693485627159834548236197193874562354982716712365948986417253
2960 454 PASS 273894651981675234645213897816752943534961782792438165469527318157386429328149576
2961 215 PASS 935742681824561973167389425798236154642915837513478269476123598251897346389654712
2962 190 PASS 176932458234518679985647321329751846517864932648293715761329584493185267852476193
2963 305 PASS 649832571137456928825971364298347615751629843364518792983264157572193486416785239
2964 739 PASS 943687251852491736167325984781564392235918647694273518376149825429856173518732469
2965 107 PASS 149253687286174935735986412468327591592418763371569824814792356627835149953641278
2966 182 PASS 148925673735416892629873154856349217913782546472651389367198425591264738284537961
2967 689 PASS 491837526365294781827561349576429138182356974943178652234915867659782413718643295
2968 197 PASS 925381674847265391163479258278613549634957182519824763356148927492736815781592436
2969 189 PASS 173692854549781632286354179351267948827149365964538721415973286632815497798426513
2970 173 PASS 591723486638154792247698315364915827175832649982476153713249568859361274426587931
2971 541 PASS 136459872852761493947382651513924768624578139789613524261835947395147286478296315
2972 408 PASS 318792654652184379947356182529863741431279568876415293783641925194527836265938417
2973 231 PASS 549283761637451298218796345852637419971524683364918572723849156196375824485162937
2974 2019 PASS 467135289238964517951728346875349621124576938396281754742893165589612473613457892
2975 200 PASS 192364578837125496546798321925831647478659213613472859389247165764513982251986734
2976 91 PASS 387926415546813972192475836235749168961258743478631529754382691613597284829164357
2977 208 PASS 954361278162798543873254691247689315516432789389175462428516937795843126631927854
2978 158 PASS 913478256827956143465213789378561492649832571251749368134685927782194635596327814
2979 159 PASS 985423761143769258672581349798356124234198675516247893421875936859632417367914582
2980 314 PASS 926371458857462391134598276378645129649217583215839647581926734793154862462783915
2981 60 PASS 894261573637485291251379684185637942479512836362948715948126357516793428723854169
2982 145 PASS 743185962291467853658932147975348216312576489486291375864723591539614728127859634
2983 167 PASS 791438625835296147462571938329714586158623794674985312947362851216859473583147269
2984 125 PASS 927385461846791532135426897274519683518673924369842715791258346483167259652934178
2985 460 PASS 193247865286531749547698312462783591815926437379415286934152678751864923628379154
2986 156 PASS 147952638928316475356478912495783126872169543613245789231597864769824351584631297
2987 231 PASS 798526341623194857514387269347958612185642973962731485871263594256479138439815726
2988 734 PASS 123659478865472391947381265214863957389517624576924813431295786652738149798146532
2989 1253 PASS 486923157597461283231587946945732618678159324312846795869274531153698472724315869
2990 512 PASS 934562781167389524852741396529476138648135972713928465485693217291857643376214859
2991 1590 PASS 584923167697541283231687954356792418978164325412835796845279631769318542123456879
2992 231 PASS 875293461932641758164578392748169235219357684653482179381926547527834916496715823
2993 196 PASS 764859213192346875835172964523481796489627351671593428347265189258914637916738542
2994 82 PASS 124768359853291674967543281685174932241935768739682415478359126392816547516427893
2995 184 PASS 932541687846379251175268394254837169718496532369125748683912475491753826527684913
2996 324 PASS 983156247721984563546237891835419672479625318162873459358741926297568134614392785
2997 144 PASS 964381572127654389853279461291845736476923158385716924648137295712598643539462817
2998 141 PASS 649318572751264893283597164927853416564971328138426957495682731312749685876135249
2999 199 PASS 164395782953728641872641935325487196497216358618953274746832519281579463539164827
3000 271 PASS 697315824384279516215468379728631495143952687569847231852194763431786952976523148
3001 225 PASS 157483926934261785826579431245316897683947512719852364561738249498625173372194658
3002 276 PASS 965381724173426985842597361214679853639258417758143296486935172391762548527814639
3003 939 PASS 985417362147362859263985741351879426478126593629534178894651237532798614716243985
3004 93 PASS 965283471843671295127459368586712934291345687374896152432568719659127843718934526
3005 197 PASS 865749321924531687173682495238154976496278513517396248389467152641825739752913864
3006 125 PASS 528376419349518762716924835493682157682751394175493628851267943237149586964835271
3007 315 PASS 964328751852671943173495682417583296238916475596247138625734819341869527789152364
3008 147 PASS 132685794864739251975241836513892467629457183748316925251964378396178542487523619
3009 2568 PASS 786943152235816749914257368659731824172498635843562917421679583567384291398125476
3010 174 PASS 192438576354976128876125439548361792713592684269784315485217963927653841631849257
3011 157 PASS 347921658816375492925846371539164827684297135172538964493712586268453719751689243
3012 1217 PASS 674893512519274638238165947952731864167482359843659721485327196791546283326918475
3013 557 PASS 792538164436172958815964327564721839289345716371689542947213685623857491158496273
3014 157 PASS 297358164684271593315469287728635419163942875549817326856194732432786951971523648
3015 202 PASS 936517842457892613281634597318276954672945381594183726725469138143758269869321475
3016 95 PASS 849367251267951834315824697753689412492713568681542379134296785526178943978435126
3017 233 PASS 289147653475836291316295748867429315521378469934651872193784526642513987758962134
3018 183 PASS 172495386649318572583672419458963721217584963396721845931846257724159638865237194
3019 864 PASS 492631758753948261861275439316792845927854613584316972175489326648123597239567184
3020 230 PASS 547629813938541762621783945895216374164378259372954681216437598783195426459862137
3021 76 PASS 571928346896734512342615879927856431153247968468193725719382654685471293234569187
3022 298 PASS 125469783836751942947382561214635897569817234783924156351248679472596318698173425
3023 77 PASS 935241687867359241142786953358917462719624538624835179276493815583162794491578326
3024 729 PASS 219675843865439721743281596936512487157348962428967135382754619671893254594126378
3025 42 PASS 925364781163789425874521693457198362216473958389256147631845279748932516592617834
3026 186 PASS 954167238826359147173284569385496721247531986619872453462918375731645892598723614
3027 40 PASS 964231587172568493835794621419356278386127954527849316291473865753682149648915732
3028 113 PASS 957481263134726985862395741245819376693547128718632459529164837486973512371258694
3029 350 PASS 934612875567389412821574396782463159319258647456791283648937521293145768175826934
3030 727 PASS 276839451815476239439215876342658197587921643961347528758194362624783915193562784
3031 70 PASS 792154386815673942643892157981325764436781529257946831168439275329567418574218693
3032 223 PASS 512486379894713526673529184235874691467931852981265437129658743756342918348197265
3033 142 PASS 713958462645172389298463715856749231379521846124836597582614973967385124431297658
3034 118 PASS 956483271132597684847261395724138569593624718681759423278315946369842157415976832
3035 67 PASS 954368721163572984872491653486213597237659148519784236625847319341926875798135462
3036 182 PASS 945382617376149258821657493497238561653714982218596734584921376732865149169473825
3037 229 PASS 962451378175389642834762591481673259623895714759124863548937126397216485216548937
3038 83 PASS 975321846126485397834796521259847163681532479743169258362958714518674932497213685
3039 358 PASS 974583261153296784826471395469132857385749612712658943631824579247965138598317426
3040 52 PASS 918243576524796318763581942281957634397614825456328197875439261632175489149862753
3041 533 PASS 623187945987345162514296837298734651465821379731659284342518796856972413179463528
3042 235 PASS 964815237258637149317924658872159364495263781631478925783596412529341876146782593
3043 372 PASS 793456812514238976862197543257683194189742365346915287678321459421569738935874621
3044 135 PASS 123689475847351926956742381512497638639815247784236159261573894378964512495128763
3045 161 PASS 278194653415632879369857142927415368684379215531268794742986531196523487853741926
3046 273 PASS 723981546815426397964357182251834769349765218678219435187593624532648971496172853
3047 2241 PASS 872639514165874923934251678758923146693415287421786395249567831517398462386142759
3048 202 PASS 947581236162397845835426791214659378759813624683274519521938467478162953396745182
3049 256 PASS 619482753358197462724536198473921586562874319981365274136748925295613847847259631
3050 232 PASS 945386271132597684867421953674819325519243867283675419396758142721964538458132796
3051 141 PASS 936451278824367591157298643348725169591846732672139485465913827283574916719682354
3052 44 PASS 952684731136527984847391562694815273271439658583276419718952346369748125425163897
3053 511 PASS 194285673856397124732614958619538247485762391273149865568421739341976582927853416
3054 381 PASS 769514328852693714314872695935286471681347952427159863278931546546728139193465287
3055 170 PASS 942751386876342591153698742534126978618973254729485613297834165465217839381569427
3056 231 PASS 215876943678394215349125876587432169463981752192657384826743591734519628951268437
3057 288 PASS 965273481173489625824561793419327856357896142286145937538614279741932568692758314
3058 414 PASS 924516873571389264638742159712693548896457312453821796345978621289165437167234985
3059 395 PASS 687932514529174863143658972456789231298361745731425698814297356962513487375846129
3060 373 PASS 491763258265918473378452961159876324627134589834295617913527846742689135586341792
3061 127 PASS 391672548826541379745389216967435821214896735538217694473168952659724183182953467
3062 146 PASS 394562178618497253527813946261379584875624319439158627143286795982735461756941832
3063 60 PASS 413768952285941367679253184748396521596812743132574698921687435364125879857439216
3064 353 PASS 295783641384165729716924538423519876168472953579638412841256397657391284932847165
3065 1126 PASS 962584731154793682837621954596312847473869125218457396325178469789246513641935278
3066 384 PASS 291765438637248519584139762952384671376512894148697325715823946829476153463951287
3067 240 PASS 937561482851243697462879351718654239524398716693127548385716924246985173179432865
3068 109 PASS 132479586875361942964582371513796428629845713748213659251634897397158264486927135
3069 560 PASS 927531684145689732836742591514368927289174365673295148792456813361827459458913276
3070 546 PASS 926751348134298675875463291217985436468327519359146782783612954542839167691574823
3071 93 PASS 975341682163287594824569731287193456316425879459678123792816345541732968638954217
3072 234 PASS 947381526136259487825674391594768132613542978278193645769425813382916754451837269
3073 225 PASS 834791265965342781172568493713985624648123957529674138291857346457236819386419572
3074 111 PASS 956427381842391675173685924685149237234576198791238546528713469369854712417962853
3075 296 PASS 926534781854761392713298465375819624681423579249675138492357816567182943138946257
3076 1210 PASS 925346871137289465846751392794513628613824957258967143489172536562438719371695284
3077 331 PASS 925371468834659271167482593593827146672914385481563927718245639259736814346198752
3078 186 PASS 947265831865931247123487596691723458534819762278654319459178623712346985386592174
3079 81 PASS 142379586853641927976258341214837659367495812589162734425786193638914275791523468
3080 842 PASS 963245781174698532852371946748526193395417628216983475629134857481752369537869214
3081 279 PASS 429375186173684592856291374935168247218457639647923851791536428562849713384712965
3082 203 PASS 672489513984531762135726894246817359391654287857392641468173925719265438523948176
3083 306 PASS 957863124246571893831249576712385469384916752569427381473698215195732648628154937
3084 450 PASS 834925761257146398961837425489271653126354879573698214798563142342719586615482937
3085 193 PASS 538249761147856932269173458493761285651982347872534196716398524985427613324615879
3086 408 PASS 654729138937581264218463957423856791861297345795134682586372419342915876179648523
3087 170 PASS 942681735157324986836957241419578362273469158568132497321845679784296513695713824
3088 63 PASS 975681234864723951132495786516342879293817465487956312641278593328569147759134628
3089 604 PASS 729458361568931742134267895376815429941723586285649137497586213612374958853192674
3090 56 PASS 345279861617483952298516473132867549584921637976345218469738125751692384823154796
3091 173 PASS 549836712278541396136792485452967831861354279397218654985423167623179548714685923
3092 82 PASS 142758396863291745957463281514382679629175438738946512271539864385614927496827153
3093 295 PASS 859673124167249538423185679985314267372856491641927853594768312238591746716432985
3094 266 PASS 963741258152398674874265391345872169218956743697134825721489536589623417436517982
3095 41 PASS 972384561134695872865721394356249187217856943498173625741568239623917458589432716
3096 346 PASS 819256374572843169346917285157382946294671538638495721465739812781524693923168457
3097 54 PASS 964512837731468925258379416589624371623187594147953682372845169815796243496231758
3098 153 PASS 872936154463581972591247836189372465625418397347695281736824519218759643954163728
3099 207 PASS 951267483743589261826413975582391746317624859469758312234175698178936524695842137
3100 267 PASS 958216347462387195731954628319728564574691832826435719285143976197562483643879251
3101 110 PASS 954731286162498573873265941547319628316582794289647135435926817698173452721854369
3102 1670 PASS 962531784834762591175498623426179835587243916319856472753914268698325147241687359
3103 167 PASS 497236851583917426162548379316795284824163795759482163248359617971624538635871942
3104 100 PASS 942761358735284196618935742573819264269347581481526973327698415854173629196452837
3105 285 PASS 974625381162438957853791246386214795497563128215879634628357419531946872749182563
3106 119 PASS 123549786865732491974681325216473958387965142549128637431256879658397214792814563
3107 231 PASS 196428573385176942724359816468793251912564387537281469659837124243615798871942635
3108 636 PASS 962481753173562984854379621217956348395847216486213579528634197739128465641795832
3109 769 PASS 184592637732681945569473281825739416691854372473126859947218563316945728258367194
3110 134 PASS 975623481123748965864591732587916324392874156416235897231459678748362519659187243
3111 415 PASS 847235691125649783936781425682153947593874216714962358451396872268417539379528164
3112 982 PASS 259176843618432597734859261341627985927385416586914732495763128173248659862591374
3113 169 PASS 962351478853647291147289563395178624486592137271463859718926345529834716634715982
3114 517 PASS 976524138145873269328196745594238671837651492261947583689715324753482916412369857
3115 953 PASS 947625831153487296826391475684513927235974168719862354561249783372158649498736512
3116 84 PASS 452981367139726485768345219385417926624598731971632854546873192293164578817259643
3117 504 PASS 953647182271358649864921735437219568518476293692583417746832951329165874185794326
3118 210 PASS 956748123423916857871532649732894561598163274164257938247681395315429786689375412
3119 795 PASS 964583721527419683813762594791235468482176935356948217675821349139654872248397156
3120 58 PASS 136724895748591263259836714412963587563487921987152346625319478894675132371248659
3121 91 PASS 283946517596217384741538296857362149962154738134879625415683972328795461679421853
3122 545 PASS 295367148348951267167284359856173492721495683934628571473816925519742836682539714
3123 415 PASS 196258734273416958854397621928571346741623589635849217487935162512764893369182475
3124 135 PASS 629784351831295674457613892746128935982536417513947286368471529274359168195862743
3125 119 PASS 954278361127396485863451279276935814341782596589164723695847132418623957732519648
3126 63 PASS 924715368653829417817346529381694752469257831572138946138472695745961283296583174
3127 145 PASS 976381542142795386853426971631254798795638214284917653319872465567143829428569137
3128 280 PASS 956721483824365971173489265639817524748253196512946738361572849497138652285694317
3129 282 PASS 957361248846257391123489576489572163375146982612893754538924617264715839791638425
3130 305 PASS 495683271682714935731952846247168593318529764956437128123876459869245317574391682
3131 64 PASS 956271384872436591143598627267143958315869472489752163724915836698324715531687249
3132 167 PASS 974325681125689734863471295236198457487256913519743862652914378348567129791832546
3133 134 PASS 469578321835241679721693485672159834548736192193824567354982716217365948986417253
3134 149 PASS 852917463796453821134268975621835794389724156475196382918542637543679218267381549
3135 398 PASS 419687523376254189582391746241965378957138264863742951124879635738516492695423817
3136 308 PASS 937251684124698537865743291586172943479536812213984756352817469791465328648329175
3137 175 PASS 943725861612849573758316294436192758579483612281657439827531946395264187164978325
3138 253 PASS 932748561874651392165392478583927614246185937719436285351864729498273156627519843
3139 463 PASS 529864137637291845418375962385619724164782359972453618751946283296538471843127596
3140 242 PASS 824539761973641285165782394518276943237194856496358172681427539752963418349815627
3141 465 PASS 973582461854631972162749583548317296296458137317926845725893614681274359439165728
3142 257 PASS 937546281162389574854271936729815463543762819618493725491627358376958142285134697
3143 84 PASS 135497682724865931968312475287946153491753826356128749542689317613574298879231564
3144 105 PASS 197568243263974158854312796915236487672841935348759621431695872586427319729183564
3145 107 PASS 398245671265173894741968523157492386629831457834756219982614735473529168516387942
3146 1359 PASS 975368421862741395143592786528439167734186259619275843497853612351624978286917534
3147 147 PASS 964781235872435961153629784289514376745263198316978542628357419597146823431892657
3148 152 PASS 123497586864325971975861324231648795487952613596173248312589467659714832748236159
3149 236 PASS 265891743849723561713465829356247198471958236928136475597684312132579684684312957
3150 327 PASS 975462381824371695136598724482753169653129478719846253291635847367984512548217936
3151 125 PASS 937481526865327941142965387518692734376514298294738165759843612681259473423176859
3152 338 PASS 924751683865243791137698524213576948486932157579184362341869275652417839798325416
3153 112 PASS 412963875985724613736518249398472561627159384154386792569831427843297156271645938
3154 3362 PASS 498716523257839461136425987971382654684157392523694718765241839319578246842963175
3155 56 PASS 398145672124637589657982143932864715741593268865271934283719456516428397479356821
3156 1203 PASS 456329187813567294972481563361958742594732618287146935738695421149273856625814379
3157 116 PASS 793816245126457398845329167972185436451763829368294571219638754587942613634571982
3158 72 PASS 984726531126435798735891462893217645472659813561384279619578324257943186348162957
3159 142 PASS 967481352832659741145273896378915264526834179419726538293147685651398427784562913
3160 202 PASS 152397684863241975974856321215439867396578412748612593421963758589724136637185249
3161 213 PASS 124369587863751492975284631489127365317546928256893714632415879598672143741938256
3162 537 PASS 952781364176423895843695271219537648684912537735864129368179452527348916491256783
3163 298 PASS 194826573836574129527139846468753291279418635315692784953267418781345962642981357
3164 131 PASS 143569782895247361627138594532496817486712935971853426218975643359624178764381259
3165 346 PASS 123675984864329571975481632518746329642593718739812456251934867397168245486257193
3166 111 PASS 174589362953261784862347951219673845387415296546928173628194537495732618731856429
3167 128 PASS 129867534768345921534291867387512649241689375956734182872156493413978256695423718
3168 115 PASS 167438925824975316539162784952741638678253149413896572286319457345627891791584263
3169 122 PASS 938142765157986234642753918375821496869574123214639857723495681496318572581267349
3170 489 PASS 492571863813296754657483219264815397978364125531927648146739582725648931389152476
3171 184 PASS 762981354985743612413265798849576123537192486126438579658327941274619835391854267
3172 126 PASS 749283615315679428826145379687312954193854267452967831974536182231798546568421793
3173 214 PASS 163729485924581736875634291297158364348296157516473928439815672781962543652347819
3174 170 PASS 123574698856291374947368251261457983374986125598123746412735869639842517785619432
3175 117 PASS 125379486836425791947681532513746829684592173792138654251863947378914265469257318
3176 726 PASS 954632781823751694167489523542176938738925146619843257281564379376298415495317862
3177 72 PASS 154937286962481537837256941326179854718524693495368712289743165541692378673815429
3178 375 PASS 152934786864712395973586142521479863739168524486253917247895631395641278618327459
3179 304 PASS 915738264246591738378426951169352847832674195457819623594287316723165489681943572
3180 275 PASS 635948271827351469419267385574186932198432657362579814253614798981723546746895123
3181 271 PASS 746198352389245716251637489413926578895473621627851943178569234932714865564382197
3182 405 PASS 935827416627314895841659723759438261368192574412576938176945382284763159593281647
3183 68 PASS 963584721152937846874621395639218457785496132241375968316859274428763519597142683
3184 543 PASS 157649823842735691936281547584312976629457138713896254275164389391578462468923715
3185 130 PASS 142936857685217394973458612329174568451862973867593241298745136534621789716389425
3186 154 PASS 152389674864751923973642581216574398347918256598236147421865739635497812789123465
3187 68 PASS 123479586854361972967582431512793648638245719749816325271654893385927164496138257
3188 189 PASS 132679485864251379957483261216345897378192546495768132529836714643517928781924653
3189 1083 PASS 953428671481976532276153948162594783534817296897632154628749315319285467745361829
3190 93 PASS 754982316963541872128637594597213468812469735346875921275198643431756289689324157
3191 244 PASS 123946785846257931975381624312469578564718392798532416231674859459823167687195243
