Analysis & Synthesis report for sudx_scan
Mon Sep  7 22:26:37 2026
Quartus Prime Version 24.1std.0 Build 1077 03/04/2025 SC Lite Edition


---------------------
; Table of Contents ;
---------------------
  1. Legal Notice
  2. Analysis & Synthesis Summary
  3. Analysis & Synthesis Settings
  4. Parallel Compilation
  5. Analysis & Synthesis Source Files Read
  6. Analysis & Synthesis Resource Usage Summary
  7. Analysis & Synthesis Resource Utilization by Entity
  8. Analysis & Synthesis RAM Summary
  9. State Machine - |qsyn_dummy_xlr_wrap|sudx_scan:sudx_scan|sudx_scan_solver:solver|state
 10. Registers Removed During Synthesis
 11. General Register Statistics
 12. Inverted Register Statistics
 13. Registers Packed Into Inferred Megafunctions
 14. Multiplexer Restructuring Statistics (Restructuring Performed)
 15. Source assignments for sudx_scan:sudx_scan|sudx_scan_solver:solver|altsyncram:decisions_rtl_0|altsyncram_84d1:auto_generated
 16. Parameter Settings for User Entity Instance: mem_intf_read:mem_intf_read
 17. Parameter Settings for User Entity Instance: mem_intf_write:mem_intf_write
 18. Parameter Settings for User Entity Instance: sudx_scan:sudx_scan|sudx_scan_solver:solver
 19. Parameter Settings for Inferred Entity Instance: sudx_scan:sudx_scan|sudx_scan_solver:solver|altsyncram:decisions_rtl_0
 20. altsyncram Parameter Settings by Entity Instance
 21. Port Connectivity Checks: "sudx_scan:sudx_scan|sudx_scan_solver:solver|sudx_union9:UNITS[26].candidate_union"
 22. Port Connectivity Checks: "sudx_scan:sudx_scan|sudx_scan_solver:solver|sudx_union9:UNITS[25].candidate_union"
 23. Port Connectivity Checks: "sudx_scan:sudx_scan|sudx_scan_solver:solver|sudx_union9:UNITS[24].candidate_union"
 24. Port Connectivity Checks: "sudx_scan:sudx_scan|sudx_scan_solver:solver|sudx_union9:UNITS[23].candidate_union"
 25. Port Connectivity Checks: "sudx_scan:sudx_scan|sudx_scan_solver:solver|sudx_union9:UNITS[22].candidate_union"
 26. Port Connectivity Checks: "sudx_scan:sudx_scan|sudx_scan_solver:solver|sudx_union9:UNITS[21].candidate_union"
 27. Port Connectivity Checks: "sudx_scan:sudx_scan|sudx_scan_solver:solver|sudx_union9:UNITS[20].candidate_union"
 28. Port Connectivity Checks: "sudx_scan:sudx_scan|sudx_scan_solver:solver|sudx_union9:UNITS[19].candidate_union"
 29. Port Connectivity Checks: "sudx_scan:sudx_scan|sudx_scan_solver:solver|sudx_union9:UNITS[18].candidate_union"
 30. Port Connectivity Checks: "sudx_scan:sudx_scan|sudx_scan_solver:solver|sudx_union9:UNITS[17].candidate_union"
 31. Port Connectivity Checks: "sudx_scan:sudx_scan|sudx_scan_solver:solver|sudx_union9:UNITS[16].candidate_union"
 32. Port Connectivity Checks: "sudx_scan:sudx_scan|sudx_scan_solver:solver|sudx_union9:UNITS[15].candidate_union"
 33. Port Connectivity Checks: "sudx_scan:sudx_scan|sudx_scan_solver:solver|sudx_union9:UNITS[14].candidate_union"
 34. Port Connectivity Checks: "sudx_scan:sudx_scan|sudx_scan_solver:solver|sudx_union9:UNITS[13].candidate_union"
 35. Port Connectivity Checks: "sudx_scan:sudx_scan|sudx_scan_solver:solver|sudx_union9:UNITS[12].candidate_union"
 36. Port Connectivity Checks: "sudx_scan:sudx_scan|sudx_scan_solver:solver|sudx_union9:UNITS[11].candidate_union"
 37. Port Connectivity Checks: "sudx_scan:sudx_scan|sudx_scan_solver:solver|sudx_union9:UNITS[10].candidate_union"
 38. Port Connectivity Checks: "sudx_scan:sudx_scan|sudx_scan_solver:solver|sudx_union9:UNITS[9].candidate_union"
 39. Port Connectivity Checks: "sudx_scan:sudx_scan|sudx_scan_solver:solver|sudx_union9:UNITS[8].candidate_union"
 40. Port Connectivity Checks: "sudx_scan:sudx_scan|sudx_scan_solver:solver|sudx_union9:UNITS[7].candidate_union"
 41. Port Connectivity Checks: "sudx_scan:sudx_scan|sudx_scan_solver:solver|sudx_union9:UNITS[6].candidate_union"
 42. Port Connectivity Checks: "sudx_scan:sudx_scan|sudx_scan_solver:solver|sudx_union9:UNITS[5].candidate_union"
 43. Port Connectivity Checks: "sudx_scan:sudx_scan|sudx_scan_solver:solver|sudx_union9:UNITS[4].candidate_union"
 44. Port Connectivity Checks: "sudx_scan:sudx_scan|sudx_scan_solver:solver|sudx_union9:UNITS[3].candidate_union"
 45. Port Connectivity Checks: "sudx_scan:sudx_scan|sudx_scan_solver:solver|sudx_union9:UNITS[2].candidate_union"
 46. Port Connectivity Checks: "sudx_scan:sudx_scan|sudx_scan_solver:solver|sudx_union9:UNITS[1].candidate_union"
 47. Port Connectivity Checks: "sudx_scan:sudx_scan|sudx_scan_solver:solver|sudx_union9:UNITS[0].candidate_union"
 48. Post-Synthesis Netlist Statistics for Top Partition
 49. Elapsed Time Per Partition
 50. Analysis & Synthesis Messages
 51. Analysis & Synthesis Suppressed Messages



----------------
; Legal Notice ;
----------------
Copyright (C) 2025  Altera Corporation. All rights reserved.
Your use of Altera Corporation's design tools, logic functions 
and other software and tools, and any partner logic 
functions, and any output files from any of the foregoing 
(including device programming or simulation files), and any 
associated documentation or information are expressly subject 
to the terms and conditions of the Altera Program License 
Subscription Agreement, the Altera Quartus Prime License Agreement,
the Altera IP License Agreement, or other applicable license
agreement, including, without limitation, that your use is for
the sole purpose of programming logic devices manufactured by
Altera and sold by Altera or its authorized distributors.  Please
refer to the Altera Software License Subscription Agreements 
on the Quartus Prime software download page.



+--------------------------------------------------------------------------------------+
; Analysis & Synthesis Summary                                                         ;
+------------------------------------+-------------------------------------------------+
; Analysis & Synthesis Status        ; Successful - Mon Sep  7 22:26:36 2026           ;
; Quartus Prime Version              ; 24.1std.0 Build 1077 03/04/2025 SC Lite Edition ;
; Revision Name                      ; sudx_scan                                       ;
; Top-level Entity Name              ; qsyn_dummy_xlr_wrap                             ;
; Family                             ; MAX 10                                          ;
; Total logic elements               ; 21,322                                          ;
;     Total combinational functions  ; 21,256                                          ;
;     Dedicated logic registers      ; 2,999                                           ;
; Total registers                    ; 2999                                            ;
; Total pins                         ; 120                                             ;
; Total virtual pins                 ; 0                                               ;
; Total memory bits                  ; 1,215                                           ;
; Embedded Multiplier 9-bit elements ; 0                                               ;
; Total PLLs                         ; 0                                               ;
; UFM blocks                         ; 0                                               ;
; ADC blocks                         ; 0                                               ;
+------------------------------------+-------------------------------------------------+


+-------------------------------------------------------------------------------------------------------------+
; Analysis & Synthesis Settings                                                                               ;
+------------------------------------------------------------------+---------------------+--------------------+
; Option                                                           ; Setting             ; Default Value      ;
+------------------------------------------------------------------+---------------------+--------------------+
; Device                                                           ; 10M50DAF484C7G      ;                    ;
; Top-level entity name                                            ; qsyn_dummy_xlr_wrap ; sudx_scan          ;
; Family name                                                      ; MAX 10              ; Cyclone V          ;
; Maximum processors allowed for parallel compilation              ; 1                   ;                    ;
; Use smart compilation                                            ; Off                 ; Off                ;
; Enable parallel Assembler and Timing Analyzer during compilation ; On                  ; On                 ;
; Enable compact report table                                      ; Off                 ; Off                ;
; Restructure Multiplexers                                         ; Auto                ; Auto               ;
; Create Debugging Nodes for IP Cores                              ; Off                 ; Off                ;
; Preserve fewer node names                                        ; On                  ; On                 ;
; Intel FPGA IP Evaluation Mode                                    ; Enable              ; Enable             ;
; Verilog Version                                                  ; Verilog_2001        ; Verilog_2001       ;
; VHDL Version                                                     ; VHDL_1993           ; VHDL_1993          ;
; State Machine Processing                                         ; Auto                ; Auto               ;
; Safe State Machine                                               ; Off                 ; Off                ;
; Extract Verilog State Machines                                   ; On                  ; On                 ;
; Extract VHDL State Machines                                      ; On                  ; On                 ;
; Ignore Verilog initial constructs                                ; Off                 ; Off                ;
; Iteration limit for constant Verilog loops                       ; 5000                ; 5000               ;
; Iteration limit for non-constant Verilog loops                   ; 250                 ; 250                ;
; Add Pass-Through Logic to Inferred RAMs                          ; On                  ; On                 ;
; Infer RAMs from Raw Logic                                        ; On                  ; On                 ;
; Parallel Synthesis                                               ; On                  ; On                 ;
; DSP Block Balancing                                              ; Auto                ; Auto               ;
; NOT Gate Push-Back                                               ; On                  ; On                 ;
; Power-Up Don't Care                                              ; On                  ; On                 ;
; Remove Redundant Logic Cells                                     ; Off                 ; Off                ;
; Remove Duplicate Registers                                       ; On                  ; On                 ;
; Ignore CARRY Buffers                                             ; Off                 ; Off                ;
; Ignore CASCADE Buffers                                           ; Off                 ; Off                ;
; Ignore GLOBAL Buffers                                            ; Off                 ; Off                ;
; Ignore ROW GLOBAL Buffers                                        ; Off                 ; Off                ;
; Ignore LCELL Buffers                                             ; Off                 ; Off                ;
; Ignore SOFT Buffers                                              ; On                  ; On                 ;
; Limit AHDL Integers to 32 Bits                                   ; Off                 ; Off                ;
; Optimization Technique                                           ; Balanced            ; Balanced           ;
; Carry Chain Length                                               ; 70                  ; 70                 ;
; Auto Carry Chains                                                ; On                  ; On                 ;
; Auto Open-Drain Pins                                             ; On                  ; On                 ;
; Perform WYSIWYG Primitive Resynthesis                            ; Off                 ; Off                ;
; Auto ROM Replacement                                             ; On                  ; On                 ;
; Auto RAM Replacement                                             ; On                  ; On                 ;
; Auto DSP Block Replacement                                       ; On                  ; On                 ;
; Auto Shift Register Replacement                                  ; Auto                ; Auto               ;
; Allow Shift Register Merging across Hierarchies                  ; Auto                ; Auto               ;
; Auto Clock Enable Replacement                                    ; On                  ; On                 ;
; Strict RAM Replacement                                           ; Off                 ; Off                ;
; Allow Synchronous Control Signals                                ; On                  ; On                 ;
; Force Use of Synchronous Clear Signals                           ; Off                 ; Off                ;
; Auto RAM Block Balancing                                         ; On                  ; On                 ;
; Auto RAM to Logic Cell Conversion                                ; Off                 ; Off                ;
; Auto Resource Sharing                                            ; Off                 ; Off                ;
; Allow Any RAM Size For Recognition                               ; Off                 ; Off                ;
; Allow Any ROM Size For Recognition                               ; Off                 ; Off                ;
; Allow Any Shift Register Size For Recognition                    ; Off                 ; Off                ;
; Use LogicLock Constraints during Resource Balancing              ; On                  ; On                 ;
; Ignore translate_off and synthesis_off directives                ; Off                 ; Off                ;
; Timing-Driven Synthesis                                          ; On                  ; On                 ;
; Report Parameter Settings                                        ; On                  ; On                 ;
; Report Source Assignments                                        ; On                  ; On                 ;
; Report Connectivity Checks                                       ; On                  ; On                 ;
; Ignore Maximum Fan-Out Assignments                               ; Off                 ; Off                ;
; Synchronization Register Chain Length                            ; 2                   ; 2                  ;
; Power Optimization During Synthesis                              ; Normal compilation  ; Normal compilation ;
; HDL message level                                                ; Level2              ; Level2             ;
; Suppress Register Optimization Related Messages                  ; Off                 ; Off                ;
; Number of Removed Registers Reported in Synthesis Report         ; 5000                ; 5000               ;
; Number of Swept Nodes Reported in Synthesis Report               ; 5000                ; 5000               ;
; Number of Inverted Registers Reported in Synthesis Report        ; 100                 ; 100                ;
; Clock MUX Protection                                             ; On                  ; On                 ;
; Auto Gated Clock Conversion                                      ; Off                 ; Off                ;
; Block Design Naming                                              ; Auto                ; Auto               ;
; SDC constraint protection                                        ; Off                 ; Off                ;
; Synthesis Effort                                                 ; Auto                ; Auto               ;
; Shift Register Replacement - Allow Asynchronous Clear Signal     ; On                  ; On                 ;
; Pre-Mapping Resynthesis Optimization                             ; Off                 ; Off                ;
; Analysis & Synthesis Message Level                               ; Medium              ; Medium             ;
; Disable Register Merging Across Hierarchies                      ; Auto                ; Auto               ;
; Resource Aware Inference For Block RAM                           ; On                  ; On                 ;
+------------------------------------------------------------------+---------------------+--------------------+


Parallel compilation was disabled, but you have multiple processors available. Enable parallel compilation to reduce compilation time.
+-------------------------------------+
; Parallel Compilation                ;
+----------------------------+--------+
; Processors                 ; Number ;
+----------------------------+--------+
; Number detected on machine ; 2      ;
; Maximum allowed            ; 1      ;
+----------------------------+--------+


+-------------------------------------------------------------------------------------------------------------------------------------------------------------------------------------------------------------------------------------------------------------------------------+
; Analysis & Synthesis Source Files Read                                                                                                                                                                                                                                        ;
+-----------------------------------------------------------------------------------------+-----------------+------------------------------+--------------------------------------------------------------------------------------------------------------------------+---------+
; File Name with User-Entered Path                                                        ; Used in Netlist ; File Type                    ; File Name with Absolute Path                                                                                             ; Library ;
+-----------------------------------------------------------------------------------------+-----------------+------------------------------+--------------------------------------------------------------------------------------------------------------------------+---------+
; ../../../../../../../../shared/k5_share/k5_xbox/hw/xbox/xbox_def_pkg.sv                 ; yes             ; User SystemVerilog HDL File  ; /project/tsmc65/shared/k5_share/k5_xbox/hw/xbox/xbox_def_pkg.sv                                                          ;         ;
; ../../../../../../../../shared/k5_share/k5_xbox/hw/xbox/xbox_xlrs/mem/mem_intf_read.sv  ; yes             ; User SystemVerilog HDL File  ; /project/tsmc65/shared/k5_share/k5_xbox/hw/xbox/xbox_xlrs/mem/mem_intf_read.sv                                           ;         ;
; ../../../../../../../../shared/k5_share/k5_xbox/hw/xbox/xbox_xlrs/mem/mem_intf_write.sv ; yes             ; User SystemVerilog HDL File  ; /project/tsmc65/shared/k5_share/k5_xbox/hw/xbox/xbox_xlrs/mem/mem_intf_write.sv                                          ;         ;
; ../../../../../../../../shared/k5_share/k5_xbox/hw/xbox/host_regs_intrf.sv              ; yes             ; User SystemVerilog HDL File  ; /project/tsmc65/shared/k5_share/k5_xbox/hw/xbox/host_regs_intrf.sv                                                       ;         ;
; /data/project/tsmc65/shared/qsyn/qsyn_dummy_xlr_wrap/qsyn_dummy_xlr_wrap_hri.sv         ; yes             ; User SystemVerilog HDL File  ; /data/project/tsmc65/shared/qsyn/qsyn_dummy_xlr_wrap/qsyn_dummy_xlr_wrap_hri.sv                                          ;         ;
; sudx_def_pkg.sv                                                                         ; yes             ; User SystemVerilog HDL File  ; /project/tsmc65/users/perezba/ws/AlwaysSudx/logs/compact-draft/rtl_work/sudx_scan/sudx_def_pkg.sv                        ;         ;
; sudx_scan.sv                                                                            ; yes             ; User SystemVerilog HDL File  ; /project/tsmc65/users/perezba/ws/AlwaysSudx/logs/compact-draft/rtl_work/sudx_scan/sudx_scan.sv                           ;         ;
; sudx_scan_solver.sv                                                                     ; yes             ; User SystemVerilog HDL File  ; /project/tsmc65/users/perezba/ws/AlwaysSudx/logs/compact-draft/rtl_work/sudx_scan/sudx_scan_solver.sv                    ;         ;
; sudx_scan_enums.svh                                                                     ; yes             ; Auto-Found Unspecified File  ; /data/project/tsmc65/users/perezba/ws/AlwaysSudx/sw/apps/sudx_scan/sudx_scan_enums.svh                                   ;         ;
; altsyncram.tdf                                                                          ; yes             ; Megafunction                 ; /data/project/tsmc65/shared/quartus_install/intelFPGA_lite/24.1std/quartus/libraries/megafunctions/altsyncram.tdf        ;         ;
; stratix_ram_block.inc                                                                   ; yes             ; Megafunction                 ; /data/project/tsmc65/shared/quartus_install/intelFPGA_lite/24.1std/quartus/libraries/megafunctions/stratix_ram_block.inc ;         ;
; lpm_mux.inc                                                                             ; yes             ; Megafunction                 ; /data/project/tsmc65/shared/quartus_install/intelFPGA_lite/24.1std/quartus/libraries/megafunctions/lpm_mux.inc           ;         ;
; lpm_decode.inc                                                                          ; yes             ; Megafunction                 ; /data/project/tsmc65/shared/quartus_install/intelFPGA_lite/24.1std/quartus/libraries/megafunctions/lpm_decode.inc        ;         ;
; aglobal241.inc                                                                          ; yes             ; Megafunction                 ; /data/project/tsmc65/shared/quartus_install/intelFPGA_lite/24.1std/quartus/libraries/megafunctions/aglobal241.inc        ;         ;
; a_rdenreg.inc                                                                           ; yes             ; Megafunction                 ; /data/project/tsmc65/shared/quartus_install/intelFPGA_lite/24.1std/quartus/libraries/megafunctions/a_rdenreg.inc         ;         ;
; altrom.inc                                                                              ; yes             ; Megafunction                 ; /data/project/tsmc65/shared/quartus_install/intelFPGA_lite/24.1std/quartus/libraries/megafunctions/altrom.inc            ;         ;
; altram.inc                                                                              ; yes             ; Megafunction                 ; /data/project/tsmc65/shared/quartus_install/intelFPGA_lite/24.1std/quartus/libraries/megafunctions/altram.inc            ;         ;
; altdpram.inc                                                                            ; yes             ; Megafunction                 ; /data/project/tsmc65/shared/quartus_install/intelFPGA_lite/24.1std/quartus/libraries/megafunctions/altdpram.inc          ;         ;
; db/altsyncram_84d1.tdf                                                                  ; yes             ; Auto-Generated Megafunction  ; /project/tsmc65/users/perezba/ws/AlwaysSudx/logs/compact-draft/rtl_work/sudx_scan/db/altsyncram_84d1.tdf                 ;         ;
+-----------------------------------------------------------------------------------------+-----------------+------------------------------+--------------------------------------------------------------------------------------------------------------------------+---------+


+---------------------------------------------------------+
; Analysis & Synthesis Resource Usage Summary             ;
+---------------------------------------------+-----------+
; Resource                                    ; Usage     ;
+---------------------------------------------+-----------+
; Estimated Total logic elements              ; 21,322    ;
;                                             ;           ;
; Total combinational functions               ; 21256     ;
; Logic element usage by number of LUT inputs ;           ;
;     -- 4 input functions                    ; 15150     ;
;     -- 3 input functions                    ; 4517      ;
;     -- <=2 input functions                  ; 1589      ;
;                                             ;           ;
; Logic elements by mode                      ;           ;
;     -- normal mode                          ; 21082     ;
;     -- arithmetic mode                      ; 174       ;
;                                             ;           ;
; Total registers                             ; 2999      ;
;     -- Dedicated logic registers            ; 2999      ;
;     -- I/O registers                        ; 0         ;
;                                             ;           ;
; I/O pins                                    ; 120       ;
; Total memory bits                           ; 1215      ;
;                                             ;           ;
; Embedded Multiplier 9-bit elements          ; 0         ;
;                                             ;           ;
; Maximum fan-out node                        ; clk~input ;
; Maximum fan-out                             ; 3014      ;
; Total fan-out                               ; 90378     ;
; Average fan-out                             ; 3.69      ;
+---------------------------------------------+-----------+


+---------------------------------------------------------------------------------------------------------------------------------------------------------------------------------------------------------------------------------------------------------------------------------------------------------------------------------------------------------------------+
; Analysis & Synthesis Resource Utilization by Entity                                                                                                                                                                                                                                                                                                                 ;
+----------------------------------------------+---------------------+---------------------------+-------------+------------+--------------+---------+-----------+------+--------------+------------+----------------------------------------------------------------------------------------------------------------------------+---------------------+--------------+
; Compilation Hierarchy Node                   ; Combinational ALUTs ; Dedicated Logic Registers ; Memory Bits ; UFM Blocks ; DSP Elements ; DSP 9x9 ; DSP 18x18 ; Pins ; Virtual Pins ; ADC blocks ; Full Hierarchy Name                                                                                                        ; Entity Name         ; Library Name ;
+----------------------------------------------+---------------------+---------------------------+-------------+------------+--------------+---------+-----------+------+--------------+------------+----------------------------------------------------------------------------------------------------------------------------+---------------------+--------------+
; |qsyn_dummy_xlr_wrap                         ; 21256 (266)         ; 2999 (190)                ; 1215        ; 0          ; 0            ; 0       ; 0         ; 120  ; 0            ; 0          ; |qsyn_dummy_xlr_wrap                                                                                                       ; qsyn_dummy_xlr_wrap ; work         ;
;    |sudx_scan:sudx_scan|                     ; 20990 (7108)        ; 2809 (353)                ; 1215        ; 0          ; 0            ; 0       ; 0         ; 0    ; 0            ; 0          ; |qsyn_dummy_xlr_wrap|sudx_scan:sudx_scan                                                                                   ; sudx_scan           ; work         ;
;       |sudx_scan_solver:solver|              ; 13882 (12810)       ; 2456 (2456)               ; 1215        ; 0          ; 0            ; 0       ; 0         ; 0    ; 0            ; 0          ; |qsyn_dummy_xlr_wrap|sudx_scan:sudx_scan|sudx_scan_solver:solver                                                           ; sudx_scan_solver    ; work         ;
;          |altsyncram:decisions_rtl_0|        ; 0 (0)               ; 0 (0)                     ; 1215        ; 0          ; 0            ; 0       ; 0         ; 0    ; 0            ; 0          ; |qsyn_dummy_xlr_wrap|sudx_scan:sudx_scan|sudx_scan_solver:solver|altsyncram:decisions_rtl_0                                ; altsyncram          ; work         ;
;             |altsyncram_84d1:auto_generated| ; 0 (0)               ; 0 (0)                     ; 1215        ; 0          ; 0            ; 0       ; 0         ; 0    ; 0            ; 0          ; |qsyn_dummy_xlr_wrap|sudx_scan:sudx_scan|sudx_scan_solver:solver|altsyncram:decisions_rtl_0|altsyncram_84d1:auto_generated ; altsyncram_84d1     ; work         ;
;          |sudx_union9:UNITS[0].board_union|  ; 37 (37)             ; 0 (0)                     ; 0           ; 0          ; 0            ; 0       ; 0         ; 0    ; 0            ; 0          ; |qsyn_dummy_xlr_wrap|sudx_scan:sudx_scan|sudx_scan_solver:solver|sudx_union9:UNITS[0].board_union                          ; sudx_union9         ; work         ;
;          |sudx_union9:UNITS[10].board_union| ; 32 (32)             ; 0 (0)                     ; 0           ; 0          ; 0            ; 0       ; 0         ; 0    ; 0            ; 0          ; |qsyn_dummy_xlr_wrap|sudx_scan:sudx_scan|sudx_scan_solver:solver|sudx_union9:UNITS[10].board_union                         ; sudx_union9         ; work         ;
;          |sudx_union9:UNITS[11].board_union| ; 41 (41)             ; 0 (0)                     ; 0           ; 0          ; 0            ; 0       ; 0         ; 0    ; 0            ; 0          ; |qsyn_dummy_xlr_wrap|sudx_scan:sudx_scan|sudx_scan_solver:solver|sudx_union9:UNITS[11].board_union                         ; sudx_union9         ; work         ;
;          |sudx_union9:UNITS[12].board_union| ; 35 (35)             ; 0 (0)                     ; 0           ; 0          ; 0            ; 0       ; 0         ; 0    ; 0            ; 0          ; |qsyn_dummy_xlr_wrap|sudx_scan:sudx_scan|sudx_scan_solver:solver|sudx_union9:UNITS[12].board_union                         ; sudx_union9         ; work         ;
;          |sudx_union9:UNITS[13].board_union| ; 36 (36)             ; 0 (0)                     ; 0           ; 0          ; 0            ; 0       ; 0         ; 0    ; 0            ; 0          ; |qsyn_dummy_xlr_wrap|sudx_scan:sudx_scan|sudx_scan_solver:solver|sudx_union9:UNITS[13].board_union                         ; sudx_union9         ; work         ;
;          |sudx_union9:UNITS[14].board_union| ; 30 (30)             ; 0 (0)                     ; 0           ; 0          ; 0            ; 0       ; 0         ; 0    ; 0            ; 0          ; |qsyn_dummy_xlr_wrap|sudx_scan:sudx_scan|sudx_scan_solver:solver|sudx_union9:UNITS[14].board_union                         ; sudx_union9         ; work         ;
;          |sudx_union9:UNITS[15].board_union| ; 30 (30)             ; 0 (0)                     ; 0           ; 0          ; 0            ; 0       ; 0         ; 0    ; 0            ; 0          ; |qsyn_dummy_xlr_wrap|sudx_scan:sudx_scan|sudx_scan_solver:solver|sudx_union9:UNITS[15].board_union                         ; sudx_union9         ; work         ;
;          |sudx_union9:UNITS[16].board_union| ; 31 (31)             ; 0 (0)                     ; 0           ; 0          ; 0            ; 0       ; 0         ; 0    ; 0            ; 0          ; |qsyn_dummy_xlr_wrap|sudx_scan:sudx_scan|sudx_scan_solver:solver|sudx_union9:UNITS[16].board_union                         ; sudx_union9         ; work         ;
;          |sudx_union9:UNITS[17].board_union| ; 34 (34)             ; 0 (0)                     ; 0           ; 0          ; 0            ; 0       ; 0         ; 0    ; 0            ; 0          ; |qsyn_dummy_xlr_wrap|sudx_scan:sudx_scan|sudx_scan_solver:solver|sudx_union9:UNITS[17].board_union                         ; sudx_union9         ; work         ;
;          |sudx_union9:UNITS[18].board_union| ; 34 (34)             ; 0 (0)                     ; 0           ; 0          ; 0            ; 0       ; 0         ; 0    ; 0            ; 0          ; |qsyn_dummy_xlr_wrap|sudx_scan:sudx_scan|sudx_scan_solver:solver|sudx_union9:UNITS[18].board_union                         ; sudx_union9         ; work         ;
;          |sudx_union9:UNITS[19].board_union| ; 45 (45)             ; 0 (0)                     ; 0           ; 0          ; 0            ; 0       ; 0         ; 0    ; 0            ; 0          ; |qsyn_dummy_xlr_wrap|sudx_scan:sudx_scan|sudx_scan_solver:solver|sudx_union9:UNITS[19].board_union                         ; sudx_union9         ; work         ;
;          |sudx_union9:UNITS[1].board_union|  ; 47 (47)             ; 0 (0)                     ; 0           ; 0          ; 0            ; 0       ; 0         ; 0    ; 0            ; 0          ; |qsyn_dummy_xlr_wrap|sudx_scan:sudx_scan|sudx_scan_solver:solver|sudx_union9:UNITS[1].board_union                          ; sudx_union9         ; work         ;
;          |sudx_union9:UNITS[20].board_union| ; 43 (43)             ; 0 (0)                     ; 0           ; 0          ; 0            ; 0       ; 0         ; 0    ; 0            ; 0          ; |qsyn_dummy_xlr_wrap|sudx_scan:sudx_scan|sudx_scan_solver:solver|sudx_union9:UNITS[20].board_union                         ; sudx_union9         ; work         ;
;          |sudx_union9:UNITS[21].board_union| ; 35 (35)             ; 0 (0)                     ; 0           ; 0          ; 0            ; 0       ; 0         ; 0    ; 0            ; 0          ; |qsyn_dummy_xlr_wrap|sudx_scan:sudx_scan|sudx_scan_solver:solver|sudx_union9:UNITS[21].board_union                         ; sudx_union9         ; work         ;
;          |sudx_union9:UNITS[22].board_union| ; 40 (40)             ; 0 (0)                     ; 0           ; 0          ; 0            ; 0       ; 0         ; 0    ; 0            ; 0          ; |qsyn_dummy_xlr_wrap|sudx_scan:sudx_scan|sudx_scan_solver:solver|sudx_union9:UNITS[22].board_union                         ; sudx_union9         ; work         ;
;          |sudx_union9:UNITS[23].board_union| ; 42 (42)             ; 0 (0)                     ; 0           ; 0          ; 0            ; 0       ; 0         ; 0    ; 0            ; 0          ; |qsyn_dummy_xlr_wrap|sudx_scan:sudx_scan|sudx_scan_solver:solver|sudx_union9:UNITS[23].board_union                         ; sudx_union9         ; work         ;
;          |sudx_union9:UNITS[24].board_union| ; 53 (53)             ; 0 (0)                     ; 0           ; 0          ; 0            ; 0       ; 0         ; 0    ; 0            ; 0          ; |qsyn_dummy_xlr_wrap|sudx_scan:sudx_scan|sudx_scan_solver:solver|sudx_union9:UNITS[24].board_union                         ; sudx_union9         ; work         ;
;          |sudx_union9:UNITS[25].board_union| ; 42 (42)             ; 0 (0)                     ; 0           ; 0          ; 0            ; 0       ; 0         ; 0    ; 0            ; 0          ; |qsyn_dummy_xlr_wrap|sudx_scan:sudx_scan|sudx_scan_solver:solver|sudx_union9:UNITS[25].board_union                         ; sudx_union9         ; work         ;
;          |sudx_union9:UNITS[26].board_union| ; 49 (49)             ; 0 (0)                     ; 0           ; 0          ; 0            ; 0       ; 0         ; 0    ; 0            ; 0          ; |qsyn_dummy_xlr_wrap|sudx_scan:sudx_scan|sudx_scan_solver:solver|sudx_union9:UNITS[26].board_union                         ; sudx_union9         ; work         ;
;          |sudx_union9:UNITS[2].board_union|  ; 38 (38)             ; 0 (0)                     ; 0           ; 0          ; 0            ; 0       ; 0         ; 0    ; 0            ; 0          ; |qsyn_dummy_xlr_wrap|sudx_scan:sudx_scan|sudx_scan_solver:solver|sudx_union9:UNITS[2].board_union                          ; sudx_union9         ; work         ;
;          |sudx_union9:UNITS[3].board_union|  ; 39 (39)             ; 0 (0)                     ; 0           ; 0          ; 0            ; 0       ; 0         ; 0    ; 0            ; 0          ; |qsyn_dummy_xlr_wrap|sudx_scan:sudx_scan|sudx_scan_solver:solver|sudx_union9:UNITS[3].board_union                          ; sudx_union9         ; work         ;
;          |sudx_union9:UNITS[4].board_union|  ; 45 (45)             ; 0 (0)                     ; 0           ; 0          ; 0            ; 0       ; 0         ; 0    ; 0            ; 0          ; |qsyn_dummy_xlr_wrap|sudx_scan:sudx_scan|sudx_scan_solver:solver|sudx_union9:UNITS[4].board_union                          ; sudx_union9         ; work         ;
;          |sudx_union9:UNITS[5].board_union|  ; 46 (46)             ; 0 (0)                     ; 0           ; 0          ; 0            ; 0       ; 0         ; 0    ; 0            ; 0          ; |qsyn_dummy_xlr_wrap|sudx_scan:sudx_scan|sudx_scan_solver:solver|sudx_union9:UNITS[5].board_union                          ; sudx_union9         ; work         ;
;          |sudx_union9:UNITS[6].board_union|  ; 39 (39)             ; 0 (0)                     ; 0           ; 0          ; 0            ; 0       ; 0         ; 0    ; 0            ; 0          ; |qsyn_dummy_xlr_wrap|sudx_scan:sudx_scan|sudx_scan_solver:solver|sudx_union9:UNITS[6].board_union                          ; sudx_union9         ; work         ;
;          |sudx_union9:UNITS[7].board_union|  ; 44 (44)             ; 0 (0)                     ; 0           ; 0          ; 0            ; 0       ; 0         ; 0    ; 0            ; 0          ; |qsyn_dummy_xlr_wrap|sudx_scan:sudx_scan|sudx_scan_solver:solver|sudx_union9:UNITS[7].board_union                          ; sudx_union9         ; work         ;
;          |sudx_union9:UNITS[8].board_union|  ; 53 (53)             ; 0 (0)                     ; 0           ; 0          ; 0            ; 0       ; 0         ; 0    ; 0            ; 0          ; |qsyn_dummy_xlr_wrap|sudx_scan:sudx_scan|sudx_scan_solver:solver|sudx_union9:UNITS[8].board_union                          ; sudx_union9         ; work         ;
;          |sudx_union9:UNITS[9].board_union|  ; 32 (32)             ; 0 (0)                     ; 0           ; 0          ; 0            ; 0       ; 0         ; 0    ; 0            ; 0          ; |qsyn_dummy_xlr_wrap|sudx_scan:sudx_scan|sudx_scan_solver:solver|sudx_union9:UNITS[9].board_union                          ; sudx_union9         ; work         ;
+----------------------------------------------+---------------------+---------------------------+-------------+------------+--------------+---------+-----------+------+--------------+------------+----------------------------------------------------------------------------------------------------------------------------+---------------------+--------------+
Note: For table entries with two numbers listed, the numbers in parentheses indicate the number of resources of the given type used by the specific entity alone. The numbers listed outside of parentheses indicate the total resources of the given type used by the specific entity and all of its sub-entities in the hierarchy.


+----------------------------------------------------------------------------------------------------------------------------------------------------------------------------------------------------------------------+
; Analysis & Synthesis RAM Summary                                                                                                                                                                                     ;
+------------------------------------------------------------------------------------------------------------------+------+------------------+--------------+--------------+--------------+--------------+------+------+
; Name                                                                                                             ; Type ; Mode             ; Port A Depth ; Port A Width ; Port B Depth ; Port B Width ; Size ; MIF  ;
+------------------------------------------------------------------------------------------------------------------+------+------------------+--------------+--------------+--------------+--------------+------+------+
; sudx_scan:sudx_scan|sudx_scan_solver:solver|altsyncram:decisions_rtl_0|altsyncram_84d1:auto_generated|ALTSYNCRAM ; AUTO ; Simple Dual Port ; 81           ; 15           ; 81           ; 15           ; 1215 ; None ;
+------------------------------------------------------------------------------------------------------------------+------+------------------+--------------+--------------+--------------+--------------+------+------+


Encoding Type:  One-Hot
+-----------------------------------------------------------------------------------------------------------------------------------------------------------------------------------------------------+
; State Machine - |qsyn_dummy_xlr_wrap|sudx_scan:sudx_scan|sudx_scan_solver:solver|state                                                                                                              ;
+-------------------+-------------------+-----------------+------------------+-----------------+-------------+-----------------+-----------------+-------------+------------+------------+------------+
; Name              ; state.FINISH_FAIL ; state.FINISH_OK ; state.BACK_APPLY ; state.BACK_READ ; state.PLACE ; state.PICK_CELL ; state.PICK_ROWS ; state.APPLY ; state.SCAN ; state.INIT ; state.IDLE ;
+-------------------+-------------------+-----------------+------------------+-----------------+-------------+-----------------+-----------------+-------------+------------+------------+------------+
; state.IDLE        ; 0                 ; 0               ; 0                ; 0               ; 0           ; 0               ; 0               ; 0           ; 0          ; 0          ; 0          ;
; state.INIT        ; 0                 ; 0               ; 0                ; 0               ; 0           ; 0               ; 0               ; 0           ; 0          ; 1          ; 1          ;
; state.SCAN        ; 0                 ; 0               ; 0                ; 0               ; 0           ; 0               ; 0               ; 0           ; 1          ; 0          ; 1          ;
; state.APPLY       ; 0                 ; 0               ; 0                ; 0               ; 0           ; 0               ; 0               ; 1           ; 0          ; 0          ; 1          ;
; state.PICK_ROWS   ; 0                 ; 0               ; 0                ; 0               ; 0           ; 0               ; 1               ; 0           ; 0          ; 0          ; 1          ;
; state.PICK_CELL   ; 0                 ; 0               ; 0                ; 0               ; 0           ; 1               ; 0               ; 0           ; 0          ; 0          ; 1          ;
; state.PLACE       ; 0                 ; 0               ; 0                ; 0               ; 1           ; 0               ; 0               ; 0           ; 0          ; 0          ; 1          ;
; state.BACK_READ   ; 0                 ; 0               ; 0                ; 1               ; 0           ; 0               ; 0               ; 0           ; 0          ; 0          ; 1          ;
; state.BACK_APPLY  ; 0                 ; 0               ; 1                ; 0               ; 0           ; 0               ; 0               ; 0           ; 0          ; 0          ; 1          ;
; state.FINISH_OK   ; 0                 ; 1               ; 0                ; 0               ; 0           ; 0               ; 0               ; 0           ; 0          ; 0          ; 1          ;
; state.FINISH_FAIL ; 1                 ; 0               ; 0                ; 0               ; 0           ; 0               ; 0               ; 0           ; 0          ; 0          ; 1          ;
+-------------------+-------------------+-----------------+------------------+-----------------+-------------+-----------------+-----------------+-------------+------------+------------+------------+


+-------------------------------------------------------------------------------------------------------------------------------------------+
; Registers Removed During Synthesis                                                                                                        ;
+---------------------------------------------------------------+---------------------------------------------------------------------------+
; Register name                                                 ; Reason for Removal                                                        ;
+---------------------------------------------------------------+---------------------------------------------------------------------------+
; sudx_scan:sudx_scan|sudx_scan_solver:solver|row_index_q[0][6] ; Stuck at GND due to stuck port data_in                                    ;
; sudx_scan:sudx_scan|sudx_scan_solver:solver|row_index_q[0][5] ; Stuck at GND due to stuck port data_in                                    ;
; sudx_scan:sudx_scan|sudx_scan_solver:solver|row_index_q[0][4] ; Stuck at GND due to stuck port data_in                                    ;
; sudx_scan:sudx_scan|sudx_scan_solver:solver|row_index_q[1][6] ; Stuck at GND due to stuck port data_in                                    ;
; sudx_scan:sudx_scan|sudx_scan_solver:solver|row_index_q[1][5] ; Stuck at GND due to stuck port data_in                                    ;
; sudx_scan:sudx_scan|sudx_scan_solver:solver|row_index_q[2][6] ; Stuck at GND due to stuck port data_in                                    ;
; sudx_scan:sudx_scan|sudx_scan_solver:solver|row_index_q[2][5] ; Stuck at GND due to stuck port data_in                                    ;
; sudx_scan:sudx_scan|sudx_scan_solver:solver|row_index_q[3][6] ; Stuck at GND due to stuck port data_in                                    ;
; sudx_scan:sudx_scan|sudx_scan_solver:solver|row_index_q[4][6] ; Stuck at GND due to stuck port data_in                                    ;
; sudx_scan:sudx_scan|sudx_scan_solver:solver|row_index_q[4][4] ; Stuck at GND due to stuck port data_in                                    ;
; sudx_scan:sudx_scan|sudx_scan_solver:solver|row_index_q[5][6] ; Stuck at GND due to stuck port data_in                                    ;
; sudx_scan:sudx_scan|sudx_scan_solver:solver|row_index_q[6][6] ; Stuck at GND due to stuck port data_in                                    ;
; sudx_scan:sudx_scan|sudx_scan_solver:solver|row_index_q[8][5] ; Stuck at GND due to stuck port data_in                                    ;
; sudx_scan:sudx_scan|sudx_scan_solver:solver|top[0]            ; Stuck at GND due to stuck port data_in                                    ;
; sudx_scan:sudx_scan|state[3..9,11..31]                        ; Merged with sudx_scan:sudx_scan|state[10]                                 ;
; sudx_scan:sudx_scan|sudx_scan_solver:solver|row_index_q[7][4] ; Merged with sudx_scan:sudx_scan|sudx_scan_solver:solver|row_index_q[7][3] ;
; sudx_scan:sudx_scan|sudx_scan_solver:solver|row_index_q[7][5] ; Merged with sudx_scan:sudx_scan|sudx_scan_solver:solver|row_index_q[7][3] ;
; sudx_scan:sudx_scan|sudx_scan_solver:solver|row_index_q[6][5] ; Merged with sudx_scan:sudx_scan|sudx_scan_solver:solver|row_index_q[6][4] ;
; sudx_scan:sudx_scan|sudx_scan_solver:solver|row_index_q[3][4] ; Merged with sudx_scan:sudx_scan|sudx_scan_solver:solver|row_index_q[3][3] ;
; sudx_scan:sudx_scan|sudx_scan_solver:solver|row_index_q[8][6] ; Merged with sudx_scan:sudx_scan|sudx_scan_solver:solver|row_index_q[6][4] ;
; sudx_scan:sudx_scan|sudx_scan_solver:solver|row_index_q[6][4] ; Merged with sudx_scan:sudx_scan|sudx_scan_solver:solver|row_index_q[5][5] ;
; sudx_scan:sudx_scan|sudx_scan_solver:solver|row_index_q[5][5] ; Merged with sudx_scan:sudx_scan|sudx_scan_solver:solver|row_index_q[4][5] ;
; sudx_scan:sudx_scan|sudx_scan_solver:solver|row_index_q[4][5] ; Merged with sudx_scan:sudx_scan|sudx_scan_solver:solver|row_index_q[2][4] ;
; sudx_scan:sudx_scan|state[10]                                 ; Stuck at GND due to stuck port data_in                                    ;
; sudx_scan:sudx_scan|sudx_scan_solver:solver|state~10          ; Lost fanout                                                               ;
; sudx_scan:sudx_scan|sudx_scan_solver:solver|state~11          ; Lost fanout                                                               ;
; sudx_scan:sudx_scan|sudx_scan_solver:solver|state~12          ; Lost fanout                                                               ;
; sudx_scan:sudx_scan|sudx_scan_solver:solver|state~13          ; Lost fanout                                                               ;
; dummy_dout[4]~reg0                                            ; Stuck at GND due to stuck port data_in                                    ;
; dummy_dout[5]~reg0                                            ; Stuck at GND due to stuck port data_in                                    ;
; dummy_dout[6]~reg0                                            ; Stuck at GND due to stuck port data_in                                    ;
; dummy_dout[7]~reg0                                            ; Stuck at GND due to stuck port data_in                                    ;
; dummy_dout[12]~reg0                                           ; Stuck at GND due to stuck port data_in                                    ;
; dummy_dout[13]~reg0                                           ; Stuck at GND due to stuck port data_in                                    ;
; dummy_dout[14]~reg0                                           ; Stuck at GND due to stuck port data_in                                    ;
; dummy_dout[15]~reg0                                           ; Stuck at GND due to stuck port data_in                                    ;
; dummy_dout[20]~reg0                                           ; Stuck at GND due to stuck port data_in                                    ;
; dummy_dout[21]~reg0                                           ; Stuck at GND due to stuck port data_in                                    ;
; dummy_dout[22]~reg0                                           ; Stuck at GND due to stuck port data_in                                    ;
; dummy_dout[23]~reg0                                           ; Stuck at GND due to stuck port data_in                                    ;
; dummy_dout[28]~reg0                                           ; Stuck at GND due to stuck port data_in                                    ;
; dummy_dout[29]~reg0                                           ; Stuck at GND due to stuck port data_in                                    ;
; dummy_dout[30]~reg0                                           ; Stuck at GND due to stuck port data_in                                    ;
; dummy_dout[31]~reg0                                           ; Stuck at GND due to stuck port data_in                                    ;
; Total Number of Removed Registers = 71                        ;                                                                           ;
+---------------------------------------------------------------+---------------------------------------------------------------------------+


+------------------------------------------------------+
; General Register Statistics                          ;
+----------------------------------------------+-------+
; Statistic                                    ; Value ;
+----------------------------------------------+-------+
; Total registers                              ; 2999  ;
; Number of registers using Synchronous Clear  ; 567   ;
; Number of registers using Synchronous Load   ; 145   ;
; Number of registers using Asynchronous Clear ; 2999  ;
; Number of registers using Asynchronous Load  ; 0     ;
; Number of registers using Clock Enable       ; 2812  ;
; Number of registers using Preset             ; 0     ;
+----------------------------------------------+-------+


+-------------------------------------------------------------------------+
; Inverted Register Statistics                                            ;
+---------------------------------------------------------------+---------+
; Inverted Register                                             ; Fan out ;
+---------------------------------------------------------------+---------+
; sudx_scan:sudx_scan|sudx_scan_solver:solver|row_count_q[3][3] ; 3       ;
; sudx_scan:sudx_scan|sudx_scan_solver:solver|row_count_q[3][2] ; 2       ;
; sudx_scan:sudx_scan|sudx_scan_solver:solver|row_count_q[3][1] ; 2       ;
; sudx_scan:sudx_scan|sudx_scan_solver:solver|row_count_q[3][0] ; 2       ;
; sudx_scan:sudx_scan|sudx_scan_solver:solver|row_count_q[2][0] ; 2       ;
; sudx_scan:sudx_scan|sudx_scan_solver:solver|row_count_q[2][1] ; 2       ;
; sudx_scan:sudx_scan|sudx_scan_solver:solver|row_count_q[2][2] ; 2       ;
; sudx_scan:sudx_scan|sudx_scan_solver:solver|row_count_q[2][3] ; 3       ;
; sudx_scan:sudx_scan|sudx_scan_solver:solver|row_count_q[1][3] ; 3       ;
; sudx_scan:sudx_scan|sudx_scan_solver:solver|row_count_q[1][2] ; 2       ;
; sudx_scan:sudx_scan|sudx_scan_solver:solver|row_count_q[1][1] ; 2       ;
; sudx_scan:sudx_scan|sudx_scan_solver:solver|row_count_q[1][0] ; 2       ;
; sudx_scan:sudx_scan|sudx_scan_solver:solver|row_count_q[0][0] ; 2       ;
; sudx_scan:sudx_scan|sudx_scan_solver:solver|row_count_q[0][1] ; 2       ;
; sudx_scan:sudx_scan|sudx_scan_solver:solver|row_count_q[0][2] ; 2       ;
; sudx_scan:sudx_scan|sudx_scan_solver:solver|row_count_q[0][3] ; 3       ;
; sudx_scan:sudx_scan|sudx_scan_solver:solver|row_count_q[7][3] ; 3       ;
; sudx_scan:sudx_scan|sudx_scan_solver:solver|row_count_q[7][2] ; 2       ;
; sudx_scan:sudx_scan|sudx_scan_solver:solver|row_count_q[7][1] ; 2       ;
; sudx_scan:sudx_scan|sudx_scan_solver:solver|row_count_q[7][0] ; 2       ;
; sudx_scan:sudx_scan|sudx_scan_solver:solver|row_count_q[6][0] ; 2       ;
; sudx_scan:sudx_scan|sudx_scan_solver:solver|row_count_q[6][1] ; 2       ;
; sudx_scan:sudx_scan|sudx_scan_solver:solver|row_count_q[6][2] ; 2       ;
; sudx_scan:sudx_scan|sudx_scan_solver:solver|row_count_q[6][3] ; 3       ;
; sudx_scan:sudx_scan|sudx_scan_solver:solver|row_count_q[5][3] ; 3       ;
; sudx_scan:sudx_scan|sudx_scan_solver:solver|row_count_q[5][2] ; 2       ;
; sudx_scan:sudx_scan|sudx_scan_solver:solver|row_count_q[5][1] ; 2       ;
; sudx_scan:sudx_scan|sudx_scan_solver:solver|row_count_q[5][0] ; 2       ;
; sudx_scan:sudx_scan|sudx_scan_solver:solver|row_count_q[4][0] ; 2       ;
; sudx_scan:sudx_scan|sudx_scan_solver:solver|row_count_q[4][1] ; 2       ;
; sudx_scan:sudx_scan|sudx_scan_solver:solver|row_count_q[4][2] ; 2       ;
; sudx_scan:sudx_scan|sudx_scan_solver:solver|row_count_q[4][3] ; 3       ;
; sudx_scan:sudx_scan|sudx_scan_solver:solver|row_count_q[8][3] ; 1       ;
; sudx_scan:sudx_scan|sudx_scan_solver:solver|row_count_q[8][2] ; 2       ;
; sudx_scan:sudx_scan|sudx_scan_solver:solver|row_count_q[8][1] ; 2       ;
; sudx_scan:sudx_scan|sudx_scan_solver:solver|row_count_q[8][0] ; 2       ;
; Total number of inverted registers = 36                       ;         ;
+---------------------------------------------------------------+---------+


+-----------------------------------------------------------------------------------------------------------------------------+
; Registers Packed Into Inferred Megafunctions                                                                                ;
+--------------------------------------------------------+-------------------------------------------------------------+------+
; Register Name                                          ; Megafunction                                                ; Type ;
+--------------------------------------------------------+-------------------------------------------------------------+------+
; sudx_scan:sudx_scan|sudx_scan_solver:solver|top[1..15] ; sudx_scan:sudx_scan|sudx_scan_solver:solver|decisions_rtl_0 ; RAM  ;
+--------------------------------------------------------+-------------------------------------------------------------+------+


+------------------------------------------------------------------------------------------------------------------------------------------------------------------------------------------------------+
; Multiplexer Restructuring Statistics (Restructuring Performed)                                                                                                                                       ;
+--------------------+-----------+---------------+----------------------+------------------------+------------+----------------------------------------------------------------------------------------+
; Multiplexer Inputs ; Bus Width ; Baseline Area ; Area if Restructured ; Saving if Restructured ; Registered ; Example Multiplexer Output                                                             ;
+--------------------+-----------+---------------+----------------------+------------------------+------------+----------------------------------------------------------------------------------------+
; 3:1                ; 4 bits    ; 8 LEs         ; 0 LEs                ; 8 LEs                  ; Yes        ; |qsyn_dummy_xlr_wrap|sudx_scan:sudx_scan|board[3][4][2]                                ;
; 3:1                ; 4 bits    ; 8 LEs         ; 0 LEs                ; 8 LEs                  ; Yes        ; |qsyn_dummy_xlr_wrap|sudx_scan:sudx_scan|board[7][0][3]                                ;
; 3:1                ; 2 bits    ; 4 LEs         ; 4 LEs                ; 0 LEs                  ; Yes        ; |qsyn_dummy_xlr_wrap|sudx_scan:sudx_scan|sudx_scan_solver:solver|row_index_q[6][1]     ;
; 5:1                ; 4 bits    ; 12 LEs        ; 4 LEs                ; 8 LEs                  ; Yes        ; |qsyn_dummy_xlr_wrap|sudx_scan:sudx_scan|board[5][2][0]                                ;
; 4:1                ; 4 bits    ; 8 LEs         ; 0 LEs                ; 8 LEs                  ; Yes        ; |qsyn_dummy_xlr_wrap|sudx_scan:sudx_scan|board[1][6][0]                                ;
; 4:1                ; 7 bits    ; 14 LEs        ; 14 LEs               ; 0 LEs                  ; Yes        ; |qsyn_dummy_xlr_wrap|sudx_scan:sudx_scan|sudx_scan_solver:solver|assigned_depth[8][2]  ;
; 4:1                ; 7 bits    ; 14 LEs        ; 14 LEs               ; 0 LEs                  ; Yes        ; |qsyn_dummy_xlr_wrap|sudx_scan:sudx_scan|sudx_scan_solver:solver|assigned_depth[0][5]  ;
; 4:1                ; 7 bits    ; 14 LEs        ; 14 LEs               ; 0 LEs                  ; Yes        ; |qsyn_dummy_xlr_wrap|sudx_scan:sudx_scan|sudx_scan_solver:solver|assigned_depth[1][1]  ;
; 4:1                ; 7 bits    ; 14 LEs        ; 14 LEs               ; 0 LEs                  ; Yes        ; |qsyn_dummy_xlr_wrap|sudx_scan:sudx_scan|sudx_scan_solver:solver|assigned_depth[2][6]  ;
; 4:1                ; 7 bits    ; 14 LEs        ; 14 LEs               ; 0 LEs                  ; Yes        ; |qsyn_dummy_xlr_wrap|sudx_scan:sudx_scan|sudx_scan_solver:solver|assigned_depth[3][2]  ;
; 4:1                ; 7 bits    ; 14 LEs        ; 14 LEs               ; 0 LEs                  ; Yes        ; |qsyn_dummy_xlr_wrap|sudx_scan:sudx_scan|sudx_scan_solver:solver|assigned_depth[4][3]  ;
; 4:1                ; 7 bits    ; 14 LEs        ; 14 LEs               ; 0 LEs                  ; Yes        ; |qsyn_dummy_xlr_wrap|sudx_scan:sudx_scan|sudx_scan_solver:solver|assigned_depth[5][4]  ;
; 4:1                ; 7 bits    ; 14 LEs        ; 14 LEs               ; 0 LEs                  ; Yes        ; |qsyn_dummy_xlr_wrap|sudx_scan:sudx_scan|sudx_scan_solver:solver|assigned_depth[6][0]  ;
; 4:1                ; 7 bits    ; 14 LEs        ; 14 LEs               ; 0 LEs                  ; Yes        ; |qsyn_dummy_xlr_wrap|sudx_scan:sudx_scan|sudx_scan_solver:solver|assigned_depth[7][6]  ;
; 4:1                ; 7 bits    ; 14 LEs        ; 14 LEs               ; 0 LEs                  ; Yes        ; |qsyn_dummy_xlr_wrap|sudx_scan:sudx_scan|sudx_scan_solver:solver|assigned_depth[72][1] ;
; 4:1                ; 7 bits    ; 14 LEs        ; 14 LEs               ; 0 LEs                  ; Yes        ; |qsyn_dummy_xlr_wrap|sudx_scan:sudx_scan|sudx_scan_solver:solver|assigned_depth[9][2]  ;
; 4:1                ; 7 bits    ; 14 LEs        ; 14 LEs               ; 0 LEs                  ; Yes        ; |qsyn_dummy_xlr_wrap|sudx_scan:sudx_scan|sudx_scan_solver:solver|assigned_depth[18][2] ;
; 4:1                ; 7 bits    ; 14 LEs        ; 14 LEs               ; 0 LEs                  ; Yes        ; |qsyn_dummy_xlr_wrap|sudx_scan:sudx_scan|sudx_scan_solver:solver|assigned_depth[27][0] ;
; 4:1                ; 7 bits    ; 14 LEs        ; 14 LEs               ; 0 LEs                  ; Yes        ; |qsyn_dummy_xlr_wrap|sudx_scan:sudx_scan|sudx_scan_solver:solver|assigned_depth[36][5] ;
; 4:1                ; 7 bits    ; 14 LEs        ; 14 LEs               ; 0 LEs                  ; Yes        ; |qsyn_dummy_xlr_wrap|sudx_scan:sudx_scan|sudx_scan_solver:solver|assigned_depth[45][5] ;
; 4:1                ; 7 bits    ; 14 LEs        ; 14 LEs               ; 0 LEs                  ; Yes        ; |qsyn_dummy_xlr_wrap|sudx_scan:sudx_scan|sudx_scan_solver:solver|assigned_depth[54][3] ;
; 4:1                ; 7 bits    ; 14 LEs        ; 14 LEs               ; 0 LEs                  ; Yes        ; |qsyn_dummy_xlr_wrap|sudx_scan:sudx_scan|sudx_scan_solver:solver|assigned_depth[63][0] ;
; 4:1                ; 7 bits    ; 14 LEs        ; 14 LEs               ; 0 LEs                  ; Yes        ; |qsyn_dummy_xlr_wrap|sudx_scan:sudx_scan|sudx_scan_solver:solver|assigned_depth[20][2] ;
; 4:1                ; 7 bits    ; 14 LEs        ; 14 LEs               ; 0 LEs                  ; Yes        ; |qsyn_dummy_xlr_wrap|sudx_scan:sudx_scan|sudx_scan_solver:solver|assigned_depth[19][1] ;
; 4:1                ; 7 bits    ; 14 LEs        ; 14 LEs               ; 0 LEs                  ; Yes        ; |qsyn_dummy_xlr_wrap|sudx_scan:sudx_scan|sudx_scan_solver:solver|assigned_depth[10][6] ;
; 4:1                ; 7 bits    ; 14 LEs        ; 14 LEs               ; 0 LEs                  ; Yes        ; |qsyn_dummy_xlr_wrap|sudx_scan:sudx_scan|sudx_scan_solver:solver|assigned_depth[11][5] ;
; 4:1                ; 7 bits    ; 14 LEs        ; 14 LEs               ; 0 LEs                  ; Yes        ; |qsyn_dummy_xlr_wrap|sudx_scan:sudx_scan|sudx_scan_solver:solver|assigned_depth[73][6] ;
; 4:1                ; 7 bits    ; 14 LEs        ; 14 LEs               ; 0 LEs                  ; Yes        ; |qsyn_dummy_xlr_wrap|sudx_scan:sudx_scan|sudx_scan_solver:solver|assigned_depth[28][6] ;
; 4:1                ; 7 bits    ; 14 LEs        ; 14 LEs               ; 0 LEs                  ; Yes        ; |qsyn_dummy_xlr_wrap|sudx_scan:sudx_scan|sudx_scan_solver:solver|assigned_depth[37][6] ;
; 4:1                ; 7 bits    ; 14 LEs        ; 14 LEs               ; 0 LEs                  ; Yes        ; |qsyn_dummy_xlr_wrap|sudx_scan:sudx_scan|sudx_scan_solver:solver|assigned_depth[46][6] ;
; 4:1                ; 7 bits    ; 14 LEs        ; 14 LEs               ; 0 LEs                  ; Yes        ; |qsyn_dummy_xlr_wrap|sudx_scan:sudx_scan|sudx_scan_solver:solver|assigned_depth[55][3] ;
; 4:1                ; 7 bits    ; 14 LEs        ; 14 LEs               ; 0 LEs                  ; Yes        ; |qsyn_dummy_xlr_wrap|sudx_scan:sudx_scan|sudx_scan_solver:solver|assigned_depth[64][0] ;
; 4:1                ; 7 bits    ; 14 LEs        ; 14 LEs               ; 0 LEs                  ; Yes        ; |qsyn_dummy_xlr_wrap|sudx_scan:sudx_scan|sudx_scan_solver:solver|assigned_depth[74][6] ;
; 4:1                ; 7 bits    ; 14 LEs        ; 14 LEs               ; 0 LEs                  ; Yes        ; |qsyn_dummy_xlr_wrap|sudx_scan:sudx_scan|sudx_scan_solver:solver|assigned_depth[29][5] ;
; 4:1                ; 7 bits    ; 14 LEs        ; 14 LEs               ; 0 LEs                  ; Yes        ; |qsyn_dummy_xlr_wrap|sudx_scan:sudx_scan|sudx_scan_solver:solver|assigned_depth[38][6] ;
; 4:1                ; 7 bits    ; 14 LEs        ; 14 LEs               ; 0 LEs                  ; Yes        ; |qsyn_dummy_xlr_wrap|sudx_scan:sudx_scan|sudx_scan_solver:solver|assigned_depth[47][4] ;
; 4:1                ; 7 bits    ; 14 LEs        ; 14 LEs               ; 0 LEs                  ; Yes        ; |qsyn_dummy_xlr_wrap|sudx_scan:sudx_scan|sudx_scan_solver:solver|assigned_depth[56][5] ;
; 4:1                ; 7 bits    ; 14 LEs        ; 14 LEs               ; 0 LEs                  ; Yes        ; |qsyn_dummy_xlr_wrap|sudx_scan:sudx_scan|sudx_scan_solver:solver|assigned_depth[65][4] ;
; 4:1                ; 7 bits    ; 14 LEs        ; 14 LEs               ; 0 LEs                  ; Yes        ; |qsyn_dummy_xlr_wrap|sudx_scan:sudx_scan|sudx_scan_solver:solver|assigned_depth[75][0] ;
; 4:1                ; 7 bits    ; 14 LEs        ; 14 LEs               ; 0 LEs                  ; Yes        ; |qsyn_dummy_xlr_wrap|sudx_scan:sudx_scan|sudx_scan_solver:solver|assigned_depth[12][6] ;
; 4:1                ; 7 bits    ; 14 LEs        ; 14 LEs               ; 0 LEs                  ; Yes        ; |qsyn_dummy_xlr_wrap|sudx_scan:sudx_scan|sudx_scan_solver:solver|assigned_depth[21][0] ;
; 4:1                ; 7 bits    ; 14 LEs        ; 14 LEs               ; 0 LEs                  ; Yes        ; |qsyn_dummy_xlr_wrap|sudx_scan:sudx_scan|sudx_scan_solver:solver|assigned_depth[30][6] ;
; 4:1                ; 7 bits    ; 14 LEs        ; 14 LEs               ; 0 LEs                  ; Yes        ; |qsyn_dummy_xlr_wrap|sudx_scan:sudx_scan|sudx_scan_solver:solver|assigned_depth[39][6] ;
; 4:1                ; 7 bits    ; 14 LEs        ; 14 LEs               ; 0 LEs                  ; Yes        ; |qsyn_dummy_xlr_wrap|sudx_scan:sudx_scan|sudx_scan_solver:solver|assigned_depth[48][6] ;
; 4:1                ; 7 bits    ; 14 LEs        ; 14 LEs               ; 0 LEs                  ; Yes        ; |qsyn_dummy_xlr_wrap|sudx_scan:sudx_scan|sudx_scan_solver:solver|assigned_depth[57][6] ;
; 4:1                ; 7 bits    ; 14 LEs        ; 14 LEs               ; 0 LEs                  ; Yes        ; |qsyn_dummy_xlr_wrap|sudx_scan:sudx_scan|sudx_scan_solver:solver|assigned_depth[66][6] ;
; 4:1                ; 7 bits    ; 14 LEs        ; 14 LEs               ; 0 LEs                  ; Yes        ; |qsyn_dummy_xlr_wrap|sudx_scan:sudx_scan|sudx_scan_solver:solver|assigned_depth[23][2] ;
; 4:1                ; 7 bits    ; 14 LEs        ; 14 LEs               ; 0 LEs                  ; Yes        ; |qsyn_dummy_xlr_wrap|sudx_scan:sudx_scan|sudx_scan_solver:solver|assigned_depth[13][6] ;
; 4:1                ; 7 bits    ; 14 LEs        ; 14 LEs               ; 0 LEs                  ; Yes        ; |qsyn_dummy_xlr_wrap|sudx_scan:sudx_scan|sudx_scan_solver:solver|assigned_depth[14][0] ;
; 4:1                ; 7 bits    ; 14 LEs        ; 14 LEs               ; 0 LEs                  ; Yes        ; |qsyn_dummy_xlr_wrap|sudx_scan:sudx_scan|sudx_scan_solver:solver|assigned_depth[22][2] ;
; 4:1                ; 7 bits    ; 14 LEs        ; 14 LEs               ; 0 LEs                  ; Yes        ; |qsyn_dummy_xlr_wrap|sudx_scan:sudx_scan|sudx_scan_solver:solver|assigned_depth[76][3] ;
; 4:1                ; 7 bits    ; 14 LEs        ; 14 LEs               ; 0 LEs                  ; Yes        ; |qsyn_dummy_xlr_wrap|sudx_scan:sudx_scan|sudx_scan_solver:solver|assigned_depth[31][5] ;
; 4:1                ; 7 bits    ; 14 LEs        ; 14 LEs               ; 0 LEs                  ; Yes        ; |qsyn_dummy_xlr_wrap|sudx_scan:sudx_scan|sudx_scan_solver:solver|assigned_depth[40][2] ;
; 4:1                ; 7 bits    ; 14 LEs        ; 14 LEs               ; 0 LEs                  ; Yes        ; |qsyn_dummy_xlr_wrap|sudx_scan:sudx_scan|sudx_scan_solver:solver|assigned_depth[49][1] ;
; 4:1                ; 7 bits    ; 14 LEs        ; 14 LEs               ; 0 LEs                  ; Yes        ; |qsyn_dummy_xlr_wrap|sudx_scan:sudx_scan|sudx_scan_solver:solver|assigned_depth[58][0] ;
; 4:1                ; 7 bits    ; 14 LEs        ; 14 LEs               ; 0 LEs                  ; Yes        ; |qsyn_dummy_xlr_wrap|sudx_scan:sudx_scan|sudx_scan_solver:solver|assigned_depth[67][2] ;
; 4:1                ; 7 bits    ; 14 LEs        ; 14 LEs               ; 0 LEs                  ; Yes        ; |qsyn_dummy_xlr_wrap|sudx_scan:sudx_scan|sudx_scan_solver:solver|assigned_depth[77][6] ;
; 4:1                ; 7 bits    ; 14 LEs        ; 14 LEs               ; 0 LEs                  ; Yes        ; |qsyn_dummy_xlr_wrap|sudx_scan:sudx_scan|sudx_scan_solver:solver|assigned_depth[32][3] ;
; 4:1                ; 7 bits    ; 14 LEs        ; 14 LEs               ; 0 LEs                  ; Yes        ; |qsyn_dummy_xlr_wrap|sudx_scan:sudx_scan|sudx_scan_solver:solver|assigned_depth[41][2] ;
; 4:1                ; 7 bits    ; 14 LEs        ; 14 LEs               ; 0 LEs                  ; Yes        ; |qsyn_dummy_xlr_wrap|sudx_scan:sudx_scan|sudx_scan_solver:solver|assigned_depth[50][6] ;
; 4:1                ; 7 bits    ; 14 LEs        ; 14 LEs               ; 0 LEs                  ; Yes        ; |qsyn_dummy_xlr_wrap|sudx_scan:sudx_scan|sudx_scan_solver:solver|assigned_depth[59][6] ;
; 4:1                ; 7 bits    ; 14 LEs        ; 14 LEs               ; 0 LEs                  ; Yes        ; |qsyn_dummy_xlr_wrap|sudx_scan:sudx_scan|sudx_scan_solver:solver|assigned_depth[68][2] ;
; 4:1                ; 7 bits    ; 14 LEs        ; 14 LEs               ; 0 LEs                  ; Yes        ; |qsyn_dummy_xlr_wrap|sudx_scan:sudx_scan|sudx_scan_solver:solver|assigned_depth[78][2] ;
; 4:1                ; 7 bits    ; 14 LEs        ; 14 LEs               ; 0 LEs                  ; Yes        ; |qsyn_dummy_xlr_wrap|sudx_scan:sudx_scan|sudx_scan_solver:solver|assigned_depth[15][6] ;
; 4:1                ; 7 bits    ; 14 LEs        ; 14 LEs               ; 0 LEs                  ; Yes        ; |qsyn_dummy_xlr_wrap|sudx_scan:sudx_scan|sudx_scan_solver:solver|assigned_depth[24][6] ;
; 4:1                ; 7 bits    ; 14 LEs        ; 14 LEs               ; 0 LEs                  ; Yes        ; |qsyn_dummy_xlr_wrap|sudx_scan:sudx_scan|sudx_scan_solver:solver|assigned_depth[33][0] ;
; 4:1                ; 7 bits    ; 14 LEs        ; 14 LEs               ; 0 LEs                  ; Yes        ; |qsyn_dummy_xlr_wrap|sudx_scan:sudx_scan|sudx_scan_solver:solver|assigned_depth[42][6] ;
; 4:1                ; 7 bits    ; 14 LEs        ; 14 LEs               ; 0 LEs                  ; Yes        ; |qsyn_dummy_xlr_wrap|sudx_scan:sudx_scan|sudx_scan_solver:solver|assigned_depth[51][3] ;
; 4:1                ; 7 bits    ; 14 LEs        ; 14 LEs               ; 0 LEs                  ; Yes        ; |qsyn_dummy_xlr_wrap|sudx_scan:sudx_scan|sudx_scan_solver:solver|assigned_depth[60][3] ;
; 4:1                ; 7 bits    ; 14 LEs        ; 14 LEs               ; 0 LEs                  ; Yes        ; |qsyn_dummy_xlr_wrap|sudx_scan:sudx_scan|sudx_scan_solver:solver|assigned_depth[69][6] ;
; 4:1                ; 7 bits    ; 14 LEs        ; 14 LEs               ; 0 LEs                  ; Yes        ; |qsyn_dummy_xlr_wrap|sudx_scan:sudx_scan|sudx_scan_solver:solver|assigned_depth[26][6] ;
; 4:1                ; 7 bits    ; 14 LEs        ; 14 LEs               ; 0 LEs                  ; Yes        ; |qsyn_dummy_xlr_wrap|sudx_scan:sudx_scan|sudx_scan_solver:solver|assigned_depth[16][6] ;
; 4:1                ; 7 bits    ; 14 LEs        ; 14 LEs               ; 0 LEs                  ; Yes        ; |qsyn_dummy_xlr_wrap|sudx_scan:sudx_scan|sudx_scan_solver:solver|assigned_depth[17][0] ;
; 4:1                ; 7 bits    ; 14 LEs        ; 14 LEs               ; 0 LEs                  ; Yes        ; |qsyn_dummy_xlr_wrap|sudx_scan:sudx_scan|sudx_scan_solver:solver|assigned_depth[25][6] ;
; 4:1                ; 7 bits    ; 14 LEs        ; 14 LEs               ; 0 LEs                  ; Yes        ; |qsyn_dummy_xlr_wrap|sudx_scan:sudx_scan|sudx_scan_solver:solver|assigned_depth[79][1] ;
; 4:1                ; 7 bits    ; 14 LEs        ; 14 LEs               ; 0 LEs                  ; Yes        ; |qsyn_dummy_xlr_wrap|sudx_scan:sudx_scan|sudx_scan_solver:solver|assigned_depth[34][4] ;
; 4:1                ; 7 bits    ; 14 LEs        ; 14 LEs               ; 0 LEs                  ; Yes        ; |qsyn_dummy_xlr_wrap|sudx_scan:sudx_scan|sudx_scan_solver:solver|assigned_depth[43][2] ;
; 4:1                ; 7 bits    ; 14 LEs        ; 14 LEs               ; 0 LEs                  ; Yes        ; |qsyn_dummy_xlr_wrap|sudx_scan:sudx_scan|sudx_scan_solver:solver|assigned_depth[52][6] ;
; 4:1                ; 7 bits    ; 14 LEs        ; 14 LEs               ; 0 LEs                  ; Yes        ; |qsyn_dummy_xlr_wrap|sudx_scan:sudx_scan|sudx_scan_solver:solver|assigned_depth[61][1] ;
; 4:1                ; 7 bits    ; 14 LEs        ; 14 LEs               ; 0 LEs                  ; Yes        ; |qsyn_dummy_xlr_wrap|sudx_scan:sudx_scan|sudx_scan_solver:solver|assigned_depth[70][1] ;
; 4:1                ; 7 bits    ; 14 LEs        ; 14 LEs               ; 0 LEs                  ; Yes        ; |qsyn_dummy_xlr_wrap|sudx_scan:sudx_scan|sudx_scan_solver:solver|assigned_depth[80][5] ;
; 4:1                ; 7 bits    ; 14 LEs        ; 14 LEs               ; 0 LEs                  ; Yes        ; |qsyn_dummy_xlr_wrap|sudx_scan:sudx_scan|sudx_scan_solver:solver|assigned_depth[35][0] ;
; 4:1                ; 7 bits    ; 14 LEs        ; 14 LEs               ; 0 LEs                  ; Yes        ; |qsyn_dummy_xlr_wrap|sudx_scan:sudx_scan|sudx_scan_solver:solver|assigned_depth[44][6] ;
; 4:1                ; 7 bits    ; 14 LEs        ; 14 LEs               ; 0 LEs                  ; Yes        ; |qsyn_dummy_xlr_wrap|sudx_scan:sudx_scan|sudx_scan_solver:solver|assigned_depth[53][1] ;
; 4:1                ; 7 bits    ; 14 LEs        ; 14 LEs               ; 0 LEs                  ; Yes        ; |qsyn_dummy_xlr_wrap|sudx_scan:sudx_scan|sudx_scan_solver:solver|assigned_depth[62][0] ;
; 4:1                ; 7 bits    ; 14 LEs        ; 14 LEs               ; 0 LEs                  ; Yes        ; |qsyn_dummy_xlr_wrap|sudx_scan:sudx_scan|sudx_scan_solver:solver|assigned_depth[71][6] ;
; 5:1                ; 4 bits    ; 12 LEs        ; 0 LEs                ; 12 LEs                 ; Yes        ; |qsyn_dummy_xlr_wrap|sudx_scan:sudx_scan|board[0][7][1]                                ;
; 5:1                ; 4 bits    ; 12 LEs        ; 4 LEs                ; 8 LEs                  ; Yes        ; |qsyn_dummy_xlr_wrap|sudx_scan:sudx_scan|board[2][5][3]                                ;
; 6:1                ; 4 bits    ; 16 LEs        ; 4 LEs                ; 12 LEs                 ; Yes        ; |qsyn_dummy_xlr_wrap|sudx_scan:sudx_scan|board[8][7][2]                                ;
; 5:1                ; 2 bits    ; 6 LEs         ; 6 LEs                ; 0 LEs                  ; Yes        ; |qsyn_dummy_xlr_wrap|sudx_scan:sudx_scan|sudx_scan_solver:solver|row_index_q[7][1]     ;
; 5:1                ; 2 bits    ; 6 LEs         ; 6 LEs                ; 0 LEs                  ; Yes        ; |qsyn_dummy_xlr_wrap|sudx_scan:sudx_scan|sudx_scan_solver:solver|row_index_q[3][0]     ;
; 6:1                ; 4 bits    ; 16 LEs        ; 0 LEs                ; 16 LEs                 ; Yes        ; |qsyn_dummy_xlr_wrap|sudx_scan:sudx_scan|board[0][3][2]                                ;
; 6:1                ; 4 bits    ; 16 LEs        ; 4 LEs                ; 12 LEs                 ; Yes        ; |qsyn_dummy_xlr_wrap|sudx_scan:sudx_scan|board[2][1][3]                                ;
; 6:1                ; 4 bits    ; 16 LEs        ; 4 LEs                ; 12 LEs                 ; Yes        ; |qsyn_dummy_xlr_wrap|sudx_scan:sudx_scan|board[1][2][1]                                ;
; 6:1                ; 4 bits    ; 16 LEs        ; 8 LEs                ; 8 LEs                  ; Yes        ; |qsyn_dummy_xlr_wrap|sudx_scan:sudx_scan|board[3][0][1]                                ;
; 5:1                ; 7 bits    ; 21 LEs        ; 14 LEs               ; 7 LEs                  ; Yes        ; |qsyn_dummy_xlr_wrap|sudx_scan:sudx_scan|sudx_scan_solver:solver|depth[2]              ;
; 7:1                ; 4 bits    ; 16 LEs        ; 8 LEs                ; 8 LEs                  ; Yes        ; |qsyn_dummy_xlr_wrap|sudx_scan:sudx_scan|board[6][1][3]                                ;
; 7:1                ; 4 bits    ; 16 LEs        ; 8 LEs                ; 8 LEs                  ; Yes        ; |qsyn_dummy_xlr_wrap|sudx_scan:sudx_scan|board[4][3][1]                                ;
; 8:1                ; 4 bits    ; 20 LEs        ; 8 LEs                ; 12 LEs                 ; Yes        ; |qsyn_dummy_xlr_wrap|sudx_scan:sudx_scan|board[7][8][2]                                ;
; 7:1                ; 4 bits    ; 16 LEs        ; 0 LEs                ; 16 LEs                 ; Yes        ; |qsyn_dummy_xlr_wrap|sudx_scan:sudx_scan|board[0][1][3]                                ;
; 7:1                ; 4 bits    ; 16 LEs        ; 4 LEs                ; 12 LEs                 ; Yes        ; |qsyn_dummy_xlr_wrap|sudx_scan:sudx_scan|board[1][8][1]                                ;
; 7:1                ; 4 bits    ; 16 LEs        ; 4 LEs                ; 12 LEs                 ; Yes        ; |qsyn_dummy_xlr_wrap|sudx_scan:sudx_scan|board[1][0][3]                                ;
; 7:1                ; 4 bits    ; 16 LEs        ; 8 LEs                ; 8 LEs                  ; Yes        ; |qsyn_dummy_xlr_wrap|sudx_scan:sudx_scan|board[2][7][3]                                ;
; 7:1                ; 4 bits    ; 16 LEs        ; 4 LEs                ; 12 LEs                 ; Yes        ; |qsyn_dummy_xlr_wrap|sudx_scan:sudx_scan|board[0][5][3]                                ;
; 7:1                ; 4 bits    ; 16 LEs        ; 8 LEs                ; 8 LEs                  ; Yes        ; |qsyn_dummy_xlr_wrap|sudx_scan:sudx_scan|board[2][3][1]                                ;
; 7:1                ; 4 bits    ; 16 LEs        ; 8 LEs                ; 8 LEs                  ; Yes        ; |qsyn_dummy_xlr_wrap|sudx_scan:sudx_scan|board[1][4][0]                                ;
; 7:1                ; 4 bits    ; 16 LEs        ; 8 LEs                ; 8 LEs                  ; Yes        ; |qsyn_dummy_xlr_wrap|sudx_scan:sudx_scan|board[3][2][3]                                ;
; 8:1                ; 4 bits    ; 20 LEs        ; 0 LEs                ; 20 LEs                 ; Yes        ; |qsyn_dummy_xlr_wrap|sudx_scan:sudx_scan|board[0][0][1]                                ;
; 8:1                ; 4 bits    ; 20 LEs        ; 4 LEs                ; 16 LEs                 ; Yes        ; |qsyn_dummy_xlr_wrap|sudx_scan:sudx_scan|board[1][7][0]                                ;
; 8:1                ; 4 bits    ; 20 LEs        ; 4 LEs                ; 16 LEs                 ; Yes        ; |qsyn_dummy_xlr_wrap|sudx_scan:sudx_scan|board[0][8][2]                                ;
; 8:1                ; 4 bits    ; 20 LEs        ; 8 LEs                ; 12 LEs                 ; Yes        ; |qsyn_dummy_xlr_wrap|sudx_scan:sudx_scan|board[2][6][1]                                ;
; 8:1                ; 4 bits    ; 20 LEs        ; 4 LEs                ; 16 LEs                 ; Yes        ; |qsyn_dummy_xlr_wrap|sudx_scan:sudx_scan|board[0][4][1]                                ;
; 8:1                ; 4 bits    ; 20 LEs        ; 8 LEs                ; 12 LEs                 ; Yes        ; |qsyn_dummy_xlr_wrap|sudx_scan:sudx_scan|board[2][2][0]                                ;
; 8:1                ; 4 bits    ; 20 LEs        ; 8 LEs                ; 12 LEs                 ; Yes        ; |qsyn_dummy_xlr_wrap|sudx_scan:sudx_scan|board[1][3][1]                                ;
; 8:1                ; 4 bits    ; 20 LEs        ; 8 LEs                ; 12 LEs                 ; Yes        ; |qsyn_dummy_xlr_wrap|sudx_scan:sudx_scan|board[3][1][0]                                ;
; 8:1                ; 4 bits    ; 20 LEs        ; 4 LEs                ; 16 LEs                 ; Yes        ; |qsyn_dummy_xlr_wrap|sudx_scan:sudx_scan|board[0][2][2]                                ;
; 8:1                ; 4 bits    ; 20 LEs        ; 8 LEs                ; 12 LEs                 ; Yes        ; |qsyn_dummy_xlr_wrap|sudx_scan:sudx_scan|board[2][0][3]                                ;
; 8:1                ; 4 bits    ; 20 LEs        ; 8 LEs                ; 12 LEs                 ; Yes        ; |qsyn_dummy_xlr_wrap|sudx_scan:sudx_scan|board[1][1][0]                                ;
; 8:1                ; 4 bits    ; 20 LEs        ; 8 LEs                ; 12 LEs                 ; Yes        ; |qsyn_dummy_xlr_wrap|sudx_scan:sudx_scan|board[2][8][0]                                ;
; 8:1                ; 4 bits    ; 20 LEs        ; 8 LEs                ; 12 LEs                 ; Yes        ; |qsyn_dummy_xlr_wrap|sudx_scan:sudx_scan|board[0][6][0]                                ;
; 8:1                ; 4 bits    ; 20 LEs        ; 8 LEs                ; 12 LEs                 ; Yes        ; |qsyn_dummy_xlr_wrap|sudx_scan:sudx_scan|board[2][4][0]                                ;
; 8:1                ; 4 bits    ; 20 LEs        ; 8 LEs                ; 12 LEs                 ; Yes        ; |qsyn_dummy_xlr_wrap|sudx_scan:sudx_scan|board[1][5][3]                                ;
; 8:1                ; 4 bits    ; 20 LEs        ; 12 LEs               ; 8 LEs                  ; Yes        ; |qsyn_dummy_xlr_wrap|sudx_scan:sudx_scan|board[3][3][0]                                ;
; 24:1               ; 32 bits   ; 512 LEs       ; 512 LEs              ; 0 LEs                  ; Yes        ; |qsyn_dummy_xlr_wrap|dummy_dout[13]~reg0                                               ;
; 9:1                ; 4 bits    ; 24 LEs        ; 8 LEs                ; 16 LEs                 ; Yes        ; |qsyn_dummy_xlr_wrap|sudx_scan:sudx_scan|board[6][5][3]                                ;
; 9:1                ; 4 bits    ; 24 LEs        ; 8 LEs                ; 16 LEs                 ; Yes        ; |qsyn_dummy_xlr_wrap|sudx_scan:sudx_scan|board[4][7][2]                                ;
; 9:1                ; 4 bits    ; 24 LEs        ; 8 LEs                ; 16 LEs                 ; Yes        ; |qsyn_dummy_xlr_wrap|sudx_scan:sudx_scan|board[5][6][0]                                ;
; 9:1                ; 4 bits    ; 24 LEs        ; 8 LEs                ; 16 LEs                 ; Yes        ; |qsyn_dummy_xlr_wrap|sudx_scan:sudx_scan|board[3][8][2]                                ;
; 10:1               ; 4 bits    ; 24 LEs        ; 8 LEs                ; 16 LEs                 ; Yes        ; |qsyn_dummy_xlr_wrap|sudx_scan:sudx_scan|board[7][4][1]                                ;
; 10:1               ; 4 bits    ; 24 LEs        ; 8 LEs                ; 16 LEs                 ; Yes        ; |qsyn_dummy_xlr_wrap|sudx_scan:sudx_scan|board[8][3][3]                                ;
; 9:1                ; 4 bits    ; 24 LEs        ; 24 LEs               ; 0 LEs                  ; Yes        ; |qsyn_dummy_xlr_wrap|sudx_scan:sudx_scan|sudx_scan_solver:solver|chosen_cell[2]        ;
; 11:1               ; 4 bits    ; 28 LEs        ; 12 LEs               ; 16 LEs                 ; Yes        ; |qsyn_dummy_xlr_wrap|sudx_scan:sudx_scan|board[6][7][0]                                ;
; 11:1               ; 4 bits    ; 28 LEs        ; 12 LEs               ; 16 LEs                 ; Yes        ; |qsyn_dummy_xlr_wrap|sudx_scan:sudx_scan|board[5][0][0]                                ;
; 11:1               ; 4 bits    ; 28 LEs        ; 12 LEs               ; 16 LEs                 ; Yes        ; |qsyn_dummy_xlr_wrap|sudx_scan:sudx_scan|board[5][8][0]                                ;
; 11:1               ; 4 bits    ; 28 LEs        ; 12 LEs               ; 16 LEs                 ; Yes        ; |qsyn_dummy_xlr_wrap|sudx_scan:sudx_scan|board[4][1][2]                                ;
; 11:1               ; 4 bits    ; 28 LEs        ; 12 LEs               ; 16 LEs                 ; Yes        ; |qsyn_dummy_xlr_wrap|sudx_scan:sudx_scan|board[6][3][0]                                ;
; 11:1               ; 4 bits    ; 28 LEs        ; 12 LEs               ; 16 LEs                 ; Yes        ; |qsyn_dummy_xlr_wrap|sudx_scan:sudx_scan|board[4][5][1]                                ;
; 11:1               ; 4 bits    ; 28 LEs        ; 12 LEs               ; 16 LEs                 ; Yes        ; |qsyn_dummy_xlr_wrap|sudx_scan:sudx_scan|board[5][4][1]                                ;
; 11:1               ; 4 bits    ; 28 LEs        ; 12 LEs               ; 16 LEs                 ; Yes        ; |qsyn_dummy_xlr_wrap|sudx_scan:sudx_scan|board[3][6][3]                                ;
; 12:1               ; 4 bits    ; 32 LEs        ; 12 LEs               ; 20 LEs                 ; Yes        ; |qsyn_dummy_xlr_wrap|sudx_scan:sudx_scan|board[7][2][3]                                ;
; 12:1               ; 4 bits    ; 32 LEs        ; 12 LEs               ; 20 LEs                 ; Yes        ; |qsyn_dummy_xlr_wrap|sudx_scan:sudx_scan|board[8][1][3]                                ;
; 12:1               ; 4 bits    ; 32 LEs        ; 12 LEs               ; 20 LEs                 ; Yes        ; |qsyn_dummy_xlr_wrap|sudx_scan:sudx_scan|board[7][6][1]                                ;
; 12:1               ; 4 bits    ; 32 LEs        ; 12 LEs               ; 20 LEs                 ; Yes        ; |qsyn_dummy_xlr_wrap|sudx_scan:sudx_scan|board[8][5][3]                                ;
; 10:1               ; 2 bits    ; 12 LEs        ; 4 LEs                ; 8 LEs                  ; Yes        ; |qsyn_dummy_xlr_wrap|sudx_scan:sudx_scan|state[10]                                     ;
; 13:1               ; 4 bits    ; 32 LEs        ; 16 LEs               ; 16 LEs                 ; Yes        ; |qsyn_dummy_xlr_wrap|sudx_scan:sudx_scan|board[6][8][0]                                ;
; 13:1               ; 4 bits    ; 32 LEs        ; 16 LEs               ; 16 LEs                 ; Yes        ; |qsyn_dummy_xlr_wrap|sudx_scan:sudx_scan|board[5][1][0]                                ;
; 13:1               ; 4 bits    ; 32 LEs        ; 16 LEs               ; 16 LEs                 ; Yes        ; |qsyn_dummy_xlr_wrap|sudx_scan:sudx_scan|board[6][0][3]                                ;
; 13:1               ; 4 bits    ; 32 LEs        ; 16 LEs               ; 16 LEs                 ; Yes        ; |qsyn_dummy_xlr_wrap|sudx_scan:sudx_scan|board[4][2][2]                                ;
; 13:1               ; 4 bits    ; 32 LEs        ; 16 LEs               ; 16 LEs                 ; Yes        ; |qsyn_dummy_xlr_wrap|sudx_scan:sudx_scan|board[6][4][0]                                ;
; 13:1               ; 4 bits    ; 32 LEs        ; 16 LEs               ; 16 LEs                 ; Yes        ; |qsyn_dummy_xlr_wrap|sudx_scan:sudx_scan|board[4][6][0]                                ;
; 13:1               ; 4 bits    ; 32 LEs        ; 16 LEs               ; 16 LEs                 ; Yes        ; |qsyn_dummy_xlr_wrap|sudx_scan:sudx_scan|board[5][5][0]                                ;
; 13:1               ; 4 bits    ; 32 LEs        ; 16 LEs               ; 16 LEs                 ; Yes        ; |qsyn_dummy_xlr_wrap|sudx_scan:sudx_scan|board[3][7][3]                                ;
; 13:1               ; 4 bits    ; 32 LEs        ; 16 LEs               ; 16 LEs                 ; Yes        ; |qsyn_dummy_xlr_wrap|sudx_scan:sudx_scan|board[6][6][0]                                ;
; 13:1               ; 4 bits    ; 32 LEs        ; 16 LEs               ; 16 LEs                 ; Yes        ; |qsyn_dummy_xlr_wrap|sudx_scan:sudx_scan|board[4][8][0]                                ;
; 13:1               ; 4 bits    ; 32 LEs        ; 16 LEs               ; 16 LEs                 ; Yes        ; |qsyn_dummy_xlr_wrap|sudx_scan:sudx_scan|board[5][7][3]                                ;
; 13:1               ; 4 bits    ; 32 LEs        ; 16 LEs               ; 16 LEs                 ; Yes        ; |qsyn_dummy_xlr_wrap|sudx_scan:sudx_scan|board[4][0][0]                                ;
; 13:1               ; 4 bits    ; 32 LEs        ; 16 LEs               ; 16 LEs                 ; Yes        ; |qsyn_dummy_xlr_wrap|sudx_scan:sudx_scan|board[6][2][2]                                ;
; 13:1               ; 4 bits    ; 32 LEs        ; 16 LEs               ; 16 LEs                 ; Yes        ; |qsyn_dummy_xlr_wrap|sudx_scan:sudx_scan|board[4][4][3]                                ;
; 13:1               ; 4 bits    ; 32 LEs        ; 16 LEs               ; 16 LEs                 ; Yes        ; |qsyn_dummy_xlr_wrap|sudx_scan:sudx_scan|board[5][3][0]                                ;
; 13:1               ; 4 bits    ; 32 LEs        ; 16 LEs               ; 16 LEs                 ; Yes        ; |qsyn_dummy_xlr_wrap|sudx_scan:sudx_scan|board[3][5][2]                                ;
; 14:1               ; 4 bits    ; 36 LEs        ; 16 LEs               ; 20 LEs                 ; Yes        ; |qsyn_dummy_xlr_wrap|sudx_scan:sudx_scan|board[7][1][0]                                ;
; 14:1               ; 4 bits    ; 36 LEs        ; 16 LEs               ; 20 LEs                 ; Yes        ; |qsyn_dummy_xlr_wrap|sudx_scan:sudx_scan|board[8][8][0]                                ;
; 14:1               ; 4 bits    ; 36 LEs        ; 16 LEs               ; 20 LEs                 ; Yes        ; |qsyn_dummy_xlr_wrap|sudx_scan:sudx_scan|board[8][0][2]                                ;
; 14:1               ; 4 bits    ; 36 LEs        ; 16 LEs               ; 20 LEs                 ; Yes        ; |qsyn_dummy_xlr_wrap|sudx_scan:sudx_scan|board[7][5][0]                                ;
; 14:1               ; 4 bits    ; 36 LEs        ; 16 LEs               ; 20 LEs                 ; Yes        ; |qsyn_dummy_xlr_wrap|sudx_scan:sudx_scan|board[8][4][1]                                ;
; 14:1               ; 4 bits    ; 36 LEs        ; 16 LEs               ; 20 LEs                 ; Yes        ; |qsyn_dummy_xlr_wrap|sudx_scan:sudx_scan|board[7][3][2]                                ;
; 14:1               ; 4 bits    ; 36 LEs        ; 16 LEs               ; 20 LEs                 ; Yes        ; |qsyn_dummy_xlr_wrap|sudx_scan:sudx_scan|board[8][2][1]                                ;
; 14:1               ; 4 bits    ; 36 LEs        ; 16 LEs               ; 20 LEs                 ; Yes        ; |qsyn_dummy_xlr_wrap|sudx_scan:sudx_scan|board[7][7][1]                                ;
; 14:1               ; 4 bits    ; 36 LEs        ; 16 LEs               ; 20 LEs                 ; Yes        ; |qsyn_dummy_xlr_wrap|sudx_scan:sudx_scan|board[8][6][2]                                ;
; 13:1               ; 2 bits    ; 16 LEs        ; 6 LEs                ; 10 LEs                 ; Yes        ; |qsyn_dummy_xlr_wrap|sudx_scan:sudx_scan|state[1]                                      ;
; 4:1                ; 6 bits    ; 12 LEs        ; 6 LEs                ; 6 LEs                  ; No         ; |qsyn_dummy_xlr_wrap|sudx_scan:sudx_scan|mem_intf_read.mem_size_bytes[2]               ;
; 4:1                ; 6 bits    ; 12 LEs        ; 6 LEs                ; 6 LEs                  ; No         ; |qsyn_dummy_xlr_wrap|sudx_scan:sudx_scan|mem_intf_write.mem_size_bytes[1]              ;
; 5:1                ; 2 bits    ; 6 LEs         ; 4 LEs                ; 2 LEs                  ; No         ; |qsyn_dummy_xlr_wrap|sudx_scan:sudx_scan|sudx_scan_solver:solver|Selector10            ;
; 128:1              ; 9 bits    ; 765 LEs       ; 495 LEs              ; 270 LEs                ; No         ; |qsyn_dummy_xlr_wrap|sudx_scan:sudx_scan|sudx_scan_solver:solver|Mux1                  ;
; 19:1               ; 4 bits    ; 48 LEs        ; 32 LEs               ; 16 LEs                 ; No         ; |qsyn_dummy_xlr_wrap|sudx_scan:sudx_scan|mem_intf_write.mem_data[8][0]                 ;
; 19:1               ; 4 bits    ; 48 LEs        ; 32 LEs               ; 16 LEs                 ; No         ; |qsyn_dummy_xlr_wrap|sudx_scan:sudx_scan|mem_intf_write.mem_data[24][2]                ;
; 10:1               ; 4 bits    ; 24 LEs        ; 20 LEs               ; 4 LEs                  ; No         ; |qsyn_dummy_xlr_wrap|sudx_scan:sudx_scan|mem_intf_write.mem_data[0][0]                 ;
; 10:1               ; 4 bits    ; 24 LEs        ; 20 LEs               ; 4 LEs                  ; No         ; |qsyn_dummy_xlr_wrap|sudx_scan:sudx_scan|mem_intf_write.mem_data[16][1]                ;
; 35:1               ; 4 bits    ; 92 LEs        ; 64 LEs               ; 28 LEs                 ; No         ; |qsyn_dummy_xlr_wrap|sudx_scan:sudx_scan|mem_intf_write.mem_data[4][3]                 ;
; 35:1               ; 4 bits    ; 92 LEs        ; 64 LEs               ; 28 LEs                 ; No         ; |qsyn_dummy_xlr_wrap|sudx_scan:sudx_scan|mem_intf_write.mem_data[12][2]                ;
; 35:1               ; 4 bits    ; 92 LEs        ; 64 LEs               ; 28 LEs                 ; No         ; |qsyn_dummy_xlr_wrap|sudx_scan:sudx_scan|mem_intf_write.mem_data[20][1]                ;
; 35:1               ; 4 bits    ; 92 LEs        ; 64 LEs               ; 28 LEs                 ; No         ; |qsyn_dummy_xlr_wrap|sudx_scan:sudx_scan|mem_intf_write.mem_data[28][1]                ;
; 67:1               ; 4 bits    ; 176 LEs       ; 112 LEs              ; 64 LEs                 ; No         ; |qsyn_dummy_xlr_wrap|sudx_scan:sudx_scan|mem_intf_write.mem_data[2][3]                 ;
; 67:1               ; 4 bits    ; 176 LEs       ; 112 LEs              ; 64 LEs                 ; No         ; |qsyn_dummy_xlr_wrap|sudx_scan:sudx_scan|mem_intf_write.mem_data[6][2]                 ;
; 67:1               ; 4 bits    ; 176 LEs       ; 112 LEs              ; 64 LEs                 ; No         ; |qsyn_dummy_xlr_wrap|sudx_scan:sudx_scan|mem_intf_write.mem_data[10][1]                ;
; 67:1               ; 4 bits    ; 176 LEs       ; 112 LEs              ; 64 LEs                 ; No         ; |qsyn_dummy_xlr_wrap|sudx_scan:sudx_scan|mem_intf_write.mem_data[14][0]                ;
; 67:1               ; 4 bits    ; 176 LEs       ; 112 LEs              ; 64 LEs                 ; No         ; |qsyn_dummy_xlr_wrap|sudx_scan:sudx_scan|mem_intf_write.mem_data[18][0]                ;
; 67:1               ; 4 bits    ; 176 LEs       ; 112 LEs              ; 64 LEs                 ; No         ; |qsyn_dummy_xlr_wrap|sudx_scan:sudx_scan|mem_intf_write.mem_data[22][2]                ;
; 67:1               ; 4 bits    ; 176 LEs       ; 112 LEs              ; 64 LEs                 ; No         ; |qsyn_dummy_xlr_wrap|sudx_scan:sudx_scan|mem_intf_write.mem_data[26][2]                ;
; 67:1               ; 4 bits    ; 176 LEs       ; 112 LEs              ; 64 LEs                 ; No         ; |qsyn_dummy_xlr_wrap|sudx_scan:sudx_scan|mem_intf_write.mem_data[30][0]                ;
; 131:1              ; 4 bits    ; 348 LEs       ; 224 LEs              ; 124 LEs                ; No         ; |qsyn_dummy_xlr_wrap|sudx_scan:sudx_scan|mem_intf_write.mem_data[1][0]                 ;
; 131:1              ; 4 bits    ; 348 LEs       ; 224 LEs              ; 124 LEs                ; No         ; |qsyn_dummy_xlr_wrap|sudx_scan:sudx_scan|mem_intf_write.mem_data[5][0]                 ;
; 131:1              ; 4 bits    ; 348 LEs       ; 224 LEs              ; 124 LEs                ; No         ; |qsyn_dummy_xlr_wrap|sudx_scan:sudx_scan|mem_intf_write.mem_data[9][1]                 ;
; 131:1              ; 4 bits    ; 348 LEs       ; 224 LEs              ; 124 LEs                ; No         ; |qsyn_dummy_xlr_wrap|sudx_scan:sudx_scan|mem_intf_write.mem_data[13][3]                ;
; 131:1              ; 4 bits    ; 348 LEs       ; 224 LEs              ; 124 LEs                ; No         ; |qsyn_dummy_xlr_wrap|sudx_scan:sudx_scan|mem_intf_write.mem_data[17][3]                ;
; 131:1              ; 4 bits    ; 348 LEs       ; 224 LEs              ; 124 LEs                ; No         ; |qsyn_dummy_xlr_wrap|sudx_scan:sudx_scan|mem_intf_write.mem_data[21][0]                ;
; 131:1              ; 4 bits    ; 348 LEs       ; 224 LEs              ; 124 LEs                ; No         ; |qsyn_dummy_xlr_wrap|sudx_scan:sudx_scan|mem_intf_write.mem_data[25][0]                ;
; 131:1              ; 4 bits    ; 348 LEs       ; 224 LEs              ; 124 LEs                ; No         ; |qsyn_dummy_xlr_wrap|sudx_scan:sudx_scan|mem_intf_write.mem_data[29][0]                ;
; 131:1              ; 4 bits    ; 348 LEs       ; 224 LEs              ; 124 LEs                ; No         ; |qsyn_dummy_xlr_wrap|sudx_scan:sudx_scan|mem_intf_write.mem_data[3][0]                 ;
; 131:1              ; 4 bits    ; 348 LEs       ; 224 LEs              ; 124 LEs                ; No         ; |qsyn_dummy_xlr_wrap|sudx_scan:sudx_scan|mem_intf_write.mem_data[7][0]                 ;
; 131:1              ; 4 bits    ; 348 LEs       ; 224 LEs              ; 124 LEs                ; No         ; |qsyn_dummy_xlr_wrap|sudx_scan:sudx_scan|mem_intf_write.mem_data[11][2]                ;
; 131:1              ; 4 bits    ; 348 LEs       ; 224 LEs              ; 124 LEs                ; No         ; |qsyn_dummy_xlr_wrap|sudx_scan:sudx_scan|mem_intf_write.mem_data[15][0]                ;
; 131:1              ; 4 bits    ; 348 LEs       ; 224 LEs              ; 124 LEs                ; No         ; |qsyn_dummy_xlr_wrap|sudx_scan:sudx_scan|mem_intf_write.mem_data[19][1]                ;
; 131:1              ; 4 bits    ; 348 LEs       ; 224 LEs              ; 124 LEs                ; No         ; |qsyn_dummy_xlr_wrap|sudx_scan:sudx_scan|mem_intf_write.mem_data[23][2]                ;
; 131:1              ; 4 bits    ; 348 LEs       ; 224 LEs              ; 124 LEs                ; No         ; |qsyn_dummy_xlr_wrap|sudx_scan:sudx_scan|mem_intf_write.mem_data[27][1]                ;
; 131:1              ; 4 bits    ; 348 LEs       ; 224 LEs              ; 124 LEs                ; No         ; |qsyn_dummy_xlr_wrap|sudx_scan:sudx_scan|mem_intf_write.mem_data[31][1]                ;
+--------------------+-----------+---------------+----------------------+------------------------+------------+----------------------------------------------------------------------------------------+


+------------------------------------------------------------------------------------------------------------------------------+
; Source assignments for sudx_scan:sudx_scan|sudx_scan_solver:solver|altsyncram:decisions_rtl_0|altsyncram_84d1:auto_generated ;
+---------------------------------+--------------------+------+----------------------------------------------------------------+
; Assignment                      ; Value              ; From ; To                                                             ;
+---------------------------------+--------------------+------+----------------------------------------------------------------+
; OPTIMIZE_POWER_DURING_SYNTHESIS ; NORMAL_COMPILATION ; -    ; -                                                              ;
+---------------------------------+--------------------+------+----------------------------------------------------------------+


+--------------------------------------------------------------------------+
; Parameter Settings for User Entity Instance: mem_intf_read:mem_intf_read ;
+-------------------+-------+----------------------------------------------+
; Parameter Name    ; Value ; Type                                         ;
+-------------------+-------+----------------------------------------------+
; BYTE_WIDTH        ; 8     ; Signed Integer                               ;
; NUM_BYTES_IN_LINE ; 32    ; Signed Integer                               ;
+-------------------+-------+----------------------------------------------+
Note: In order to hide this table in the UI and the text report file, please set the "Show Parameter Settings in Synthesis Report" option in "Analysis and Synthesis Settings -> More Settings" to "Off".


+----------------------------------------------------------------------------+
; Parameter Settings for User Entity Instance: mem_intf_write:mem_intf_write ;
+-------------------+-------+------------------------------------------------+
; Parameter Name    ; Value ; Type                                           ;
+-------------------+-------+------------------------------------------------+
; BYTE_WIDTH        ; 8     ; Signed Integer                                 ;
; NUM_BYTES_IN_LINE ; 32    ; Signed Integer                                 ;
+-------------------+-------+------------------------------------------------+
Note: In order to hide this table in the UI and the text report file, please set the "Show Parameter Settings in Synthesis Report" option in "Analysis and Synthesis Settings -> More Settings" to "Off".


+------------------------------------------------------------------------------------------+
; Parameter Settings for User Entity Instance: sudx_scan:sudx_scan|sudx_scan_solver:solver ;
+----------------+-------+-----------------------------------------------------------------+
; Parameter Name ; Value ; Type                                                            ;
+----------------+-------+-----------------------------------------------------------------+
; HIDDEN_SINGLES ; 0     ; Unsigned Binary                                                 ;
+----------------+-------+-----------------------------------------------------------------+
Note: In order to hide this table in the UI and the text report file, please set the "Show Parameter Settings in Synthesis Report" option in "Analysis and Synthesis Settings -> More Settings" to "Off".


+-------------------------------------------------------------------------------------------------------------------------+
; Parameter Settings for Inferred Entity Instance: sudx_scan:sudx_scan|sudx_scan_solver:solver|altsyncram:decisions_rtl_0 ;
+------------------------------------+----------------------+-------------------------------------------------------------+
; Parameter Name                     ; Value                ; Type                                                        ;
+------------------------------------+----------------------+-------------------------------------------------------------+
; BYTE_SIZE_BLOCK                    ; 8                    ; Untyped                                                     ;
; AUTO_CARRY_CHAINS                  ; ON                   ; AUTO_CARRY                                                  ;
; IGNORE_CARRY_BUFFERS               ; OFF                  ; IGNORE_CARRY                                                ;
; AUTO_CASCADE_CHAINS                ; ON                   ; AUTO_CASCADE                                                ;
; IGNORE_CASCADE_BUFFERS             ; OFF                  ; IGNORE_CASCADE                                              ;
; WIDTH_BYTEENA                      ; 1                    ; Untyped                                                     ;
; OPERATION_MODE                     ; DUAL_PORT            ; Untyped                                                     ;
; WIDTH_A                            ; 15                   ; Untyped                                                     ;
; WIDTHAD_A                          ; 7                    ; Untyped                                                     ;
; NUMWORDS_A                         ; 81                   ; Untyped                                                     ;
; OUTDATA_REG_A                      ; UNREGISTERED         ; Untyped                                                     ;
; ADDRESS_ACLR_A                     ; NONE                 ; Untyped                                                     ;
; OUTDATA_ACLR_A                     ; NONE                 ; Untyped                                                     ;
; WRCONTROL_ACLR_A                   ; NONE                 ; Untyped                                                     ;
; INDATA_ACLR_A                      ; NONE                 ; Untyped                                                     ;
; BYTEENA_ACLR_A                     ; NONE                 ; Untyped                                                     ;
; WIDTH_B                            ; 15                   ; Untyped                                                     ;
; WIDTHAD_B                          ; 7                    ; Untyped                                                     ;
; NUMWORDS_B                         ; 81                   ; Untyped                                                     ;
; INDATA_REG_B                       ; CLOCK1               ; Untyped                                                     ;
; WRCONTROL_WRADDRESS_REG_B          ; CLOCK1               ; Untyped                                                     ;
; RDCONTROL_REG_B                    ; CLOCK1               ; Untyped                                                     ;
; ADDRESS_REG_B                      ; CLOCK1               ; Untyped                                                     ;
; OUTDATA_REG_B                      ; UNREGISTERED         ; Untyped                                                     ;
; BYTEENA_REG_B                      ; CLOCK1               ; Untyped                                                     ;
; INDATA_ACLR_B                      ; NONE                 ; Untyped                                                     ;
; WRCONTROL_ACLR_B                   ; NONE                 ; Untyped                                                     ;
; ADDRESS_ACLR_B                     ; NONE                 ; Untyped                                                     ;
; OUTDATA_ACLR_B                     ; NONE                 ; Untyped                                                     ;
; RDCONTROL_ACLR_B                   ; NONE                 ; Untyped                                                     ;
; BYTEENA_ACLR_B                     ; NONE                 ; Untyped                                                     ;
; WIDTH_BYTEENA_A                    ; 1                    ; Untyped                                                     ;
; WIDTH_BYTEENA_B                    ; 1                    ; Untyped                                                     ;
; RAM_BLOCK_TYPE                     ; AUTO                 ; Untyped                                                     ;
; BYTE_SIZE                          ; 8                    ; Untyped                                                     ;
; READ_DURING_WRITE_MODE_MIXED_PORTS ; DONT_CARE            ; Untyped                                                     ;
; READ_DURING_WRITE_MODE_PORT_A      ; NEW_DATA_NO_NBE_READ ; Untyped                                                     ;
; READ_DURING_WRITE_MODE_PORT_B      ; NEW_DATA_NO_NBE_READ ; Untyped                                                     ;
; INIT_FILE                          ; UNUSED               ; Untyped                                                     ;
; INIT_FILE_LAYOUT                   ; PORT_A               ; Untyped                                                     ;
; MAXIMUM_DEPTH                      ; 0                    ; Untyped                                                     ;
; CLOCK_ENABLE_INPUT_A               ; NORMAL               ; Untyped                                                     ;
; CLOCK_ENABLE_INPUT_B               ; NORMAL               ; Untyped                                                     ;
; CLOCK_ENABLE_OUTPUT_A              ; NORMAL               ; Untyped                                                     ;
; CLOCK_ENABLE_OUTPUT_B              ; NORMAL               ; Untyped                                                     ;
; CLOCK_ENABLE_CORE_A                ; USE_INPUT_CLKEN      ; Untyped                                                     ;
; CLOCK_ENABLE_CORE_B                ; USE_INPUT_CLKEN      ; Untyped                                                     ;
; ENABLE_ECC                         ; FALSE                ; Untyped                                                     ;
; ECC_PIPELINE_STAGE_ENABLED         ; FALSE                ; Untyped                                                     ;
; WIDTH_ECCSTATUS                    ; 3                    ; Untyped                                                     ;
; DEVICE_FAMILY                      ; MAX 10               ; Untyped                                                     ;
; CBXI_PARAMETER                     ; altsyncram_84d1      ; Untyped                                                     ;
+------------------------------------+----------------------+-------------------------------------------------------------+
Note: In order to hide this table in the UI and the text report file, please set the "Show Parameter Settings in Synthesis Report" option in "Analysis and Synthesis Settings -> More Settings" to "Off".


+--------------------------------------------------------------------------------------------------------------------+
; altsyncram Parameter Settings by Entity Instance                                                                   ;
+-------------------------------------------+------------------------------------------------------------------------+
; Name                                      ; Value                                                                  ;
+-------------------------------------------+------------------------------------------------------------------------+
; Number of entity instances                ; 1                                                                      ;
; Entity Instance                           ; sudx_scan:sudx_scan|sudx_scan_solver:solver|altsyncram:decisions_rtl_0 ;
;     -- OPERATION_MODE                     ; DUAL_PORT                                                              ;
;     -- WIDTH_A                            ; 15                                                                     ;
;     -- NUMWORDS_A                         ; 81                                                                     ;
;     -- OUTDATA_REG_A                      ; UNREGISTERED                                                           ;
;     -- WIDTH_B                            ; 15                                                                     ;
;     -- NUMWORDS_B                         ; 81                                                                     ;
;     -- ADDRESS_REG_B                      ; CLOCK1                                                                 ;
;     -- OUTDATA_REG_B                      ; UNREGISTERED                                                           ;
;     -- RAM_BLOCK_TYPE                     ; AUTO                                                                   ;
;     -- READ_DURING_WRITE_MODE_MIXED_PORTS ; DONT_CARE                                                              ;
+-------------------------------------------+------------------------------------------------------------------------+


+--------------------------------------------------------------------------------------------------------------------+
; Port Connectivity Checks: "sudx_scan:sudx_scan|sudx_scan_solver:solver|sudx_union9:UNITS[26].candidate_union"      ;
+----------+--------+----------+-------------------------------------------------------------------------------------+
; Port     ; Type   ; Severity ; Details                                                                             ;
+----------+--------+----------+-------------------------------------------------------------------------------------+
; repeated ; Output ; Info     ; Connected to dangling logic. Logic that only feeds a dangling port will be removed. ;
+----------+--------+----------+-------------------------------------------------------------------------------------+


+--------------------------------------------------------------------------------------------------------------------+
; Port Connectivity Checks: "sudx_scan:sudx_scan|sudx_scan_solver:solver|sudx_union9:UNITS[25].candidate_union"      ;
+----------+--------+----------+-------------------------------------------------------------------------------------+
; Port     ; Type   ; Severity ; Details                                                                             ;
+----------+--------+----------+-------------------------------------------------------------------------------------+
; repeated ; Output ; Info     ; Connected to dangling logic. Logic that only feeds a dangling port will be removed. ;
+----------+--------+----------+-------------------------------------------------------------------------------------+


+--------------------------------------------------------------------------------------------------------------------+
; Port Connectivity Checks: "sudx_scan:sudx_scan|sudx_scan_solver:solver|sudx_union9:UNITS[24].candidate_union"      ;
+----------+--------+----------+-------------------------------------------------------------------------------------+
; Port     ; Type   ; Severity ; Details                                                                             ;
+----------+--------+----------+-------------------------------------------------------------------------------------+
; repeated ; Output ; Info     ; Connected to dangling logic. Logic that only feeds a dangling port will be removed. ;
+----------+--------+----------+-------------------------------------------------------------------------------------+


+--------------------------------------------------------------------------------------------------------------------+
; Port Connectivity Checks: "sudx_scan:sudx_scan|sudx_scan_solver:solver|sudx_union9:UNITS[23].candidate_union"      ;
+----------+--------+----------+-------------------------------------------------------------------------------------+
; Port     ; Type   ; Severity ; Details                                                                             ;
+----------+--------+----------+-------------------------------------------------------------------------------------+
; repeated ; Output ; Info     ; Connected to dangling logic. Logic that only feeds a dangling port will be removed. ;
+----------+--------+----------+-------------------------------------------------------------------------------------+


+--------------------------------------------------------------------------------------------------------------------+
; Port Connectivity Checks: "sudx_scan:sudx_scan|sudx_scan_solver:solver|sudx_union9:UNITS[22].candidate_union"      ;
+----------+--------+----------+-------------------------------------------------------------------------------------+
; Port     ; Type   ; Severity ; Details                                                                             ;
+----------+--------+----------+-------------------------------------------------------------------------------------+
; repeated ; Output ; Info     ; Connected to dangling logic. Logic that only feeds a dangling port will be removed. ;
+----------+--------+----------+-------------------------------------------------------------------------------------+


+--------------------------------------------------------------------------------------------------------------------+
; Port Connectivity Checks: "sudx_scan:sudx_scan|sudx_scan_solver:solver|sudx_union9:UNITS[21].candidate_union"      ;
+----------+--------+----------+-------------------------------------------------------------------------------------+
; Port     ; Type   ; Severity ; Details                                                                             ;
+----------+--------+----------+-------------------------------------------------------------------------------------+
; repeated ; Output ; Info     ; Connected to dangling logic. Logic that only feeds a dangling port will be removed. ;
+----------+--------+----------+-------------------------------------------------------------------------------------+


+--------------------------------------------------------------------------------------------------------------------+
; Port Connectivity Checks: "sudx_scan:sudx_scan|sudx_scan_solver:solver|sudx_union9:UNITS[20].candidate_union"      ;
+----------+--------+----------+-------------------------------------------------------------------------------------+
; Port     ; Type   ; Severity ; Details                                                                             ;
+----------+--------+----------+-------------------------------------------------------------------------------------+
; repeated ; Output ; Info     ; Connected to dangling logic. Logic that only feeds a dangling port will be removed. ;
+----------+--------+----------+-------------------------------------------------------------------------------------+


+--------------------------------------------------------------------------------------------------------------------+
; Port Connectivity Checks: "sudx_scan:sudx_scan|sudx_scan_solver:solver|sudx_union9:UNITS[19].candidate_union"      ;
+----------+--------+----------+-------------------------------------------------------------------------------------+
; Port     ; Type   ; Severity ; Details                                                                             ;
+----------+--------+----------+-------------------------------------------------------------------------------------+
; repeated ; Output ; Info     ; Connected to dangling logic. Logic that only feeds a dangling port will be removed. ;
+----------+--------+----------+-------------------------------------------------------------------------------------+


+--------------------------------------------------------------------------------------------------------------------+
; Port Connectivity Checks: "sudx_scan:sudx_scan|sudx_scan_solver:solver|sudx_union9:UNITS[18].candidate_union"      ;
+----------+--------+----------+-------------------------------------------------------------------------------------+
; Port     ; Type   ; Severity ; Details                                                                             ;
+----------+--------+----------+-------------------------------------------------------------------------------------+
; repeated ; Output ; Info     ; Connected to dangling logic. Logic that only feeds a dangling port will be removed. ;
+----------+--------+----------+-------------------------------------------------------------------------------------+


+--------------------------------------------------------------------------------------------------------------------+
; Port Connectivity Checks: "sudx_scan:sudx_scan|sudx_scan_solver:solver|sudx_union9:UNITS[17].candidate_union"      ;
+----------+--------+----------+-------------------------------------------------------------------------------------+
; Port     ; Type   ; Severity ; Details                                                                             ;
+----------+--------+----------+-------------------------------------------------------------------------------------+
; repeated ; Output ; Info     ; Connected to dangling logic. Logic that only feeds a dangling port will be removed. ;
+----------+--------+----------+-------------------------------------------------------------------------------------+


+--------------------------------------------------------------------------------------------------------------------+
; Port Connectivity Checks: "sudx_scan:sudx_scan|sudx_scan_solver:solver|sudx_union9:UNITS[16].candidate_union"      ;
+----------+--------+----------+-------------------------------------------------------------------------------------+
; Port     ; Type   ; Severity ; Details                                                                             ;
+----------+--------+----------+-------------------------------------------------------------------------------------+
; repeated ; Output ; Info     ; Connected to dangling logic. Logic that only feeds a dangling port will be removed. ;
+----------+--------+----------+-------------------------------------------------------------------------------------+


+--------------------------------------------------------------------------------------------------------------------+
; Port Connectivity Checks: "sudx_scan:sudx_scan|sudx_scan_solver:solver|sudx_union9:UNITS[15].candidate_union"      ;
+----------+--------+----------+-------------------------------------------------------------------------------------+
; Port     ; Type   ; Severity ; Details                                                                             ;
+----------+--------+----------+-------------------------------------------------------------------------------------+
; repeated ; Output ; Info     ; Connected to dangling logic. Logic that only feeds a dangling port will be removed. ;
+----------+--------+----------+-------------------------------------------------------------------------------------+


+--------------------------------------------------------------------------------------------------------------------+
; Port Connectivity Checks: "sudx_scan:sudx_scan|sudx_scan_solver:solver|sudx_union9:UNITS[14].candidate_union"      ;
+----------+--------+----------+-------------------------------------------------------------------------------------+
; Port     ; Type   ; Severity ; Details                                                                             ;
+----------+--------+----------+-------------------------------------------------------------------------------------+
; repeated ; Output ; Info     ; Connected to dangling logic. Logic that only feeds a dangling port will be removed. ;
+----------+--------+----------+-------------------------------------------------------------------------------------+


+--------------------------------------------------------------------------------------------------------------------+
; Port Connectivity Checks: "sudx_scan:sudx_scan|sudx_scan_solver:solver|sudx_union9:UNITS[13].candidate_union"      ;
+----------+--------+----------+-------------------------------------------------------------------------------------+
; Port     ; Type   ; Severity ; Details                                                                             ;
+----------+--------+----------+-------------------------------------------------------------------------------------+
; repeated ; Output ; Info     ; Connected to dangling logic. Logic that only feeds a dangling port will be removed. ;
+----------+--------+----------+-------------------------------------------------------------------------------------+


+--------------------------------------------------------------------------------------------------------------------+
; Port Connectivity Checks: "sudx_scan:sudx_scan|sudx_scan_solver:solver|sudx_union9:UNITS[12].candidate_union"      ;
+----------+--------+----------+-------------------------------------------------------------------------------------+
; Port     ; Type   ; Severity ; Details                                                                             ;
+----------+--------+----------+-------------------------------------------------------------------------------------+
; repeated ; Output ; Info     ; Connected to dangling logic. Logic that only feeds a dangling port will be removed. ;
+----------+--------+----------+-------------------------------------------------------------------------------------+


+--------------------------------------------------------------------------------------------------------------------+
; Port Connectivity Checks: "sudx_scan:sudx_scan|sudx_scan_solver:solver|sudx_union9:UNITS[11].candidate_union"      ;
+----------+--------+----------+-------------------------------------------------------------------------------------+
; Port     ; Type   ; Severity ; Details                                                                             ;
+----------+--------+----------+-------------------------------------------------------------------------------------+
; repeated ; Output ; Info     ; Connected to dangling logic. Logic that only feeds a dangling port will be removed. ;
+----------+--------+----------+-------------------------------------------------------------------------------------+


+--------------------------------------------------------------------------------------------------------------------+
; Port Connectivity Checks: "sudx_scan:sudx_scan|sudx_scan_solver:solver|sudx_union9:UNITS[10].candidate_union"      ;
+----------+--------+----------+-------------------------------------------------------------------------------------+
; Port     ; Type   ; Severity ; Details                                                                             ;
+----------+--------+----------+-------------------------------------------------------------------------------------+
; repeated ; Output ; Info     ; Connected to dangling logic. Logic that only feeds a dangling port will be removed. ;
+----------+--------+----------+-------------------------------------------------------------------------------------+


+--------------------------------------------------------------------------------------------------------------------+
; Port Connectivity Checks: "sudx_scan:sudx_scan|sudx_scan_solver:solver|sudx_union9:UNITS[9].candidate_union"       ;
+----------+--------+----------+-------------------------------------------------------------------------------------+
; Port     ; Type   ; Severity ; Details                                                                             ;
+----------+--------+----------+-------------------------------------------------------------------------------------+
; repeated ; Output ; Info     ; Connected to dangling logic. Logic that only feeds a dangling port will be removed. ;
+----------+--------+----------+-------------------------------------------------------------------------------------+


+--------------------------------------------------------------------------------------------------------------------+
; Port Connectivity Checks: "sudx_scan:sudx_scan|sudx_scan_solver:solver|sudx_union9:UNITS[8].candidate_union"       ;
+----------+--------+----------+-------------------------------------------------------------------------------------+
; Port     ; Type   ; Severity ; Details                                                                             ;
+----------+--------+----------+-------------------------------------------------------------------------------------+
; repeated ; Output ; Info     ; Connected to dangling logic. Logic that only feeds a dangling port will be removed. ;
+----------+--------+----------+-------------------------------------------------------------------------------------+


+--------------------------------------------------------------------------------------------------------------------+
; Port Connectivity Checks: "sudx_scan:sudx_scan|sudx_scan_solver:solver|sudx_union9:UNITS[7].candidate_union"       ;
+----------+--------+----------+-------------------------------------------------------------------------------------+
; Port     ; Type   ; Severity ; Details                                                                             ;
+----------+--------+----------+-------------------------------------------------------------------------------------+
; repeated ; Output ; Info     ; Connected to dangling logic. Logic that only feeds a dangling port will be removed. ;
+----------+--------+----------+-------------------------------------------------------------------------------------+


+--------------------------------------------------------------------------------------------------------------------+
; Port Connectivity Checks: "sudx_scan:sudx_scan|sudx_scan_solver:solver|sudx_union9:UNITS[6].candidate_union"       ;
+----------+--------+----------+-------------------------------------------------------------------------------------+
; Port     ; Type   ; Severity ; Details                                                                             ;
+----------+--------+----------+-------------------------------------------------------------------------------------+
; repeated ; Output ; Info     ; Connected to dangling logic. Logic that only feeds a dangling port will be removed. ;
+----------+--------+----------+-------------------------------------------------------------------------------------+


+--------------------------------------------------------------------------------------------------------------------+
; Port Connectivity Checks: "sudx_scan:sudx_scan|sudx_scan_solver:solver|sudx_union9:UNITS[5].candidate_union"       ;
+----------+--------+----------+-------------------------------------------------------------------------------------+
; Port     ; Type   ; Severity ; Details                                                                             ;
+----------+--------+----------+-------------------------------------------------------------------------------------+
; repeated ; Output ; Info     ; Connected to dangling logic. Logic that only feeds a dangling port will be removed. ;
+----------+--------+----------+-------------------------------------------------------------------------------------+


+--------------------------------------------------------------------------------------------------------------------+
; Port Connectivity Checks: "sudx_scan:sudx_scan|sudx_scan_solver:solver|sudx_union9:UNITS[4].candidate_union"       ;
+----------+--------+----------+-------------------------------------------------------------------------------------+
; Port     ; Type   ; Severity ; Details                                                                             ;
+----------+--------+----------+-------------------------------------------------------------------------------------+
; repeated ; Output ; Info     ; Connected to dangling logic. Logic that only feeds a dangling port will be removed. ;
+----------+--------+----------+-------------------------------------------------------------------------------------+


+--------------------------------------------------------------------------------------------------------------------+
; Port Connectivity Checks: "sudx_scan:sudx_scan|sudx_scan_solver:solver|sudx_union9:UNITS[3].candidate_union"       ;
+----------+--------+----------+-------------------------------------------------------------------------------------+
; Port     ; Type   ; Severity ; Details                                                                             ;
+----------+--------+----------+-------------------------------------------------------------------------------------+
; repeated ; Output ; Info     ; Connected to dangling logic. Logic that only feeds a dangling port will be removed. ;
+----------+--------+----------+-------------------------------------------------------------------------------------+


+--------------------------------------------------------------------------------------------------------------------+
; Port Connectivity Checks: "sudx_scan:sudx_scan|sudx_scan_solver:solver|sudx_union9:UNITS[2].candidate_union"       ;
+----------+--------+----------+-------------------------------------------------------------------------------------+
; Port     ; Type   ; Severity ; Details                                                                             ;
+----------+--------+----------+-------------------------------------------------------------------------------------+
; repeated ; Output ; Info     ; Connected to dangling logic. Logic that only feeds a dangling port will be removed. ;
+----------+--------+----------+-------------------------------------------------------------------------------------+


+--------------------------------------------------------------------------------------------------------------------+
; Port Connectivity Checks: "sudx_scan:sudx_scan|sudx_scan_solver:solver|sudx_union9:UNITS[1].candidate_union"       ;
+----------+--------+----------+-------------------------------------------------------------------------------------+
; Port     ; Type   ; Severity ; Details                                                                             ;
+----------+--------+----------+-------------------------------------------------------------------------------------+
; repeated ; Output ; Info     ; Connected to dangling logic. Logic that only feeds a dangling port will be removed. ;
+----------+--------+----------+-------------------------------------------------------------------------------------+


+--------------------------------------------------------------------------------------------------------------------+
; Port Connectivity Checks: "sudx_scan:sudx_scan|sudx_scan_solver:solver|sudx_union9:UNITS[0].candidate_union"       ;
+----------+--------+----------+-------------------------------------------------------------------------------------+
; Port     ; Type   ; Severity ; Details                                                                             ;
+----------+--------+----------+-------------------------------------------------------------------------------------+
; repeated ; Output ; Info     ; Connected to dangling logic. Logic that only feeds a dangling port will be removed. ;
+----------+--------+----------+-------------------------------------------------------------------------------------+


+-----------------------------------------------------+
; Post-Synthesis Netlist Statistics for Top Partition ;
+-----------------------+-----------------------------+
; Type                  ; Count                       ;
+-----------------------+-----------------------------+
; boundary_port         ; 120                         ;
; cycloneiii_ff         ; 2999                        ;
;     CLR               ; 171                         ;
;     CLR SLD           ; 16                          ;
;     ENA CLR           ; 2116                        ;
;     ENA CLR SCLR      ; 567                         ;
;     ENA CLR SLD       ; 129                         ;
; cycloneiii_lcell_comb ; 21256                       ;
;     arith             ; 174                         ;
;         2 data inputs ; 148                         ;
;         3 data inputs ; 26                          ;
;     normal            ; 21082                       ;
;         0 data inputs ; 17                          ;
;         1 data inputs ; 13                          ;
;         2 data inputs ; 1411                        ;
;         3 data inputs ; 4491                        ;
;         4 data inputs ; 15150                       ;
; cycloneiii_ram_block  ; 15                          ;
;                       ;                             ;
; Max LUT depth         ; 21.00                       ;
; Average LUT depth     ; 9.97                        ;
+-----------------------+-----------------------------+


+-------------------------------+
; Elapsed Time Per Partition    ;
+----------------+--------------+
; Partition Name ; Elapsed Time ;
+----------------+--------------+
; Top            ; 00:03:29     ;
+----------------+--------------+


+-------------------------------+
; Analysis & Synthesis Messages ;
+-------------------------------+
Info: *******************************************************************
Info: Running Quartus Prime Analysis & Synthesis
    Info: Version 24.1std.0 Build 1077 03/04/2025 SC Lite Edition
    Info: Copyright (C) 2025  Altera Corporation. All rights reserved.
    Info: Your use of Altera Corporation's design tools, logic functions 
    Info: and other software and tools, and any partner logic 
    Info: functions, and any output files from any of the foregoing 
    Info: (including device programming or simulation files), and any 
    Info: associated documentation or information are expressly subject 
    Info: to the terms and conditions of the Altera Program License 
    Info: Subscription Agreement, the Altera Quartus Prime License Agreement,
    Info: the Altera IP License Agreement, or other applicable license
    Info: agreement, including, without limitation, that your use is for
    Info: the sole purpose of programming logic devices manufactured by
    Info: Altera and sold by Altera or its authorized distributors.  Please
    Info: refer to the Altera Software License Subscription Agreements 
    Info: on the Quartus Prime software download page.
    Info: Processing started: Mon Sep  7 22:21:02 2026
Info: Command: quartus_map --read_settings_files=on --write_settings_files=off sudx_scan -c sudx_scan
Info (12021): Found 1 design units, including 0 entities, in source file /project/tsmc65/shared/k5_share/k5_xbox/hw/xbox/xbox_def_pkg.sv
    Info (12022): Found design unit 1: xbox_def_pkg (SystemVerilog) File: /project/tsmc65/shared/k5_share/k5_xbox/hw/xbox/xbox_def_pkg.sv Line: 1
Info (12021): Found 1 design units, including 1 entities, in source file /project/tsmc65/shared/k5_share/k5_xbox/hw/xbox/xbox_xlrs/mem/mem_intf_read.sv
    Info (12023): Found entity 1: mem_intf_read File: /project/tsmc65/shared/k5_share/k5_xbox/hw/xbox/xbox_xlrs/mem/mem_intf_read.sv Line: 2
Info (12021): Found 1 design units, including 1 entities, in source file /project/tsmc65/shared/k5_share/k5_xbox/hw/xbox/xbox_xlrs/mem/mem_intf_write.sv
    Info (12023): Found entity 1: mem_intf_write File: /project/tsmc65/shared/k5_share/k5_xbox/hw/xbox/xbox_xlrs/mem/mem_intf_write.sv Line: 3
Info (12021): Found 1 design units, including 1 entities, in source file /project/tsmc65/shared/k5_share/k5_xbox/hw/xbox/host_regs_intrf.sv
    Info (12023): Found entity 1: host_regs_intrf File: /project/tsmc65/shared/k5_share/k5_xbox/hw/xbox/host_regs_intrf.sv Line: 3
Info (12021): Found 1 design units, including 1 entities, in source file /data/project/tsmc65/shared/qsyn/qsyn_dummy_xlr_wrap/qsyn_dummy_xlr_wrap_hri.sv
    Info (12023): Found entity 1: qsyn_dummy_xlr_wrap File: /data/project/tsmc65/shared/qsyn/qsyn_dummy_xlr_wrap/qsyn_dummy_xlr_wrap_hri.sv Line: 4
Info (12021): Found 1 design units, including 0 entities, in source file sudx_def_pkg.sv
    Info (12022): Found design unit 1: sudx_def_pkg (SystemVerilog) File: /project/tsmc65/users/perezba/ws/AlwaysSudx/logs/compact-draft/rtl_work/sudx_scan/sudx_def_pkg.sv Line: 1
Info (12021): Found 1 design units, including 1 entities, in source file sudx_scan.sv
    Info (12023): Found entity 1: sudx_scan File: /project/tsmc65/users/perezba/ws/AlwaysSudx/logs/compact-draft/rtl_work/sudx_scan/sudx_scan.sv Line: 4
Info (12021): Found 2 design units, including 2 entities, in source file sudx_scan_solver.sv
    Info (12023): Found entity 1: sudx_scan_solver File: /project/tsmc65/users/perezba/ws/AlwaysSudx/logs/compact-draft/rtl_work/sudx_scan/sudx_scan_solver.sv Line: 5
    Info (12023): Found entity 2: sudx_union9 File: /project/tsmc65/users/perezba/ws/AlwaysSudx/logs/compact-draft/rtl_work/sudx_scan/sudx_scan_solver.sv Line: 262
Info (12127): Elaborating entity "qsyn_dummy_xlr_wrap" for the top level hierarchy
Warning (10036): Verilog HDL or VHDL warning at qsyn_dummy_xlr_wrap_hri.sv(42): object "host_regs_read_pulse_s" assigned a value but never read File: /data/project/tsmc65/shared/qsyn/qsyn_dummy_xlr_wrap/qsyn_dummy_xlr_wrap_hri.sv Line: 42
Info (12128): Elaborating entity "mem_intf_read" for hierarchy "mem_intf_read:mem_intf_read" File: /data/project/tsmc65/shared/qsyn/qsyn_dummy_xlr_wrap/qsyn_dummy_xlr_wrap_hri.sv Line: 34
Warning (12158): Entity "mem_intf_read" contains only dangling pins File: /data/project/tsmc65/shared/qsyn/qsyn_dummy_xlr_wrap/qsyn_dummy_xlr_wrap_hri.sv Line: 34
Info (12128): Elaborating entity "mem_intf_write" for hierarchy "mem_intf_write:mem_intf_write" File: /data/project/tsmc65/shared/qsyn/qsyn_dummy_xlr_wrap/qsyn_dummy_xlr_wrap_hri.sv Line: 35
Warning (12158): Entity "mem_intf_write" contains only dangling pins File: /data/project/tsmc65/shared/qsyn/qsyn_dummy_xlr_wrap/qsyn_dummy_xlr_wrap_hri.sv Line: 35
Info (12128): Elaborating entity "host_regs_intrf" for hierarchy "host_regs_intrf:host_regs_intrf" File: /data/project/tsmc65/shared/qsyn/qsyn_dummy_xlr_wrap/qsyn_dummy_xlr_wrap_hri.sv Line: 36
Warning (12158): Entity "host_regs_intrf" contains only dangling pins File: /data/project/tsmc65/shared/qsyn/qsyn_dummy_xlr_wrap/qsyn_dummy_xlr_wrap_hri.sv Line: 36
Info (12128): Elaborating entity "sudx_scan" for hierarchy "sudx_scan:sudx_scan" File: /data/project/tsmc65/shared/qsyn/qsyn_dummy_xlr_wrap/qsyn_dummy_xlr_wrap_hri.sv Line: 74
Warning (10230): Verilog HDL assignment warning at sudx_scan.sv(83): truncated value with size 32 to match size of target (16) File: /project/tsmc65/users/perezba/ws/AlwaysSudx/logs/compact-draft/rtl_work/sudx_scan/sudx_scan.sv Line: 83
Warning (10230): Verilog HDL assignment warning at sudx_scan.sv(139): truncated value with size 32 to match size of target (6) File: /project/tsmc65/users/perezba/ws/AlwaysSudx/logs/compact-draft/rtl_work/sudx_scan/sudx_scan.sv Line: 139
Warning (10230): Verilog HDL assignment warning at sudx_scan.sv(162): truncated value with size 32 to match size of target (6) File: /project/tsmc65/users/perezba/ws/AlwaysSudx/logs/compact-draft/rtl_work/sudx_scan/sudx_scan.sv Line: 162
Info (10008): Verilog HDL or VHDL information: EDA Netlist Writer cannot regroup multidimensional array "board" into its bus
Info (10008): Verilog HDL or VHDL information: EDA Netlist Writer cannot regroup multidimensional array "board_ps" into its bus
Info (10008): Verilog HDL or VHDL information: EDA Netlist Writer cannot regroup multidimensional array "solver_puzzle_out" into its bus
Info (12128): Elaborating entity "sudx_scan_solver" for hierarchy "sudx_scan:sudx_scan|sudx_scan_solver:solver" File: /project/tsmc65/users/perezba/ws/AlwaysSudx/logs/compact-draft/rtl_work/sudx_scan/sudx_scan.sv Line: 249
Info (10008): Verilog HDL or VHDL information: EDA Netlist Writer cannot regroup multidimensional array "puzzle_in" into its bus
Info (10008): Verilog HDL or VHDL information: EDA Netlist Writer cannot regroup multidimensional array "solved_puzzle" into its bus
Info (10008): Verilog HDL or VHDL information: EDA Netlist Writer cannot regroup multidimensional array "row_count" into its bus
Info (10008): Verilog HDL or VHDL information: EDA Netlist Writer cannot regroup multidimensional array "row_index" into its bus
Info (10008): Verilog HDL or VHDL information: EDA Netlist Writer cannot regroup multidimensional array "puzzle_in" into its bus
Info (10008): Verilog HDL or VHDL information: EDA Netlist Writer cannot regroup multidimensional array "solved_puzzle" into its bus
Info (12128): Elaborating entity "sudx_union9" for hierarchy "sudx_scan:sudx_scan|sudx_scan_solver:solver|sudx_union9:UNITS[0].board_union" File: /project/tsmc65/users/perezba/ws/AlwaysSudx/logs/compact-draft/rtl_work/sudx_scan/sudx_scan_solver.sv Line: 61
Warning (12161): Node "host_regs_intrf:host_regs_intrf|host_regs_intrf.host_regs_read_pulse[9]" is stuck at GND because node is in wire loop and does not have a source File: /project/tsmc65/shared/k5_share/k5_xbox/hw/xbox/host_regs_intrf.sv Line: 3
Warning (12161): Node "host_regs_intrf:host_regs_intrf|host_regs_intrf.host_regs_read_pulse[8]" is stuck at GND because node is in wire loop and does not have a source File: /project/tsmc65/shared/k5_share/k5_xbox/hw/xbox/host_regs_intrf.sv Line: 3
Warning (12161): Node "host_regs_intrf:host_regs_intrf|host_regs_intrf.host_regs_read_pulse[7]" is stuck at GND because node is in wire loop and does not have a source File: /project/tsmc65/shared/k5_share/k5_xbox/hw/xbox/host_regs_intrf.sv Line: 3
Warning (12161): Node "host_regs_intrf:host_regs_intrf|host_regs_intrf.host_regs_read_pulse[6]" is stuck at GND because node is in wire loop and does not have a source File: /project/tsmc65/shared/k5_share/k5_xbox/hw/xbox/host_regs_intrf.sv Line: 3
Warning (12161): Node "host_regs_intrf:host_regs_intrf|host_regs_intrf.host_regs_read_pulse[5]" is stuck at GND because node is in wire loop and does not have a source File: /project/tsmc65/shared/k5_share/k5_xbox/hw/xbox/host_regs_intrf.sv Line: 3
Warning (12161): Node "host_regs_intrf:host_regs_intrf|host_regs_intrf.host_regs_read_pulse[4]" is stuck at GND because node is in wire loop and does not have a source File: /project/tsmc65/shared/k5_share/k5_xbox/hw/xbox/host_regs_intrf.sv Line: 3
Warning (12161): Node "host_regs_intrf:host_regs_intrf|host_regs_intrf.host_regs_read_pulse[3]" is stuck at GND because node is in wire loop and does not have a source File: /project/tsmc65/shared/k5_share/k5_xbox/hw/xbox/host_regs_intrf.sv Line: 3
Warning (12161): Node "host_regs_intrf:host_regs_intrf|host_regs_intrf.host_regs_read_pulse[2]" is stuck at GND because node is in wire loop and does not have a source File: /project/tsmc65/shared/k5_share/k5_xbox/hw/xbox/host_regs_intrf.sv Line: 3
Warning (12161): Node "host_regs_intrf:host_regs_intrf|host_regs_intrf.host_regs_read_pulse[1]" is stuck at GND because node is in wire loop and does not have a source File: /project/tsmc65/shared/k5_share/k5_xbox/hw/xbox/host_regs_intrf.sv Line: 3
Warning (12161): Node "host_regs_intrf:host_regs_intrf|host_regs_intrf.host_regs_read_pulse[15]" is stuck at GND because node is in wire loop and does not have a source File: /project/tsmc65/shared/k5_share/k5_xbox/hw/xbox/host_regs_intrf.sv Line: 3
Warning (12161): Node "host_regs_intrf:host_regs_intrf|host_regs_intrf.host_regs_read_pulse[14]" is stuck at GND because node is in wire loop and does not have a source File: /project/tsmc65/shared/k5_share/k5_xbox/hw/xbox/host_regs_intrf.sv Line: 3
Warning (12161): Node "host_regs_intrf:host_regs_intrf|host_regs_intrf.host_regs_read_pulse[13]" is stuck at GND because node is in wire loop and does not have a source File: /project/tsmc65/shared/k5_share/k5_xbox/hw/xbox/host_regs_intrf.sv Line: 3
Warning (12161): Node "host_regs_intrf:host_regs_intrf|host_regs_intrf.host_regs_read_pulse[12]" is stuck at GND because node is in wire loop and does not have a source File: /project/tsmc65/shared/k5_share/k5_xbox/hw/xbox/host_regs_intrf.sv Line: 3
Warning (12161): Node "host_regs_intrf:host_regs_intrf|host_regs_intrf.host_regs_read_pulse[11]" is stuck at GND because node is in wire loop and does not have a source File: /project/tsmc65/shared/k5_share/k5_xbox/hw/xbox/host_regs_intrf.sv Line: 3
Warning (12161): Node "host_regs_intrf:host_regs_intrf|host_regs_intrf.host_regs_read_pulse[10]" is stuck at GND because node is in wire loop and does not have a source File: /project/tsmc65/shared/k5_share/k5_xbox/hw/xbox/host_regs_intrf.sv Line: 3
Warning (12161): Node "host_regs_intrf:host_regs_intrf|host_regs_intrf.host_regs_read_pulse[0]" is stuck at GND because node is in wire loop and does not have a source File: /project/tsmc65/shared/k5_share/k5_xbox/hw/xbox/host_regs_intrf.sv Line: 3
Warning (276027): Inferred dual-clock RAM node "sudx_scan:sudx_scan|sudx_scan_solver:solver|decisions_rtl_0" from synchronous design logic.  The read-during-write behavior of a dual-clock RAM is undefined and may not match the behavior of the original design.
Info (19000): Inferred 1 megafunctions from design logic
    Info (276029): Inferred altsyncram megafunction from the following design logic: "sudx_scan:sudx_scan|sudx_scan_solver:solver|decisions_rtl_0" 
        Info (286033): Parameter OPERATION_MODE set to DUAL_PORT
        Info (286033): Parameter WIDTH_A set to 15
        Info (286033): Parameter WIDTHAD_A set to 7
        Info (286033): Parameter NUMWORDS_A set to 81
        Info (286033): Parameter WIDTH_B set to 15
        Info (286033): Parameter WIDTHAD_B set to 7
        Info (286033): Parameter NUMWORDS_B set to 81
        Info (286033): Parameter ADDRESS_ACLR_A set to NONE
        Info (286033): Parameter OUTDATA_REG_B set to UNREGISTERED
        Info (286033): Parameter ADDRESS_ACLR_B set to NONE
        Info (286033): Parameter OUTDATA_ACLR_B set to NONE
        Info (286033): Parameter ADDRESS_REG_B set to CLOCK1
        Info (286033): Parameter INDATA_ACLR_A set to NONE
        Info (286033): Parameter WRCONTROL_ACLR_A set to NONE
Info (12130): Elaborated megafunction instantiation "sudx_scan:sudx_scan|sudx_scan_solver:solver|altsyncram:decisions_rtl_0"
Info (12133): Instantiated megafunction "sudx_scan:sudx_scan|sudx_scan_solver:solver|altsyncram:decisions_rtl_0" with the following parameter:
    Info (12134): Parameter "OPERATION_MODE" = "DUAL_PORT"
    Info (12134): Parameter "WIDTH_A" = "15"
    Info (12134): Parameter "WIDTHAD_A" = "7"
    Info (12134): Parameter "NUMWORDS_A" = "81"
    Info (12134): Parameter "WIDTH_B" = "15"
    Info (12134): Parameter "WIDTHAD_B" = "7"
    Info (12134): Parameter "NUMWORDS_B" = "81"
    Info (12134): Parameter "ADDRESS_ACLR_A" = "NONE"
    Info (12134): Parameter "OUTDATA_REG_B" = "UNREGISTERED"
    Info (12134): Parameter "ADDRESS_ACLR_B" = "NONE"
    Info (12134): Parameter "OUTDATA_ACLR_B" = "NONE"
    Info (12134): Parameter "ADDRESS_REG_B" = "CLOCK1"
    Info (12134): Parameter "INDATA_ACLR_A" = "NONE"
    Info (12134): Parameter "WRCONTROL_ACLR_A" = "NONE"
Info (12021): Found 1 design units, including 1 entities, in source file db/altsyncram_84d1.tdf
    Info (12023): Found entity 1: altsyncram_84d1 File: /project/tsmc65/users/perezba/ws/AlwaysSudx/logs/compact-draft/rtl_work/sudx_scan/db/altsyncram_84d1.tdf Line: 28
Info (13000): Registers with preset signals will power-up high File: /project/tsmc65/users/perezba/ws/AlwaysSudx/logs/compact-draft/rtl_work/sudx_scan/sudx_scan_solver.sv Line: 191
Info (13003): DEV_CLRn pin will set, and not reset, register with preset signal due to NOT Gate Push-Back
Warning (13024): Output pins are stuck at VCC or GND
    Warning (13410): Pin "dummy_dout[4]" is stuck at GND File: /data/project/tsmc65/shared/qsyn/qsyn_dummy_xlr_wrap/qsyn_dummy_xlr_wrap_hri.sv Line: 100
    Warning (13410): Pin "dummy_dout[5]" is stuck at GND File: /data/project/tsmc65/shared/qsyn/qsyn_dummy_xlr_wrap/qsyn_dummy_xlr_wrap_hri.sv Line: 100
    Warning (13410): Pin "dummy_dout[6]" is stuck at GND File: /data/project/tsmc65/shared/qsyn/qsyn_dummy_xlr_wrap/qsyn_dummy_xlr_wrap_hri.sv Line: 100
    Warning (13410): Pin "dummy_dout[7]" is stuck at GND File: /data/project/tsmc65/shared/qsyn/qsyn_dummy_xlr_wrap/qsyn_dummy_xlr_wrap_hri.sv Line: 100
    Warning (13410): Pin "dummy_dout[12]" is stuck at GND File: /data/project/tsmc65/shared/qsyn/qsyn_dummy_xlr_wrap/qsyn_dummy_xlr_wrap_hri.sv Line: 100
    Warning (13410): Pin "dummy_dout[13]" is stuck at GND File: /data/project/tsmc65/shared/qsyn/qsyn_dummy_xlr_wrap/qsyn_dummy_xlr_wrap_hri.sv Line: 100
    Warning (13410): Pin "dummy_dout[14]" is stuck at GND File: /data/project/tsmc65/shared/qsyn/qsyn_dummy_xlr_wrap/qsyn_dummy_xlr_wrap_hri.sv Line: 100
    Warning (13410): Pin "dummy_dout[15]" is stuck at GND File: /data/project/tsmc65/shared/qsyn/qsyn_dummy_xlr_wrap/qsyn_dummy_xlr_wrap_hri.sv Line: 100
    Warning (13410): Pin "dummy_dout[20]" is stuck at GND File: /data/project/tsmc65/shared/qsyn/qsyn_dummy_xlr_wrap/qsyn_dummy_xlr_wrap_hri.sv Line: 100
    Warning (13410): Pin "dummy_dout[21]" is stuck at GND File: /data/project/tsmc65/shared/qsyn/qsyn_dummy_xlr_wrap/qsyn_dummy_xlr_wrap_hri.sv Line: 100
    Warning (13410): Pin "dummy_dout[22]" is stuck at GND File: /data/project/tsmc65/shared/qsyn/qsyn_dummy_xlr_wrap/qsyn_dummy_xlr_wrap_hri.sv Line: 100
    Warning (13410): Pin "dummy_dout[23]" is stuck at GND File: /data/project/tsmc65/shared/qsyn/qsyn_dummy_xlr_wrap/qsyn_dummy_xlr_wrap_hri.sv Line: 100
    Warning (13410): Pin "dummy_dout[28]" is stuck at GND File: /data/project/tsmc65/shared/qsyn/qsyn_dummy_xlr_wrap/qsyn_dummy_xlr_wrap_hri.sv Line: 100
    Warning (13410): Pin "dummy_dout[29]" is stuck at GND File: /data/project/tsmc65/shared/qsyn/qsyn_dummy_xlr_wrap/qsyn_dummy_xlr_wrap_hri.sv Line: 100
    Warning (13410): Pin "dummy_dout[30]" is stuck at GND File: /data/project/tsmc65/shared/qsyn/qsyn_dummy_xlr_wrap/qsyn_dummy_xlr_wrap_hri.sv Line: 100
    Warning (13410): Pin "dummy_dout[31]" is stuck at GND File: /data/project/tsmc65/shared/qsyn/qsyn_dummy_xlr_wrap/qsyn_dummy_xlr_wrap_hri.sv Line: 100
Info (286030): Timing-Driven Synthesis is running
Info (17049): 4 registers lost all their fanouts during netlist optimizations.
Info (144001): Generated suppressed messages file /project/tsmc65/users/perezba/ws/AlwaysSudx/logs/compact-draft/rtl_work/sudx_scan/qsyn_output_files/sudx_scan.map.smsg
Info (16010): Generating hard_block partition "hard_block:auto_generated_inst"
    Info (16011): Adding 0 node(s), including 0 DDIO, 0 PLL, 0 transceiver and 0 LCELL
Warning (21074): Design contains 24 input pin(s) that do not drive logic
    Warning (15610): No output dependent on input pin "host_regs_read_pulse[0]" File: /data/project/tsmc65/shared/qsyn/qsyn_dummy_xlr_wrap/qsyn_dummy_xlr_wrap_hri.sv Line: 27
    Warning (15610): No output dependent on input pin "host_regs_read_pulse[1]" File: /data/project/tsmc65/shared/qsyn/qsyn_dummy_xlr_wrap/qsyn_dummy_xlr_wrap_hri.sv Line: 27
    Warning (15610): No output dependent on input pin "host_regs_read_pulse[2]" File: /data/project/tsmc65/shared/qsyn/qsyn_dummy_xlr_wrap/qsyn_dummy_xlr_wrap_hri.sv Line: 27
    Warning (15610): No output dependent on input pin "host_regs_read_pulse[3]" File: /data/project/tsmc65/shared/qsyn/qsyn_dummy_xlr_wrap/qsyn_dummy_xlr_wrap_hri.sv Line: 27
    Warning (15610): No output dependent on input pin "host_regs_read_pulse[4]" File: /data/project/tsmc65/shared/qsyn/qsyn_dummy_xlr_wrap/qsyn_dummy_xlr_wrap_hri.sv Line: 27
    Warning (15610): No output dependent on input pin "host_regs_read_pulse[5]" File: /data/project/tsmc65/shared/qsyn/qsyn_dummy_xlr_wrap/qsyn_dummy_xlr_wrap_hri.sv Line: 27
    Warning (15610): No output dependent on input pin "host_regs_read_pulse[6]" File: /data/project/tsmc65/shared/qsyn/qsyn_dummy_xlr_wrap/qsyn_dummy_xlr_wrap_hri.sv Line: 27
    Warning (15610): No output dependent on input pin "host_regs_read_pulse[7]" File: /data/project/tsmc65/shared/qsyn/qsyn_dummy_xlr_wrap/qsyn_dummy_xlr_wrap_hri.sv Line: 27
    Warning (15610): No output dependent on input pin "host_regs_read_pulse[8]" File: /data/project/tsmc65/shared/qsyn/qsyn_dummy_xlr_wrap/qsyn_dummy_xlr_wrap_hri.sv Line: 27
    Warning (15610): No output dependent on input pin "host_regs_read_pulse[9]" File: /data/project/tsmc65/shared/qsyn/qsyn_dummy_xlr_wrap/qsyn_dummy_xlr_wrap_hri.sv Line: 27
    Warning (15610): No output dependent on input pin "host_regs_read_pulse[10]" File: /data/project/tsmc65/shared/qsyn/qsyn_dummy_xlr_wrap/qsyn_dummy_xlr_wrap_hri.sv Line: 27
    Warning (15610): No output dependent on input pin "host_regs_read_pulse[11]" File: /data/project/tsmc65/shared/qsyn/qsyn_dummy_xlr_wrap/qsyn_dummy_xlr_wrap_hri.sv Line: 27
    Warning (15610): No output dependent on input pin "host_regs_read_pulse[12]" File: /data/project/tsmc65/shared/qsyn/qsyn_dummy_xlr_wrap/qsyn_dummy_xlr_wrap_hri.sv Line: 27
    Warning (15610): No output dependent on input pin "host_regs_read_pulse[13]" File: /data/project/tsmc65/shared/qsyn/qsyn_dummy_xlr_wrap/qsyn_dummy_xlr_wrap_hri.sv Line: 27
    Warning (15610): No output dependent on input pin "host_regs_read_pulse[14]" File: /data/project/tsmc65/shared/qsyn/qsyn_dummy_xlr_wrap/qsyn_dummy_xlr_wrap_hri.sv Line: 27
    Warning (15610): No output dependent on input pin "host_regs_read_pulse[15]" File: /data/project/tsmc65/shared/qsyn/qsyn_dummy_xlr_wrap/qsyn_dummy_xlr_wrap_hri.sv Line: 27
    Warning (15610): No output dependent on input pin "dummy_din[20]" File: /data/project/tsmc65/shared/qsyn/qsyn_dummy_xlr_wrap/qsyn_dummy_xlr_wrap_hri.sv Line: 29
    Warning (15610): No output dependent on input pin "dummy_din[21]" File: /data/project/tsmc65/shared/qsyn/qsyn_dummy_xlr_wrap/qsyn_dummy_xlr_wrap_hri.sv Line: 29
    Warning (15610): No output dependent on input pin "dummy_din[22]" File: /data/project/tsmc65/shared/qsyn/qsyn_dummy_xlr_wrap/qsyn_dummy_xlr_wrap_hri.sv Line: 29
    Warning (15610): No output dependent on input pin "dummy_din[23]" File: /data/project/tsmc65/shared/qsyn/qsyn_dummy_xlr_wrap/qsyn_dummy_xlr_wrap_hri.sv Line: 29
    Warning (15610): No output dependent on input pin "dummy_din[28]" File: /data/project/tsmc65/shared/qsyn/qsyn_dummy_xlr_wrap/qsyn_dummy_xlr_wrap_hri.sv Line: 29
    Warning (15610): No output dependent on input pin "dummy_din[29]" File: /data/project/tsmc65/shared/qsyn/qsyn_dummy_xlr_wrap/qsyn_dummy_xlr_wrap_hri.sv Line: 29
    Warning (15610): No output dependent on input pin "dummy_din[30]" File: /data/project/tsmc65/shared/qsyn/qsyn_dummy_xlr_wrap/qsyn_dummy_xlr_wrap_hri.sv Line: 29
    Warning (15610): No output dependent on input pin "dummy_din[31]" File: /data/project/tsmc65/shared/qsyn/qsyn_dummy_xlr_wrap/qsyn_dummy_xlr_wrap_hri.sv Line: 29
Info (21057): Implemented 21739 device resources after synthesis - the final resource count might be different
    Info (21058): Implemented 63 input pins
    Info (21059): Implemented 57 output pins
    Info (21061): Implemented 21604 logic cells
    Info (21064): Implemented 15 RAM segments
Info: Quartus Prime Analysis & Synthesis was successful. 0 errors, 66 warnings
    Info: Peak virtual memory: 562 megabytes
    Info: Processing ended: Mon Sep  7 22:26:37 2026
    Info: Elapsed time: 00:05:35
    Info: Total CPU time (on all processors): 00:00:00


+------------------------------------------+
; Analysis & Synthesis Suppressed Messages ;
+------------------------------------------+
The suppressed messages can be found in /project/tsmc65/users/perezba/ws/AlwaysSudx/logs/compact-draft/rtl_work/sudx_scan/qsyn_output_files/sudx_scan.map.smsg.


