Info: *******************************************************************
Info: Running Quartus Prime Timing Analyzer
    Info: Version 24.1std.0 Build 1077 03/04/2025 SC Lite Edition
    Info: Copyright (C) 2025  Altera Corporation. All rights reserved.
    Info: Your use of Altera Corporation's design tools, logic functions 
    Info: and other software and tools, and any partner logic 
    Info: functions, and any output files from any of the foregoing 
    Info: (including device programming or simulation files), and any 
    Info: associated documentation or information are expressly subject 
    Info: to the terms and conditions of the Altera Program License 
    Info: Subscription Agreement, the Altera Quartus Prime License Agreement,
    Info: the Altera IP License Agreement, or other applicable license
    Info: agreement, including, without limitation, that your use is for
    Info: the sole purpose of programming logic devices manufactured by
    Info: Altera and sold by Altera or its authorized distributors.  Please
    Info: refer to the Altera Software License Subscription Agreements 
    Info: on the Quartus Prime software download page.
    Info: Processing started: Mon Sep  7 22:28:03 2026
Info: Command: quartus_sta -t /data/project/tsmc65/shared/qsyn/util/report_worst.tcl sudx_scan
Info: Quartus(args): sudx_scan
Info (21076): High junction temperature operating condition is not set. Assuming a default value of '85'.
Info (21076): Low junction temperature operating condition is not set. Assuming a default value of '0'.
Critical Warning (332012): Synopsys Design Constraints File file not found: '/data/project/tsmc65/shared/qsyn/basic.sdc'. A Synopsys Design Constraints File is required by the Timing Analyzer to get proper timing constraints. Without it, the Compiler will not properly optimize the design.
Info (332142): No user constrained base clocks found in the design. Calling "derive_clocks -period 1.0"
Info (332105): Deriving Clocks
    Info (332105): create_clock -period 1.000 -name clk clk
Info (332143): No user constrained clock uncertainty found in the design. Calling "derive_clock_uncertainty"
Info (332123): Deriving Clock Uncertainty. Please refer to report_sdc in the Timing Analyzer to see clock uncertainties.
Info (332115): Report Timing: Found 20 setup paths (20 violated).  Worst case slack is -12.735
    Info (332115): -setup
    Info (332115): -npaths 20
    Info (332115): -detail full_path
    Info (332115): -stdout
Info (332115): Path #1: Setup slack is -12.735 (VIOLATED)
    Info (332115): ===================================================================
    Info (332115): From Node    : sudx_scan:sudx_scan|sudx_scan_solver:solver|candidate[49][2]
    Info (332115): To Node      : sudx_scan:sudx_scan|sudx_scan_solver:solver|row_index_q[5][3]
    Info (332115): Launch Clock : clk
    Info (332115): Latch Clock  : clk
    Info (332115): Data Arrival Path:
    Info (332115): Total (ns)  Incr (ns)     Type  Element
    Info (332115): ==========  ========= ==  ====  ===================================
    Info (332115):      0.000      0.000           launch edge time
    Info (332115):      0.000      0.000           source latency
    Info (332115):      0.000      0.000           clk
    Info (332115):      0.000      0.000 RR    IC  clk~input|i
    Info (332115):      0.769      0.769 RR  CELL  clk~input|o
    Info (332115):      1.663      0.894 RR    IC  clk~inputclkctrl|inclk[0]
    Info (332115):      1.663      0.000 RR  CELL  clk~inputclkctrl|outclk
    Info (332115):      3.103      1.440 RR    IC  sudx_scan|solver|candidate[49][2]|clk
    Info (332115):      3.613      0.510 RR  CELL  sudx_scan:sudx_scan|sudx_scan_solver:solver|candidate[49][2]
    Info (332115):      3.820      0.207     uTco  sudx_scan:sudx_scan|sudx_scan_solver:solver|candidate[49][2]
    Info (332115):      3.820      0.000 FF  CELL  sudx_scan|solver|candidate[49][2]|q
    Info (332115):      5.689      1.869 FF    IC  sudx_scan|solver|Add393~1|datad
    Info (332115):      5.850      0.161 FR  CELL  sudx_scan|solver|Add393~1|combout
    Info (332115):      6.081      0.231 RR    IC  sudx_scan|solver|Add399~0|datad
    Info (332115):      6.226      0.145 RF  CELL  sudx_scan|solver|Add399~0|combout
    Info (332115):      6.563      0.337 FF    IC  sudx_scan|solver|Add399~2|dataa
    Info (332115):      6.991      0.428 FF  CELL  sudx_scan|solver|Add399~2|combout
    Info (332115):      7.244      0.253 FF    IC  sudx_scan|solver|row_count[5][20][2]~0|datad
    Info (332115):      7.375      0.131 FF  CELL  sudx_scan|solver|row_count[5][20][2]~0|combout
    Info (332115):      8.163      0.788 FF    IC  sudx_scan|solver|LessThan84~4|dataa
    Info (332115):      8.568      0.405 FF  CELL  sudx_scan|solver|LessThan84~4|combout
    Info (332115):      8.849      0.281 FF    IC  sudx_scan|solver|row_count[5][10][3]~2|datad
    Info (332115):      9.010      0.161 FR  CELL  sudx_scan|solver|row_count[5][10][3]~2|combout
    Info (332115):     10.128      1.118 RR    IC  sudx_scan|solver|LessThan79~0|datac
    Info (332115):     10.408      0.280 RF  CELL  sudx_scan|solver|LessThan79~0|combout
    Info (332115):     10.641      0.233 FF    IC  sudx_scan|solver|LessThan79~1|datad
    Info (332115):     10.772      0.131 FF  CELL  sudx_scan|solver|LessThan79~1|combout
    Info (332115):     11.010      0.238 FF    IC  sudx_scan|solver|LessThan79~2|datad
    Info (332115):     11.141      0.131 FF  CELL  sudx_scan|solver|LessThan79~2|combout
    Info (332115):     11.375      0.234 FF    IC  sudx_scan|solver|LessThan79~4|datad
    Info (332115):     11.506      0.131 FF  CELL  sudx_scan|solver|LessThan79~4|combout
    Info (332115):     11.806      0.300 FF    IC  sudx_scan|solver|row_count[5][5][0]~0|datad
    Info (332115):     11.967      0.161 FR  CELL  sudx_scan|solver|row_count[5][5][0]~0|combout
    Info (332115):     12.745      0.778 RR    IC  sudx_scan|solver|LessThan76~0|datab
    Info (332115):     13.194      0.449 RF  CELL  sudx_scan|solver|LessThan76~0|combout
    Info (332115):     13.429      0.235 FF    IC  sudx_scan|solver|LessThan76~1|datad
    Info (332115):     13.590      0.161 FR  CELL  sudx_scan|solver|LessThan76~1|combout
    Info (332115):     13.795      0.205 RR    IC  sudx_scan|solver|LessThan76~2|datad
    Info (332115):     13.961      0.166 RR  CELL  sudx_scan|solver|LessThan76~2|combout
    Info (332115):     14.167      0.206 RR    IC  sudx_scan|solver|LessThan76~3|datad
    Info (332115):     14.312      0.145 RF  CELL  sudx_scan|solver|LessThan76~3|combout
    Info (332115):     15.092      0.780 FF    IC  sudx_scan|solver|LessThan75~3|datad
    Info (332115):     15.223      0.131 FF  CELL  sudx_scan|solver|LessThan75~3|combout
    Info (332115):     15.478      0.255 FF    IC  sudx_scan|solver|LessThan75~5|datac
    Info (332115):     15.781      0.303 FF  CELL  sudx_scan|solver|LessThan75~5|combout
    Info (332115):     16.017      0.236 FF    IC  sudx_scan|solver|LessThan75~6|datad
    Info (332115):     16.178      0.161 FR  CELL  sudx_scan|solver|LessThan75~6|combout
    Info (332115):     16.547      0.369 RR    IC  sudx_scan|solver|LessThan75~9|datac
    Info (332115):     16.831      0.284 RF  CELL  sudx_scan|solver|LessThan75~9|combout
    Info (332115):     17.145      0.314 FF    IC  sudx_scan|solver|row_index[5][1][4]~0|datad
    Info (332115):     17.276      0.131 FF  CELL  sudx_scan|solver|row_index[5][1][4]~0|combout
    Info (332115):     17.510      0.234 FF    IC  sudx_scan|solver|row_index_q[5][3]~5|datad
    Info (332115):     17.671      0.161 FR  CELL  sudx_scan|solver|row_index_q[5][3]~5|combout
    Info (332115):     17.671      0.000 RR    IC  sudx_scan|solver|row_index_q[5][3]|d
    Info (332115):     17.760      0.089 RR  CELL  sudx_scan:sudx_scan|sudx_scan_solver:solver|row_index_q[5][3]
    Info (332115): Data Required Path:
    Info (332115): Total (ns)  Incr (ns)     Type  Element
    Info (332115): ==========  ========= ==  ====  ===================================
    Info (332115):      1.000      1.000           latch edge time
    Info (332115):      1.000      0.000           source latency
    Info (332115):      1.000      0.000           clk
    Info (332115):      1.000      0.000 RR    IC  clk~input|i
    Info (332115):      1.769      0.769 RR  CELL  clk~input|o
    Info (332115):      2.627      0.858 RR    IC  clk~inputclkctrl|inclk[0]
    Info (332115):      2.627      0.000 RR  CELL  clk~inputclkctrl|outclk
    Info (332115):      4.498      1.871 RR    IC  sudx_scan|solver|row_index_q[5][3]|clk
    Info (332115):      4.973      0.475 RR  CELL  sudx_scan:sudx_scan|sudx_scan_solver:solver|row_index_q[5][3]
    Info (332115):      5.032      0.059           clock pessimism removed
    Info (332115):      5.012     -0.020           clock uncertainty
    Info (332115):      5.025      0.013     uTsu  sudx_scan:sudx_scan|sudx_scan_solver:solver|row_index_q[5][3]
    Info (332115): Data Arrival Time  :    17.760
    Info (332115): Data Required Time :     5.025
    Info (332115): Slack              :   -12.735 (VIOLATED)
    Info (332115): ===================================================================
Info (332115): Path #2: Setup slack is -12.699 (VIOLATED)
    Info (332115): ===================================================================
    Info (332115): From Node    : sudx_scan:sudx_scan|sudx_scan_solver:solver|candidate[49][2]
    Info (332115): To Node      : sudx_scan:sudx_scan|sudx_scan_solver:solver|row_index_q[5][3]
    Info (332115): Launch Clock : clk
    Info (332115): Latch Clock  : clk
    Info (332115): Data Arrival Path:
    Info (332115): Total (ns)  Incr (ns)     Type  Element
    Info (332115): ==========  ========= ==  ====  ===================================
    Info (332115):      0.000      0.000           launch edge time
    Info (332115):      0.000      0.000           source latency
    Info (332115):      0.000      0.000           clk
    Info (332115):      0.000      0.000 RR    IC  clk~input|i
    Info (332115):      0.769      0.769 RR  CELL  clk~input|o
    Info (332115):      1.663      0.894 RR    IC  clk~inputclkctrl|inclk[0]
    Info (332115):      1.663      0.000 RR  CELL  clk~inputclkctrl|outclk
    Info (332115):      3.103      1.440 RR    IC  sudx_scan|solver|candidate[49][2]|clk
    Info (332115):      3.613      0.510 RR  CELL  sudx_scan:sudx_scan|sudx_scan_solver:solver|candidate[49][2]
    Info (332115):      3.820      0.207     uTco  sudx_scan:sudx_scan|sudx_scan_solver:solver|candidate[49][2]
    Info (332115):      3.820      0.000 FF  CELL  sudx_scan|solver|candidate[49][2]|q
    Info (332115):      5.689      1.869 FF    IC  sudx_scan|solver|Add393~1|datad
    Info (332115):      5.850      0.161 FR  CELL  sudx_scan|solver|Add393~1|combout
    Info (332115):      6.081      0.231 RR    IC  sudx_scan|solver|Add399~0|datad
    Info (332115):      6.226      0.145 RF  CELL  sudx_scan|solver|Add399~0|combout
    Info (332115):      6.563      0.337 FF    IC  sudx_scan|solver|Add399~2|dataa
    Info (332115):      6.991      0.428 FF  CELL  sudx_scan|solver|Add399~2|combout
    Info (332115):      7.244      0.253 FF    IC  sudx_scan|solver|row_count[5][20][2]~0|datad
    Info (332115):      7.375      0.131 FF  CELL  sudx_scan|solver|row_count[5][20][2]~0|combout
    Info (332115):      8.163      0.788 FF    IC  sudx_scan|solver|LessThan84~4|dataa
    Info (332115):      8.568      0.405 FF  CELL  sudx_scan|solver|LessThan84~4|combout
    Info (332115):      8.849      0.281 FF    IC  sudx_scan|solver|row_count[5][10][3]~2|datad
    Info (332115):      9.010      0.161 FR  CELL  sudx_scan|solver|row_count[5][10][3]~2|combout
    Info (332115):     10.128      1.118 RR    IC  sudx_scan|solver|LessThan79~0|datac
    Info (332115):     10.408      0.280 RF  CELL  sudx_scan|solver|LessThan79~0|combout
    Info (332115):     10.641      0.233 FF    IC  sudx_scan|solver|LessThan79~1|datad
    Info (332115):     10.772      0.131 FF  CELL  sudx_scan|solver|LessThan79~1|combout
    Info (332115):     11.010      0.238 FF    IC  sudx_scan|solver|LessThan79~2|datad
    Info (332115):     11.141      0.131 FF  CELL  sudx_scan|solver|LessThan79~2|combout
    Info (332115):     11.375      0.234 FF    IC  sudx_scan|solver|LessThan79~4|datad
    Info (332115):     11.506      0.131 FF  CELL  sudx_scan|solver|LessThan79~4|combout
    Info (332115):     11.803      0.297 FF    IC  sudx_scan|solver|row_count[5][5][3]~1|datad
    Info (332115):     11.964      0.161 FR  CELL  sudx_scan|solver|row_count[5][5][3]~1|combout
    Info (332115):     12.726      0.762 RR    IC  sudx_scan|solver|LessThan76~0|dataa
    Info (332115):     13.148      0.422 RR  CELL  sudx_scan|solver|LessThan76~0|combout
    Info (332115):     13.352      0.204 RR    IC  sudx_scan|solver|LessThan76~1|datad
    Info (332115):     13.497      0.145 RF  CELL  sudx_scan|solver|LessThan76~1|combout
    Info (332115):     13.733      0.236 FF    IC  sudx_scan|solver|LessThan76~2|datad
    Info (332115):     13.864      0.131 FF  CELL  sudx_scan|solver|LessThan76~2|combout
    Info (332115):     14.103      0.239 FF    IC  sudx_scan|solver|LessThan76~3|datad
    Info (332115):     14.264      0.161 FR  CELL  sudx_scan|solver|LessThan76~3|combout
    Info (332115):     15.042      0.778 RR    IC  sudx_scan|solver|LessThan75~3|datad
    Info (332115):     15.187      0.145 RF  CELL  sudx_scan|solver|LessThan75~3|combout
    Info (332115):     15.442      0.255 FF    IC  sudx_scan|solver|LessThan75~5|datac
    Info (332115):     15.745      0.303 FF  CELL  sudx_scan|solver|LessThan75~5|combout
    Info (332115):     15.981      0.236 FF    IC  sudx_scan|solver|LessThan75~6|datad
    Info (332115):     16.142      0.161 FR  CELL  sudx_scan|solver|LessThan75~6|combout
    Info (332115):     16.511      0.369 RR    IC  sudx_scan|solver|LessThan75~9|datac
    Info (332115):     16.795      0.284 RF  CELL  sudx_scan|solver|LessThan75~9|combout
    Info (332115):     17.109      0.314 FF    IC  sudx_scan|solver|row_index[5][1][4]~0|datad
    Info (332115):     17.240      0.131 FF  CELL  sudx_scan|solver|row_index[5][1][4]~0|combout
    Info (332115):     17.474      0.234 FF    IC  sudx_scan|solver|row_index_q[5][3]~5|datad
    Info (332115):     17.635      0.161 FR  CELL  sudx_scan|solver|row_index_q[5][3]~5|combout
    Info (332115):     17.635      0.000 RR    IC  sudx_scan|solver|row_index_q[5][3]|d
    Info (332115):     17.724      0.089 RR  CELL  sudx_scan:sudx_scan|sudx_scan_solver:solver|row_index_q[5][3]
    Info (332115): Data Required Path:
    Info (332115): Total (ns)  Incr (ns)     Type  Element
    Info (332115): ==========  ========= ==  ====  ===================================
    Info (332115):      1.000      1.000           latch edge time
    Info (332115):      1.000      0.000           source latency
    Info (332115):      1.000      0.000           clk
    Info (332115):      1.000      0.000 RR    IC  clk~input|i
    Info (332115):      1.769      0.769 RR  CELL  clk~input|o
    Info (332115):      2.627      0.858 RR    IC  clk~inputclkctrl|inclk[0]
    Info (332115):      2.627      0.000 RR  CELL  clk~inputclkctrl|outclk
    Info (332115):      4.498      1.871 RR    IC  sudx_scan|solver|row_index_q[5][3]|clk
    Info (332115):      4.973      0.475 RR  CELL  sudx_scan:sudx_scan|sudx_scan_solver:solver|row_index_q[5][3]
    Info (332115):      5.032      0.059           clock pessimism removed
    Info (332115):      5.012     -0.020           clock uncertainty
    Info (332115):      5.025      0.013     uTsu  sudx_scan:sudx_scan|sudx_scan_solver:solver|row_index_q[5][3]
    Info (332115): Data Arrival Time  :    17.724
    Info (332115): Data Required Time :     5.025
    Info (332115): Slack              :   -12.699 (VIOLATED)
    Info (332115): ===================================================================
Info (332115): Path #3: Setup slack is -12.680 (VIOLATED)
    Info (332115): ===================================================================
    Info (332115): From Node    : sudx_scan:sudx_scan|sudx_scan_solver:solver|candidate[49][2]
    Info (332115): To Node      : sudx_scan:sudx_scan|sudx_scan_solver:solver|row_index_q[5][3]
    Info (332115): Launch Clock : clk
    Info (332115): Latch Clock  : clk
    Info (332115): Data Arrival Path:
    Info (332115): Total (ns)  Incr (ns)     Type  Element
    Info (332115): ==========  ========= ==  ====  ===================================
    Info (332115):      0.000      0.000           launch edge time
    Info (332115):      0.000      0.000           source latency
    Info (332115):      0.000      0.000           clk
    Info (332115):      0.000      0.000 RR    IC  clk~input|i
    Info (332115):      0.769      0.769 RR  CELL  clk~input|o
    Info (332115):      1.663      0.894 RR    IC  clk~inputclkctrl|inclk[0]
    Info (332115):      1.663      0.000 RR  CELL  clk~inputclkctrl|outclk
    Info (332115):      3.103      1.440 RR    IC  sudx_scan|solver|candidate[49][2]|clk
    Info (332115):      3.613      0.510 RR  CELL  sudx_scan:sudx_scan|sudx_scan_solver:solver|candidate[49][2]
    Info (332115):      3.820      0.207     uTco  sudx_scan:sudx_scan|sudx_scan_solver:solver|candidate[49][2]
    Info (332115):      3.820      0.000 FF  CELL  sudx_scan|solver|candidate[49][2]|q
    Info (332115):      5.691      1.871 FF    IC  sudx_scan|solver|Add393~0|datad
    Info (332115):      5.822      0.131 FF  CELL  sudx_scan|solver|Add393~0|combout
    Info (332115):      6.077      0.255 FF    IC  sudx_scan|solver|Add398~0|datac
    Info (332115):      6.380      0.303 FF  CELL  sudx_scan|solver|Add398~0|combout
    Info (332115):      6.633      0.253 FF    IC  sudx_scan|solver|Add399~2|datac
    Info (332115):      6.936      0.303 FF  CELL  sudx_scan|solver|Add399~2|combout
    Info (332115):      7.189      0.253 FF    IC  sudx_scan|solver|row_count[5][20][2]~0|datad
    Info (332115):      7.320      0.131 FF  CELL  sudx_scan|solver|row_count[5][20][2]~0|combout
    Info (332115):      8.108      0.788 FF    IC  sudx_scan|solver|LessThan84~4|dataa
    Info (332115):      8.513      0.405 FF  CELL  sudx_scan|solver|LessThan84~4|combout
    Info (332115):      8.794      0.281 FF    IC  sudx_scan|solver|row_count[5][10][3]~2|datad
    Info (332115):      8.955      0.161 FR  CELL  sudx_scan|solver|row_count[5][10][3]~2|combout
    Info (332115):     10.073      1.118 RR    IC  sudx_scan|solver|LessThan79~0|datac
    Info (332115):     10.353      0.280 RF  CELL  sudx_scan|solver|LessThan79~0|combout
    Info (332115):     10.586      0.233 FF    IC  sudx_scan|solver|LessThan79~1|datad
    Info (332115):     10.717      0.131 FF  CELL  sudx_scan|solver|LessThan79~1|combout
    Info (332115):     10.955      0.238 FF    IC  sudx_scan|solver|LessThan79~2|datad
    Info (332115):     11.086      0.131 FF  CELL  sudx_scan|solver|LessThan79~2|combout
    Info (332115):     11.320      0.234 FF    IC  sudx_scan|solver|LessThan79~4|datad
    Info (332115):     11.451      0.131 FF  CELL  sudx_scan|solver|LessThan79~4|combout
    Info (332115):     11.751      0.300 FF    IC  sudx_scan|solver|row_count[5][5][0]~0|datad
    Info (332115):     11.912      0.161 FR  CELL  sudx_scan|solver|row_count[5][5][0]~0|combout
    Info (332115):     12.690      0.778 RR    IC  sudx_scan|solver|LessThan76~0|datab
    Info (332115):     13.139      0.449 RF  CELL  sudx_scan|solver|LessThan76~0|combout
    Info (332115):     13.374      0.235 FF    IC  sudx_scan|solver|LessThan76~1|datad
    Info (332115):     13.535      0.161 FR  CELL  sudx_scan|solver|LessThan76~1|combout
    Info (332115):     13.740      0.205 RR    IC  sudx_scan|solver|LessThan76~2|datad
    Info (332115):     13.906      0.166 RR  CELL  sudx_scan|solver|LessThan76~2|combout
    Info (332115):     14.112      0.206 RR    IC  sudx_scan|solver|LessThan76~3|datad
    Info (332115):     14.257      0.145 RF  CELL  sudx_scan|solver|LessThan76~3|combout
    Info (332115):     15.037      0.780 FF    IC  sudx_scan|solver|LessThan75~3|datad
    Info (332115):     15.168      0.131 FF  CELL  sudx_scan|solver|LessThan75~3|combout
    Info (332115):     15.423      0.255 FF    IC  sudx_scan|solver|LessThan75~5|datac
    Info (332115):     15.726      0.303 FF  CELL  sudx_scan|solver|LessThan75~5|combout
    Info (332115):     15.962      0.236 FF    IC  sudx_scan|solver|LessThan75~6|datad
    Info (332115):     16.123      0.161 FR  CELL  sudx_scan|solver|LessThan75~6|combout
    Info (332115):     16.492      0.369 RR    IC  sudx_scan|solver|LessThan75~9|datac
    Info (332115):     16.776      0.284 RF  CELL  sudx_scan|solver|LessThan75~9|combout
    Info (332115):     17.090      0.314 FF    IC  sudx_scan|solver|row_index[5][1][4]~0|datad
    Info (332115):     17.221      0.131 FF  CELL  sudx_scan|solver|row_index[5][1][4]~0|combout
    Info (332115):     17.455      0.234 FF    IC  sudx_scan|solver|row_index_q[5][3]~5|datad
    Info (332115):     17.616      0.161 FR  CELL  sudx_scan|solver|row_index_q[5][3]~5|combout
    Info (332115):     17.616      0.000 RR    IC  sudx_scan|solver|row_index_q[5][3]|d
    Info (332115):     17.705      0.089 RR  CELL  sudx_scan:sudx_scan|sudx_scan_solver:solver|row_index_q[5][3]
    Info (332115): Data Required Path:
    Info (332115): Total (ns)  Incr (ns)     Type  Element
    Info (332115): ==========  ========= ==  ====  ===================================
    Info (332115):      1.000      1.000           latch edge time
    Info (332115):      1.000      0.000           source latency
    Info (332115):      1.000      0.000           clk
    Info (332115):      1.000      0.000 RR    IC  clk~input|i
    Info (332115):      1.769      0.769 RR  CELL  clk~input|o
    Info (332115):      2.627      0.858 RR    IC  clk~inputclkctrl|inclk[0]
    Info (332115):      2.627      0.000 RR  CELL  clk~inputclkctrl|outclk
    Info (332115):      4.498      1.871 RR    IC  sudx_scan|solver|row_index_q[5][3]|clk
    Info (332115):      4.973      0.475 RR  CELL  sudx_scan:sudx_scan|sudx_scan_solver:solver|row_index_q[5][3]
    Info (332115):      5.032      0.059           clock pessimism removed
    Info (332115):      5.012     -0.020           clock uncertainty
    Info (332115):      5.025      0.013     uTsu  sudx_scan:sudx_scan|sudx_scan_solver:solver|row_index_q[5][3]
    Info (332115): Data Arrival Time  :    17.705
    Info (332115): Data Required Time :     5.025
    Info (332115): Slack              :   -12.680 (VIOLATED)
    Info (332115): ===================================================================
Info (332115): Path #4: Setup slack is -12.644 (VIOLATED)
    Info (332115): ===================================================================
    Info (332115): From Node    : sudx_scan:sudx_scan|sudx_scan_solver:solver|candidate[49][2]
    Info (332115): To Node      : sudx_scan:sudx_scan|sudx_scan_solver:solver|row_index_q[5][3]
    Info (332115): Launch Clock : clk
    Info (332115): Latch Clock  : clk
    Info (332115): Data Arrival Path:
    Info (332115): Total (ns)  Incr (ns)     Type  Element
    Info (332115): ==========  ========= ==  ====  ===================================
    Info (332115):      0.000      0.000           launch edge time
    Info (332115):      0.000      0.000           source latency
    Info (332115):      0.000      0.000           clk
    Info (332115):      0.000      0.000 RR    IC  clk~input|i
    Info (332115):      0.769      0.769 RR  CELL  clk~input|o
    Info (332115):      1.663      0.894 RR    IC  clk~inputclkctrl|inclk[0]
    Info (332115):      1.663      0.000 RR  CELL  clk~inputclkctrl|outclk
    Info (332115):      3.103      1.440 RR    IC  sudx_scan|solver|candidate[49][2]|clk
    Info (332115):      3.613      0.510 RR  CELL  sudx_scan:sudx_scan|sudx_scan_solver:solver|candidate[49][2]
    Info (332115):      3.820      0.207     uTco  sudx_scan:sudx_scan|sudx_scan_solver:solver|candidate[49][2]
    Info (332115):      3.820      0.000 FF  CELL  sudx_scan|solver|candidate[49][2]|q
    Info (332115):      5.691      1.871 FF    IC  sudx_scan|solver|Add393~0|datad
    Info (332115):      5.822      0.131 FF  CELL  sudx_scan|solver|Add393~0|combout
    Info (332115):      6.077      0.255 FF    IC  sudx_scan|solver|Add398~0|datac
    Info (332115):      6.380      0.303 FF  CELL  sudx_scan|solver|Add398~0|combout
    Info (332115):      6.633      0.253 FF    IC  sudx_scan|solver|Add399~2|datac
    Info (332115):      6.936      0.303 FF  CELL  sudx_scan|solver|Add399~2|combout
    Info (332115):      7.189      0.253 FF    IC  sudx_scan|solver|row_count[5][20][2]~0|datad
    Info (332115):      7.320      0.131 FF  CELL  sudx_scan|solver|row_count[5][20][2]~0|combout
    Info (332115):      8.108      0.788 FF    IC  sudx_scan|solver|LessThan84~4|dataa
    Info (332115):      8.513      0.405 FF  CELL  sudx_scan|solver|LessThan84~4|combout
    Info (332115):      8.794      0.281 FF    IC  sudx_scan|solver|row_count[5][10][3]~2|datad
    Info (332115):      8.955      0.161 FR  CELL  sudx_scan|solver|row_count[5][10][3]~2|combout
    Info (332115):     10.073      1.118 RR    IC  sudx_scan|solver|LessThan79~0|datac
    Info (332115):     10.353      0.280 RF  CELL  sudx_scan|solver|LessThan79~0|combout
    Info (332115):     10.586      0.233 FF    IC  sudx_scan|solver|LessThan79~1|datad
    Info (332115):     10.717      0.131 FF  CELL  sudx_scan|solver|LessThan79~1|combout
    Info (332115):     10.955      0.238 FF    IC  sudx_scan|solver|LessThan79~2|datad
    Info (332115):     11.086      0.131 FF  CELL  sudx_scan|solver|LessThan79~2|combout
    Info (332115):     11.320      0.234 FF    IC  sudx_scan|solver|LessThan79~4|datad
    Info (332115):     11.451      0.131 FF  CELL  sudx_scan|solver|LessThan79~4|combout
    Info (332115):     11.748      0.297 FF    IC  sudx_scan|solver|row_count[5][5][3]~1|datad
    Info (332115):     11.909      0.161 FR  CELL  sudx_scan|solver|row_count[5][5][3]~1|combout
    Info (332115):     12.671      0.762 RR    IC  sudx_scan|solver|LessThan76~0|dataa
    Info (332115):     13.093      0.422 RR  CELL  sudx_scan|solver|LessThan76~0|combout
    Info (332115):     13.297      0.204 RR    IC  sudx_scan|solver|LessThan76~1|datad
    Info (332115):     13.442      0.145 RF  CELL  sudx_scan|solver|LessThan76~1|combout
    Info (332115):     13.678      0.236 FF    IC  sudx_scan|solver|LessThan76~2|datad
    Info (332115):     13.809      0.131 FF  CELL  sudx_scan|solver|LessThan76~2|combout
    Info (332115):     14.048      0.239 FF    IC  sudx_scan|solver|LessThan76~3|datad
    Info (332115):     14.209      0.161 FR  CELL  sudx_scan|solver|LessThan76~3|combout
    Info (332115):     14.987      0.778 RR    IC  sudx_scan|solver|LessThan75~3|datad
    Info (332115):     15.132      0.145 RF  CELL  sudx_scan|solver|LessThan75~3|combout
    Info (332115):     15.387      0.255 FF    IC  sudx_scan|solver|LessThan75~5|datac
    Info (332115):     15.690      0.303 FF  CELL  sudx_scan|solver|LessThan75~5|combout
    Info (332115):     15.926      0.236 FF    IC  sudx_scan|solver|LessThan75~6|datad
    Info (332115):     16.087      0.161 FR  CELL  sudx_scan|solver|LessThan75~6|combout
    Info (332115):     16.456      0.369 RR    IC  sudx_scan|solver|LessThan75~9|datac
    Info (332115):     16.740      0.284 RF  CELL  sudx_scan|solver|LessThan75~9|combout
    Info (332115):     17.054      0.314 FF    IC  sudx_scan|solver|row_index[5][1][4]~0|datad
    Info (332115):     17.185      0.131 FF  CELL  sudx_scan|solver|row_index[5][1][4]~0|combout
    Info (332115):     17.419      0.234 FF    IC  sudx_scan|solver|row_index_q[5][3]~5|datad
    Info (332115):     17.580      0.161 FR  CELL  sudx_scan|solver|row_index_q[5][3]~5|combout
    Info (332115):     17.580      0.000 RR    IC  sudx_scan|solver|row_index_q[5][3]|d
    Info (332115):     17.669      0.089 RR  CELL  sudx_scan:sudx_scan|sudx_scan_solver:solver|row_index_q[5][3]
    Info (332115): Data Required Path:
    Info (332115): Total (ns)  Incr (ns)     Type  Element
    Info (332115): ==========  ========= ==  ====  ===================================
    Info (332115):      1.000      1.000           latch edge time
    Info (332115):      1.000      0.000           source latency
    Info (332115):      1.000      0.000           clk
    Info (332115):      1.000      0.000 RR    IC  clk~input|i
    Info (332115):      1.769      0.769 RR  CELL  clk~input|o
    Info (332115):      2.627      0.858 RR    IC  clk~inputclkctrl|inclk[0]
    Info (332115):      2.627      0.000 RR  CELL  clk~inputclkctrl|outclk
    Info (332115):      4.498      1.871 RR    IC  sudx_scan|solver|row_index_q[5][3]|clk
    Info (332115):      4.973      0.475 RR  CELL  sudx_scan:sudx_scan|sudx_scan_solver:solver|row_index_q[5][3]
    Info (332115):      5.032      0.059           clock pessimism removed
    Info (332115):      5.012     -0.020           clock uncertainty
    Info (332115):      5.025      0.013     uTsu  sudx_scan:sudx_scan|sudx_scan_solver:solver|row_index_q[5][3]
    Info (332115): Data Arrival Time  :    17.669
    Info (332115): Data Required Time :     5.025
    Info (332115): Slack              :   -12.644 (VIOLATED)
    Info (332115): ===================================================================
Info (332115): Path #5: Setup slack is -12.600 (VIOLATED)
    Info (332115): ===================================================================
    Info (332115): From Node    : sudx_scan:sudx_scan|sudx_scan_solver:solver|candidate[49][2]
    Info (332115): To Node      : sudx_scan:sudx_scan|sudx_scan_solver:solver|row_index_q[5][3]
    Info (332115): Launch Clock : clk
    Info (332115): Latch Clock  : clk
    Info (332115): Data Arrival Path:
    Info (332115): Total (ns)  Incr (ns)     Type  Element
    Info (332115): ==========  ========= ==  ====  ===================================
    Info (332115):      0.000      0.000           launch edge time
    Info (332115):      0.000      0.000           source latency
    Info (332115):      0.000      0.000           clk
    Info (332115):      0.000      0.000 RR    IC  clk~input|i
    Info (332115):      0.769      0.769 RR  CELL  clk~input|o
    Info (332115):      1.663      0.894 RR    IC  clk~inputclkctrl|inclk[0]
    Info (332115):      1.663      0.000 RR  CELL  clk~inputclkctrl|outclk
    Info (332115):      3.103      1.440 RR    IC  sudx_scan|solver|candidate[49][2]|clk
    Info (332115):      3.613      0.510 RR  CELL  sudx_scan:sudx_scan|sudx_scan_solver:solver|candidate[49][2]
    Info (332115):      3.820      0.207     uTco  sudx_scan:sudx_scan|sudx_scan_solver:solver|candidate[49][2]
    Info (332115):      3.820      0.000 FF  CELL  sudx_scan|solver|candidate[49][2]|q
    Info (332115):      5.689      1.869 FF    IC  sudx_scan|solver|Add393~1|datad
    Info (332115):      5.850      0.161 FR  CELL  sudx_scan|solver|Add393~1|combout
    Info (332115):      6.081      0.231 RR    IC  sudx_scan|solver|Add399~0|datad
    Info (332115):      6.226      0.145 RF  CELL  sudx_scan|solver|Add399~0|combout
    Info (332115):      6.563      0.337 FF    IC  sudx_scan|solver|Add399~2|dataa
    Info (332115):      6.991      0.428 FF  CELL  sudx_scan|solver|Add399~2|combout
    Info (332115):      7.244      0.253 FF    IC  sudx_scan|solver|row_count[5][20][2]~0|datad
    Info (332115):      7.375      0.131 FF  CELL  sudx_scan|solver|row_count[5][20][2]~0|combout
    Info (332115):      8.163      0.788 FF    IC  sudx_scan|solver|LessThan84~4|dataa
    Info (332115):      8.568      0.405 FF  CELL  sudx_scan|solver|LessThan84~4|combout
    Info (332115):      8.849      0.281 FF    IC  sudx_scan|solver|row_count[5][10][3]~2|datad
    Info (332115):      9.010      0.161 FR  CELL  sudx_scan|solver|row_count[5][10][3]~2|combout
    Info (332115):     10.128      1.118 RR    IC  sudx_scan|solver|LessThan79~0|datac
    Info (332115):     10.408      0.280 RF  CELL  sudx_scan|solver|LessThan79~0|combout
    Info (332115):     10.641      0.233 FF    IC  sudx_scan|solver|LessThan79~1|datad
    Info (332115):     10.772      0.131 FF  CELL  sudx_scan|solver|LessThan79~1|combout
    Info (332115):     11.010      0.238 FF    IC  sudx_scan|solver|LessThan79~2|datad
    Info (332115):     11.141      0.131 FF  CELL  sudx_scan|solver|LessThan79~2|combout
    Info (332115):     11.375      0.234 FF    IC  sudx_scan|solver|LessThan79~4|datad
    Info (332115):     11.506      0.131 FF  CELL  sudx_scan|solver|LessThan79~4|combout
    Info (332115):     11.806      0.300 FF    IC  sudx_scan|solver|row_count[5][5][0]~0|datad
    Info (332115):     11.967      0.161 FR  CELL  sudx_scan|solver|row_count[5][5][0]~0|combout
    Info (332115):     12.745      0.778 RR    IC  sudx_scan|solver|LessThan76~0|datab
    Info (332115):     13.194      0.449 RF  CELL  sudx_scan|solver|LessThan76~0|combout
    Info (332115):     13.429      0.235 FF    IC  sudx_scan|solver|LessThan76~1|datad
    Info (332115):     13.590      0.161 FR  CELL  sudx_scan|solver|LessThan76~1|combout
    Info (332115):     13.795      0.205 RR    IC  sudx_scan|solver|LessThan76~2|datad
    Info (332115):     13.961      0.166 RR  CELL  sudx_scan|solver|LessThan76~2|combout
    Info (332115):     14.167      0.206 RR    IC  sudx_scan|solver|LessThan76~3|datad
    Info (332115):     14.312      0.145 RF  CELL  sudx_scan|solver|LessThan76~3|combout
    Info (332115):     14.830      0.518 FF    IC  sudx_scan|solver|row_count[5][2][0]~0|datad
    Info (332115):     14.961      0.131 FF  CELL  sudx_scan|solver|row_count[5][2][0]~0|combout
    Info (332115):     15.215      0.254 FF    IC  sudx_scan|solver|LessThan75~7|datac
    Info (332115):     15.518      0.303 FF  CELL  sudx_scan|solver|LessThan75~7|combout
    Info (332115):     15.759      0.241 FF    IC  sudx_scan|solver|LessThan75~8|datac
    Info (332115):     16.062      0.303 FF  CELL  sudx_scan|solver|LessThan75~8|combout
    Info (332115):     16.342      0.280 FF    IC  sudx_scan|solver|LessThan75~9|datab
    Info (332115):     16.696      0.354 FF  CELL  sudx_scan|solver|LessThan75~9|combout
    Info (332115):     17.010      0.314 FF    IC  sudx_scan|solver|row_index[5][1][4]~0|datad
    Info (332115):     17.141      0.131 FF  CELL  sudx_scan|solver|row_index[5][1][4]~0|combout
    Info (332115):     17.375      0.234 FF    IC  sudx_scan|solver|row_index_q[5][3]~5|datad
    Info (332115):     17.536      0.161 FR  CELL  sudx_scan|solver|row_index_q[5][3]~5|combout
    Info (332115):     17.536      0.000 RR    IC  sudx_scan|solver|row_index_q[5][3]|d
    Info (332115):     17.625      0.089 RR  CELL  sudx_scan:sudx_scan|sudx_scan_solver:solver|row_index_q[5][3]
    Info (332115): Data Required Path:
    Info (332115): Total (ns)  Incr (ns)     Type  Element
    Info (332115): ==========  ========= ==  ====  ===================================
    Info (332115):      1.000      1.000           latch edge time
    Info (332115):      1.000      0.000           source latency
    Info (332115):      1.000      0.000           clk
    Info (332115):      1.000      0.000 RR    IC  clk~input|i
    Info (332115):      1.769      0.769 RR  CELL  clk~input|o
    Info (332115):      2.627      0.858 RR    IC  clk~inputclkctrl|inclk[0]
    Info (332115):      2.627      0.000 RR  CELL  clk~inputclkctrl|outclk
    Info (332115):      4.498      1.871 RR    IC  sudx_scan|solver|row_index_q[5][3]|clk
    Info (332115):      4.973      0.475 RR  CELL  sudx_scan:sudx_scan|sudx_scan_solver:solver|row_index_q[5][3]
    Info (332115):      5.032      0.059           clock pessimism removed
    Info (332115):      5.012     -0.020           clock uncertainty
    Info (332115):      5.025      0.013     uTsu  sudx_scan:sudx_scan|sudx_scan_solver:solver|row_index_q[5][3]
    Info (332115): Data Arrival Time  :    17.625
    Info (332115): Data Required Time :     5.025
    Info (332115): Slack              :   -12.600 (VIOLATED)
    Info (332115): ===================================================================
Info (332115): Path #6: Setup slack is -12.597 (VIOLATED)
    Info (332115): ===================================================================
    Info (332115): From Node    : sudx_scan:sudx_scan|sudx_scan_solver:solver|candidate[49][2]
    Info (332115): To Node      : sudx_scan:sudx_scan|sudx_scan_solver:solver|row_index_q[5][3]
    Info (332115): Launch Clock : clk
    Info (332115): Latch Clock  : clk
    Info (332115): Data Arrival Path:
    Info (332115): Total (ns)  Incr (ns)     Type  Element
    Info (332115): ==========  ========= ==  ====  ===================================
    Info (332115):      0.000      0.000           launch edge time
    Info (332115):      0.000      0.000           source latency
    Info (332115):      0.000      0.000           clk
    Info (332115):      0.000      0.000 RR    IC  clk~input|i
    Info (332115):      0.769      0.769 RR  CELL  clk~input|o
    Info (332115):      1.663      0.894 RR    IC  clk~inputclkctrl|inclk[0]
    Info (332115):      1.663      0.000 RR  CELL  clk~inputclkctrl|outclk
    Info (332115):      3.103      1.440 RR    IC  sudx_scan|solver|candidate[49][2]|clk
    Info (332115):      3.613      0.510 RR  CELL  sudx_scan:sudx_scan|sudx_scan_solver:solver|candidate[49][2]
    Info (332115):      3.820      0.207     uTco  sudx_scan:sudx_scan|sudx_scan_solver:solver|candidate[49][2]
    Info (332115):      3.820      0.000 FF  CELL  sudx_scan|solver|candidate[49][2]|q
    Info (332115):      5.689      1.869 FF    IC  sudx_scan|solver|Add393~1|datad
    Info (332115):      5.850      0.161 FR  CELL  sudx_scan|solver|Add393~1|combout
    Info (332115):      6.081      0.231 RR    IC  sudx_scan|solver|Add399~0|datad
    Info (332115):      6.226      0.145 RF  CELL  sudx_scan|solver|Add399~0|combout
    Info (332115):      6.563      0.337 FF    IC  sudx_scan|solver|Add399~2|dataa
    Info (332115):      6.991      0.428 FF  CELL  sudx_scan|solver|Add399~2|combout
    Info (332115):      7.244      0.253 FF    IC  sudx_scan|solver|row_count[5][20][2]~0|datad
    Info (332115):      7.375      0.131 FF  CELL  sudx_scan|solver|row_count[5][20][2]~0|combout
    Info (332115):      8.163      0.788 FF    IC  sudx_scan|solver|LessThan84~4|dataa
    Info (332115):      8.568      0.405 FF  CELL  sudx_scan|solver|LessThan84~4|combout
    Info (332115):      9.381      0.813 FF    IC  sudx_scan|solver|row_count[5][10][2]~2|dataa
    Info (332115):      9.809      0.428 FF  CELL  sudx_scan|solver|row_count[5][10][2]~2|combout
    Info (332115):     10.599      0.790 FF    IC  sudx_scan|solver|LessThan79~2|datab
    Info (332115):     11.003      0.404 FF  CELL  sudx_scan|solver|LessThan79~2|combout
    Info (332115):     11.237      0.234 FF    IC  sudx_scan|solver|LessThan79~4|datad
    Info (332115):     11.368      0.131 FF  CELL  sudx_scan|solver|LessThan79~4|combout
    Info (332115):     11.668      0.300 FF    IC  sudx_scan|solver|row_count[5][5][0]~0|datad
    Info (332115):     11.829      0.161 FR  CELL  sudx_scan|solver|row_count[5][5][0]~0|combout
    Info (332115):     12.607      0.778 RR    IC  sudx_scan|solver|LessThan76~0|datab
    Info (332115):     13.056      0.449 RF  CELL  sudx_scan|solver|LessThan76~0|combout
    Info (332115):     13.291      0.235 FF    IC  sudx_scan|solver|LessThan76~1|datad
    Info (332115):     13.452      0.161 FR  CELL  sudx_scan|solver|LessThan76~1|combout
    Info (332115):     13.657      0.205 RR    IC  sudx_scan|solver|LessThan76~2|datad
    Info (332115):     13.823      0.166 RR  CELL  sudx_scan|solver|LessThan76~2|combout
    Info (332115):     14.029      0.206 RR    IC  sudx_scan|solver|LessThan76~3|datad
    Info (332115):     14.174      0.145 RF  CELL  sudx_scan|solver|LessThan76~3|combout
    Info (332115):     14.954      0.780 FF    IC  sudx_scan|solver|LessThan75~3|datad
    Info (332115):     15.085      0.131 FF  CELL  sudx_scan|solver|LessThan75~3|combout
    Info (332115):     15.340      0.255 FF    IC  sudx_scan|solver|LessThan75~5|datac
    Info (332115):     15.643      0.303 FF  CELL  sudx_scan|solver|LessThan75~5|combout
    Info (332115):     15.879      0.236 FF    IC  sudx_scan|solver|LessThan75~6|datad
    Info (332115):     16.040      0.161 FR  CELL  sudx_scan|solver|LessThan75~6|combout
    Info (332115):     16.409      0.369 RR    IC  sudx_scan|solver|LessThan75~9|datac
    Info (332115):     16.693      0.284 RF  CELL  sudx_scan|solver|LessThan75~9|combout
    Info (332115):     17.007      0.314 FF    IC  sudx_scan|solver|row_index[5][1][4]~0|datad
    Info (332115):     17.138      0.131 FF  CELL  sudx_scan|solver|row_index[5][1][4]~0|combout
    Info (332115):     17.372      0.234 FF    IC  sudx_scan|solver|row_index_q[5][3]~5|datad
    Info (332115):     17.533      0.161 FR  CELL  sudx_scan|solver|row_index_q[5][3]~5|combout
    Info (332115):     17.533      0.000 RR    IC  sudx_scan|solver|row_index_q[5][3]|d
    Info (332115):     17.622      0.089 RR  CELL  sudx_scan:sudx_scan|sudx_scan_solver:solver|row_index_q[5][3]
    Info (332115): Data Required Path:
    Info (332115): Total (ns)  Incr (ns)     Type  Element
    Info (332115): ==========  ========= ==  ====  ===================================
    Info (332115):      1.000      1.000           latch edge time
    Info (332115):      1.000      0.000           source latency
    Info (332115):      1.000      0.000           clk
    Info (332115):      1.000      0.000 RR    IC  clk~input|i
    Info (332115):      1.769      0.769 RR  CELL  clk~input|o
    Info (332115):      2.627      0.858 RR    IC  clk~inputclkctrl|inclk[0]
    Info (332115):      2.627      0.000 RR  CELL  clk~inputclkctrl|outclk
    Info (332115):      4.498      1.871 RR    IC  sudx_scan|solver|row_index_q[5][3]|clk
    Info (332115):      4.973      0.475 RR  CELL  sudx_scan:sudx_scan|sudx_scan_solver:solver|row_index_q[5][3]
    Info (332115):      5.032      0.059           clock pessimism removed
    Info (332115):      5.012     -0.020           clock uncertainty
    Info (332115):      5.025      0.013     uTsu  sudx_scan:sudx_scan|sudx_scan_solver:solver|row_index_q[5][3]
    Info (332115): Data Arrival Time  :    17.622
    Info (332115): Data Required Time :     5.025
    Info (332115): Slack              :   -12.597 (VIOLATED)
    Info (332115): ===================================================================
Info (332115): Path #7: Setup slack is -12.561 (VIOLATED)
    Info (332115): ===================================================================
    Info (332115): From Node    : sudx_scan:sudx_scan|sudx_scan_solver:solver|candidate[49][2]
    Info (332115): To Node      : sudx_scan:sudx_scan|sudx_scan_solver:solver|row_index_q[5][3]
    Info (332115): Launch Clock : clk
    Info (332115): Latch Clock  : clk
    Info (332115): Data Arrival Path:
    Info (332115): Total (ns)  Incr (ns)     Type  Element
    Info (332115): ==========  ========= ==  ====  ===================================
    Info (332115):      0.000      0.000           launch edge time
    Info (332115):      0.000      0.000           source latency
    Info (332115):      0.000      0.000           clk
    Info (332115):      0.000      0.000 RR    IC  clk~input|i
    Info (332115):      0.769      0.769 RR  CELL  clk~input|o
    Info (332115):      1.663      0.894 RR    IC  clk~inputclkctrl|inclk[0]
    Info (332115):      1.663      0.000 RR  CELL  clk~inputclkctrl|outclk
    Info (332115):      3.103      1.440 RR    IC  sudx_scan|solver|candidate[49][2]|clk
    Info (332115):      3.613      0.510 RR  CELL  sudx_scan:sudx_scan|sudx_scan_solver:solver|candidate[49][2]
    Info (332115):      3.820      0.207     uTco  sudx_scan:sudx_scan|sudx_scan_solver:solver|candidate[49][2]
    Info (332115):      3.820      0.000 FF  CELL  sudx_scan|solver|candidate[49][2]|q
    Info (332115):      5.689      1.869 FF    IC  sudx_scan|solver|Add393~1|datad
    Info (332115):      5.850      0.161 FR  CELL  sudx_scan|solver|Add393~1|combout
    Info (332115):      6.081      0.231 RR    IC  sudx_scan|solver|Add399~0|datad
    Info (332115):      6.226      0.145 RF  CELL  sudx_scan|solver|Add399~0|combout
    Info (332115):      6.563      0.337 FF    IC  sudx_scan|solver|Add399~2|dataa
    Info (332115):      6.991      0.428 FF  CELL  sudx_scan|solver|Add399~2|combout
    Info (332115):      7.244      0.253 FF    IC  sudx_scan|solver|row_count[5][20][2]~0|datad
    Info (332115):      7.375      0.131 FF  CELL  sudx_scan|solver|row_count[5][20][2]~0|combout
    Info (332115):      8.163      0.788 FF    IC  sudx_scan|solver|LessThan84~4|dataa
    Info (332115):      8.568      0.405 FF  CELL  sudx_scan|solver|LessThan84~4|combout
    Info (332115):      9.381      0.813 FF    IC  sudx_scan|solver|row_count[5][10][2]~2|dataa
    Info (332115):      9.809      0.428 FF  CELL  sudx_scan|solver|row_count[5][10][2]~2|combout
    Info (332115):     10.599      0.790 FF    IC  sudx_scan|solver|LessThan79~2|datab
    Info (332115):     11.003      0.404 FF  CELL  sudx_scan|solver|LessThan79~2|combout
    Info (332115):     11.237      0.234 FF    IC  sudx_scan|solver|LessThan79~4|datad
    Info (332115):     11.368      0.131 FF  CELL  sudx_scan|solver|LessThan79~4|combout
    Info (332115):     11.665      0.297 FF    IC  sudx_scan|solver|row_count[5][5][3]~1|datad
    Info (332115):     11.826      0.161 FR  CELL  sudx_scan|solver|row_count[5][5][3]~1|combout
    Info (332115):     12.588      0.762 RR    IC  sudx_scan|solver|LessThan76~0|dataa
    Info (332115):     13.010      0.422 RR  CELL  sudx_scan|solver|LessThan76~0|combout
    Info (332115):     13.214      0.204 RR    IC  sudx_scan|solver|LessThan76~1|datad
    Info (332115):     13.359      0.145 RF  CELL  sudx_scan|solver|LessThan76~1|combout
    Info (332115):     13.595      0.236 FF    IC  sudx_scan|solver|LessThan76~2|datad
    Info (332115):     13.726      0.131 FF  CELL  sudx_scan|solver|LessThan76~2|combout
    Info (332115):     13.965      0.239 FF    IC  sudx_scan|solver|LessThan76~3|datad
    Info (332115):     14.126      0.161 FR  CELL  sudx_scan|solver|LessThan76~3|combout
    Info (332115):     14.904      0.778 RR    IC  sudx_scan|solver|LessThan75~3|datad
    Info (332115):     15.049      0.145 RF  CELL  sudx_scan|solver|LessThan75~3|combout
    Info (332115):     15.304      0.255 FF    IC  sudx_scan|solver|LessThan75~5|datac
    Info (332115):     15.607      0.303 FF  CELL  sudx_scan|solver|LessThan75~5|combout
    Info (332115):     15.843      0.236 FF    IC  sudx_scan|solver|LessThan75~6|datad
    Info (332115):     16.004      0.161 FR  CELL  sudx_scan|solver|LessThan75~6|combout
    Info (332115):     16.373      0.369 RR    IC  sudx_scan|solver|LessThan75~9|datac
    Info (332115):     16.657      0.284 RF  CELL  sudx_scan|solver|LessThan75~9|combout
    Info (332115):     16.971      0.314 FF    IC  sudx_scan|solver|row_index[5][1][4]~0|datad
    Info (332115):     17.102      0.131 FF  CELL  sudx_scan|solver|row_index[5][1][4]~0|combout
    Info (332115):     17.336      0.234 FF    IC  sudx_scan|solver|row_index_q[5][3]~5|datad
    Info (332115):     17.497      0.161 FR  CELL  sudx_scan|solver|row_index_q[5][3]~5|combout
    Info (332115):     17.497      0.000 RR    IC  sudx_scan|solver|row_index_q[5][3]|d
    Info (332115):     17.586      0.089 RR  CELL  sudx_scan:sudx_scan|sudx_scan_solver:solver|row_index_q[5][3]
    Info (332115): Data Required Path:
    Info (332115): Total (ns)  Incr (ns)     Type  Element
    Info (332115): ==========  ========= ==  ====  ===================================
    Info (332115):      1.000      1.000           latch edge time
    Info (332115):      1.000      0.000           source latency
    Info (332115):      1.000      0.000           clk
    Info (332115):      1.000      0.000 RR    IC  clk~input|i
    Info (332115):      1.769      0.769 RR  CELL  clk~input|o
    Info (332115):      2.627      0.858 RR    IC  clk~inputclkctrl|inclk[0]
    Info (332115):      2.627      0.000 RR  CELL  clk~inputclkctrl|outclk
    Info (332115):      4.498      1.871 RR    IC  sudx_scan|solver|row_index_q[5][3]|clk
    Info (332115):      4.973      0.475 RR  CELL  sudx_scan:sudx_scan|sudx_scan_solver:solver|row_index_q[5][3]
    Info (332115):      5.032      0.059           clock pessimism removed
    Info (332115):      5.012     -0.020           clock uncertainty
    Info (332115):      5.025      0.013     uTsu  sudx_scan:sudx_scan|sudx_scan_solver:solver|row_index_q[5][3]
    Info (332115): Data Arrival Time  :    17.586
    Info (332115): Data Required Time :     5.025
    Info (332115): Slack              :   -12.561 (VIOLATED)
    Info (332115): ===================================================================
Info (332115): Path #8: Setup slack is -12.561 (VIOLATED)
    Info (332115): ===================================================================
    Info (332115): From Node    : sudx_scan:sudx_scan|sudx_scan_solver:solver|candidate[49][2]
    Info (332115): To Node      : sudx_scan:sudx_scan|sudx_scan_solver:solver|row_index_q[5][3]
    Info (332115): Launch Clock : clk
    Info (332115): Latch Clock  : clk
    Info (332115): Data Arrival Path:
    Info (332115): Total (ns)  Incr (ns)     Type  Element
    Info (332115): ==========  ========= ==  ====  ===================================
    Info (332115):      0.000      0.000           launch edge time
    Info (332115):      0.000      0.000           source latency
    Info (332115):      0.000      0.000           clk
    Info (332115):      0.000      0.000 RR    IC  clk~input|i
    Info (332115):      0.769      0.769 RR  CELL  clk~input|o
    Info (332115):      1.663      0.894 RR    IC  clk~inputclkctrl|inclk[0]
    Info (332115):      1.663      0.000 RR  CELL  clk~inputclkctrl|outclk
    Info (332115):      3.103      1.440 RR    IC  sudx_scan|solver|candidate[49][2]|clk
    Info (332115):      3.613      0.510 RR  CELL  sudx_scan:sudx_scan|sudx_scan_solver:solver|candidate[49][2]
    Info (332115):      3.820      0.207     uTco  sudx_scan:sudx_scan|sudx_scan_solver:solver|candidate[49][2]
    Info (332115):      3.820      0.000 FF  CELL  sudx_scan|solver|candidate[49][2]|q
    Info (332115):      5.689      1.869 FF    IC  sudx_scan|solver|Add393~1|datad
    Info (332115):      5.850      0.161 FR  CELL  sudx_scan|solver|Add393~1|combout
    Info (332115):      6.081      0.231 RR    IC  sudx_scan|solver|Add399~0|datad
    Info (332115):      6.226      0.145 RF  CELL  sudx_scan|solver|Add399~0|combout
    Info (332115):      6.563      0.337 FF    IC  sudx_scan|solver|Add399~2|dataa
    Info (332115):      6.991      0.428 FF  CELL  sudx_scan|solver|Add399~2|combout
    Info (332115):      7.244      0.253 FF    IC  sudx_scan|solver|row_count[5][20][2]~0|datad
    Info (332115):      7.375      0.131 FF  CELL  sudx_scan|solver|row_count[5][20][2]~0|combout
    Info (332115):      8.163      0.788 FF    IC  sudx_scan|solver|LessThan84~4|dataa
    Info (332115):      8.568      0.405 FF  CELL  sudx_scan|solver|LessThan84~4|combout
    Info (332115):      8.849      0.281 FF    IC  sudx_scan|solver|row_count[5][10][3]~2|datad
    Info (332115):      9.010      0.161 FR  CELL  sudx_scan|solver|row_count[5][10][3]~2|combout
    Info (332115):     10.128      1.118 RR    IC  sudx_scan|solver|LessThan79~0|datac
    Info (332115):     10.408      0.280 RF  CELL  sudx_scan|solver|LessThan79~0|combout
    Info (332115):     10.641      0.233 FF    IC  sudx_scan|solver|LessThan79~1|datad
    Info (332115):     10.772      0.131 FF  CELL  sudx_scan|solver|LessThan79~1|combout
    Info (332115):     11.010      0.238 FF    IC  sudx_scan|solver|LessThan79~2|datad
    Info (332115):     11.141      0.131 FF  CELL  sudx_scan|solver|LessThan79~2|combout
    Info (332115):     11.375      0.234 FF    IC  sudx_scan|solver|LessThan79~4|datad
    Info (332115):     11.506      0.131 FF  CELL  sudx_scan|solver|LessThan79~4|combout
    Info (332115):     11.806      0.300 FF    IC  sudx_scan|solver|row_count[5][5][0]~0|datad
    Info (332115):     11.967      0.161 FR  CELL  sudx_scan|solver|row_count[5][5][0]~0|combout
    Info (332115):     12.745      0.778 RR    IC  sudx_scan|solver|LessThan76~0|datab
    Info (332115):     13.194      0.449 RF  CELL  sudx_scan|solver|LessThan76~0|combout
    Info (332115):     13.429      0.235 FF    IC  sudx_scan|solver|LessThan76~1|datad
    Info (332115):     13.590      0.161 FR  CELL  sudx_scan|solver|LessThan76~1|combout
    Info (332115):     13.795      0.205 RR    IC  sudx_scan|solver|LessThan76~2|datad
    Info (332115):     13.961      0.166 RR  CELL  sudx_scan|solver|LessThan76~2|combout
    Info (332115):     14.167      0.206 RR    IC  sudx_scan|solver|LessThan76~3|datad
    Info (332115):     14.312      0.145 RF  CELL  sudx_scan|solver|LessThan76~3|combout
    Info (332115):     15.101      0.789 FF    IC  sudx_scan|solver|LessThan75~4|datad
    Info (332115):     15.262      0.161 FR  CELL  sudx_scan|solver|LessThan75~4|combout
    Info (332115):     15.467      0.205 RR    IC  sudx_scan|solver|LessThan75~5|datad
    Info (332115):     15.633      0.166 RR  CELL  sudx_scan|solver|LessThan75~5|combout
    Info (332115):     15.838      0.205 RR    IC  sudx_scan|solver|LessThan75~6|datad
    Info (332115):     16.004      0.166 RR  CELL  sudx_scan|solver|LessThan75~6|combout
    Info (332115):     16.373      0.369 RR    IC  sudx_scan|solver|LessThan75~9|datac
    Info (332115):     16.657      0.284 RF  CELL  sudx_scan|solver|LessThan75~9|combout
    Info (332115):     16.971      0.314 FF    IC  sudx_scan|solver|row_index[5][1][4]~0|datad
    Info (332115):     17.102      0.131 FF  CELL  sudx_scan|solver|row_index[5][1][4]~0|combout
    Info (332115):     17.336      0.234 FF    IC  sudx_scan|solver|row_index_q[5][3]~5|datad
    Info (332115):     17.497      0.161 FR  CELL  sudx_scan|solver|row_index_q[5][3]~5|combout
    Info (332115):     17.497      0.000 RR    IC  sudx_scan|solver|row_index_q[5][3]|d
    Info (332115):     17.586      0.089 RR  CELL  sudx_scan:sudx_scan|sudx_scan_solver:solver|row_index_q[5][3]
    Info (332115): Data Required Path:
    Info (332115): Total (ns)  Incr (ns)     Type  Element
    Info (332115): ==========  ========= ==  ====  ===================================
    Info (332115):      1.000      1.000           latch edge time
    Info (332115):      1.000      0.000           source latency
    Info (332115):      1.000      0.000           clk
    Info (332115):      1.000      0.000 RR    IC  clk~input|i
    Info (332115):      1.769      0.769 RR  CELL  clk~input|o
    Info (332115):      2.627      0.858 RR    IC  clk~inputclkctrl|inclk[0]
    Info (332115):      2.627      0.000 RR  CELL  clk~inputclkctrl|outclk
    Info (332115):      4.498      1.871 RR    IC  sudx_scan|solver|row_index_q[5][3]|clk
    Info (332115):      4.973      0.475 RR  CELL  sudx_scan:sudx_scan|sudx_scan_solver:solver|row_index_q[5][3]
    Info (332115):      5.032      0.059           clock pessimism removed
    Info (332115):      5.012     -0.020           clock uncertainty
    Info (332115):      5.025      0.013     uTsu  sudx_scan:sudx_scan|sudx_scan_solver:solver|row_index_q[5][3]
    Info (332115): Data Arrival Time  :    17.586
    Info (332115): Data Required Time :     5.025
    Info (332115): Slack              :   -12.561 (VIOLATED)
    Info (332115): ===================================================================
Info (332115): Path #9: Setup slack is -12.545 (VIOLATED)
    Info (332115): ===================================================================
    Info (332115): From Node    : sudx_scan:sudx_scan|sudx_scan_solver:solver|candidate[49][2]
    Info (332115): To Node      : sudx_scan:sudx_scan|sudx_scan_solver:solver|row_index_q[5][3]
    Info (332115): Launch Clock : clk
    Info (332115): Latch Clock  : clk
    Info (332115): Data Arrival Path:
    Info (332115): Total (ns)  Incr (ns)     Type  Element
    Info (332115): ==========  ========= ==  ====  ===================================
    Info (332115):      0.000      0.000           launch edge time
    Info (332115):      0.000      0.000           source latency
    Info (332115):      0.000      0.000           clk
    Info (332115):      0.000      0.000 RR    IC  clk~input|i
    Info (332115):      0.769      0.769 RR  CELL  clk~input|o
    Info (332115):      1.663      0.894 RR    IC  clk~inputclkctrl|inclk[0]
    Info (332115):      1.663      0.000 RR  CELL  clk~inputclkctrl|outclk
    Info (332115):      3.103      1.440 RR    IC  sudx_scan|solver|candidate[49][2]|clk
    Info (332115):      3.613      0.510 RR  CELL  sudx_scan:sudx_scan|sudx_scan_solver:solver|candidate[49][2]
    Info (332115):      3.820      0.207     uTco  sudx_scan:sudx_scan|sudx_scan_solver:solver|candidate[49][2]
    Info (332115):      3.820      0.000 FF  CELL  sudx_scan|solver|candidate[49][2]|q
    Info (332115):      5.691      1.871 FF    IC  sudx_scan|solver|Add393~0|datad
    Info (332115):      5.822      0.131 FF  CELL  sudx_scan|solver|Add393~0|combout
    Info (332115):      6.077      0.255 FF    IC  sudx_scan|solver|Add398~0|datac
    Info (332115):      6.380      0.303 FF  CELL  sudx_scan|solver|Add398~0|combout
    Info (332115):      6.633      0.253 FF    IC  sudx_scan|solver|Add399~2|datac
    Info (332115):      6.936      0.303 FF  CELL  sudx_scan|solver|Add399~2|combout
    Info (332115):      7.189      0.253 FF    IC  sudx_scan|solver|row_count[5][20][2]~0|datad
    Info (332115):      7.320      0.131 FF  CELL  sudx_scan|solver|row_count[5][20][2]~0|combout
    Info (332115):      8.108      0.788 FF    IC  sudx_scan|solver|LessThan84~4|dataa
    Info (332115):      8.513      0.405 FF  CELL  sudx_scan|solver|LessThan84~4|combout
    Info (332115):      8.794      0.281 FF    IC  sudx_scan|solver|row_count[5][10][3]~2|datad
    Info (332115):      8.955      0.161 FR  CELL  sudx_scan|solver|row_count[5][10][3]~2|combout
    Info (332115):     10.073      1.118 RR    IC  sudx_scan|solver|LessThan79~0|datac
    Info (332115):     10.353      0.280 RF  CELL  sudx_scan|solver|LessThan79~0|combout
    Info (332115):     10.586      0.233 FF    IC  sudx_scan|solver|LessThan79~1|datad
    Info (332115):     10.717      0.131 FF  CELL  sudx_scan|solver|LessThan79~1|combout
    Info (332115):     10.955      0.238 FF    IC  sudx_scan|solver|LessThan79~2|datad
    Info (332115):     11.086      0.131 FF  CELL  sudx_scan|solver|LessThan79~2|combout
    Info (332115):     11.320      0.234 FF    IC  sudx_scan|solver|LessThan79~4|datad
    Info (332115):     11.451      0.131 FF  CELL  sudx_scan|solver|LessThan79~4|combout
    Info (332115):     11.751      0.300 FF    IC  sudx_scan|solver|row_count[5][5][0]~0|datad
    Info (332115):     11.912      0.161 FR  CELL  sudx_scan|solver|row_count[5][5][0]~0|combout
    Info (332115):     12.690      0.778 RR    IC  sudx_scan|solver|LessThan76~0|datab
    Info (332115):     13.139      0.449 RF  CELL  sudx_scan|solver|LessThan76~0|combout
    Info (332115):     13.374      0.235 FF    IC  sudx_scan|solver|LessThan76~1|datad
    Info (332115):     13.535      0.161 FR  CELL  sudx_scan|solver|LessThan76~1|combout
    Info (332115):     13.740      0.205 RR    IC  sudx_scan|solver|LessThan76~2|datad
    Info (332115):     13.906      0.166 RR  CELL  sudx_scan|solver|LessThan76~2|combout
    Info (332115):     14.112      0.206 RR    IC  sudx_scan|solver|LessThan76~3|datad
    Info (332115):     14.257      0.145 RF  CELL  sudx_scan|solver|LessThan76~3|combout
    Info (332115):     14.775      0.518 FF    IC  sudx_scan|solver|row_count[5][2][0]~0|datad
    Info (332115):     14.906      0.131 FF  CELL  sudx_scan|solver|row_count[5][2][0]~0|combout
    Info (332115):     15.160      0.254 FF    IC  sudx_scan|solver|LessThan75~7|datac
    Info (332115):     15.463      0.303 FF  CELL  sudx_scan|solver|LessThan75~7|combout
    Info (332115):     15.704      0.241 FF    IC  sudx_scan|solver|LessThan75~8|datac
    Info (332115):     16.007      0.303 FF  CELL  sudx_scan|solver|LessThan75~8|combout
    Info (332115):     16.287      0.280 FF    IC  sudx_scan|solver|LessThan75~9|datab
    Info (332115):     16.641      0.354 FF  CELL  sudx_scan|solver|LessThan75~9|combout
    Info (332115):     16.955      0.314 FF    IC  sudx_scan|solver|row_index[5][1][4]~0|datad
    Info (332115):     17.086      0.131 FF  CELL  sudx_scan|solver|row_index[5][1][4]~0|combout
    Info (332115):     17.320      0.234 FF    IC  sudx_scan|solver|row_index_q[5][3]~5|datad
    Info (332115):     17.481      0.161 FR  CELL  sudx_scan|solver|row_index_q[5][3]~5|combout
    Info (332115):     17.481      0.000 RR    IC  sudx_scan|solver|row_index_q[5][3]|d
    Info (332115):     17.570      0.089 RR  CELL  sudx_scan:sudx_scan|sudx_scan_solver:solver|row_index_q[5][3]
    Info (332115): Data Required Path:
    Info (332115): Total (ns)  Incr (ns)     Type  Element
    Info (332115): ==========  ========= ==  ====  ===================================
    Info (332115):      1.000      1.000           latch edge time
    Info (332115):      1.000      0.000           source latency
    Info (332115):      1.000      0.000           clk
    Info (332115):      1.000      0.000 RR    IC  clk~input|i
    Info (332115):      1.769      0.769 RR  CELL  clk~input|o
    Info (332115):      2.627      0.858 RR    IC  clk~inputclkctrl|inclk[0]
    Info (332115):      2.627      0.000 RR  CELL  clk~inputclkctrl|outclk
    Info (332115):      4.498      1.871 RR    IC  sudx_scan|solver|row_index_q[5][3]|clk
    Info (332115):      4.973      0.475 RR  CELL  sudx_scan:sudx_scan|sudx_scan_solver:solver|row_index_q[5][3]
    Info (332115):      5.032      0.059           clock pessimism removed
    Info (332115):      5.012     -0.020           clock uncertainty
    Info (332115):      5.025      0.013     uTsu  sudx_scan:sudx_scan|sudx_scan_solver:solver|row_index_q[5][3]
    Info (332115): Data Arrival Time  :    17.570
    Info (332115): Data Required Time :     5.025
    Info (332115): Slack              :   -12.545 (VIOLATED)
    Info (332115): ===================================================================
Info (332115): Path #10: Setup slack is -12.542 (VIOLATED)
    Info (332115): ===================================================================
    Info (332115): From Node    : sudx_scan:sudx_scan|sudx_scan_solver:solver|candidate[49][2]
    Info (332115): To Node      : sudx_scan:sudx_scan|sudx_scan_solver:solver|row_index_q[5][3]
    Info (332115): Launch Clock : clk
    Info (332115): Latch Clock  : clk
    Info (332115): Data Arrival Path:
    Info (332115): Total (ns)  Incr (ns)     Type  Element
    Info (332115): ==========  ========= ==  ====  ===================================
    Info (332115):      0.000      0.000           launch edge time
    Info (332115):      0.000      0.000           source latency
    Info (332115):      0.000      0.000           clk
    Info (332115):      0.000      0.000 RR    IC  clk~input|i
    Info (332115):      0.769      0.769 RR  CELL  clk~input|o
    Info (332115):      1.663      0.894 RR    IC  clk~inputclkctrl|inclk[0]
    Info (332115):      1.663      0.000 RR  CELL  clk~inputclkctrl|outclk
    Info (332115):      3.103      1.440 RR    IC  sudx_scan|solver|candidate[49][2]|clk
    Info (332115):      3.613      0.510 RR  CELL  sudx_scan:sudx_scan|sudx_scan_solver:solver|candidate[49][2]
    Info (332115):      3.820      0.207     uTco  sudx_scan:sudx_scan|sudx_scan_solver:solver|candidate[49][2]
    Info (332115):      3.820      0.000 FF  CELL  sudx_scan|solver|candidate[49][2]|q
    Info (332115):      5.691      1.871 FF    IC  sudx_scan|solver|Add393~0|datad
    Info (332115):      5.822      0.131 FF  CELL  sudx_scan|solver|Add393~0|combout
    Info (332115):      6.077      0.255 FF    IC  sudx_scan|solver|Add398~0|datac
    Info (332115):      6.380      0.303 FF  CELL  sudx_scan|solver|Add398~0|combout
    Info (332115):      6.633      0.253 FF    IC  sudx_scan|solver|Add399~2|datac
    Info (332115):      6.936      0.303 FF  CELL  sudx_scan|solver|Add399~2|combout
    Info (332115):      7.189      0.253 FF    IC  sudx_scan|solver|row_count[5][20][2]~0|datad
    Info (332115):      7.320      0.131 FF  CELL  sudx_scan|solver|row_count[5][20][2]~0|combout
    Info (332115):      8.108      0.788 FF    IC  sudx_scan|solver|LessThan84~4|dataa
    Info (332115):      8.513      0.405 FF  CELL  sudx_scan|solver|LessThan84~4|combout
    Info (332115):      9.326      0.813 FF    IC  sudx_scan|solver|row_count[5][10][2]~2|dataa
    Info (332115):      9.754      0.428 FF  CELL  sudx_scan|solver|row_count[5][10][2]~2|combout
    Info (332115):     10.544      0.790 FF    IC  sudx_scan|solver|LessThan79~2|datab
    Info (332115):     10.948      0.404 FF  CELL  sudx_scan|solver|LessThan79~2|combout
    Info (332115):     11.182      0.234 FF    IC  sudx_scan|solver|LessThan79~4|datad
    Info (332115):     11.313      0.131 FF  CELL  sudx_scan|solver|LessThan79~4|combout
    Info (332115):     11.613      0.300 FF    IC  sudx_scan|solver|row_count[5][5][0]~0|datad
    Info (332115):     11.774      0.161 FR  CELL  sudx_scan|solver|row_count[5][5][0]~0|combout
    Info (332115):     12.552      0.778 RR    IC  sudx_scan|solver|LessThan76~0|datab
    Info (332115):     13.001      0.449 RF  CELL  sudx_scan|solver|LessThan76~0|combout
    Info (332115):     13.236      0.235 FF    IC  sudx_scan|solver|LessThan76~1|datad
    Info (332115):     13.397      0.161 FR  CELL  sudx_scan|solver|LessThan76~1|combout
    Info (332115):     13.602      0.205 RR    IC  sudx_scan|solver|LessThan76~2|datad
    Info (332115):     13.768      0.166 RR  CELL  sudx_scan|solver|LessThan76~2|combout
    Info (332115):     13.974      0.206 RR    IC  sudx_scan|solver|LessThan76~3|datad
    Info (332115):     14.119      0.145 RF  CELL  sudx_scan|solver|LessThan76~3|combout
    Info (332115):     14.899      0.780 FF    IC  sudx_scan|solver|LessThan75~3|datad
    Info (332115):     15.030      0.131 FF  CELL  sudx_scan|solver|LessThan75~3|combout
    Info (332115):     15.285      0.255 FF    IC  sudx_scan|solver|LessThan75~5|datac
    Info (332115):     15.588      0.303 FF  CELL  sudx_scan|solver|LessThan75~5|combout
    Info (332115):     15.824      0.236 FF    IC  sudx_scan|solver|LessThan75~6|datad
    Info (332115):     15.985      0.161 FR  CELL  sudx_scan|solver|LessThan75~6|combout
    Info (332115):     16.354      0.369 RR    IC  sudx_scan|solver|LessThan75~9|datac
    Info (332115):     16.638      0.284 RF  CELL  sudx_scan|solver|LessThan75~9|combout
    Info (332115):     16.952      0.314 FF    IC  sudx_scan|solver|row_index[5][1][4]~0|datad
    Info (332115):     17.083      0.131 FF  CELL  sudx_scan|solver|row_index[5][1][4]~0|combout
    Info (332115):     17.317      0.234 FF    IC  sudx_scan|solver|row_index_q[5][3]~5|datad
    Info (332115):     17.478      0.161 FR  CELL  sudx_scan|solver|row_index_q[5][3]~5|combout
    Info (332115):     17.478      0.000 RR    IC  sudx_scan|solver|row_index_q[5][3]|d
    Info (332115):     17.567      0.089 RR  CELL  sudx_scan:sudx_scan|sudx_scan_solver:solver|row_index_q[5][3]
    Info (332115): Data Required Path:
    Info (332115): Total (ns)  Incr (ns)     Type  Element
    Info (332115): ==========  ========= ==  ====  ===================================
    Info (332115):      1.000      1.000           latch edge time
    Info (332115):      1.000      0.000           source latency
    Info (332115):      1.000      0.000           clk
    Info (332115):      1.000      0.000 RR    IC  clk~input|i
    Info (332115):      1.769      0.769 RR  CELL  clk~input|o
    Info (332115):      2.627      0.858 RR    IC  clk~inputclkctrl|inclk[0]
    Info (332115):      2.627      0.000 RR  CELL  clk~inputclkctrl|outclk
    Info (332115):      4.498      1.871 RR    IC  sudx_scan|solver|row_index_q[5][3]|clk
    Info (332115):      4.973      0.475 RR  CELL  sudx_scan:sudx_scan|sudx_scan_solver:solver|row_index_q[5][3]
    Info (332115):      5.032      0.059           clock pessimism removed
    Info (332115):      5.012     -0.020           clock uncertainty
    Info (332115):      5.025      0.013     uTsu  sudx_scan:sudx_scan|sudx_scan_solver:solver|row_index_q[5][3]
    Info (332115): Data Arrival Time  :    17.567
    Info (332115): Data Required Time :     5.025
    Info (332115): Slack              :   -12.542 (VIOLATED)
    Info (332115): ===================================================================
Info (332115): Path #11: Setup slack is -12.538 (VIOLATED)
    Info (332115): ===================================================================
    Info (332115): From Node    : sudx_scan:sudx_scan|sudx_scan_solver:solver|candidate[49][2]
    Info (332115): To Node      : sudx_scan:sudx_scan|sudx_scan_solver:solver|row_index_q[5][3]
    Info (332115): Launch Clock : clk
    Info (332115): Latch Clock  : clk
    Info (332115): Data Arrival Path:
    Info (332115): Total (ns)  Incr (ns)     Type  Element
    Info (332115): ==========  ========= ==  ====  ===================================
    Info (332115):      0.000      0.000           launch edge time
    Info (332115):      0.000      0.000           source latency
    Info (332115):      0.000      0.000           clk
    Info (332115):      0.000      0.000 RR    IC  clk~input|i
    Info (332115):      0.769      0.769 RR  CELL  clk~input|o
    Info (332115):      1.663      0.894 RR    IC  clk~inputclkctrl|inclk[0]
    Info (332115):      1.663      0.000 RR  CELL  clk~inputclkctrl|outclk
    Info (332115):      3.103      1.440 RR    IC  sudx_scan|solver|candidate[49][2]|clk
    Info (332115):      3.613      0.510 RR  CELL  sudx_scan:sudx_scan|sudx_scan_solver:solver|candidate[49][2]
    Info (332115):      3.820      0.207     uTco  sudx_scan:sudx_scan|sudx_scan_solver:solver|candidate[49][2]
    Info (332115):      3.820      0.000 FF  CELL  sudx_scan|solver|candidate[49][2]|q
    Info (332115):      5.689      1.869 FF    IC  sudx_scan|solver|Add393~1|datad
    Info (332115):      5.850      0.161 FR  CELL  sudx_scan|solver|Add393~1|combout
    Info (332115):      6.081      0.231 RR    IC  sudx_scan|solver|Add399~0|datad
    Info (332115):      6.226      0.145 RF  CELL  sudx_scan|solver|Add399~0|combout
    Info (332115):      6.563      0.337 FF    IC  sudx_scan|solver|Add399~2|dataa
    Info (332115):      6.991      0.428 FF  CELL  sudx_scan|solver|Add399~2|combout
    Info (332115):      7.244      0.253 FF    IC  sudx_scan|solver|row_count[5][20][2]~0|datad
    Info (332115):      7.375      0.131 FF  CELL  sudx_scan|solver|row_count[5][20][2]~0|combout
    Info (332115):      8.163      0.788 FF    IC  sudx_scan|solver|LessThan84~4|dataa
    Info (332115):      8.568      0.405 FF  CELL  sudx_scan|solver|LessThan84~4|combout
    Info (332115):      8.845      0.277 FF    IC  sudx_scan|solver|row_count[5][10][0]~0|datad
    Info (332115):      9.006      0.161 FR  CELL  sudx_scan|solver|row_count[5][10][0]~0|combout
    Info (332115):     10.072      1.066 RR    IC  sudx_scan|solver|LessThan79~0|datad
    Info (332115):     10.238      0.166 RR  CELL  sudx_scan|solver|LessThan79~0|combout
    Info (332115):     10.441      0.203 RR    IC  sudx_scan|solver|LessThan79~1|datad
    Info (332115):     10.607      0.166 RR  CELL  sudx_scan|solver|LessThan79~1|combout
    Info (332115):     10.812      0.205 RR    IC  sudx_scan|solver|LessThan79~2|datad
    Info (332115):     10.978      0.166 RR  CELL  sudx_scan|solver|LessThan79~2|combout
    Info (332115):     11.182      0.204 RR    IC  sudx_scan|solver|LessThan79~4|datad
    Info (332115):     11.348      0.166 RR  CELL  sudx_scan|solver|LessThan79~4|combout
    Info (332115):     11.604      0.256 RR    IC  sudx_scan|solver|row_count[5][5][0]~0|datad
    Info (332115):     11.770      0.166 RR  CELL  sudx_scan|solver|row_count[5][5][0]~0|combout
    Info (332115):     12.548      0.778 RR    IC  sudx_scan|solver|LessThan76~0|datab
    Info (332115):     12.997      0.449 RF  CELL  sudx_scan|solver|LessThan76~0|combout
    Info (332115):     13.232      0.235 FF    IC  sudx_scan|solver|LessThan76~1|datad
    Info (332115):     13.393      0.161 FR  CELL  sudx_scan|solver|LessThan76~1|combout
    Info (332115):     13.598      0.205 RR    IC  sudx_scan|solver|LessThan76~2|datad
    Info (332115):     13.764      0.166 RR  CELL  sudx_scan|solver|LessThan76~2|combout
    Info (332115):     13.970      0.206 RR    IC  sudx_scan|solver|LessThan76~3|datad
    Info (332115):     14.115      0.145 RF  CELL  sudx_scan|solver|LessThan76~3|combout
    Info (332115):     14.895      0.780 FF    IC  sudx_scan|solver|LessThan75~3|datad
    Info (332115):     15.026      0.131 FF  CELL  sudx_scan|solver|LessThan75~3|combout
    Info (332115):     15.281      0.255 FF    IC  sudx_scan|solver|LessThan75~5|datac
    Info (332115):     15.584      0.303 FF  CELL  sudx_scan|solver|LessThan75~5|combout
    Info (332115):     15.820      0.236 FF    IC  sudx_scan|solver|LessThan75~6|datad
    Info (332115):     15.981      0.161 FR  CELL  sudx_scan|solver|LessThan75~6|combout
    Info (332115):     16.350      0.369 RR    IC  sudx_scan|solver|LessThan75~9|datac
    Info (332115):     16.634      0.284 RF  CELL  sudx_scan|solver|LessThan75~9|combout
    Info (332115):     16.948      0.314 FF    IC  sudx_scan|solver|row_index[5][1][4]~0|datad
    Info (332115):     17.079      0.131 FF  CELL  sudx_scan|solver|row_index[5][1][4]~0|combout
    Info (332115):     17.313      0.234 FF    IC  sudx_scan|solver|row_index_q[5][3]~5|datad
    Info (332115):     17.474      0.161 FR  CELL  sudx_scan|solver|row_index_q[5][3]~5|combout
    Info (332115):     17.474      0.000 RR    IC  sudx_scan|solver|row_index_q[5][3]|d
    Info (332115):     17.563      0.089 RR  CELL  sudx_scan:sudx_scan|sudx_scan_solver:solver|row_index_q[5][3]
    Info (332115): Data Required Path:
    Info (332115): Total (ns)  Incr (ns)     Type  Element
    Info (332115): ==========  ========= ==  ====  ===================================
    Info (332115):      1.000      1.000           latch edge time
    Info (332115):      1.000      0.000           source latency
    Info (332115):      1.000      0.000           clk
    Info (332115):      1.000      0.000 RR    IC  clk~input|i
    Info (332115):      1.769      0.769 RR  CELL  clk~input|o
    Info (332115):      2.627      0.858 RR    IC  clk~inputclkctrl|inclk[0]
    Info (332115):      2.627      0.000 RR  CELL  clk~inputclkctrl|outclk
    Info (332115):      4.498      1.871 RR    IC  sudx_scan|solver|row_index_q[5][3]|clk
    Info (332115):      4.973      0.475 RR  CELL  sudx_scan:sudx_scan|sudx_scan_solver:solver|row_index_q[5][3]
    Info (332115):      5.032      0.059           clock pessimism removed
    Info (332115):      5.012     -0.020           clock uncertainty
    Info (332115):      5.025      0.013     uTsu  sudx_scan:sudx_scan|sudx_scan_solver:solver|row_index_q[5][3]
    Info (332115): Data Arrival Time  :    17.563
    Info (332115): Data Required Time :     5.025
    Info (332115): Slack              :   -12.538 (VIOLATED)
    Info (332115): ===================================================================
Info (332115): Path #12: Setup slack is -12.535 (VIOLATED)
    Info (332115): ===================================================================
    Info (332115): From Node    : sudx_scan:sudx_scan|sudx_scan_solver:solver|candidate[49][2]
    Info (332115): To Node      : sudx_scan:sudx_scan|sudx_scan_solver:solver|row_index_q[5][3]
    Info (332115): Launch Clock : clk
    Info (332115): Latch Clock  : clk
    Info (332115): Data Arrival Path:
    Info (332115): Total (ns)  Incr (ns)     Type  Element
    Info (332115): ==========  ========= ==  ====  ===================================
    Info (332115):      0.000      0.000           launch edge time
    Info (332115):      0.000      0.000           source latency
    Info (332115):      0.000      0.000           clk
    Info (332115):      0.000      0.000 RR    IC  clk~input|i
    Info (332115):      0.769      0.769 RR  CELL  clk~input|o
    Info (332115):      1.663      0.894 RR    IC  clk~inputclkctrl|inclk[0]
    Info (332115):      1.663      0.000 RR  CELL  clk~inputclkctrl|outclk
    Info (332115):      3.103      1.440 RR    IC  sudx_scan|solver|candidate[49][2]|clk
    Info (332115):      3.613      0.510 RR  CELL  sudx_scan:sudx_scan|sudx_scan_solver:solver|candidate[49][2]
    Info (332115):      3.820      0.207     uTco  sudx_scan:sudx_scan|sudx_scan_solver:solver|candidate[49][2]
    Info (332115):      3.820      0.000 FF  CELL  sudx_scan|solver|candidate[49][2]|q
    Info (332115):      5.691      1.871 FF    IC  sudx_scan|solver|Add393~0|datad
    Info (332115):      5.822      0.131 FF  CELL  sudx_scan|solver|Add393~0|combout
    Info (332115):      6.076      0.254 FF    IC  sudx_scan|solver|Add398~1|datac
    Info (332115):      6.379      0.303 FF  CELL  sudx_scan|solver|Add398~1|combout
    Info (332115):      6.655      0.276 FF    IC  sudx_scan|solver|Add399~2|datad
    Info (332115):      6.816      0.161 FR  CELL  sudx_scan|solver|Add399~2|combout
    Info (332115):      7.037      0.221 RR    IC  sudx_scan|solver|row_count[5][20][2]~0|datad
    Info (332115):      7.203      0.166 RR  CELL  sudx_scan|solver|row_count[5][20][2]~0|combout
    Info (332115):      7.983      0.780 RR    IC  sudx_scan|solver|LessThan84~4|dataa
    Info (332115):      8.405      0.422 RR  CELL  sudx_scan|solver|LessThan84~4|combout
    Info (332115):      8.644      0.239 RR    IC  sudx_scan|solver|row_count[5][10][3]~2|datad
    Info (332115):      8.810      0.166 RR  CELL  sudx_scan|solver|row_count[5][10][3]~2|combout
    Info (332115):      9.928      1.118 RR    IC  sudx_scan|solver|LessThan79~0|datac
    Info (332115):     10.208      0.280 RF  CELL  sudx_scan|solver|LessThan79~0|combout
    Info (332115):     10.441      0.233 FF    IC  sudx_scan|solver|LessThan79~1|datad
    Info (332115):     10.572      0.131 FF  CELL  sudx_scan|solver|LessThan79~1|combout
    Info (332115):     10.810      0.238 FF    IC  sudx_scan|solver|LessThan79~2|datad
    Info (332115):     10.941      0.131 FF  CELL  sudx_scan|solver|LessThan79~2|combout
    Info (332115):     11.175      0.234 FF    IC  sudx_scan|solver|LessThan79~4|datad
    Info (332115):     11.306      0.131 FF  CELL  sudx_scan|solver|LessThan79~4|combout
    Info (332115):     11.606      0.300 FF    IC  sudx_scan|solver|row_count[5][5][0]~0|datad
    Info (332115):     11.767      0.161 FR  CELL  sudx_scan|solver|row_count[5][5][0]~0|combout
    Info (332115):     12.545      0.778 RR    IC  sudx_scan|solver|LessThan76~0|datab
    Info (332115):     12.994      0.449 RF  CELL  sudx_scan|solver|LessThan76~0|combout
    Info (332115):     13.229      0.235 FF    IC  sudx_scan|solver|LessThan76~1|datad
    Info (332115):     13.390      0.161 FR  CELL  sudx_scan|solver|LessThan76~1|combout
    Info (332115):     13.595      0.205 RR    IC  sudx_scan|solver|LessThan76~2|datad
    Info (332115):     13.761      0.166 RR  CELL  sudx_scan|solver|LessThan76~2|combout
    Info (332115):     13.967      0.206 RR    IC  sudx_scan|solver|LessThan76~3|datad
    Info (332115):     14.112      0.145 RF  CELL  sudx_scan|solver|LessThan76~3|combout
    Info (332115):     14.892      0.780 FF    IC  sudx_scan|solver|LessThan75~3|datad
    Info (332115):     15.023      0.131 FF  CELL  sudx_scan|solver|LessThan75~3|combout
    Info (332115):     15.278      0.255 FF    IC  sudx_scan|solver|LessThan75~5|datac
    Info (332115):     15.581      0.303 FF  CELL  sudx_scan|solver|LessThan75~5|combout
    Info (332115):     15.817      0.236 FF    IC  sudx_scan|solver|LessThan75~6|datad
    Info (332115):     15.978      0.161 FR  CELL  sudx_scan|solver|LessThan75~6|combout
    Info (332115):     16.347      0.369 RR    IC  sudx_scan|solver|LessThan75~9|datac
    Info (332115):     16.631      0.284 RF  CELL  sudx_scan|solver|LessThan75~9|combout
    Info (332115):     16.945      0.314 FF    IC  sudx_scan|solver|row_index[5][1][4]~0|datad
    Info (332115):     17.076      0.131 FF  CELL  sudx_scan|solver|row_index[5][1][4]~0|combout
    Info (332115):     17.310      0.234 FF    IC  sudx_scan|solver|row_index_q[5][3]~5|datad
    Info (332115):     17.471      0.161 FR  CELL  sudx_scan|solver|row_index_q[5][3]~5|combout
    Info (332115):     17.471      0.000 RR    IC  sudx_scan|solver|row_index_q[5][3]|d
    Info (332115):     17.560      0.089 RR  CELL  sudx_scan:sudx_scan|sudx_scan_solver:solver|row_index_q[5][3]
    Info (332115): Data Required Path:
    Info (332115): Total (ns)  Incr (ns)     Type  Element
    Info (332115): ==========  ========= ==  ====  ===================================
    Info (332115):      1.000      1.000           latch edge time
    Info (332115):      1.000      0.000           source latency
    Info (332115):      1.000      0.000           clk
    Info (332115):      1.000      0.000 RR    IC  clk~input|i
    Info (332115):      1.769      0.769 RR  CELL  clk~input|o
    Info (332115):      2.627      0.858 RR    IC  clk~inputclkctrl|inclk[0]
    Info (332115):      2.627      0.000 RR  CELL  clk~inputclkctrl|outclk
    Info (332115):      4.498      1.871 RR    IC  sudx_scan|solver|row_index_q[5][3]|clk
    Info (332115):      4.973      0.475 RR  CELL  sudx_scan:sudx_scan|sudx_scan_solver:solver|row_index_q[5][3]
    Info (332115):      5.032      0.059           clock pessimism removed
    Info (332115):      5.012     -0.020           clock uncertainty
    Info (332115):      5.025      0.013     uTsu  sudx_scan:sudx_scan|sudx_scan_solver:solver|row_index_q[5][3]
    Info (332115): Data Arrival Time  :    17.560
    Info (332115): Data Required Time :     5.025
    Info (332115): Slack              :   -12.535 (VIOLATED)
    Info (332115): ===================================================================
Info (332115): Path #13: Setup slack is -12.531 (VIOLATED)
    Info (332115): ===================================================================
    Info (332115): From Node    : sudx_scan:sudx_scan|sudx_scan_solver:solver|candidate[49][2]
    Info (332115): To Node      : sudx_scan:sudx_scan|sudx_scan_solver:solver|row_index_q[5][3]
    Info (332115): Launch Clock : clk
    Info (332115): Latch Clock  : clk
    Info (332115): Data Arrival Path:
    Info (332115): Total (ns)  Incr (ns)     Type  Element
    Info (332115): ==========  ========= ==  ====  ===================================
    Info (332115):      0.000      0.000           launch edge time
    Info (332115):      0.000      0.000           source latency
    Info (332115):      0.000      0.000           clk
    Info (332115):      0.000      0.000 RR    IC  clk~input|i
    Info (332115):      0.769      0.769 RR  CELL  clk~input|o
    Info (332115):      1.663      0.894 RR    IC  clk~inputclkctrl|inclk[0]
    Info (332115):      1.663      0.000 RR  CELL  clk~inputclkctrl|outclk
    Info (332115):      3.103      1.440 RR    IC  sudx_scan|solver|candidate[49][2]|clk
    Info (332115):      3.613      0.510 RR  CELL  sudx_scan:sudx_scan|sudx_scan_solver:solver|candidate[49][2]
    Info (332115):      3.820      0.207     uTco  sudx_scan:sudx_scan|sudx_scan_solver:solver|candidate[49][2]
    Info (332115):      3.820      0.000 FF  CELL  sudx_scan|solver|candidate[49][2]|q
    Info (332115):      5.689      1.869 FF    IC  sudx_scan|solver|Add393~1|datad
    Info (332115):      5.850      0.161 FR  CELL  sudx_scan|solver|Add393~1|combout
    Info (332115):      6.081      0.231 RR    IC  sudx_scan|solver|Add399~0|datad
    Info (332115):      6.226      0.145 RF  CELL  sudx_scan|solver|Add399~0|combout
    Info (332115):      6.563      0.337 FF    IC  sudx_scan|solver|Add399~2|dataa
    Info (332115):      6.991      0.428 FF  CELL  sudx_scan|solver|Add399~2|combout
    Info (332115):      7.244      0.253 FF    IC  sudx_scan|solver|row_count[5][20][2]~0|datad
    Info (332115):      7.375      0.131 FF  CELL  sudx_scan|solver|row_count[5][20][2]~0|combout
    Info (332115):      8.163      0.788 FF    IC  sudx_scan|solver|LessThan84~4|dataa
    Info (332115):      8.568      0.405 FF  CELL  sudx_scan|solver|LessThan84~4|combout
    Info (332115):      8.849      0.281 FF    IC  sudx_scan|solver|row_count[5][10][3]~2|datad
    Info (332115):      9.010      0.161 FR  CELL  sudx_scan|solver|row_count[5][10][3]~2|combout
    Info (332115):     10.128      1.118 RR    IC  sudx_scan|solver|LessThan79~0|datac
    Info (332115):     10.408      0.280 RF  CELL  sudx_scan|solver|LessThan79~0|combout
    Info (332115):     10.641      0.233 FF    IC  sudx_scan|solver|LessThan79~1|datad
    Info (332115):     10.772      0.131 FF  CELL  sudx_scan|solver|LessThan79~1|combout
    Info (332115):     11.010      0.238 FF    IC  sudx_scan|solver|LessThan79~2|datad
    Info (332115):     11.141      0.131 FF  CELL  sudx_scan|solver|LessThan79~2|combout
    Info (332115):     11.375      0.234 FF    IC  sudx_scan|solver|LessThan79~4|datad
    Info (332115):     11.506      0.131 FF  CELL  sudx_scan|solver|LessThan79~4|combout
    Info (332115):     11.803      0.297 FF    IC  sudx_scan|solver|row_count[5][5][3]~1|datad
    Info (332115):     11.964      0.161 FR  CELL  sudx_scan|solver|row_count[5][5][3]~1|combout
    Info (332115):     12.726      0.762 RR    IC  sudx_scan|solver|LessThan76~0|dataa
    Info (332115):     13.148      0.422 RR  CELL  sudx_scan|solver|LessThan76~0|combout
    Info (332115):     13.352      0.204 RR    IC  sudx_scan|solver|LessThan76~1|datad
    Info (332115):     13.497      0.145 RF  CELL  sudx_scan|solver|LessThan76~1|combout
    Info (332115):     13.733      0.236 FF    IC  sudx_scan|solver|LessThan76~2|datad
    Info (332115):     13.864      0.131 FF  CELL  sudx_scan|solver|LessThan76~2|combout
    Info (332115):     14.103      0.239 FF    IC  sudx_scan|solver|LessThan76~3|datad
    Info (332115):     14.264      0.161 FR  CELL  sudx_scan|solver|LessThan76~3|combout
    Info (332115):     14.747      0.483 RR    IC  sudx_scan|solver|row_count[5][2][0]~0|datad
    Info (332115):     14.892      0.145 RF  CELL  sudx_scan|solver|row_count[5][2][0]~0|combout
    Info (332115):     15.146      0.254 FF    IC  sudx_scan|solver|LessThan75~7|datac
    Info (332115):     15.449      0.303 FF  CELL  sudx_scan|solver|LessThan75~7|combout
    Info (332115):     15.690      0.241 FF    IC  sudx_scan|solver|LessThan75~8|datac
    Info (332115):     15.993      0.303 FF  CELL  sudx_scan|solver|LessThan75~8|combout
    Info (332115):     16.273      0.280 FF    IC  sudx_scan|solver|LessThan75~9|datab
    Info (332115):     16.627      0.354 FF  CELL  sudx_scan|solver|LessThan75~9|combout
    Info (332115):     16.941      0.314 FF    IC  sudx_scan|solver|row_index[5][1][4]~0|datad
    Info (332115):     17.072      0.131 FF  CELL  sudx_scan|solver|row_index[5][1][4]~0|combout
    Info (332115):     17.306      0.234 FF    IC  sudx_scan|solver|row_index_q[5][3]~5|datad
    Info (332115):     17.467      0.161 FR  CELL  sudx_scan|solver|row_index_q[5][3]~5|combout
    Info (332115):     17.467      0.000 RR    IC  sudx_scan|solver|row_index_q[5][3]|d
    Info (332115):     17.556      0.089 RR  CELL  sudx_scan:sudx_scan|sudx_scan_solver:solver|row_index_q[5][3]
    Info (332115): Data Required Path:
    Info (332115): Total (ns)  Incr (ns)     Type  Element
    Info (332115): ==========  ========= ==  ====  ===================================
    Info (332115):      1.000      1.000           latch edge time
    Info (332115):      1.000      0.000           source latency
    Info (332115):      1.000      0.000           clk
    Info (332115):      1.000      0.000 RR    IC  clk~input|i
    Info (332115):      1.769      0.769 RR  CELL  clk~input|o
    Info (332115):      2.627      0.858 RR    IC  clk~inputclkctrl|inclk[0]
    Info (332115):      2.627      0.000 RR  CELL  clk~inputclkctrl|outclk
    Info (332115):      4.498      1.871 RR    IC  sudx_scan|solver|row_index_q[5][3]|clk
    Info (332115):      4.973      0.475 RR  CELL  sudx_scan:sudx_scan|sudx_scan_solver:solver|row_index_q[5][3]
    Info (332115):      5.032      0.059           clock pessimism removed
    Info (332115):      5.012     -0.020           clock uncertainty
    Info (332115):      5.025      0.013     uTsu  sudx_scan:sudx_scan|sudx_scan_solver:solver|row_index_q[5][3]
    Info (332115): Data Arrival Time  :    17.556
    Info (332115): Data Required Time :     5.025
    Info (332115): Slack              :   -12.531 (VIOLATED)
    Info (332115): ===================================================================
Info (332115): Path #14: Setup slack is -12.525 (VIOLATED)
    Info (332115): ===================================================================
    Info (332115): From Node    : sudx_scan:sudx_scan|sudx_scan_solver:solver|candidate[49][2]
    Info (332115): To Node      : sudx_scan:sudx_scan|sudx_scan_solver:solver|row_index_q[5][3]
    Info (332115): Launch Clock : clk
    Info (332115): Latch Clock  : clk
    Info (332115): Data Arrival Path:
    Info (332115): Total (ns)  Incr (ns)     Type  Element
    Info (332115): ==========  ========= ==  ====  ===================================
    Info (332115):      0.000      0.000           launch edge time
    Info (332115):      0.000      0.000           source latency
    Info (332115):      0.000      0.000           clk
    Info (332115):      0.000      0.000 RR    IC  clk~input|i
    Info (332115):      0.769      0.769 RR  CELL  clk~input|o
    Info (332115):      1.663      0.894 RR    IC  clk~inputclkctrl|inclk[0]
    Info (332115):      1.663      0.000 RR  CELL  clk~inputclkctrl|outclk
    Info (332115):      3.103      1.440 RR    IC  sudx_scan|solver|candidate[49][2]|clk
    Info (332115):      3.613      0.510 RR  CELL  sudx_scan:sudx_scan|sudx_scan_solver:solver|candidate[49][2]
    Info (332115):      3.820      0.207     uTco  sudx_scan:sudx_scan|sudx_scan_solver:solver|candidate[49][2]
    Info (332115):      3.820      0.000 FF  CELL  sudx_scan|solver|candidate[49][2]|q
    Info (332115):      5.689      1.869 FF    IC  sudx_scan|solver|Add393~1|datad
    Info (332115):      5.820      0.131 FF  CELL  sudx_scan|solver|Add393~1|combout
    Info (332115):      6.094      0.274 FF    IC  sudx_scan|solver|Add398~0|datad
    Info (332115):      6.225      0.131 FF  CELL  sudx_scan|solver|Add398~0|combout
    Info (332115):      6.478      0.253 FF    IC  sudx_scan|solver|Add399~2|datac
    Info (332115):      6.781      0.303 FF  CELL  sudx_scan|solver|Add399~2|combout
    Info (332115):      7.034      0.253 FF    IC  sudx_scan|solver|row_count[5][20][2]~0|datad
    Info (332115):      7.165      0.131 FF  CELL  sudx_scan|solver|row_count[5][20][2]~0|combout
    Info (332115):      7.953      0.788 FF    IC  sudx_scan|solver|LessThan84~4|dataa
    Info (332115):      8.358      0.405 FF  CELL  sudx_scan|solver|LessThan84~4|combout
    Info (332115):      8.639      0.281 FF    IC  sudx_scan|solver|row_count[5][10][3]~2|datad
    Info (332115):      8.800      0.161 FR  CELL  sudx_scan|solver|row_count[5][10][3]~2|combout
    Info (332115):      9.918      1.118 RR    IC  sudx_scan|solver|LessThan79~0|datac
    Info (332115):     10.198      0.280 RF  CELL  sudx_scan|solver|LessThan79~0|combout
    Info (332115):     10.431      0.233 FF    IC  sudx_scan|solver|LessThan79~1|datad
    Info (332115):     10.562      0.131 FF  CELL  sudx_scan|solver|LessThan79~1|combout
    Info (332115):     10.800      0.238 FF    IC  sudx_scan|solver|LessThan79~2|datad
    Info (332115):     10.931      0.131 FF  CELL  sudx_scan|solver|LessThan79~2|combout
    Info (332115):     11.165      0.234 FF    IC  sudx_scan|solver|LessThan79~4|datad
    Info (332115):     11.296      0.131 FF  CELL  sudx_scan|solver|LessThan79~4|combout
    Info (332115):     11.596      0.300 FF    IC  sudx_scan|solver|row_count[5][5][0]~0|datad
    Info (332115):     11.757      0.161 FR  CELL  sudx_scan|solver|row_count[5][5][0]~0|combout
    Info (332115):     12.535      0.778 RR    IC  sudx_scan|solver|LessThan76~0|datab
    Info (332115):     12.984      0.449 RF  CELL  sudx_scan|solver|LessThan76~0|combout
    Info (332115):     13.219      0.235 FF    IC  sudx_scan|solver|LessThan76~1|datad
    Info (332115):     13.380      0.161 FR  CELL  sudx_scan|solver|LessThan76~1|combout
    Info (332115):     13.585      0.205 RR    IC  sudx_scan|solver|LessThan76~2|datad
    Info (332115):     13.751      0.166 RR  CELL  sudx_scan|solver|LessThan76~2|combout
    Info (332115):     13.957      0.206 RR    IC  sudx_scan|solver|LessThan76~3|datad
    Info (332115):     14.102      0.145 RF  CELL  sudx_scan|solver|LessThan76~3|combout
    Info (332115):     14.882      0.780 FF    IC  sudx_scan|solver|LessThan75~3|datad
    Info (332115):     15.013      0.131 FF  CELL  sudx_scan|solver|LessThan75~3|combout
    Info (332115):     15.268      0.255 FF    IC  sudx_scan|solver|LessThan75~5|datac
    Info (332115):     15.571      0.303 FF  CELL  sudx_scan|solver|LessThan75~5|combout
    Info (332115):     15.807      0.236 FF    IC  sudx_scan|solver|LessThan75~6|datad
    Info (332115):     15.968      0.161 FR  CELL  sudx_scan|solver|LessThan75~6|combout
    Info (332115):     16.337      0.369 RR    IC  sudx_scan|solver|LessThan75~9|datac
    Info (332115):     16.621      0.284 RF  CELL  sudx_scan|solver|LessThan75~9|combout
    Info (332115):     16.935      0.314 FF    IC  sudx_scan|solver|row_index[5][1][4]~0|datad
    Info (332115):     17.066      0.131 FF  CELL  sudx_scan|solver|row_index[5][1][4]~0|combout
    Info (332115):     17.300      0.234 FF    IC  sudx_scan|solver|row_index_q[5][3]~5|datad
    Info (332115):     17.461      0.161 FR  CELL  sudx_scan|solver|row_index_q[5][3]~5|combout
    Info (332115):     17.461      0.000 RR    IC  sudx_scan|solver|row_index_q[5][3]|d
    Info (332115):     17.550      0.089 RR  CELL  sudx_scan:sudx_scan|sudx_scan_solver:solver|row_index_q[5][3]
    Info (332115): Data Required Path:
    Info (332115): Total (ns)  Incr (ns)     Type  Element
    Info (332115): ==========  ========= ==  ====  ===================================
    Info (332115):      1.000      1.000           latch edge time
    Info (332115):      1.000      0.000           source latency
    Info (332115):      1.000      0.000           clk
    Info (332115):      1.000      0.000 RR    IC  clk~input|i
    Info (332115):      1.769      0.769 RR  CELL  clk~input|o
    Info (332115):      2.627      0.858 RR    IC  clk~inputclkctrl|inclk[0]
    Info (332115):      2.627      0.000 RR  CELL  clk~inputclkctrl|outclk
    Info (332115):      4.498      1.871 RR    IC  sudx_scan|solver|row_index_q[5][3]|clk
    Info (332115):      4.973      0.475 RR  CELL  sudx_scan:sudx_scan|sudx_scan_solver:solver|row_index_q[5][3]
    Info (332115):      5.032      0.059           clock pessimism removed
    Info (332115):      5.012     -0.020           clock uncertainty
    Info (332115):      5.025      0.013     uTsu  sudx_scan:sudx_scan|sudx_scan_solver:solver|row_index_q[5][3]
    Info (332115): Data Arrival Time  :    17.550
    Info (332115): Data Required Time :     5.025
    Info (332115): Slack              :   -12.525 (VIOLATED)
    Info (332115): ===================================================================
Info (332115): Path #15: Setup slack is -12.511 (VIOLATED)
    Info (332115): ===================================================================
    Info (332115): From Node    : sudx_scan:sudx_scan|sudx_scan_solver:solver|candidate[49][2]
    Info (332115): To Node      : sudx_scan:sudx_scan|sudx_scan_solver:solver|row_index_q[5][3]
    Info (332115): Launch Clock : clk
    Info (332115): Latch Clock  : clk
    Info (332115): Data Arrival Path:
    Info (332115): Total (ns)  Incr (ns)     Type  Element
    Info (332115): ==========  ========= ==  ====  ===================================
    Info (332115):      0.000      0.000           launch edge time
    Info (332115):      0.000      0.000           source latency
    Info (332115):      0.000      0.000           clk
    Info (332115):      0.000      0.000 RR    IC  clk~input|i
    Info (332115):      0.769      0.769 RR  CELL  clk~input|o
    Info (332115):      1.663      0.894 RR    IC  clk~inputclkctrl|inclk[0]
    Info (332115):      1.663      0.000 RR  CELL  clk~inputclkctrl|outclk
    Info (332115):      3.103      1.440 RR    IC  sudx_scan|solver|candidate[49][2]|clk
    Info (332115):      3.613      0.510 RR  CELL  sudx_scan:sudx_scan|sudx_scan_solver:solver|candidate[49][2]
    Info (332115):      3.820      0.207     uTco  sudx_scan:sudx_scan|sudx_scan_solver:solver|candidate[49][2]
    Info (332115):      3.820      0.000 FF  CELL  sudx_scan|solver|candidate[49][2]|q
    Info (332115):      5.689      1.869 FF    IC  sudx_scan|solver|Add393~1|datad
    Info (332115):      5.850      0.161 FR  CELL  sudx_scan|solver|Add393~1|combout
    Info (332115):      6.081      0.231 RR    IC  sudx_scan|solver|Add399~0|datad
    Info (332115):      6.226      0.145 RF  CELL  sudx_scan|solver|Add399~0|combout
    Info (332115):      6.563      0.337 FF    IC  sudx_scan|solver|Add399~2|dataa
    Info (332115):      6.991      0.428 FF  CELL  sudx_scan|solver|Add399~2|combout
    Info (332115):      7.244      0.253 FF    IC  sudx_scan|solver|row_count[5][20][2]~0|datad
    Info (332115):      7.375      0.131 FF  CELL  sudx_scan|solver|row_count[5][20][2]~0|combout
    Info (332115):      8.163      0.788 FF    IC  sudx_scan|solver|LessThan84~4|dataa
    Info (332115):      8.568      0.405 FF  CELL  sudx_scan|solver|LessThan84~4|combout
    Info (332115):      8.849      0.281 FF    IC  sudx_scan|solver|row_count[5][10][3]~2|datad
    Info (332115):      9.010      0.161 FR  CELL  sudx_scan|solver|row_count[5][10][3]~2|combout
    Info (332115):     10.128      1.118 RR    IC  sudx_scan|solver|LessThan79~0|datac
    Info (332115):     10.408      0.280 RF  CELL  sudx_scan|solver|LessThan79~0|combout
    Info (332115):     10.641      0.233 FF    IC  sudx_scan|solver|LessThan79~1|datad
    Info (332115):     10.772      0.131 FF  CELL  sudx_scan|solver|LessThan79~1|combout
    Info (332115):     11.010      0.238 FF    IC  sudx_scan|solver|LessThan79~2|datad
    Info (332115):     11.141      0.131 FF  CELL  sudx_scan|solver|LessThan79~2|combout
    Info (332115):     11.375      0.234 FF    IC  sudx_scan|solver|LessThan79~4|datad
    Info (332115):     11.506      0.131 FF  CELL  sudx_scan|solver|LessThan79~4|combout
    Info (332115):     11.803      0.297 FF    IC  sudx_scan|solver|row_count[5][5][3]~1|datad
    Info (332115):     11.964      0.161 FR  CELL  sudx_scan|solver|row_count[5][5][3]~1|combout
    Info (332115):     12.726      0.762 RR    IC  sudx_scan|solver|LessThan76~0|dataa
    Info (332115):     13.148      0.422 RR  CELL  sudx_scan|solver|LessThan76~0|combout
    Info (332115):     13.352      0.204 RR    IC  sudx_scan|solver|LessThan76~1|datad
    Info (332115):     13.497      0.145 RF  CELL  sudx_scan|solver|LessThan76~1|combout
    Info (332115):     13.733      0.236 FF    IC  sudx_scan|solver|LessThan76~2|datad
    Info (332115):     13.864      0.131 FF  CELL  sudx_scan|solver|LessThan76~2|combout
    Info (332115):     14.103      0.239 FF    IC  sudx_scan|solver|LessThan76~3|datad
    Info (332115):     14.264      0.161 FR  CELL  sudx_scan|solver|LessThan76~3|combout
    Info (332115):     15.046      0.782 RR    IC  sudx_scan|solver|LessThan75~4|datad
    Info (332115):     15.212      0.166 RR  CELL  sudx_scan|solver|LessThan75~4|combout
    Info (332115):     15.417      0.205 RR    IC  sudx_scan|solver|LessThan75~5|datad
    Info (332115):     15.583      0.166 RR  CELL  sudx_scan|solver|LessThan75~5|combout
    Info (332115):     15.788      0.205 RR    IC  sudx_scan|solver|LessThan75~6|datad
    Info (332115):     15.954      0.166 RR  CELL  sudx_scan|solver|LessThan75~6|combout
    Info (332115):     16.323      0.369 RR    IC  sudx_scan|solver|LessThan75~9|datac
    Info (332115):     16.607      0.284 RF  CELL  sudx_scan|solver|LessThan75~9|combout
    Info (332115):     16.921      0.314 FF    IC  sudx_scan|solver|row_index[5][1][4]~0|datad
    Info (332115):     17.052      0.131 FF  CELL  sudx_scan|solver|row_index[5][1][4]~0|combout
    Info (332115):     17.286      0.234 FF    IC  sudx_scan|solver|row_index_q[5][3]~5|datad
    Info (332115):     17.447      0.161 FR  CELL  sudx_scan|solver|row_index_q[5][3]~5|combout
    Info (332115):     17.447      0.000 RR    IC  sudx_scan|solver|row_index_q[5][3]|d
    Info (332115):     17.536      0.089 RR  CELL  sudx_scan:sudx_scan|sudx_scan_solver:solver|row_index_q[5][3]
    Info (332115): Data Required Path:
    Info (332115): Total (ns)  Incr (ns)     Type  Element
    Info (332115): ==========  ========= ==  ====  ===================================
    Info (332115):      1.000      1.000           latch edge time
    Info (332115):      1.000      0.000           source latency
    Info (332115):      1.000      0.000           clk
    Info (332115):      1.000      0.000 RR    IC  clk~input|i
    Info (332115):      1.769      0.769 RR  CELL  clk~input|o
    Info (332115):      2.627      0.858 RR    IC  clk~inputclkctrl|inclk[0]
    Info (332115):      2.627      0.000 RR  CELL  clk~inputclkctrl|outclk
    Info (332115):      4.498      1.871 RR    IC  sudx_scan|solver|row_index_q[5][3]|clk
    Info (332115):      4.973      0.475 RR  CELL  sudx_scan:sudx_scan|sudx_scan_solver:solver|row_index_q[5][3]
    Info (332115):      5.032      0.059           clock pessimism removed
    Info (332115):      5.012     -0.020           clock uncertainty
    Info (332115):      5.025      0.013     uTsu  sudx_scan:sudx_scan|sudx_scan_solver:solver|row_index_q[5][3]
    Info (332115): Data Arrival Time  :    17.536
    Info (332115): Data Required Time :     5.025
    Info (332115): Slack              :   -12.511 (VIOLATED)
    Info (332115): ===================================================================
Info (332115): Path #16: Setup slack is -12.506 (VIOLATED)
    Info (332115): ===================================================================
    Info (332115): From Node    : sudx_scan:sudx_scan|sudx_scan_solver:solver|candidate[49][2]
    Info (332115): To Node      : sudx_scan:sudx_scan|sudx_scan_solver:solver|row_index_q[5][3]
    Info (332115): Launch Clock : clk
    Info (332115): Latch Clock  : clk
    Info (332115): Data Arrival Path:
    Info (332115): Total (ns)  Incr (ns)     Type  Element
    Info (332115): ==========  ========= ==  ====  ===================================
    Info (332115):      0.000      0.000           launch edge time
    Info (332115):      0.000      0.000           source latency
    Info (332115):      0.000      0.000           clk
    Info (332115):      0.000      0.000 RR    IC  clk~input|i
    Info (332115):      0.769      0.769 RR  CELL  clk~input|o
    Info (332115):      1.663      0.894 RR    IC  clk~inputclkctrl|inclk[0]
    Info (332115):      1.663      0.000 RR  CELL  clk~inputclkctrl|outclk
    Info (332115):      3.103      1.440 RR    IC  sudx_scan|solver|candidate[49][2]|clk
    Info (332115):      3.613      0.510 RR  CELL  sudx_scan:sudx_scan|sudx_scan_solver:solver|candidate[49][2]
    Info (332115):      3.820      0.207     uTco  sudx_scan:sudx_scan|sudx_scan_solver:solver|candidate[49][2]
    Info (332115):      3.820      0.000 FF  CELL  sudx_scan|solver|candidate[49][2]|q
    Info (332115):      5.691      1.871 FF    IC  sudx_scan|solver|Add393~0|datad
    Info (332115):      5.822      0.131 FF  CELL  sudx_scan|solver|Add393~0|combout
    Info (332115):      6.077      0.255 FF    IC  sudx_scan|solver|Add398~0|datac
    Info (332115):      6.380      0.303 FF  CELL  sudx_scan|solver|Add398~0|combout
    Info (332115):      6.633      0.253 FF    IC  sudx_scan|solver|Add399~2|datac
    Info (332115):      6.936      0.303 FF  CELL  sudx_scan|solver|Add399~2|combout
    Info (332115):      7.189      0.253 FF    IC  sudx_scan|solver|row_count[5][20][2]~0|datad
    Info (332115):      7.320      0.131 FF  CELL  sudx_scan|solver|row_count[5][20][2]~0|combout
    Info (332115):      8.108      0.788 FF    IC  sudx_scan|solver|LessThan84~4|dataa
    Info (332115):      8.513      0.405 FF  CELL  sudx_scan|solver|LessThan84~4|combout
    Info (332115):      9.326      0.813 FF    IC  sudx_scan|solver|row_count[5][10][2]~2|dataa
    Info (332115):      9.754      0.428 FF  CELL  sudx_scan|solver|row_count[5][10][2]~2|combout
    Info (332115):     10.544      0.790 FF    IC  sudx_scan|solver|LessThan79~2|datab
    Info (332115):     10.948      0.404 FF  CELL  sudx_scan|solver|LessThan79~2|combout
    Info (332115):     11.182      0.234 FF    IC  sudx_scan|solver|LessThan79~4|datad
    Info (332115):     11.313      0.131 FF  CELL  sudx_scan|solver|LessThan79~4|combout
    Info (332115):     11.610      0.297 FF    IC  sudx_scan|solver|row_count[5][5][3]~1|datad
    Info (332115):     11.771      0.161 FR  CELL  sudx_scan|solver|row_count[5][5][3]~1|combout
    Info (332115):     12.533      0.762 RR    IC  sudx_scan|solver|LessThan76~0|dataa
    Info (332115):     12.955      0.422 RR  CELL  sudx_scan|solver|LessThan76~0|combout
    Info (332115):     13.159      0.204 RR    IC  sudx_scan|solver|LessThan76~1|datad
    Info (332115):     13.304      0.145 RF  CELL  sudx_scan|solver|LessThan76~1|combout
    Info (332115):     13.540      0.236 FF    IC  sudx_scan|solver|LessThan76~2|datad
    Info (332115):     13.671      0.131 FF  CELL  sudx_scan|solver|LessThan76~2|combout
    Info (332115):     13.910      0.239 FF    IC  sudx_scan|solver|LessThan76~3|datad
    Info (332115):     14.071      0.161 FR  CELL  sudx_scan|solver|LessThan76~3|combout
    Info (332115):     14.849      0.778 RR    IC  sudx_scan|solver|LessThan75~3|datad
    Info (332115):     14.994      0.145 RF  CELL  sudx_scan|solver|LessThan75~3|combout
    Info (332115):     15.249      0.255 FF    IC  sudx_scan|solver|LessThan75~5|datac
    Info (332115):     15.552      0.303 FF  CELL  sudx_scan|solver|LessThan75~5|combout
    Info (332115):     15.788      0.236 FF    IC  sudx_scan|solver|LessThan75~6|datad
    Info (332115):     15.949      0.161 FR  CELL  sudx_scan|solver|LessThan75~6|combout
    Info (332115):     16.318      0.369 RR    IC  sudx_scan|solver|LessThan75~9|datac
    Info (332115):     16.602      0.284 RF  CELL  sudx_scan|solver|LessThan75~9|combout
    Info (332115):     16.916      0.314 FF    IC  sudx_scan|solver|row_index[5][1][4]~0|datad
    Info (332115):     17.047      0.131 FF  CELL  sudx_scan|solver|row_index[5][1][4]~0|combout
    Info (332115):     17.281      0.234 FF    IC  sudx_scan|solver|row_index_q[5][3]~5|datad
    Info (332115):     17.442      0.161 FR  CELL  sudx_scan|solver|row_index_q[5][3]~5|combout
    Info (332115):     17.442      0.000 RR    IC  sudx_scan|solver|row_index_q[5][3]|d
    Info (332115):     17.531      0.089 RR  CELL  sudx_scan:sudx_scan|sudx_scan_solver:solver|row_index_q[5][3]
    Info (332115): Data Required Path:
    Info (332115): Total (ns)  Incr (ns)     Type  Element
    Info (332115): ==========  ========= ==  ====  ===================================
    Info (332115):      1.000      1.000           latch edge time
    Info (332115):      1.000      0.000           source latency
    Info (332115):      1.000      0.000           clk
    Info (332115):      1.000      0.000 RR    IC  clk~input|i
    Info (332115):      1.769      0.769 RR  CELL  clk~input|o
    Info (332115):      2.627      0.858 RR    IC  clk~inputclkctrl|inclk[0]
    Info (332115):      2.627      0.000 RR  CELL  clk~inputclkctrl|outclk
    Info (332115):      4.498      1.871 RR    IC  sudx_scan|solver|row_index_q[5][3]|clk
    Info (332115):      4.973      0.475 RR  CELL  sudx_scan:sudx_scan|sudx_scan_solver:solver|row_index_q[5][3]
    Info (332115):      5.032      0.059           clock pessimism removed
    Info (332115):      5.012     -0.020           clock uncertainty
    Info (332115):      5.025      0.013     uTsu  sudx_scan:sudx_scan|sudx_scan_solver:solver|row_index_q[5][3]
    Info (332115): Data Arrival Time  :    17.531
    Info (332115): Data Required Time :     5.025
    Info (332115): Slack              :   -12.506 (VIOLATED)
    Info (332115): ===================================================================
Info (332115): Path #17: Setup slack is -12.506 (VIOLATED)
    Info (332115): ===================================================================
    Info (332115): From Node    : sudx_scan:sudx_scan|sudx_scan_solver:solver|candidate[49][2]
    Info (332115): To Node      : sudx_scan:sudx_scan|sudx_scan_solver:solver|row_index_q[5][3]
    Info (332115): Launch Clock : clk
    Info (332115): Latch Clock  : clk
    Info (332115): Data Arrival Path:
    Info (332115): Total (ns)  Incr (ns)     Type  Element
    Info (332115): ==========  ========= ==  ====  ===================================
    Info (332115):      0.000      0.000           launch edge time
    Info (332115):      0.000      0.000           source latency
    Info (332115):      0.000      0.000           clk
    Info (332115):      0.000      0.000 RR    IC  clk~input|i
    Info (332115):      0.769      0.769 RR  CELL  clk~input|o
    Info (332115):      1.663      0.894 RR    IC  clk~inputclkctrl|inclk[0]
    Info (332115):      1.663      0.000 RR  CELL  clk~inputclkctrl|outclk
    Info (332115):      3.103      1.440 RR    IC  sudx_scan|solver|candidate[49][2]|clk
    Info (332115):      3.613      0.510 RR  CELL  sudx_scan:sudx_scan|sudx_scan_solver:solver|candidate[49][2]
    Info (332115):      3.820      0.207     uTco  sudx_scan:sudx_scan|sudx_scan_solver:solver|candidate[49][2]
    Info (332115):      3.820      0.000 FF  CELL  sudx_scan|solver|candidate[49][2]|q
    Info (332115):      5.691      1.871 FF    IC  sudx_scan|solver|Add393~0|datad
    Info (332115):      5.822      0.131 FF  CELL  sudx_scan|solver|Add393~0|combout
    Info (332115):      6.077      0.255 FF    IC  sudx_scan|solver|Add398~0|datac
    Info (332115):      6.380      0.303 FF  CELL  sudx_scan|solver|Add398~0|combout
    Info (332115):      6.633      0.253 FF    IC  sudx_scan|solver|Add399~2|datac
    Info (332115):      6.936      0.303 FF  CELL  sudx_scan|solver|Add399~2|combout
    Info (332115):      7.189      0.253 FF    IC  sudx_scan|solver|row_count[5][20][2]~0|datad
    Info (332115):      7.320      0.131 FF  CELL  sudx_scan|solver|row_count[5][20][2]~0|combout
    Info (332115):      8.108      0.788 FF    IC  sudx_scan|solver|LessThan84~4|dataa
    Info (332115):      8.513      0.405 FF  CELL  sudx_scan|solver|LessThan84~4|combout
    Info (332115):      8.794      0.281 FF    IC  sudx_scan|solver|row_count[5][10][3]~2|datad
    Info (332115):      8.955      0.161 FR  CELL  sudx_scan|solver|row_count[5][10][3]~2|combout
    Info (332115):     10.073      1.118 RR    IC  sudx_scan|solver|LessThan79~0|datac
    Info (332115):     10.353      0.280 RF  CELL  sudx_scan|solver|LessThan79~0|combout
    Info (332115):     10.586      0.233 FF    IC  sudx_scan|solver|LessThan79~1|datad
    Info (332115):     10.717      0.131 FF  CELL  sudx_scan|solver|LessThan79~1|combout
    Info (332115):     10.955      0.238 FF    IC  sudx_scan|solver|LessThan79~2|datad
    Info (332115):     11.086      0.131 FF  CELL  sudx_scan|solver|LessThan79~2|combout
    Info (332115):     11.320      0.234 FF    IC  sudx_scan|solver|LessThan79~4|datad
    Info (332115):     11.451      0.131 FF  CELL  sudx_scan|solver|LessThan79~4|combout
    Info (332115):     11.751      0.300 FF    IC  sudx_scan|solver|row_count[5][5][0]~0|datad
    Info (332115):     11.912      0.161 FR  CELL  sudx_scan|solver|row_count[5][5][0]~0|combout
    Info (332115):     12.690      0.778 RR    IC  sudx_scan|solver|LessThan76~0|datab
    Info (332115):     13.139      0.449 RF  CELL  sudx_scan|solver|LessThan76~0|combout
    Info (332115):     13.374      0.235 FF    IC  sudx_scan|solver|LessThan76~1|datad
    Info (332115):     13.535      0.161 FR  CELL  sudx_scan|solver|LessThan76~1|combout
    Info (332115):     13.740      0.205 RR    IC  sudx_scan|solver|LessThan76~2|datad
    Info (332115):     13.906      0.166 RR  CELL  sudx_scan|solver|LessThan76~2|combout
    Info (332115):     14.112      0.206 RR    IC  sudx_scan|solver|LessThan76~3|datad
    Info (332115):     14.257      0.145 RF  CELL  sudx_scan|solver|LessThan76~3|combout
    Info (332115):     15.046      0.789 FF    IC  sudx_scan|solver|LessThan75~4|datad
    Info (332115):     15.207      0.161 FR  CELL  sudx_scan|solver|LessThan75~4|combout
    Info (332115):     15.412      0.205 RR    IC  sudx_scan|solver|LessThan75~5|datad
    Info (332115):     15.578      0.166 RR  CELL  sudx_scan|solver|LessThan75~5|combout
    Info (332115):     15.783      0.205 RR    IC  sudx_scan|solver|LessThan75~6|datad
    Info (332115):     15.949      0.166 RR  CELL  sudx_scan|solver|LessThan75~6|combout
    Info (332115):     16.318      0.369 RR    IC  sudx_scan|solver|LessThan75~9|datac
    Info (332115):     16.602      0.284 RF  CELL  sudx_scan|solver|LessThan75~9|combout
    Info (332115):     16.916      0.314 FF    IC  sudx_scan|solver|row_index[5][1][4]~0|datad
    Info (332115):     17.047      0.131 FF  CELL  sudx_scan|solver|row_index[5][1][4]~0|combout
    Info (332115):     17.281      0.234 FF    IC  sudx_scan|solver|row_index_q[5][3]~5|datad
    Info (332115):     17.442      0.161 FR  CELL  sudx_scan|solver|row_index_q[5][3]~5|combout
    Info (332115):     17.442      0.000 RR    IC  sudx_scan|solver|row_index_q[5][3]|d
    Info (332115):     17.531      0.089 RR  CELL  sudx_scan:sudx_scan|sudx_scan_solver:solver|row_index_q[5][3]
    Info (332115): Data Required Path:
    Info (332115): Total (ns)  Incr (ns)     Type  Element
    Info (332115): ==========  ========= ==  ====  ===================================
    Info (332115):      1.000      1.000           latch edge time
    Info (332115):      1.000      0.000           source latency
    Info (332115):      1.000      0.000           clk
    Info (332115):      1.000      0.000 RR    IC  clk~input|i
    Info (332115):      1.769      0.769 RR  CELL  clk~input|o
    Info (332115):      2.627      0.858 RR    IC  clk~inputclkctrl|inclk[0]
    Info (332115):      2.627      0.000 RR  CELL  clk~inputclkctrl|outclk
    Info (332115):      4.498      1.871 RR    IC  sudx_scan|solver|row_index_q[5][3]|clk
    Info (332115):      4.973      0.475 RR  CELL  sudx_scan:sudx_scan|sudx_scan_solver:solver|row_index_q[5][3]
    Info (332115):      5.032      0.059           clock pessimism removed
    Info (332115):      5.012     -0.020           clock uncertainty
    Info (332115):      5.025      0.013     uTsu  sudx_scan:sudx_scan|sudx_scan_solver:solver|row_index_q[5][3]
    Info (332115): Data Arrival Time  :    17.531
    Info (332115): Data Required Time :     5.025
    Info (332115): Slack              :   -12.506 (VIOLATED)
    Info (332115): ===================================================================
Info (332115): Path #18: Setup slack is -12.502 (VIOLATED)
    Info (332115): ===================================================================
    Info (332115): From Node    : sudx_scan:sudx_scan|sudx_scan_solver:solver|candidate[49][2]
    Info (332115): To Node      : sudx_scan:sudx_scan|sudx_scan_solver:solver|row_index_q[5][3]
    Info (332115): Launch Clock : clk
    Info (332115): Latch Clock  : clk
    Info (332115): Data Arrival Path:
    Info (332115): Total (ns)  Incr (ns)     Type  Element
    Info (332115): ==========  ========= ==  ====  ===================================
    Info (332115):      0.000      0.000           launch edge time
    Info (332115):      0.000      0.000           source latency
    Info (332115):      0.000      0.000           clk
    Info (332115):      0.000      0.000 RR    IC  clk~input|i
    Info (332115):      0.769      0.769 RR  CELL  clk~input|o
    Info (332115):      1.663      0.894 RR    IC  clk~inputclkctrl|inclk[0]
    Info (332115):      1.663      0.000 RR  CELL  clk~inputclkctrl|outclk
    Info (332115):      3.103      1.440 RR    IC  sudx_scan|solver|candidate[49][2]|clk
    Info (332115):      3.613      0.510 RR  CELL  sudx_scan:sudx_scan|sudx_scan_solver:solver|candidate[49][2]
    Info (332115):      3.820      0.207     uTco  sudx_scan:sudx_scan|sudx_scan_solver:solver|candidate[49][2]
    Info (332115):      3.820      0.000 FF  CELL  sudx_scan|solver|candidate[49][2]|q
    Info (332115):      5.689      1.869 FF    IC  sudx_scan|solver|Add393~1|datad
    Info (332115):      5.850      0.161 FR  CELL  sudx_scan|solver|Add393~1|combout
    Info (332115):      6.081      0.231 RR    IC  sudx_scan|solver|Add399~0|datad
    Info (332115):      6.226      0.145 RF  CELL  sudx_scan|solver|Add399~0|combout
    Info (332115):      6.563      0.337 FF    IC  sudx_scan|solver|Add399~2|dataa
    Info (332115):      6.991      0.428 FF  CELL  sudx_scan|solver|Add399~2|combout
    Info (332115):      7.244      0.253 FF    IC  sudx_scan|solver|row_count[5][20][2]~0|datad
    Info (332115):      7.375      0.131 FF  CELL  sudx_scan|solver|row_count[5][20][2]~0|combout
    Info (332115):      8.163      0.788 FF    IC  sudx_scan|solver|LessThan84~4|dataa
    Info (332115):      8.568      0.405 FF  CELL  sudx_scan|solver|LessThan84~4|combout
    Info (332115):      8.845      0.277 FF    IC  sudx_scan|solver|row_count[5][10][0]~0|datad
    Info (332115):      9.006      0.161 FR  CELL  sudx_scan|solver|row_count[5][10][0]~0|combout
    Info (332115):     10.072      1.066 RR    IC  sudx_scan|solver|LessThan79~0|datad
    Info (332115):     10.238      0.166 RR  CELL  sudx_scan|solver|LessThan79~0|combout
    Info (332115):     10.441      0.203 RR    IC  sudx_scan|solver|LessThan79~1|datad
    Info (332115):     10.607      0.166 RR  CELL  sudx_scan|solver|LessThan79~1|combout
    Info (332115):     10.812      0.205 RR    IC  sudx_scan|solver|LessThan79~2|datad
    Info (332115):     10.978      0.166 RR  CELL  sudx_scan|solver|LessThan79~2|combout
    Info (332115):     11.182      0.204 RR    IC  sudx_scan|solver|LessThan79~4|datad
    Info (332115):     11.348      0.166 RR  CELL  sudx_scan|solver|LessThan79~4|combout
    Info (332115):     11.601      0.253 RR    IC  sudx_scan|solver|row_count[5][5][3]~1|datad
    Info (332115):     11.767      0.166 RR  CELL  sudx_scan|solver|row_count[5][5][3]~1|combout
    Info (332115):     12.529      0.762 RR    IC  sudx_scan|solver|LessThan76~0|dataa
    Info (332115):     12.951      0.422 RR  CELL  sudx_scan|solver|LessThan76~0|combout
    Info (332115):     13.155      0.204 RR    IC  sudx_scan|solver|LessThan76~1|datad
    Info (332115):     13.300      0.145 RF  CELL  sudx_scan|solver|LessThan76~1|combout
    Info (332115):     13.536      0.236 FF    IC  sudx_scan|solver|LessThan76~2|datad
    Info (332115):     13.667      0.131 FF  CELL  sudx_scan|solver|LessThan76~2|combout
    Info (332115):     13.906      0.239 FF    IC  sudx_scan|solver|LessThan76~3|datad
    Info (332115):     14.067      0.161 FR  CELL  sudx_scan|solver|LessThan76~3|combout
    Info (332115):     14.845      0.778 RR    IC  sudx_scan|solver|LessThan75~3|datad
    Info (332115):     14.990      0.145 RF  CELL  sudx_scan|solver|LessThan75~3|combout
    Info (332115):     15.245      0.255 FF    IC  sudx_scan|solver|LessThan75~5|datac
    Info (332115):     15.548      0.303 FF  CELL  sudx_scan|solver|LessThan75~5|combout
    Info (332115):     15.784      0.236 FF    IC  sudx_scan|solver|LessThan75~6|datad
    Info (332115):     15.945      0.161 FR  CELL  sudx_scan|solver|LessThan75~6|combout
    Info (332115):     16.314      0.369 RR    IC  sudx_scan|solver|LessThan75~9|datac
    Info (332115):     16.598      0.284 RF  CELL  sudx_scan|solver|LessThan75~9|combout
    Info (332115):     16.912      0.314 FF    IC  sudx_scan|solver|row_index[5][1][4]~0|datad
    Info (332115):     17.043      0.131 FF  CELL  sudx_scan|solver|row_index[5][1][4]~0|combout
    Info (332115):     17.277      0.234 FF    IC  sudx_scan|solver|row_index_q[5][3]~5|datad
    Info (332115):     17.438      0.161 FR  CELL  sudx_scan|solver|row_index_q[5][3]~5|combout
    Info (332115):     17.438      0.000 RR    IC  sudx_scan|solver|row_index_q[5][3]|d
    Info (332115):     17.527      0.089 RR  CELL  sudx_scan:sudx_scan|sudx_scan_solver:solver|row_index_q[5][3]
    Info (332115): Data Required Path:
    Info (332115): Total (ns)  Incr (ns)     Type  Element
    Info (332115): ==========  ========= ==  ====  ===================================
    Info (332115):      1.000      1.000           latch edge time
    Info (332115):      1.000      0.000           source latency
    Info (332115):      1.000      0.000           clk
    Info (332115):      1.000      0.000 RR    IC  clk~input|i
    Info (332115):      1.769      0.769 RR  CELL  clk~input|o
    Info (332115):      2.627      0.858 RR    IC  clk~inputclkctrl|inclk[0]
    Info (332115):      2.627      0.000 RR  CELL  clk~inputclkctrl|outclk
    Info (332115):      4.498      1.871 RR    IC  sudx_scan|solver|row_index_q[5][3]|clk
    Info (332115):      4.973      0.475 RR  CELL  sudx_scan:sudx_scan|sudx_scan_solver:solver|row_index_q[5][3]
    Info (332115):      5.032      0.059           clock pessimism removed
    Info (332115):      5.012     -0.020           clock uncertainty
    Info (332115):      5.025      0.013     uTsu  sudx_scan:sudx_scan|sudx_scan_solver:solver|row_index_q[5][3]
    Info (332115): Data Arrival Time  :    17.527
    Info (332115): Data Required Time :     5.025
    Info (332115): Slack              :   -12.502 (VIOLATED)
    Info (332115): ===================================================================
Info (332115): Path #19: Setup slack is -12.499 (VIOLATED)
    Info (332115): ===================================================================
    Info (332115): From Node    : sudx_scan:sudx_scan|sudx_scan_solver:solver|candidate[49][2]
    Info (332115): To Node      : sudx_scan:sudx_scan|sudx_scan_solver:solver|row_index_q[5][3]
    Info (332115): Launch Clock : clk
    Info (332115): Latch Clock  : clk
    Info (332115): Data Arrival Path:
    Info (332115): Total (ns)  Incr (ns)     Type  Element
    Info (332115): ==========  ========= ==  ====  ===================================
    Info (332115):      0.000      0.000           launch edge time
    Info (332115):      0.000      0.000           source latency
    Info (332115):      0.000      0.000           clk
    Info (332115):      0.000      0.000 RR    IC  clk~input|i
    Info (332115):      0.769      0.769 RR  CELL  clk~input|o
    Info (332115):      1.663      0.894 RR    IC  clk~inputclkctrl|inclk[0]
    Info (332115):      1.663      0.000 RR  CELL  clk~inputclkctrl|outclk
    Info (332115):      3.103      1.440 RR    IC  sudx_scan|solver|candidate[49][2]|clk
    Info (332115):      3.613      0.510 RR  CELL  sudx_scan:sudx_scan|sudx_scan_solver:solver|candidate[49][2]
    Info (332115):      3.820      0.207     uTco  sudx_scan:sudx_scan|sudx_scan_solver:solver|candidate[49][2]
    Info (332115):      3.820      0.000 FF  CELL  sudx_scan|solver|candidate[49][2]|q
    Info (332115):      5.691      1.871 FF    IC  sudx_scan|solver|Add393~0|datad
    Info (332115):      5.822      0.131 FF  CELL  sudx_scan|solver|Add393~0|combout
    Info (332115):      6.076      0.254 FF    IC  sudx_scan|solver|Add398~1|datac
    Info (332115):      6.379      0.303 FF  CELL  sudx_scan|solver|Add398~1|combout
    Info (332115):      6.655      0.276 FF    IC  sudx_scan|solver|Add399~2|datad
    Info (332115):      6.816      0.161 FR  CELL  sudx_scan|solver|Add399~2|combout
    Info (332115):      7.037      0.221 RR    IC  sudx_scan|solver|row_count[5][20][2]~0|datad
    Info (332115):      7.203      0.166 RR  CELL  sudx_scan|solver|row_count[5][20][2]~0|combout
    Info (332115):      7.983      0.780 RR    IC  sudx_scan|solver|LessThan84~4|dataa
    Info (332115):      8.405      0.422 RR  CELL  sudx_scan|solver|LessThan84~4|combout
    Info (332115):      8.644      0.239 RR    IC  sudx_scan|solver|row_count[5][10][3]~2|datad
    Info (332115):      8.810      0.166 RR  CELL  sudx_scan|solver|row_count[5][10][3]~2|combout
    Info (332115):      9.928      1.118 RR    IC  sudx_scan|solver|LessThan79~0|datac
    Info (332115):     10.208      0.280 RF  CELL  sudx_scan|solver|LessThan79~0|combout
    Info (332115):     10.441      0.233 FF    IC  sudx_scan|solver|LessThan79~1|datad
    Info (332115):     10.572      0.131 FF  CELL  sudx_scan|solver|LessThan79~1|combout
    Info (332115):     10.810      0.238 FF    IC  sudx_scan|solver|LessThan79~2|datad
    Info (332115):     10.941      0.131 FF  CELL  sudx_scan|solver|LessThan79~2|combout
    Info (332115):     11.175      0.234 FF    IC  sudx_scan|solver|LessThan79~4|datad
    Info (332115):     11.306      0.131 FF  CELL  sudx_scan|solver|LessThan79~4|combout
    Info (332115):     11.603      0.297 FF    IC  sudx_scan|solver|row_count[5][5][3]~1|datad
    Info (332115):     11.764      0.161 FR  CELL  sudx_scan|solver|row_count[5][5][3]~1|combout
    Info (332115):     12.526      0.762 RR    IC  sudx_scan|solver|LessThan76~0|dataa
    Info (332115):     12.948      0.422 RR  CELL  sudx_scan|solver|LessThan76~0|combout
    Info (332115):     13.152      0.204 RR    IC  sudx_scan|solver|LessThan76~1|datad
    Info (332115):     13.297      0.145 RF  CELL  sudx_scan|solver|LessThan76~1|combout
    Info (332115):     13.533      0.236 FF    IC  sudx_scan|solver|LessThan76~2|datad
    Info (332115):     13.664      0.131 FF  CELL  sudx_scan|solver|LessThan76~2|combout
    Info (332115):     13.903      0.239 FF    IC  sudx_scan|solver|LessThan76~3|datad
    Info (332115):     14.064      0.161 FR  CELL  sudx_scan|solver|LessThan76~3|combout
    Info (332115):     14.842      0.778 RR    IC  sudx_scan|solver|LessThan75~3|datad
    Info (332115):     14.987      0.145 RF  CELL  sudx_scan|solver|LessThan75~3|combout
    Info (332115):     15.242      0.255 FF    IC  sudx_scan|solver|LessThan75~5|datac
    Info (332115):     15.545      0.303 FF  CELL  sudx_scan|solver|LessThan75~5|combout
    Info (332115):     15.781      0.236 FF    IC  sudx_scan|solver|LessThan75~6|datad
    Info (332115):     15.942      0.161 FR  CELL  sudx_scan|solver|LessThan75~6|combout
    Info (332115):     16.311      0.369 RR    IC  sudx_scan|solver|LessThan75~9|datac
    Info (332115):     16.595      0.284 RF  CELL  sudx_scan|solver|LessThan75~9|combout
    Info (332115):     16.909      0.314 FF    IC  sudx_scan|solver|row_index[5][1][4]~0|datad
    Info (332115):     17.040      0.131 FF  CELL  sudx_scan|solver|row_index[5][1][4]~0|combout
    Info (332115):     17.274      0.234 FF    IC  sudx_scan|solver|row_index_q[5][3]~5|datad
    Info (332115):     17.435      0.161 FR  CELL  sudx_scan|solver|row_index_q[5][3]~5|combout
    Info (332115):     17.435      0.000 RR    IC  sudx_scan|solver|row_index_q[5][3]|d
    Info (332115):     17.524      0.089 RR  CELL  sudx_scan:sudx_scan|sudx_scan_solver:solver|row_index_q[5][3]
    Info (332115): Data Required Path:
    Info (332115): Total (ns)  Incr (ns)     Type  Element
    Info (332115): ==========  ========= ==  ====  ===================================
    Info (332115):      1.000      1.000           latch edge time
    Info (332115):      1.000      0.000           source latency
    Info (332115):      1.000      0.000           clk
    Info (332115):      1.000      0.000 RR    IC  clk~input|i
    Info (332115):      1.769      0.769 RR  CELL  clk~input|o
    Info (332115):      2.627      0.858 RR    IC  clk~inputclkctrl|inclk[0]
    Info (332115):      2.627      0.000 RR  CELL  clk~inputclkctrl|outclk
    Info (332115):      4.498      1.871 RR    IC  sudx_scan|solver|row_index_q[5][3]|clk
    Info (332115):      4.973      0.475 RR  CELL  sudx_scan:sudx_scan|sudx_scan_solver:solver|row_index_q[5][3]
    Info (332115):      5.032      0.059           clock pessimism removed
    Info (332115):      5.012     -0.020           clock uncertainty
    Info (332115):      5.025      0.013     uTsu  sudx_scan:sudx_scan|sudx_scan_solver:solver|row_index_q[5][3]
    Info (332115): Data Arrival Time  :    17.524
    Info (332115): Data Required Time :     5.025
    Info (332115): Slack              :   -12.499 (VIOLATED)
    Info (332115): ===================================================================
Info (332115): Path #20: Setup slack is -12.489 (VIOLATED)
    Info (332115): ===================================================================
    Info (332115): From Node    : sudx_scan:sudx_scan|sudx_scan_solver:solver|candidate[49][2]
    Info (332115): To Node      : sudx_scan:sudx_scan|sudx_scan_solver:solver|row_index_q[5][3]
    Info (332115): Launch Clock : clk
    Info (332115): Latch Clock  : clk
    Info (332115): Data Arrival Path:
    Info (332115): Total (ns)  Incr (ns)     Type  Element
    Info (332115): ==========  ========= ==  ====  ===================================
    Info (332115):      0.000      0.000           launch edge time
    Info (332115):      0.000      0.000           source latency
    Info (332115):      0.000      0.000           clk
    Info (332115):      0.000      0.000 RR    IC  clk~input|i
    Info (332115):      0.769      0.769 RR  CELL  clk~input|o
    Info (332115):      1.663      0.894 RR    IC  clk~inputclkctrl|inclk[0]
    Info (332115):      1.663      0.000 RR  CELL  clk~inputclkctrl|outclk
    Info (332115):      3.103      1.440 RR    IC  sudx_scan|solver|candidate[49][2]|clk
    Info (332115):      3.613      0.510 RR  CELL  sudx_scan:sudx_scan|sudx_scan_solver:solver|candidate[49][2]
    Info (332115):      3.820      0.207     uTco  sudx_scan:sudx_scan|sudx_scan_solver:solver|candidate[49][2]
    Info (332115):      3.820      0.000 FF  CELL  sudx_scan|solver|candidate[49][2]|q
    Info (332115):      5.689      1.869 FF    IC  sudx_scan|solver|Add393~1|datad
    Info (332115):      5.820      0.131 FF  CELL  sudx_scan|solver|Add393~1|combout
    Info (332115):      6.094      0.274 FF    IC  sudx_scan|solver|Add398~0|datad
    Info (332115):      6.225      0.131 FF  CELL  sudx_scan|solver|Add398~0|combout
    Info (332115):      6.478      0.253 FF    IC  sudx_scan|solver|Add399~2|datac
    Info (332115):      6.781      0.303 FF  CELL  sudx_scan|solver|Add399~2|combout
    Info (332115):      7.034      0.253 FF    IC  sudx_scan|solver|row_count[5][20][2]~0|datad
    Info (332115):      7.165      0.131 FF  CELL  sudx_scan|solver|row_count[5][20][2]~0|combout
    Info (332115):      7.953      0.788 FF    IC  sudx_scan|solver|LessThan84~4|dataa
    Info (332115):      8.358      0.405 FF  CELL  sudx_scan|solver|LessThan84~4|combout
    Info (332115):      8.639      0.281 FF    IC  sudx_scan|solver|row_count[5][10][3]~2|datad
    Info (332115):      8.800      0.161 FR  CELL  sudx_scan|solver|row_count[5][10][3]~2|combout
    Info (332115):      9.918      1.118 RR    IC  sudx_scan|solver|LessThan79~0|datac
    Info (332115):     10.198      0.280 RF  CELL  sudx_scan|solver|LessThan79~0|combout
    Info (332115):     10.431      0.233 FF    IC  sudx_scan|solver|LessThan79~1|datad
    Info (332115):     10.562      0.131 FF  CELL  sudx_scan|solver|LessThan79~1|combout
    Info (332115):     10.800      0.238 FF    IC  sudx_scan|solver|LessThan79~2|datad
    Info (332115):     10.931      0.131 FF  CELL  sudx_scan|solver|LessThan79~2|combout
    Info (332115):     11.165      0.234 FF    IC  sudx_scan|solver|LessThan79~4|datad
    Info (332115):     11.296      0.131 FF  CELL  sudx_scan|solver|LessThan79~4|combout
    Info (332115):     11.593      0.297 FF    IC  sudx_scan|solver|row_count[5][5][3]~1|datad
    Info (332115):     11.754      0.161 FR  CELL  sudx_scan|solver|row_count[5][5][3]~1|combout
    Info (332115):     12.516      0.762 RR    IC  sudx_scan|solver|LessThan76~0|dataa
    Info (332115):     12.938      0.422 RR  CELL  sudx_scan|solver|LessThan76~0|combout
    Info (332115):     13.142      0.204 RR    IC  sudx_scan|solver|LessThan76~1|datad
    Info (332115):     13.287      0.145 RF  CELL  sudx_scan|solver|LessThan76~1|combout
    Info (332115):     13.523      0.236 FF    IC  sudx_scan|solver|LessThan76~2|datad
    Info (332115):     13.654      0.131 FF  CELL  sudx_scan|solver|LessThan76~2|combout
    Info (332115):     13.893      0.239 FF    IC  sudx_scan|solver|LessThan76~3|datad
    Info (332115):     14.054      0.161 FR  CELL  sudx_scan|solver|LessThan76~3|combout
    Info (332115):     14.832      0.778 RR    IC  sudx_scan|solver|LessThan75~3|datad
    Info (332115):     14.977      0.145 RF  CELL  sudx_scan|solver|LessThan75~3|combout
    Info (332115):     15.232      0.255 FF    IC  sudx_scan|solver|LessThan75~5|datac
    Info (332115):     15.535      0.303 FF  CELL  sudx_scan|solver|LessThan75~5|combout
    Info (332115):     15.771      0.236 FF    IC  sudx_scan|solver|LessThan75~6|datad
    Info (332115):     15.932      0.161 FR  CELL  sudx_scan|solver|LessThan75~6|combout
    Info (332115):     16.301      0.369 RR    IC  sudx_scan|solver|LessThan75~9|datac
    Info (332115):     16.585      0.284 RF  CELL  sudx_scan|solver|LessThan75~9|combout
    Info (332115):     16.899      0.314 FF    IC  sudx_scan|solver|row_index[5][1][4]~0|datad
    Info (332115):     17.030      0.131 FF  CELL  sudx_scan|solver|row_index[5][1][4]~0|combout
    Info (332115):     17.264      0.234 FF    IC  sudx_scan|solver|row_index_q[5][3]~5|datad
    Info (332115):     17.425      0.161 FR  CELL  sudx_scan|solver|row_index_q[5][3]~5|combout
    Info (332115):     17.425      0.000 RR    IC  sudx_scan|solver|row_index_q[5][3]|d
    Info (332115):     17.514      0.089 RR  CELL  sudx_scan:sudx_scan|sudx_scan_solver:solver|row_index_q[5][3]
    Info (332115): Data Required Path:
    Info (332115): Total (ns)  Incr (ns)     Type  Element
    Info (332115): ==========  ========= ==  ====  ===================================
    Info (332115):      1.000      1.000           latch edge time
    Info (332115):      1.000      0.000           source latency
    Info (332115):      1.000      0.000           clk
    Info (332115):      1.000      0.000 RR    IC  clk~input|i
    Info (332115):      1.769      0.769 RR  CELL  clk~input|o
    Info (332115):      2.627      0.858 RR    IC  clk~inputclkctrl|inclk[0]
    Info (332115):      2.627      0.000 RR  CELL  clk~inputclkctrl|outclk
    Info (332115):      4.498      1.871 RR    IC  sudx_scan|solver|row_index_q[5][3]|clk
    Info (332115):      4.973      0.475 RR  CELL  sudx_scan:sudx_scan|sudx_scan_solver:solver|row_index_q[5][3]
    Info (332115):      5.032      0.059           clock pessimism removed
    Info (332115):      5.012     -0.020           clock uncertainty
    Info (332115):      5.025      0.013     uTsu  sudx_scan:sudx_scan|sudx_scan_solver:solver|row_index_q[5][3]
    Info (332115): Data Arrival Time  :    17.514
    Info (332115): Data Required Time :     5.025
    Info (332115): Slack              :   -12.489 (VIOLATED)
    Info (332115): ===================================================================
Info (23030): Evaluation of Tcl script /data/project/tsmc65/shared/qsyn/util/report_worst.tcl was successful
Info: Quartus Prime Timing Analyzer was successful. 0 errors, 1 warning
    Info: Peak virtual memory: 617 megabytes
    Info: Processing ended: Mon Sep  7 22:28:09 2026
    Info: Elapsed time: 00:00:06
    Info: Total CPU time (on all processors): 00:00:00
