Info: *******************************************************************
Info: Running Quartus Prime Timing Analyzer
    Info: Version 24.1std.0 Build 1077 03/04/2025 SC Lite Edition
    Info: Copyright (C) 2025  Altera Corporation. All rights reserved.
    Info: Your use of Altera Corporation's design tools, logic functions 
    Info: and other software and tools, and any partner logic 
    Info: functions, and any output files from any of the foregoing 
    Info: (including device programming or simulation files), and any 
    Info: associated documentation or information are expressly subject 
    Info: to the terms and conditions of the Altera Program License 
    Info: Subscription Agreement, the Altera Quartus Prime License Agreement,
    Info: the Altera IP License Agreement, or other applicable license
    Info: agreement, including, without limitation, that your use is for
    Info: the sole purpose of programming logic devices manufactured by
    Info: Altera and sold by Altera or its authorized distributors.  Please
    Info: refer to the Altera Software License Subscription Agreements 
    Info: on the Quartus Prime software download page.
    Info: Processing started: Wed Sep  9 09:02:13 2026
Info: Command: quartus_sta -t /data/project/tsmc65/shared/qsyn/util/report_worst.tcl sudx_scan
Info: Quartus(args): sudx_scan
Info (21076): High junction temperature operating condition is not set. Assuming a default value of '85'.
Info (21076): Low junction temperature operating condition is not set. Assuming a default value of '0'.
Critical Warning (332012): Synopsys Design Constraints File file not found: '/data/project/tsmc65/shared/qsyn/basic.sdc'. A Synopsys Design Constraints File is required by the Timing Analyzer to get proper timing constraints. Without it, the Compiler will not properly optimize the design.
Info (332142): No user constrained base clocks found in the design. Calling "derive_clocks -period 1.0"
Info (332105): Deriving Clocks
    Info (332105): create_clock -period 1.000 -name clk clk
Info (332143): No user constrained clock uncertainty found in the design. Calling "derive_clock_uncertainty"
Info (332123): Deriving Clock Uncertainty. Please refer to report_sdc in the Timing Analyzer to see clock uncertainties.
Info (332115): Report Timing: Found 20 setup paths (20 violated).  Worst case slack is -13.117
    Info (332115): -setup
    Info (332115): -npaths 20
    Info (332115): -detail full_path
    Info (332115): -stdout
Info (332115): Path #1: Setup slack is -13.117 (VIOLATED)
    Info (332115): ===================================================================
    Info (332115): From Node    : sudx_scan:sudx_scan|sudx_scan_solver:solver|candidate[59][2]
    Info (332115): To Node      : sudx_scan:sudx_scan|sudx_scan_solver:solver|state.PICK_CELL
    Info (332115): Launch Clock : clk
    Info (332115): Latch Clock  : clk
    Info (332115): Data Arrival Path:
    Info (332115): Total (ns)  Incr (ns)     Type  Element
    Info (332115): ==========  ========= ==  ====  ===================================
    Info (332115):      0.000      0.000           launch edge time
    Info (332115):      0.000      0.000           source latency
    Info (332115):      0.000      0.000           clk
    Info (332115):      0.000      0.000 RR    IC  clk~input|i
    Info (332115):      0.787      0.787 RR  CELL  clk~input|o
    Info (332115):      1.681      0.894 RR    IC  clk~inputclkctrl|inclk[0]
    Info (332115):      1.681      0.000 RR  CELL  clk~inputclkctrl|outclk
    Info (332115):      3.238      1.557 RR    IC  sudx_scan|solver|candidate[59][2]|clk
    Info (332115):      3.748      0.510 RR  CELL  sudx_scan:sudx_scan|sudx_scan_solver:solver|candidate[59][2]
    Info (332115):      3.955      0.207     uTco  sudx_scan:sudx_scan|sudx_scan_solver:solver|candidate[59][2]
    Info (332115):      3.955      0.000 FF  CELL  sudx_scan|solver|candidate[59][2]|q
    Info (332115):      5.859      1.904 FF    IC  sudx_scan|solver|UNITS[14].candidate_union|any_digit[5][2]~11|datac
    Info (332115):      6.157      0.298 FF  CELL  sudx_scan|solver|UNITS[14].candidate_union|any_digit[5][2]~11|combout
    Info (332115):      6.421      0.264 FF    IC  sudx_scan|solver|unique_digit[14][2]~492|datac
    Info (332115):      6.719      0.298 FF  CELL  sudx_scan|solver|unique_digit[14][2]~492|combout
    Info (332115):      7.000      0.281 FF    IC  sudx_scan|solver|unique_digit[14][2]~496|datab
    Info (332115):      7.354      0.354 FF  CELL  sudx_scan|solver|unique_digit[14][2]~496|combout
    Info (332115):      9.430      2.076 FF    IC  sudx_scan|solver|forced[59][2]~1153|datad
    Info (332115):      9.561      0.131 FF  CELL  sudx_scan|solver|forced[59][2]~1153|combout
    Info (332115):     10.825      1.264 FF    IC  sudx_scan|solver|Equal1019~0|datad
    Info (332115):     10.986      0.161 FR  CELL  sudx_scan|solver|Equal1019~0|combout
    Info (332115):     11.233      0.247 RR    IC  sudx_scan|solver|contradiction~517|dataa
    Info (332115):     11.672      0.439 RF  CELL  sudx_scan|solver|contradiction~517|combout
    Info (332115):     13.607      1.935 FF    IC  sudx_scan|solver|contradiction~518|datac
    Info (332115):     13.905      0.298 FF  CELL  sudx_scan|solver|contradiction~518|combout
    Info (332115):     14.151      0.246 FF    IC  sudx_scan|solver|contradiction~528|datac
    Info (332115):     14.449      0.298 FF  CELL  sudx_scan|solver|contradiction~528|combout
    Info (332115):     16.069      1.620 FF    IC  sudx_scan|solver|contradiction~545|dataa
    Info (332115):     16.471      0.402 FF  CELL  sudx_scan|solver|contradiction~545|combout
    Info (332115):     16.705      0.234 FF    IC  sudx_scan|solver|contradiction~546|datad
    Info (332115):     16.836      0.131 FF  CELL  sudx_scan|solver|contradiction~546|combout
    Info (332115):     17.070      0.234 FF    IC  sudx_scan|solver|contradiction|datad
    Info (332115):     17.201      0.131 FF  CELL  sudx_scan|solver|contradiction|combout
    Info (332115):     17.615      0.414 FF    IC  sudx_scan|solver|Selector4~1|datad
    Info (332115):     17.776      0.161 FR  CELL  sudx_scan|solver|Selector4~1|combout
    Info (332115):     17.980      0.204 RR    IC  sudx_scan|solver|Selector4~2|datad
    Info (332115):     18.146      0.166 RR  CELL  sudx_scan|solver|Selector4~2|combout
    Info (332115):     18.146      0.000 RR    IC  sudx_scan|solver|state.PICK_CELL|d
    Info (332115):     18.235      0.089 RR  CELL  sudx_scan:sudx_scan|sudx_scan_solver:solver|state.PICK_CELL
    Info (332115): Data Required Path:
    Info (332115): Total (ns)  Incr (ns)     Type  Element
    Info (332115): ==========  ========= ==  ====  ===================================
    Info (332115):      1.000      1.000           latch edge time
    Info (332115):      1.000      0.000           source latency
    Info (332115):      1.000      0.000           clk
    Info (332115):      1.000      0.000 RR    IC  clk~input|i
    Info (332115):      1.787      0.787 RR  CELL  clk~input|o
    Info (332115):      2.645      0.858 RR    IC  clk~inputclkctrl|inclk[0]
    Info (332115):      2.645      0.000 RR  CELL  clk~inputclkctrl|outclk
    Info (332115):      4.587      1.942 RR    IC  sudx_scan|solver|state.PICK_CELL|clk
    Info (332115):      5.062      0.475 RR  CELL  sudx_scan:sudx_scan|sudx_scan_solver:solver|state.PICK_CELL
    Info (332115):      5.125      0.063           clock pessimism removed
    Info (332115):      5.105     -0.020           clock uncertainty
    Info (332115):      5.118      0.013     uTsu  sudx_scan:sudx_scan|sudx_scan_solver:solver|state.PICK_CELL
    Info (332115): Data Arrival Time  :    18.235
    Info (332115): Data Required Time :     5.118
    Info (332115): Slack              :   -13.117 (VIOLATED)
    Info (332115): ===================================================================
Info (332115): Path #2: Setup slack is -13.008 (VIOLATED)
    Info (332115): ===================================================================
    Info (332115): From Node    : sudx_scan:sudx_scan|sudx_scan_solver:solver|candidate[59][2]
    Info (332115): To Node      : sudx_scan:sudx_scan|sudx_scan_solver:solver|state.PICK_CELL
    Info (332115): Launch Clock : clk
    Info (332115): Latch Clock  : clk
    Info (332115): Data Arrival Path:
    Info (332115): Total (ns)  Incr (ns)     Type  Element
    Info (332115): ==========  ========= ==  ====  ===================================
    Info (332115):      0.000      0.000           launch edge time
    Info (332115):      0.000      0.000           source latency
    Info (332115):      0.000      0.000           clk
    Info (332115):      0.000      0.000 RR    IC  clk~input|i
    Info (332115):      0.787      0.787 RR  CELL  clk~input|o
    Info (332115):      1.681      0.894 RR    IC  clk~inputclkctrl|inclk[0]
    Info (332115):      1.681      0.000 RR  CELL  clk~inputclkctrl|outclk
    Info (332115):      3.238      1.557 RR    IC  sudx_scan|solver|candidate[59][2]|clk
    Info (332115):      3.748      0.510 RR  CELL  sudx_scan:sudx_scan|sudx_scan_solver:solver|candidate[59][2]
    Info (332115):      3.955      0.207     uTco  sudx_scan:sudx_scan|sudx_scan_solver:solver|candidate[59][2]
    Info (332115):      3.955      0.000 FF  CELL  sudx_scan|solver|candidate[59][2]|q
    Info (332115):      5.859      1.904 FF    IC  sudx_scan|solver|UNITS[14].candidate_union|any_digit[5][2]~11|datac
    Info (332115):      6.157      0.298 FF  CELL  sudx_scan|solver|UNITS[14].candidate_union|any_digit[5][2]~11|combout
    Info (332115):      6.422      0.265 FF    IC  sudx_scan|solver|unique_digit[14][2]~493|datac
    Info (332115):      6.703      0.281 FR  CELL  sudx_scan|solver|unique_digit[14][2]~493|combout
    Info (332115):      6.907      0.204 RR    IC  sudx_scan|solver|unique_digit[14][2]~496|datac
    Info (332115):      7.212      0.305 RR  CELL  sudx_scan|solver|unique_digit[14][2]~496|combout
    Info (332115):      9.383      2.171 RR    IC  sudx_scan|solver|forced[59][2]~1153|datad
    Info (332115):      9.549      0.166 RR  CELL  sudx_scan|solver|forced[59][2]~1153|combout
    Info (332115):     10.803      1.254 RR    IC  sudx_scan|solver|Equal1019~0|datad
    Info (332115):     10.948      0.145 RF  CELL  sudx_scan|solver|Equal1019~0|combout
    Info (332115):     11.249      0.301 FF    IC  sudx_scan|solver|contradiction~517|dataa
    Info (332115):     11.675      0.426 FR  CELL  sudx_scan|solver|contradiction~517|combout
    Info (332115):     13.542      1.867 RR    IC  sudx_scan|solver|contradiction~518|datac
    Info (332115):     13.846      0.304 RR  CELL  sudx_scan|solver|contradiction~518|combout
    Info (332115):     14.050      0.204 RR    IC  sudx_scan|solver|contradiction~528|datac
    Info (332115):     14.354      0.304 RR  CELL  sudx_scan|solver|contradiction~528|combout
    Info (332115):     15.952      1.598 RR    IC  sudx_scan|solver|contradiction~545|dataa
    Info (332115):     16.374      0.422 RR  CELL  sudx_scan|solver|contradiction~545|combout
    Info (332115):     16.578      0.204 RR    IC  sudx_scan|solver|contradiction~546|datad
    Info (332115):     16.744      0.166 RR  CELL  sudx_scan|solver|contradiction~546|combout
    Info (332115):     16.946      0.202 RR    IC  sudx_scan|solver|contradiction|datad
    Info (332115):     17.112      0.166 RR  CELL  sudx_scan|solver|contradiction|combout
    Info (332115):     17.521      0.409 RR    IC  sudx_scan|solver|Selector4~1|datad
    Info (332115):     17.666      0.145 RF  CELL  sudx_scan|solver|Selector4~1|combout
    Info (332115):     17.901      0.235 FF    IC  sudx_scan|solver|Selector4~2|datad
    Info (332115):     18.032      0.131 FF  CELL  sudx_scan|solver|Selector4~2|combout
    Info (332115):     18.032      0.000 FF    IC  sudx_scan|solver|state.PICK_CELL|d
    Info (332115):     18.126      0.094 FF  CELL  sudx_scan:sudx_scan|sudx_scan_solver:solver|state.PICK_CELL
    Info (332115): Data Required Path:
    Info (332115): Total (ns)  Incr (ns)     Type  Element
    Info (332115): ==========  ========= ==  ====  ===================================
    Info (332115):      1.000      1.000           latch edge time
    Info (332115):      1.000      0.000           source latency
    Info (332115):      1.000      0.000           clk
    Info (332115):      1.000      0.000 RR    IC  clk~input|i
    Info (332115):      1.787      0.787 RR  CELL  clk~input|o
    Info (332115):      2.645      0.858 RR    IC  clk~inputclkctrl|inclk[0]
    Info (332115):      2.645      0.000 RR  CELL  clk~inputclkctrl|outclk
    Info (332115):      4.587      1.942 RR    IC  sudx_scan|solver|state.PICK_CELL|clk
    Info (332115):      5.062      0.475 RR  CELL  sudx_scan:sudx_scan|sudx_scan_solver:solver|state.PICK_CELL
    Info (332115):      5.125      0.063           clock pessimism removed
    Info (332115):      5.105     -0.020           clock uncertainty
    Info (332115):      5.118      0.013     uTsu  sudx_scan:sudx_scan|sudx_scan_solver:solver|state.PICK_CELL
    Info (332115): Data Arrival Time  :    18.126
    Info (332115): Data Required Time :     5.118
    Info (332115): Slack              :   -13.008 (VIOLATED)
    Info (332115): ===================================================================
Info (332115): Path #3: Setup slack is -12.994 (VIOLATED)
    Info (332115): ===================================================================
    Info (332115): From Node    : sudx_scan:sudx_scan|sudx_scan_solver:solver|candidate[32][2]
    Info (332115): To Node      : sudx_scan:sudx_scan|sudx_scan_solver:solver|state.PICK_CELL
    Info (332115): Launch Clock : clk
    Info (332115): Latch Clock  : clk
    Info (332115): Data Arrival Path:
    Info (332115): Total (ns)  Incr (ns)     Type  Element
    Info (332115): ==========  ========= ==  ====  ===================================
    Info (332115):      0.000      0.000           launch edge time
    Info (332115):      0.000      0.000           source latency
    Info (332115):      0.000      0.000           clk
    Info (332115):      0.000      0.000 RR    IC  clk~input|i
    Info (332115):      0.787      0.787 RR  CELL  clk~input|o
    Info (332115):      1.681      0.894 RR    IC  clk~inputclkctrl|inclk[0]
    Info (332115):      1.681      0.000 RR  CELL  clk~inputclkctrl|outclk
    Info (332115):      3.171      1.490 RR    IC  sudx_scan|solver|candidate[32][2]|clk
    Info (332115):      3.681      0.510 RR  CELL  sudx_scan:sudx_scan|sudx_scan_solver:solver|candidate[32][2]
    Info (332115):      3.888      0.207     uTco  sudx_scan:sudx_scan|sudx_scan_solver:solver|candidate[32][2]
    Info (332115):      3.888      0.000 RR  CELL  sudx_scan|solver|candidate[32][2]|q
    Info (332115):      6.038      2.150 RR    IC  sudx_scan|solver|UNITS[14].candidate_union|any_digit[2][2]~10|datad
    Info (332115):      6.204      0.166 RR  CELL  sudx_scan|solver|UNITS[14].candidate_union|any_digit[2][2]~10|combout
    Info (332115):      6.415      0.211 RR    IC  sudx_scan|solver|unique_digit[14][2]~492|datad
    Info (332115):      6.581      0.166 RR  CELL  sudx_scan|solver|unique_digit[14][2]~492|combout
    Info (332115):      6.820      0.239 RR    IC  sudx_scan|solver|unique_digit[14][2]~496|datab
    Info (332115):      7.172      0.352 RR  CELL  sudx_scan|solver|unique_digit[14][2]~496|combout
    Info (332115):      9.343      2.171 RR    IC  sudx_scan|solver|forced[59][2]~1153|datad
    Info (332115):      9.509      0.166 RR  CELL  sudx_scan|solver|forced[59][2]~1153|combout
    Info (332115):     10.763      1.254 RR    IC  sudx_scan|solver|Equal1019~0|datad
    Info (332115):     10.908      0.145 RF  CELL  sudx_scan|solver|Equal1019~0|combout
    Info (332115):     11.209      0.301 FF    IC  sudx_scan|solver|contradiction~517|dataa
    Info (332115):     11.635      0.426 FR  CELL  sudx_scan|solver|contradiction~517|combout
    Info (332115):     13.502      1.867 RR    IC  sudx_scan|solver|contradiction~518|datac
    Info (332115):     13.806      0.304 RR  CELL  sudx_scan|solver|contradiction~518|combout
    Info (332115):     14.010      0.204 RR    IC  sudx_scan|solver|contradiction~528|datac
    Info (332115):     14.314      0.304 RR  CELL  sudx_scan|solver|contradiction~528|combout
    Info (332115):     15.912      1.598 RR    IC  sudx_scan|solver|contradiction~545|dataa
    Info (332115):     16.334      0.422 RR  CELL  sudx_scan|solver|contradiction~545|combout
    Info (332115):     16.538      0.204 RR    IC  sudx_scan|solver|contradiction~546|datad
    Info (332115):     16.704      0.166 RR  CELL  sudx_scan|solver|contradiction~546|combout
    Info (332115):     16.906      0.202 RR    IC  sudx_scan|solver|contradiction|datad
    Info (332115):     17.072      0.166 RR  CELL  sudx_scan|solver|contradiction|combout
    Info (332115):     17.481      0.409 RR    IC  sudx_scan|solver|Selector4~1|datad
    Info (332115):     17.626      0.145 RF  CELL  sudx_scan|solver|Selector4~1|combout
    Info (332115):     17.861      0.235 FF    IC  sudx_scan|solver|Selector4~2|datad
    Info (332115):     17.992      0.131 FF  CELL  sudx_scan|solver|Selector4~2|combout
    Info (332115):     17.992      0.000 FF    IC  sudx_scan|solver|state.PICK_CELL|d
    Info (332115):     18.086      0.094 FF  CELL  sudx_scan:sudx_scan|sudx_scan_solver:solver|state.PICK_CELL
    Info (332115): Data Required Path:
    Info (332115): Total (ns)  Incr (ns)     Type  Element
    Info (332115): ==========  ========= ==  ====  ===================================
    Info (332115):      1.000      1.000           latch edge time
    Info (332115):      1.000      0.000           source latency
    Info (332115):      1.000      0.000           clk
    Info (332115):      1.000      0.000 RR    IC  clk~input|i
    Info (332115):      1.787      0.787 RR  CELL  clk~input|o
    Info (332115):      2.645      0.858 RR    IC  clk~inputclkctrl|inclk[0]
    Info (332115):      2.645      0.000 RR  CELL  clk~inputclkctrl|outclk
    Info (332115):      4.587      1.942 RR    IC  sudx_scan|solver|state.PICK_CELL|clk
    Info (332115):      5.062      0.475 RR  CELL  sudx_scan:sudx_scan|sudx_scan_solver:solver|state.PICK_CELL
    Info (332115):      5.099      0.037           clock pessimism removed
    Info (332115):      5.079     -0.020           clock uncertainty
    Info (332115):      5.092      0.013     uTsu  sudx_scan:sudx_scan|sudx_scan_solver:solver|state.PICK_CELL
    Info (332115): Data Arrival Time  :    18.086
    Info (332115): Data Required Time :     5.092
    Info (332115): Slack              :   -12.994 (VIOLATED)
    Info (332115): ===================================================================
Info (332115): Path #4: Setup slack is -12.946 (VIOLATED)
    Info (332115): ===================================================================
    Info (332115): From Node    : sudx_scan:sudx_scan|sudx_scan_solver:solver|candidate[68][2]
    Info (332115): To Node      : sudx_scan:sudx_scan|sudx_scan_solver:solver|state.PICK_CELL
    Info (332115): Launch Clock : clk
    Info (332115): Latch Clock  : clk
    Info (332115): Data Arrival Path:
    Info (332115): Total (ns)  Incr (ns)     Type  Element
    Info (332115): ==========  ========= ==  ====  ===================================
    Info (332115):      0.000      0.000           launch edge time
    Info (332115):      0.000      0.000           source latency
    Info (332115):      0.000      0.000           clk
    Info (332115):      0.000      0.000 RR    IC  clk~input|i
    Info (332115):      0.787      0.787 RR  CELL  clk~input|o
    Info (332115):      1.681      0.894 RR    IC  clk~inputclkctrl|inclk[0]
    Info (332115):      1.681      0.000 RR  CELL  clk~inputclkctrl|outclk
    Info (332115):      3.211      1.530 RR    IC  sudx_scan|solver|candidate[68][2]|clk
    Info (332115):      3.721      0.510 RR  CELL  sudx_scan:sudx_scan|sudx_scan_solver:solver|candidate[68][2]
    Info (332115):      3.928      0.207     uTco  sudx_scan:sudx_scan|sudx_scan_solver:solver|candidate[68][2]
    Info (332115):      3.928      0.000 FF  CELL  sudx_scan|solver|candidate[68][2]|q
    Info (332115):      5.582      1.654 FF    IC  sudx_scan|solver|UNITS[14].candidate_union|any_digit[5][2]~11|datab
    Info (332115):      5.986      0.404 FF  CELL  sudx_scan|solver|UNITS[14].candidate_union|any_digit[5][2]~11|combout
    Info (332115):      6.250      0.264 FF    IC  sudx_scan|solver|unique_digit[14][2]~492|datac
    Info (332115):      6.548      0.298 FF  CELL  sudx_scan|solver|unique_digit[14][2]~492|combout
    Info (332115):      6.829      0.281 FF    IC  sudx_scan|solver|unique_digit[14][2]~496|datab
    Info (332115):      7.183      0.354 FF  CELL  sudx_scan|solver|unique_digit[14][2]~496|combout
    Info (332115):      9.259      2.076 FF    IC  sudx_scan|solver|forced[59][2]~1153|datad
    Info (332115):      9.390      0.131 FF  CELL  sudx_scan|solver|forced[59][2]~1153|combout
    Info (332115):     10.654      1.264 FF    IC  sudx_scan|solver|Equal1019~0|datad
    Info (332115):     10.815      0.161 FR  CELL  sudx_scan|solver|Equal1019~0|combout
    Info (332115):     11.062      0.247 RR    IC  sudx_scan|solver|contradiction~517|dataa
    Info (332115):     11.501      0.439 RF  CELL  sudx_scan|solver|contradiction~517|combout
    Info (332115):     13.436      1.935 FF    IC  sudx_scan|solver|contradiction~518|datac
    Info (332115):     13.734      0.298 FF  CELL  sudx_scan|solver|contradiction~518|combout
    Info (332115):     13.980      0.246 FF    IC  sudx_scan|solver|contradiction~528|datac
    Info (332115):     14.278      0.298 FF  CELL  sudx_scan|solver|contradiction~528|combout
    Info (332115):     15.898      1.620 FF    IC  sudx_scan|solver|contradiction~545|dataa
    Info (332115):     16.300      0.402 FF  CELL  sudx_scan|solver|contradiction~545|combout
    Info (332115):     16.534      0.234 FF    IC  sudx_scan|solver|contradiction~546|datad
    Info (332115):     16.665      0.131 FF  CELL  sudx_scan|solver|contradiction~546|combout
    Info (332115):     16.899      0.234 FF    IC  sudx_scan|solver|contradiction|datad
    Info (332115):     17.030      0.131 FF  CELL  sudx_scan|solver|contradiction|combout
    Info (332115):     17.444      0.414 FF    IC  sudx_scan|solver|Selector4~1|datad
    Info (332115):     17.605      0.161 FR  CELL  sudx_scan|solver|Selector4~1|combout
    Info (332115):     17.809      0.204 RR    IC  sudx_scan|solver|Selector4~2|datad
    Info (332115):     17.975      0.166 RR  CELL  sudx_scan|solver|Selector4~2|combout
    Info (332115):     17.975      0.000 RR    IC  sudx_scan|solver|state.PICK_CELL|d
    Info (332115):     18.064      0.089 RR  CELL  sudx_scan:sudx_scan|sudx_scan_solver:solver|state.PICK_CELL
    Info (332115): Data Required Path:
    Info (332115): Total (ns)  Incr (ns)     Type  Element
    Info (332115): ==========  ========= ==  ====  ===================================
    Info (332115):      1.000      1.000           latch edge time
    Info (332115):      1.000      0.000           source latency
    Info (332115):      1.000      0.000           clk
    Info (332115):      1.000      0.000 RR    IC  clk~input|i
    Info (332115):      1.787      0.787 RR  CELL  clk~input|o
    Info (332115):      2.645      0.858 RR    IC  clk~inputclkctrl|inclk[0]
    Info (332115):      2.645      0.000 RR  CELL  clk~inputclkctrl|outclk
    Info (332115):      4.587      1.942 RR    IC  sudx_scan|solver|state.PICK_CELL|clk
    Info (332115):      5.062      0.475 RR  CELL  sudx_scan:sudx_scan|sudx_scan_solver:solver|state.PICK_CELL
    Info (332115):      5.125      0.063           clock pessimism removed
    Info (332115):      5.105     -0.020           clock uncertainty
    Info (332115):      5.118      0.013     uTsu  sudx_scan:sudx_scan|sudx_scan_solver:solver|state.PICK_CELL
    Info (332115): Data Arrival Time  :    18.064
    Info (332115): Data Required Time :     5.118
    Info (332115): Slack              :   -12.946 (VIOLATED)
    Info (332115): ===================================================================
Info (332115): Path #5: Setup slack is -12.912 (VIOLATED)
    Info (332115): ===================================================================
    Info (332115): From Node    : sudx_scan:sudx_scan|sudx_scan_solver:solver|candidate[50][2]
    Info (332115): To Node      : sudx_scan:sudx_scan|sudx_scan_solver:solver|state.PICK_CELL
    Info (332115): Launch Clock : clk
    Info (332115): Latch Clock  : clk
    Info (332115): Data Arrival Path:
    Info (332115): Total (ns)  Incr (ns)     Type  Element
    Info (332115): ==========  ========= ==  ====  ===================================
    Info (332115):      0.000      0.000           launch edge time
    Info (332115):      0.000      0.000           source latency
    Info (332115):      0.000      0.000           clk
    Info (332115):      0.000      0.000 RR    IC  clk~input|i
    Info (332115):      0.787      0.787 RR  CELL  clk~input|o
    Info (332115):      1.681      0.894 RR    IC  clk~inputclkctrl|inclk[0]
    Info (332115):      1.681      0.000 RR  CELL  clk~inputclkctrl|outclk
    Info (332115):      3.160      1.479 RR    IC  sudx_scan|solver|candidate[50][2]|clk
    Info (332115):      3.670      0.510 RR  CELL  sudx_scan:sudx_scan|sudx_scan_solver:solver|candidate[50][2]
    Info (332115):      3.877      0.207     uTco  sudx_scan:sudx_scan|sudx_scan_solver:solver|candidate[50][2]
    Info (332115):      3.877      0.000 FF  CELL  sudx_scan|solver|candidate[50][2]|q
    Info (332115):      5.524      1.647 FF    IC  sudx_scan|solver|UNITS[14].candidate_union|any_digit[5][2]~11|dataa
    Info (332115):      5.926      0.402 FF  CELL  sudx_scan|solver|UNITS[14].candidate_union|any_digit[5][2]~11|combout
    Info (332115):      6.190      0.264 FF    IC  sudx_scan|solver|unique_digit[14][2]~492|datac
    Info (332115):      6.488      0.298 FF  CELL  sudx_scan|solver|unique_digit[14][2]~492|combout
    Info (332115):      6.769      0.281 FF    IC  sudx_scan|solver|unique_digit[14][2]~496|datab
    Info (332115):      7.123      0.354 FF  CELL  sudx_scan|solver|unique_digit[14][2]~496|combout
    Info (332115):      9.199      2.076 FF    IC  sudx_scan|solver|forced[59][2]~1153|datad
    Info (332115):      9.330      0.131 FF  CELL  sudx_scan|solver|forced[59][2]~1153|combout
    Info (332115):     10.594      1.264 FF    IC  sudx_scan|solver|Equal1019~0|datad
    Info (332115):     10.755      0.161 FR  CELL  sudx_scan|solver|Equal1019~0|combout
    Info (332115):     11.002      0.247 RR    IC  sudx_scan|solver|contradiction~517|dataa
    Info (332115):     11.441      0.439 RF  CELL  sudx_scan|solver|contradiction~517|combout
    Info (332115):     13.376      1.935 FF    IC  sudx_scan|solver|contradiction~518|datac
    Info (332115):     13.674      0.298 FF  CELL  sudx_scan|solver|contradiction~518|combout
    Info (332115):     13.920      0.246 FF    IC  sudx_scan|solver|contradiction~528|datac
    Info (332115):     14.218      0.298 FF  CELL  sudx_scan|solver|contradiction~528|combout
    Info (332115):     15.838      1.620 FF    IC  sudx_scan|solver|contradiction~545|dataa
    Info (332115):     16.240      0.402 FF  CELL  sudx_scan|solver|contradiction~545|combout
    Info (332115):     16.474      0.234 FF    IC  sudx_scan|solver|contradiction~546|datad
    Info (332115):     16.605      0.131 FF  CELL  sudx_scan|solver|contradiction~546|combout
    Info (332115):     16.839      0.234 FF    IC  sudx_scan|solver|contradiction|datad
    Info (332115):     16.970      0.131 FF  CELL  sudx_scan|solver|contradiction|combout
    Info (332115):     17.384      0.414 FF    IC  sudx_scan|solver|Selector4~1|datad
    Info (332115):     17.545      0.161 FR  CELL  sudx_scan|solver|Selector4~1|combout
    Info (332115):     17.749      0.204 RR    IC  sudx_scan|solver|Selector4~2|datad
    Info (332115):     17.915      0.166 RR  CELL  sudx_scan|solver|Selector4~2|combout
    Info (332115):     17.915      0.000 RR    IC  sudx_scan|solver|state.PICK_CELL|d
    Info (332115):     18.004      0.089 RR  CELL  sudx_scan:sudx_scan|sudx_scan_solver:solver|state.PICK_CELL
    Info (332115): Data Required Path:
    Info (332115): Total (ns)  Incr (ns)     Type  Element
    Info (332115): ==========  ========= ==  ====  ===================================
    Info (332115):      1.000      1.000           latch edge time
    Info (332115):      1.000      0.000           source latency
    Info (332115):      1.000      0.000           clk
    Info (332115):      1.000      0.000 RR    IC  clk~input|i
    Info (332115):      1.787      0.787 RR  CELL  clk~input|o
    Info (332115):      2.645      0.858 RR    IC  clk~inputclkctrl|inclk[0]
    Info (332115):      2.645      0.000 RR  CELL  clk~inputclkctrl|outclk
    Info (332115):      4.587      1.942 RR    IC  sudx_scan|solver|state.PICK_CELL|clk
    Info (332115):      5.062      0.475 RR  CELL  sudx_scan:sudx_scan|sudx_scan_solver:solver|state.PICK_CELL
    Info (332115):      5.099      0.037           clock pessimism removed
    Info (332115):      5.079     -0.020           clock uncertainty
    Info (332115):      5.092      0.013     uTsu  sudx_scan:sudx_scan|sudx_scan_solver:solver|state.PICK_CELL
    Info (332115): Data Arrival Time  :    18.004
    Info (332115): Data Required Time :     5.092
    Info (332115): Slack              :   -12.912 (VIOLATED)
    Info (332115): ===================================================================
Info (332115): Path #6: Setup slack is -12.853 (VIOLATED)
    Info (332115): ===================================================================
    Info (332115): From Node    : sudx_scan:sudx_scan|sudx_scan_solver:solver|candidate[48][0]
    Info (332115): To Node      : sudx_scan:sudx_scan|sudx_scan_solver:solver|state.SCAN
    Info (332115): Launch Clock : clk
    Info (332115): Latch Clock  : clk
    Info (332115): Data Arrival Path:
    Info (332115): Total (ns)  Incr (ns)     Type  Element
    Info (332115): ==========  ========= ==  ====  ===================================
    Info (332115):      0.000      0.000           launch edge time
    Info (332115):      0.000      0.000           source latency
    Info (332115):      0.000      0.000           clk
    Info (332115):      0.000      0.000 RR    IC  clk~input|i
    Info (332115):      0.787      0.787 RR  CELL  clk~input|o
    Info (332115):      1.681      0.894 RR    IC  clk~inputclkctrl|inclk[0]
    Info (332115):      1.681      0.000 RR  CELL  clk~inputclkctrl|outclk
    Info (332115):      3.164      1.483 RR    IC  sudx_scan|solver|candidate[48][0]|clk
    Info (332115):      3.674      0.510 RR  CELL  sudx_scan:sudx_scan|sudx_scan_solver:solver|candidate[48][0]
    Info (332115):      3.881      0.207     uTco  sudx_scan:sudx_scan|sudx_scan_solver:solver|candidate[48][0]
    Info (332115):      3.881      0.000 FF  CELL  sudx_scan|solver|candidate[48][0]|q
    Info (332115):      5.762      1.881 FF    IC  sudx_scan|solver|UNITS[12].candidate_union|any_digit[5][0]~8|datac
    Info (332115):      6.060      0.298 FF  CELL  sudx_scan|solver|UNITS[12].candidate_union|any_digit[5][0]~8|combout
    Info (332115):      6.462      0.402 FF    IC  sudx_scan|solver|unique_digit[12][0]~831|datad
    Info (332115):      6.623      0.161 FR  CELL  sudx_scan|solver|unique_digit[12][0]~831|combout
    Info (332115):      6.826      0.203 RR    IC  sudx_scan|solver|unique_digit[12][0]~834|datac
    Info (332115):      7.131      0.305 RR  CELL  sudx_scan|solver|unique_digit[12][0]~834|combout
    Info (332115):      9.045      1.914 RR    IC  sudx_scan|solver|forced[48][0]~459|datad
    Info (332115):      9.211      0.166 RR  CELL  sudx_scan|solver|forced[48][0]~459|combout
    Info (332115):      9.942      0.731 RR    IC  sudx_scan|solver|Equal832~0|dataa
    Info (332115):     10.379      0.437 RF  CELL  sudx_scan|solver|Equal832~0|combout
    Info (332115):     10.650      0.271 FF    IC  sudx_scan|solver|WideOr102~0|datad
    Info (332115):     10.781      0.131 FF  CELL  sudx_scan|solver|WideOr102~0|combout
    Info (332115):     11.041      0.260 FF    IC  sudx_scan|solver|WideOr102~1|datac
    Info (332115):     11.339      0.298 FF  CELL  sudx_scan|solver|WideOr102~1|combout
    Info (332115):     12.909      1.570 FF    IC  sudx_scan|solver|WideOr102|datad
    Info (332115):     13.070      0.161 FR  CELL  sudx_scan|solver|WideOr102|combout
    Info (332115):     14.539      1.469 RR    IC  sudx_scan|solver|WideOr139~20|datab
    Info (332115):     14.981      0.442 RF  CELL  sudx_scan|solver|WideOr139~20|combout
    Info (332115):     15.228      0.247 FF    IC  sudx_scan|solver|WideOr139~24|datac
    Info (332115):     15.531      0.303 FF  CELL  sudx_scan|solver|WideOr139~24|combout
    Info (332115):     17.011      1.480 FF    IC  sudx_scan|solver|WideOr139~31|datad
    Info (332115):     17.142      0.131 FF  CELL  sudx_scan|solver|WideOr139~31|combout
    Info (332115):     17.575      0.433 FF    IC  sudx_scan|solver|Selector2~4|datac
    Info (332115):     17.856      0.281 FR  CELL  sudx_scan|solver|Selector2~4|combout
    Info (332115):     17.856      0.000 RR    IC  sudx_scan|solver|state.SCAN|d
    Info (332115):     17.945      0.089 RR  CELL  sudx_scan:sudx_scan|sudx_scan_solver:solver|state.SCAN
    Info (332115): Data Required Path:
    Info (332115): Total (ns)  Incr (ns)     Type  Element
    Info (332115): ==========  ========= ==  ====  ===================================
    Info (332115):      1.000      1.000           latch edge time
    Info (332115):      1.000      0.000           source latency
    Info (332115):      1.000      0.000           clk
    Info (332115):      1.000      0.000 RR    IC  clk~input|i
    Info (332115):      1.787      0.787 RR  CELL  clk~input|o
    Info (332115):      2.645      0.858 RR    IC  clk~inputclkctrl|inclk[0]
    Info (332115):      2.645      0.000 RR  CELL  clk~inputclkctrl|outclk
    Info (332115):      4.587      1.942 RR    IC  sudx_scan|solver|state.SCAN|clk
    Info (332115):      5.062      0.475 RR  CELL  sudx_scan:sudx_scan|sudx_scan_solver:solver|state.SCAN
    Info (332115):      5.099      0.037           clock pessimism removed
    Info (332115):      5.079     -0.020           clock uncertainty
    Info (332115):      5.092      0.013     uTsu  sudx_scan:sudx_scan|sudx_scan_solver:solver|state.SCAN
    Info (332115): Data Arrival Time  :    17.945
    Info (332115): Data Required Time :     5.092
    Info (332115): Slack              :   -12.853 (VIOLATED)
    Info (332115): ===================================================================
Info (332115): Path #7: Setup slack is -12.845 (VIOLATED)
    Info (332115): ===================================================================
    Info (332115): From Node    : sudx_scan:sudx_scan|sudx_scan_solver:solver|candidate[7][1]
    Info (332115): To Node      : sudx_scan:sudx_scan|sudx_scan_solver:solver|state.PICK_CELL
    Info (332115): Launch Clock : clk
    Info (332115): Latch Clock  : clk
    Info (332115): Data Arrival Path:
    Info (332115): Total (ns)  Incr (ns)     Type  Element
    Info (332115): ==========  ========= ==  ====  ===================================
    Info (332115):      0.000      0.000           launch edge time
    Info (332115):      0.000      0.000           source latency
    Info (332115):      0.000      0.000           clk
    Info (332115):      0.000      0.000 RR    IC  clk~input|i
    Info (332115):      0.787      0.787 RR  CELL  clk~input|o
    Info (332115):      1.681      0.894 RR    IC  clk~inputclkctrl|inclk[0]
    Info (332115):      1.681      0.000 RR  CELL  clk~inputclkctrl|outclk
    Info (332115):      3.239      1.558 RR    IC  sudx_scan|solver|candidate[7][1]|clk
    Info (332115):      3.749      0.510 RR  CELL  sudx_scan:sudx_scan|sudx_scan_solver:solver|candidate[7][1]
    Info (332115):      3.956      0.207     uTco  sudx_scan:sudx_scan|sudx_scan_solver:solver|candidate[7][1]
    Info (332115):      3.956      0.000 FF  CELL  sudx_scan|solver|candidate[7][1]|q
    Info (332115):      5.338      1.382 FF    IC  sudx_scan|solver|unique_digit[0][1]~81|datac
    Info (332115):      5.619      0.281 FR  CELL  sudx_scan|solver|unique_digit[0][1]~81|combout
    Info (332115):      6.240      0.621 RR    IC  sudx_scan|solver|unique_digit[0][1]~84|datac
    Info (332115):      6.545      0.305 RR  CELL  sudx_scan|solver|unique_digit[0][1]~84|combout
    Info (332115):      8.431      1.886 RR    IC  sudx_scan|solver|forced[8][1]~139|datad
    Info (332115):      8.576      0.145 RF  CELL  sudx_scan|solver|forced[8][1]~139|combout
    Info (332115):      9.596      1.020 FF    IC  sudx_scan|solver|forced[8][1]~140|datad
    Info (332115):      9.757      0.161 FR  CELL  sudx_scan|solver|forced[8][1]~140|combout
    Info (332115):      9.990      0.233 RR    IC  sudx_scan|solver|Equal152~0|datac
    Info (332115):     10.270      0.280 RF  CELL  sudx_scan|solver|Equal152~0|combout
    Info (332115):     10.737      0.467 FF    IC  sudx_scan|solver|WideOr62~1|datac
    Info (332115):     11.040      0.303 FF  CELL  sudx_scan|solver|WideOr62~1|combout
    Info (332115):     12.559      1.519 FF    IC  sudx_scan|solver|contradiction~251|datac
    Info (332115):     12.840      0.281 FR  CELL  sudx_scan|solver|contradiction~251|combout
    Info (332115):     14.304      1.464 RR    IC  sudx_scan|solver|contradiction~255|datad
    Info (332115):     14.470      0.166 RR  CELL  sudx_scan|solver|contradiction~255|combout
    Info (332115):     14.673      0.203 RR    IC  sudx_scan|solver|contradiction~261|datad
    Info (332115):     14.839      0.166 RR  CELL  sudx_scan|solver|contradiction~261|combout
    Info (332115):     16.159      1.320 RR    IC  sudx_scan|solver|contradiction~546|dataa
    Info (332115):     16.581      0.422 RR  CELL  sudx_scan|solver|contradiction~546|combout
    Info (332115):     16.783      0.202 RR    IC  sudx_scan|solver|contradiction|datad
    Info (332115):     16.949      0.166 RR  CELL  sudx_scan|solver|contradiction|combout
    Info (332115):     17.358      0.409 RR    IC  sudx_scan|solver|Selector4~1|datad
    Info (332115):     17.503      0.145 RF  CELL  sudx_scan|solver|Selector4~1|combout
    Info (332115):     17.738      0.235 FF    IC  sudx_scan|solver|Selector4~2|datad
    Info (332115):     17.869      0.131 FF  CELL  sudx_scan|solver|Selector4~2|combout
    Info (332115):     17.869      0.000 FF    IC  sudx_scan|solver|state.PICK_CELL|d
    Info (332115):     17.963      0.094 FF  CELL  sudx_scan:sudx_scan|sudx_scan_solver:solver|state.PICK_CELL
    Info (332115): Data Required Path:
    Info (332115): Total (ns)  Incr (ns)     Type  Element
    Info (332115): ==========  ========= ==  ====  ===================================
    Info (332115):      1.000      1.000           latch edge time
    Info (332115):      1.000      0.000           source latency
    Info (332115):      1.000      0.000           clk
    Info (332115):      1.000      0.000 RR    IC  clk~input|i
    Info (332115):      1.787      0.787 RR  CELL  clk~input|o
    Info (332115):      2.645      0.858 RR    IC  clk~inputclkctrl|inclk[0]
    Info (332115):      2.645      0.000 RR  CELL  clk~inputclkctrl|outclk
    Info (332115):      4.587      1.942 RR    IC  sudx_scan|solver|state.PICK_CELL|clk
    Info (332115):      5.062      0.475 RR  CELL  sudx_scan:sudx_scan|sudx_scan_solver:solver|state.PICK_CELL
    Info (332115):      5.125      0.063           clock pessimism removed
    Info (332115):      5.105     -0.020           clock uncertainty
    Info (332115):      5.118      0.013     uTsu  sudx_scan:sudx_scan|sudx_scan_solver:solver|state.PICK_CELL
    Info (332115): Data Arrival Time  :    17.963
    Info (332115): Data Required Time :     5.118
    Info (332115): Slack              :   -12.845 (VIOLATED)
    Info (332115): ===================================================================
Info (332115): Path #8: Setup slack is -12.837 (VIOLATED)
    Info (332115): ===================================================================
    Info (332115): From Node    : sudx_scan:sudx_scan|sudx_scan_solver:solver|candidate[68][2]
    Info (332115): To Node      : sudx_scan:sudx_scan|sudx_scan_solver:solver|state.PICK_CELL
    Info (332115): Launch Clock : clk
    Info (332115): Latch Clock  : clk
    Info (332115): Data Arrival Path:
    Info (332115): Total (ns)  Incr (ns)     Type  Element
    Info (332115): ==========  ========= ==  ====  ===================================
    Info (332115):      0.000      0.000           launch edge time
    Info (332115):      0.000      0.000           source latency
    Info (332115):      0.000      0.000           clk
    Info (332115):      0.000      0.000 RR    IC  clk~input|i
    Info (332115):      0.787      0.787 RR  CELL  clk~input|o
    Info (332115):      1.681      0.894 RR    IC  clk~inputclkctrl|inclk[0]
    Info (332115):      1.681      0.000 RR  CELL  clk~inputclkctrl|outclk
    Info (332115):      3.211      1.530 RR    IC  sudx_scan|solver|candidate[68][2]|clk
    Info (332115):      3.721      0.510 RR  CELL  sudx_scan:sudx_scan|sudx_scan_solver:solver|candidate[68][2]
    Info (332115):      3.928      0.207     uTco  sudx_scan:sudx_scan|sudx_scan_solver:solver|candidate[68][2]
    Info (332115):      3.928      0.000 FF  CELL  sudx_scan|solver|candidate[68][2]|q
    Info (332115):      5.582      1.654 FF    IC  sudx_scan|solver|UNITS[14].candidate_union|any_digit[5][2]~11|datab
    Info (332115):      5.986      0.404 FF  CELL  sudx_scan|solver|UNITS[14].candidate_union|any_digit[5][2]~11|combout
    Info (332115):      6.251      0.265 FF    IC  sudx_scan|solver|unique_digit[14][2]~493|datac
    Info (332115):      6.532      0.281 FR  CELL  sudx_scan|solver|unique_digit[14][2]~493|combout
    Info (332115):      6.736      0.204 RR    IC  sudx_scan|solver|unique_digit[14][2]~496|datac
    Info (332115):      7.041      0.305 RR  CELL  sudx_scan|solver|unique_digit[14][2]~496|combout
    Info (332115):      9.212      2.171 RR    IC  sudx_scan|solver|forced[59][2]~1153|datad
    Info (332115):      9.378      0.166 RR  CELL  sudx_scan|solver|forced[59][2]~1153|combout
    Info (332115):     10.632      1.254 RR    IC  sudx_scan|solver|Equal1019~0|datad
    Info (332115):     10.777      0.145 RF  CELL  sudx_scan|solver|Equal1019~0|combout
    Info (332115):     11.078      0.301 FF    IC  sudx_scan|solver|contradiction~517|dataa
    Info (332115):     11.504      0.426 FR  CELL  sudx_scan|solver|contradiction~517|combout
    Info (332115):     13.371      1.867 RR    IC  sudx_scan|solver|contradiction~518|datac
    Info (332115):     13.675      0.304 RR  CELL  sudx_scan|solver|contradiction~518|combout
    Info (332115):     13.879      0.204 RR    IC  sudx_scan|solver|contradiction~528|datac
    Info (332115):     14.183      0.304 RR  CELL  sudx_scan|solver|contradiction~528|combout
    Info (332115):     15.781      1.598 RR    IC  sudx_scan|solver|contradiction~545|dataa
    Info (332115):     16.203      0.422 RR  CELL  sudx_scan|solver|contradiction~545|combout
    Info (332115):     16.407      0.204 RR    IC  sudx_scan|solver|contradiction~546|datad
    Info (332115):     16.573      0.166 RR  CELL  sudx_scan|solver|contradiction~546|combout
    Info (332115):     16.775      0.202 RR    IC  sudx_scan|solver|contradiction|datad
    Info (332115):     16.941      0.166 RR  CELL  sudx_scan|solver|contradiction|combout
    Info (332115):     17.350      0.409 RR    IC  sudx_scan|solver|Selector4~1|datad
    Info (332115):     17.495      0.145 RF  CELL  sudx_scan|solver|Selector4~1|combout
    Info (332115):     17.730      0.235 FF    IC  sudx_scan|solver|Selector4~2|datad
    Info (332115):     17.861      0.131 FF  CELL  sudx_scan|solver|Selector4~2|combout
    Info (332115):     17.861      0.000 FF    IC  sudx_scan|solver|state.PICK_CELL|d
    Info (332115):     17.955      0.094 FF  CELL  sudx_scan:sudx_scan|sudx_scan_solver:solver|state.PICK_CELL
    Info (332115): Data Required Path:
    Info (332115): Total (ns)  Incr (ns)     Type  Element
    Info (332115): ==========  ========= ==  ====  ===================================
    Info (332115):      1.000      1.000           latch edge time
    Info (332115):      1.000      0.000           source latency
    Info (332115):      1.000      0.000           clk
    Info (332115):      1.000      0.000 RR    IC  clk~input|i
    Info (332115):      1.787      0.787 RR  CELL  clk~input|o
    Info (332115):      2.645      0.858 RR    IC  clk~inputclkctrl|inclk[0]
    Info (332115):      2.645      0.000 RR  CELL  clk~inputclkctrl|outclk
    Info (332115):      4.587      1.942 RR    IC  sudx_scan|solver|state.PICK_CELL|clk
    Info (332115):      5.062      0.475 RR  CELL  sudx_scan:sudx_scan|sudx_scan_solver:solver|state.PICK_CELL
    Info (332115):      5.125      0.063           clock pessimism removed
    Info (332115):      5.105     -0.020           clock uncertainty
    Info (332115):      5.118      0.013     uTsu  sudx_scan:sudx_scan|sudx_scan_solver:solver|state.PICK_CELL
    Info (332115): Data Arrival Time  :    17.955
    Info (332115): Data Required Time :     5.118
    Info (332115): Slack              :   -12.837 (VIOLATED)
    Info (332115): ===================================================================
Info (332115): Path #9: Setup slack is -12.813 (VIOLATED)
    Info (332115): ===================================================================
    Info (332115): From Node    : sudx_scan:sudx_scan|sudx_scan_solver:solver|candidate[48][0]
    Info (332115): To Node      : sudx_scan:sudx_scan|sudx_scan_solver:solver|state.PICK_CELL
    Info (332115): Launch Clock : clk
    Info (332115): Latch Clock  : clk
    Info (332115): Data Arrival Path:
    Info (332115): Total (ns)  Incr (ns)     Type  Element
    Info (332115): ==========  ========= ==  ====  ===================================
    Info (332115):      0.000      0.000           launch edge time
    Info (332115):      0.000      0.000           source latency
    Info (332115):      0.000      0.000           clk
    Info (332115):      0.000      0.000 RR    IC  clk~input|i
    Info (332115):      0.787      0.787 RR  CELL  clk~input|o
    Info (332115):      1.681      0.894 RR    IC  clk~inputclkctrl|inclk[0]
    Info (332115):      1.681      0.000 RR  CELL  clk~inputclkctrl|outclk
    Info (332115):      3.164      1.483 RR    IC  sudx_scan|solver|candidate[48][0]|clk
    Info (332115):      3.674      0.510 RR  CELL  sudx_scan:sudx_scan|sudx_scan_solver:solver|candidate[48][0]
    Info (332115):      3.881      0.207     uTco  sudx_scan:sudx_scan|sudx_scan_solver:solver|candidate[48][0]
    Info (332115):      3.881      0.000 FF  CELL  sudx_scan|solver|candidate[48][0]|q
    Info (332115):      5.762      1.881 FF    IC  sudx_scan|solver|UNITS[12].candidate_union|any_digit[5][0]~8|datac
    Info (332115):      6.060      0.298 FF  CELL  sudx_scan|solver|UNITS[12].candidate_union|any_digit[5][0]~8|combout
    Info (332115):      6.462      0.402 FF    IC  sudx_scan|solver|unique_digit[12][0]~831|datad
    Info (332115):      6.623      0.161 FR  CELL  sudx_scan|solver|unique_digit[12][0]~831|combout
    Info (332115):      6.826      0.203 RR    IC  sudx_scan|solver|unique_digit[12][0]~834|datac
    Info (332115):      7.131      0.305 RR  CELL  sudx_scan|solver|unique_digit[12][0]~834|combout
    Info (332115):      9.045      1.914 RR    IC  sudx_scan|solver|forced[48][0]~459|datad
    Info (332115):      9.211      0.166 RR  CELL  sudx_scan|solver|forced[48][0]~459|combout
    Info (332115):      9.942      0.731 RR    IC  sudx_scan|solver|Equal832~0|dataa
    Info (332115):     10.379      0.437 RF  CELL  sudx_scan|solver|Equal832~0|combout
    Info (332115):     10.650      0.271 FF    IC  sudx_scan|solver|WideOr102~0|datad
    Info (332115):     10.781      0.131 FF  CELL  sudx_scan|solver|WideOr102~0|combout
    Info (332115):     11.041      0.260 FF    IC  sudx_scan|solver|WideOr102~1|datac
    Info (332115):     11.339      0.298 FF  CELL  sudx_scan|solver|WideOr102~1|combout
    Info (332115):     12.909      1.570 FF    IC  sudx_scan|solver|WideOr102|datad
    Info (332115):     13.070      0.161 FR  CELL  sudx_scan|solver|WideOr102|combout
    Info (332115):     14.539      1.469 RR    IC  sudx_scan|solver|WideOr139~20|datab
    Info (332115):     14.981      0.442 RF  CELL  sudx_scan|solver|WideOr139~20|combout
    Info (332115):     15.228      0.247 FF    IC  sudx_scan|solver|WideOr139~24|datac
    Info (332115):     15.531      0.303 FF  CELL  sudx_scan|solver|WideOr139~24|combout
    Info (332115):     17.052      1.521 FF    IC  sudx_scan|solver|Selector4~1|datab
    Info (332115):     17.445      0.393 FF  CELL  sudx_scan|solver|Selector4~1|combout
    Info (332115):     17.680      0.235 FF    IC  sudx_scan|solver|Selector4~2|datad
    Info (332115):     17.811      0.131 FF  CELL  sudx_scan|solver|Selector4~2|combout
    Info (332115):     17.811      0.000 FF    IC  sudx_scan|solver|state.PICK_CELL|d
    Info (332115):     17.905      0.094 FF  CELL  sudx_scan:sudx_scan|sudx_scan_solver:solver|state.PICK_CELL
    Info (332115): Data Required Path:
    Info (332115): Total (ns)  Incr (ns)     Type  Element
    Info (332115): ==========  ========= ==  ====  ===================================
    Info (332115):      1.000      1.000           latch edge time
    Info (332115):      1.000      0.000           source latency
    Info (332115):      1.000      0.000           clk
    Info (332115):      1.000      0.000 RR    IC  clk~input|i
    Info (332115):      1.787      0.787 RR  CELL  clk~input|o
    Info (332115):      2.645      0.858 RR    IC  clk~inputclkctrl|inclk[0]
    Info (332115):      2.645      0.000 RR  CELL  clk~inputclkctrl|outclk
    Info (332115):      4.587      1.942 RR    IC  sudx_scan|solver|state.PICK_CELL|clk
    Info (332115):      5.062      0.475 RR  CELL  sudx_scan:sudx_scan|sudx_scan_solver:solver|state.PICK_CELL
    Info (332115):      5.099      0.037           clock pessimism removed
    Info (332115):      5.079     -0.020           clock uncertainty
    Info (332115):      5.092      0.013     uTsu  sudx_scan:sudx_scan|sudx_scan_solver:solver|state.PICK_CELL
    Info (332115): Data Arrival Time  :    17.905
    Info (332115): Data Required Time :     5.092
    Info (332115): Slack              :   -12.813 (VIOLATED)
    Info (332115): ===================================================================
Info (332115): Path #10: Setup slack is -12.812 (VIOLATED)
    Info (332115): ===================================================================
    Info (332115): From Node    : sudx_scan:sudx_scan|sudx_scan_solver:solver|candidate[59][2]
    Info (332115): To Node      : sudx_scan:sudx_scan|sudx_scan_solver:solver|state.SCAN
    Info (332115): Launch Clock : clk
    Info (332115): Latch Clock  : clk
    Info (332115): Data Arrival Path:
    Info (332115): Total (ns)  Incr (ns)     Type  Element
    Info (332115): ==========  ========= ==  ====  ===================================
    Info (332115):      0.000      0.000           launch edge time
    Info (332115):      0.000      0.000           source latency
    Info (332115):      0.000      0.000           clk
    Info (332115):      0.000      0.000 RR    IC  clk~input|i
    Info (332115):      0.787      0.787 RR  CELL  clk~input|o
    Info (332115):      1.681      0.894 RR    IC  clk~inputclkctrl|inclk[0]
    Info (332115):      1.681      0.000 RR  CELL  clk~inputclkctrl|outclk
    Info (332115):      3.238      1.557 RR    IC  sudx_scan|solver|candidate[59][2]|clk
    Info (332115):      3.748      0.510 RR  CELL  sudx_scan:sudx_scan|sudx_scan_solver:solver|candidate[59][2]
    Info (332115):      3.955      0.207     uTco  sudx_scan:sudx_scan|sudx_scan_solver:solver|candidate[59][2]
    Info (332115):      3.955      0.000 FF  CELL  sudx_scan|solver|candidate[59][2]|q
    Info (332115):      5.859      1.904 FF    IC  sudx_scan|solver|UNITS[14].candidate_union|any_digit[5][2]~11|datac
    Info (332115):      6.157      0.298 FF  CELL  sudx_scan|solver|UNITS[14].candidate_union|any_digit[5][2]~11|combout
    Info (332115):      6.421      0.264 FF    IC  sudx_scan|solver|unique_digit[14][2]~492|datac
    Info (332115):      6.702      0.281 FR  CELL  sudx_scan|solver|unique_digit[14][2]~492|combout
    Info (332115):      6.941      0.239 RR    IC  sudx_scan|solver|unique_digit[14][2]~496|datab
    Info (332115):      7.293      0.352 RR  CELL  sudx_scan|solver|unique_digit[14][2]~496|combout
    Info (332115):      9.464      2.171 RR    IC  sudx_scan|solver|forced[59][2]~1153|datad
    Info (332115):      9.630      0.166 RR  CELL  sudx_scan|solver|forced[59][2]~1153|combout
    Info (332115):     10.884      1.254 RR    IC  sudx_scan|solver|Equal1019~0|datad
    Info (332115):     11.029      0.145 RF  CELL  sudx_scan|solver|Equal1019~0|combout
    Info (332115):     11.333      0.304 FF    IC  sudx_scan|solver|WideOr113~1|dataa
    Info (332115):     11.761      0.428 FF  CELL  sudx_scan|solver|WideOr113~1|combout
    Info (332115):     13.219      1.458 FF    IC  sudx_scan|solver|WideOr113|datad
    Info (332115):     13.380      0.161 FR  CELL  sudx_scan|solver|WideOr113|combout
    Info (332115):     14.445      1.065 RR    IC  sudx_scan|solver|WideOr139~22|dataa
    Info (332115):     14.864      0.419 RF  CELL  sudx_scan|solver|WideOr139~22|combout
    Info (332115):     15.157      0.293 FF    IC  sudx_scan|solver|WideOr139~24|dataa
    Info (332115):     15.516      0.359 FF  CELL  sudx_scan|solver|WideOr139~24|combout
    Info (332115):     16.996      1.480 FF    IC  sudx_scan|solver|WideOr139~31|datad
    Info (332115):     17.127      0.131 FF  CELL  sudx_scan|solver|WideOr139~31|combout
    Info (332115):     17.560      0.433 FF    IC  sudx_scan|solver|Selector2~4|datac
    Info (332115):     17.841      0.281 FR  CELL  sudx_scan|solver|Selector2~4|combout
    Info (332115):     17.841      0.000 RR    IC  sudx_scan|solver|state.SCAN|d
    Info (332115):     17.930      0.089 RR  CELL  sudx_scan:sudx_scan|sudx_scan_solver:solver|state.SCAN
    Info (332115): Data Required Path:
    Info (332115): Total (ns)  Incr (ns)     Type  Element
    Info (332115): ==========  ========= ==  ====  ===================================
    Info (332115):      1.000      1.000           latch edge time
    Info (332115):      1.000      0.000           source latency
    Info (332115):      1.000      0.000           clk
    Info (332115):      1.000      0.000 RR    IC  clk~input|i
    Info (332115):      1.787      0.787 RR  CELL  clk~input|o
    Info (332115):      2.645      0.858 RR    IC  clk~inputclkctrl|inclk[0]
    Info (332115):      2.645      0.000 RR  CELL  clk~inputclkctrl|outclk
    Info (332115):      4.587      1.942 RR    IC  sudx_scan|solver|state.SCAN|clk
    Info (332115):      5.062      0.475 RR  CELL  sudx_scan:sudx_scan|sudx_scan_solver:solver|state.SCAN
    Info (332115):      5.125      0.063           clock pessimism removed
    Info (332115):      5.105     -0.020           clock uncertainty
    Info (332115):      5.118      0.013     uTsu  sudx_scan:sudx_scan|sudx_scan_solver:solver|state.SCAN
    Info (332115): Data Arrival Time  :    17.930
    Info (332115): Data Required Time :     5.118
    Info (332115): Slack              :   -12.812 (VIOLATED)
    Info (332115): ===================================================================
Info (332115): Path #11: Setup slack is -12.809 (VIOLATED)
    Info (332115): ===================================================================
    Info (332115): From Node    : sudx_scan:sudx_scan|sudx_scan_solver:solver|candidate[52][4]
    Info (332115): To Node      : sudx_scan:sudx_scan|sudx_scan_solver:solver|state.PICK_CELL
    Info (332115): Launch Clock : clk
    Info (332115): Latch Clock  : clk
    Info (332115): Data Arrival Path:
    Info (332115): Total (ns)  Incr (ns)     Type  Element
    Info (332115): ==========  ========= ==  ====  ===================================
    Info (332115):      0.000      0.000           launch edge time
    Info (332115):      0.000      0.000           source latency
    Info (332115):      0.000      0.000           clk
    Info (332115):      0.000      0.000 RR    IC  clk~input|i
    Info (332115):      0.787      0.787 RR  CELL  clk~input|o
    Info (332115):      1.681      0.894 RR    IC  clk~inputclkctrl|inclk[0]
    Info (332115):      1.681      0.000 RR  CELL  clk~inputclkctrl|outclk
    Info (332115):      3.161      1.480 RR    IC  sudx_scan|solver|candidate[52][4]|clk
    Info (332115):      3.671      0.510 RR  CELL  sudx_scan:sudx_scan|sudx_scan_solver:solver|candidate[52][4]
    Info (332115):      3.878      0.207     uTco  sudx_scan:sudx_scan|sudx_scan_solver:solver|candidate[52][4]
    Info (332115):      3.878      0.000 RR  CELL  sudx_scan|solver|candidate[52][4]|q
    Info (332115):      6.214      2.336 RR    IC  sudx_scan|solver|UNITS[16].candidate_union|any_digit[5][4]~9|datab
    Info (332115):      6.637      0.423 RR  CELL  sudx_scan|solver|UNITS[16].candidate_union|any_digit[5][4]~9|combout
    Info (332115):      7.320      0.683 RR    IC  sudx_scan|solver|unique_digit[16][4]~963|datad
    Info (332115):      7.465      0.145 RF  CELL  sudx_scan|solver|unique_digit[16][4]~963|combout
    Info (332115):      7.718      0.253 FF    IC  sudx_scan|solver|unique_digit[16][4]~966|datac
    Info (332115):      8.021      0.303 FF  CELL  sudx_scan|solver|unique_digit[16][4]~966|combout
    Info (332115):      9.602      1.581 FF    IC  sudx_scan|solver|forced[34][4]~871|datad
    Info (332115):      9.733      0.131 FF  CELL  sudx_scan|solver|forced[34][4]~871|combout
    Info (332115):     10.050      0.317 FF    IC  sudx_scan|solver|WideOr88~0|datab
    Info (332115):     10.453      0.403 FR  CELL  sudx_scan|solver|WideOr88~0|combout
    Info (332115):     12.157      1.704 RR    IC  sudx_scan|solver|WideOr88~1|datad
    Info (332115):     12.323      0.166 RR  CELL  sudx_scan|solver|WideOr88~1|combout
    Info (332115):     12.550      0.227 RR    IC  sudx_scan|solver|contradiction~6|datad
    Info (332115):     12.695      0.145 RF  CELL  sudx_scan|solver|contradiction~6|combout
    Info (332115):     14.065      1.370 FF    IC  sudx_scan|solver|contradiction~9|datac
    Info (332115):     14.363      0.298 FF  CELL  sudx_scan|solver|contradiction~9|combout
    Info (332115):     14.599      0.236 FF    IC  sudx_scan|solver|contradiction~20|datad
    Info (332115):     14.730      0.131 FF  CELL  sudx_scan|solver|contradiction~20|combout
    Info (332115):     16.463      1.733 FF    IC  sudx_scan|solver|contradiction|datab
    Info (332115):     16.867      0.404 FF  CELL  sudx_scan|solver|contradiction|combout
    Info (332115):     17.281      0.414 FF    IC  sudx_scan|solver|Selector4~1|datad
    Info (332115):     17.442      0.161 FR  CELL  sudx_scan|solver|Selector4~1|combout
    Info (332115):     17.646      0.204 RR    IC  sudx_scan|solver|Selector4~2|datad
    Info (332115):     17.812      0.166 RR  CELL  sudx_scan|solver|Selector4~2|combout
    Info (332115):     17.812      0.000 RR    IC  sudx_scan|solver|state.PICK_CELL|d
    Info (332115):     17.901      0.089 RR  CELL  sudx_scan:sudx_scan|sudx_scan_solver:solver|state.PICK_CELL
    Info (332115): Data Required Path:
    Info (332115): Total (ns)  Incr (ns)     Type  Element
    Info (332115): ==========  ========= ==  ====  ===================================
    Info (332115):      1.000      1.000           latch edge time
    Info (332115):      1.000      0.000           source latency
    Info (332115):      1.000      0.000           clk
    Info (332115):      1.000      0.000 RR    IC  clk~input|i
    Info (332115):      1.787      0.787 RR  CELL  clk~input|o
    Info (332115):      2.645      0.858 RR    IC  clk~inputclkctrl|inclk[0]
    Info (332115):      2.645      0.000 RR  CELL  clk~inputclkctrl|outclk
    Info (332115):      4.587      1.942 RR    IC  sudx_scan|solver|state.PICK_CELL|clk
    Info (332115):      5.062      0.475 RR  CELL  sudx_scan:sudx_scan|sudx_scan_solver:solver|state.PICK_CELL
    Info (332115):      5.099      0.037           clock pessimism removed
    Info (332115):      5.079     -0.020           clock uncertainty
    Info (332115):      5.092      0.013     uTsu  sudx_scan:sudx_scan|sudx_scan_solver:solver|state.PICK_CELL
    Info (332115): Data Arrival Time  :    17.901
    Info (332115): Data Required Time :     5.092
    Info (332115): Slack              :   -12.809 (VIOLATED)
    Info (332115): ===================================================================
Info (332115): Path #12: Setup slack is -12.803 (VIOLATED)
    Info (332115): ===================================================================
    Info (332115): From Node    : sudx_scan:sudx_scan|sudx_scan_solver:solver|candidate[50][2]
    Info (332115): To Node      : sudx_scan:sudx_scan|sudx_scan_solver:solver|state.PICK_CELL
    Info (332115): Launch Clock : clk
    Info (332115): Latch Clock  : clk
    Info (332115): Data Arrival Path:
    Info (332115): Total (ns)  Incr (ns)     Type  Element
    Info (332115): ==========  ========= ==  ====  ===================================
    Info (332115):      0.000      0.000           launch edge time
    Info (332115):      0.000      0.000           source latency
    Info (332115):      0.000      0.000           clk
    Info (332115):      0.000      0.000 RR    IC  clk~input|i
    Info (332115):      0.787      0.787 RR  CELL  clk~input|o
    Info (332115):      1.681      0.894 RR    IC  clk~inputclkctrl|inclk[0]
    Info (332115):      1.681      0.000 RR  CELL  clk~inputclkctrl|outclk
    Info (332115):      3.160      1.479 RR    IC  sudx_scan|solver|candidate[50][2]|clk
    Info (332115):      3.670      0.510 RR  CELL  sudx_scan:sudx_scan|sudx_scan_solver:solver|candidate[50][2]
    Info (332115):      3.877      0.207     uTco  sudx_scan:sudx_scan|sudx_scan_solver:solver|candidate[50][2]
    Info (332115):      3.877      0.000 FF  CELL  sudx_scan|solver|candidate[50][2]|q
    Info (332115):      5.524      1.647 FF    IC  sudx_scan|solver|UNITS[14].candidate_union|any_digit[5][2]~11|dataa
    Info (332115):      5.926      0.402 FF  CELL  sudx_scan|solver|UNITS[14].candidate_union|any_digit[5][2]~11|combout
    Info (332115):      6.191      0.265 FF    IC  sudx_scan|solver|unique_digit[14][2]~493|datac
    Info (332115):      6.472      0.281 FR  CELL  sudx_scan|solver|unique_digit[14][2]~493|combout
    Info (332115):      6.676      0.204 RR    IC  sudx_scan|solver|unique_digit[14][2]~496|datac
    Info (332115):      6.981      0.305 RR  CELL  sudx_scan|solver|unique_digit[14][2]~496|combout
    Info (332115):      9.152      2.171 RR    IC  sudx_scan|solver|forced[59][2]~1153|datad
    Info (332115):      9.318      0.166 RR  CELL  sudx_scan|solver|forced[59][2]~1153|combout
    Info (332115):     10.572      1.254 RR    IC  sudx_scan|solver|Equal1019~0|datad
    Info (332115):     10.717      0.145 RF  CELL  sudx_scan|solver|Equal1019~0|combout
    Info (332115):     11.018      0.301 FF    IC  sudx_scan|solver|contradiction~517|dataa
    Info (332115):     11.444      0.426 FR  CELL  sudx_scan|solver|contradiction~517|combout
    Info (332115):     13.311      1.867 RR    IC  sudx_scan|solver|contradiction~518|datac
    Info (332115):     13.615      0.304 RR  CELL  sudx_scan|solver|contradiction~518|combout
    Info (332115):     13.819      0.204 RR    IC  sudx_scan|solver|contradiction~528|datac
    Info (332115):     14.123      0.304 RR  CELL  sudx_scan|solver|contradiction~528|combout
    Info (332115):     15.721      1.598 RR    IC  sudx_scan|solver|contradiction~545|dataa
    Info (332115):     16.143      0.422 RR  CELL  sudx_scan|solver|contradiction~545|combout
    Info (332115):     16.347      0.204 RR    IC  sudx_scan|solver|contradiction~546|datad
    Info (332115):     16.513      0.166 RR  CELL  sudx_scan|solver|contradiction~546|combout
    Info (332115):     16.715      0.202 RR    IC  sudx_scan|solver|contradiction|datad
    Info (332115):     16.881      0.166 RR  CELL  sudx_scan|solver|contradiction|combout
    Info (332115):     17.290      0.409 RR    IC  sudx_scan|solver|Selector4~1|datad
    Info (332115):     17.435      0.145 RF  CELL  sudx_scan|solver|Selector4~1|combout
    Info (332115):     17.670      0.235 FF    IC  sudx_scan|solver|Selector4~2|datad
    Info (332115):     17.801      0.131 FF  CELL  sudx_scan|solver|Selector4~2|combout
    Info (332115):     17.801      0.000 FF    IC  sudx_scan|solver|state.PICK_CELL|d
    Info (332115):     17.895      0.094 FF  CELL  sudx_scan:sudx_scan|sudx_scan_solver:solver|state.PICK_CELL
    Info (332115): Data Required Path:
    Info (332115): Total (ns)  Incr (ns)     Type  Element
    Info (332115): ==========  ========= ==  ====  ===================================
    Info (332115):      1.000      1.000           latch edge time
    Info (332115):      1.000      0.000           source latency
    Info (332115):      1.000      0.000           clk
    Info (332115):      1.000      0.000 RR    IC  clk~input|i
    Info (332115):      1.787      0.787 RR  CELL  clk~input|o
    Info (332115):      2.645      0.858 RR    IC  clk~inputclkctrl|inclk[0]
    Info (332115):      2.645      0.000 RR  CELL  clk~inputclkctrl|outclk
    Info (332115):      4.587      1.942 RR    IC  sudx_scan|solver|state.PICK_CELL|clk
    Info (332115):      5.062      0.475 RR  CELL  sudx_scan:sudx_scan|sudx_scan_solver:solver|state.PICK_CELL
    Info (332115):      5.099      0.037           clock pessimism removed
    Info (332115):      5.079     -0.020           clock uncertainty
    Info (332115):      5.092      0.013     uTsu  sudx_scan:sudx_scan|sudx_scan_solver:solver|state.PICK_CELL
    Info (332115): Data Arrival Time  :    17.895
    Info (332115): Data Required Time :     5.092
    Info (332115): Slack              :   -12.803 (VIOLATED)
    Info (332115): ===================================================================
Info (332115): Path #13: Setup slack is -12.772 (VIOLATED)
    Info (332115): ===================================================================
    Info (332115): From Node    : sudx_scan:sudx_scan|sudx_scan_solver:solver|candidate[59][2]
    Info (332115): To Node      : sudx_scan:sudx_scan|sudx_scan_solver:solver|state.PICK_CELL
    Info (332115): Launch Clock : clk
    Info (332115): Latch Clock  : clk
    Info (332115): Data Arrival Path:
    Info (332115): Total (ns)  Incr (ns)     Type  Element
    Info (332115): ==========  ========= ==  ====  ===================================
    Info (332115):      0.000      0.000           launch edge time
    Info (332115):      0.000      0.000           source latency
    Info (332115):      0.000      0.000           clk
    Info (332115):      0.000      0.000 RR    IC  clk~input|i
    Info (332115):      0.787      0.787 RR  CELL  clk~input|o
    Info (332115):      1.681      0.894 RR    IC  clk~inputclkctrl|inclk[0]
    Info (332115):      1.681      0.000 RR  CELL  clk~inputclkctrl|outclk
    Info (332115):      3.238      1.557 RR    IC  sudx_scan|solver|candidate[59][2]|clk
    Info (332115):      3.748      0.510 RR  CELL  sudx_scan:sudx_scan|sudx_scan_solver:solver|candidate[59][2]
    Info (332115):      3.955      0.207     uTco  sudx_scan:sudx_scan|sudx_scan_solver:solver|candidate[59][2]
    Info (332115):      3.955      0.000 FF  CELL  sudx_scan|solver|candidate[59][2]|q
    Info (332115):      5.859      1.904 FF    IC  sudx_scan|solver|UNITS[14].candidate_union|any_digit[5][2]~11|datac
    Info (332115):      6.157      0.298 FF  CELL  sudx_scan|solver|UNITS[14].candidate_union|any_digit[5][2]~11|combout
    Info (332115):      6.421      0.264 FF    IC  sudx_scan|solver|unique_digit[14][2]~492|datac
    Info (332115):      6.702      0.281 FR  CELL  sudx_scan|solver|unique_digit[14][2]~492|combout
    Info (332115):      6.941      0.239 RR    IC  sudx_scan|solver|unique_digit[14][2]~496|datab
    Info (332115):      7.293      0.352 RR  CELL  sudx_scan|solver|unique_digit[14][2]~496|combout
    Info (332115):      9.464      2.171 RR    IC  sudx_scan|solver|forced[59][2]~1153|datad
    Info (332115):      9.630      0.166 RR  CELL  sudx_scan|solver|forced[59][2]~1153|combout
    Info (332115):     10.884      1.254 RR    IC  sudx_scan|solver|Equal1019~0|datad
    Info (332115):     11.029      0.145 RF  CELL  sudx_scan|solver|Equal1019~0|combout
    Info (332115):     11.333      0.304 FF    IC  sudx_scan|solver|WideOr113~1|dataa
    Info (332115):     11.761      0.428 FF  CELL  sudx_scan|solver|WideOr113~1|combout
    Info (332115):     13.219      1.458 FF    IC  sudx_scan|solver|WideOr113|datad
    Info (332115):     13.380      0.161 FR  CELL  sudx_scan|solver|WideOr113|combout
    Info (332115):     14.445      1.065 RR    IC  sudx_scan|solver|WideOr139~22|dataa
    Info (332115):     14.864      0.419 RF  CELL  sudx_scan|solver|WideOr139~22|combout
    Info (332115):     15.157      0.293 FF    IC  sudx_scan|solver|WideOr139~24|dataa
    Info (332115):     15.516      0.359 FF  CELL  sudx_scan|solver|WideOr139~24|combout
    Info (332115):     17.037      1.521 FF    IC  sudx_scan|solver|Selector4~1|datab
    Info (332115):     17.430      0.393 FF  CELL  sudx_scan|solver|Selector4~1|combout
    Info (332115):     17.665      0.235 FF    IC  sudx_scan|solver|Selector4~2|datad
    Info (332115):     17.796      0.131 FF  CELL  sudx_scan|solver|Selector4~2|combout
    Info (332115):     17.796      0.000 FF    IC  sudx_scan|solver|state.PICK_CELL|d
    Info (332115):     17.890      0.094 FF  CELL  sudx_scan:sudx_scan|sudx_scan_solver:solver|state.PICK_CELL
    Info (332115): Data Required Path:
    Info (332115): Total (ns)  Incr (ns)     Type  Element
    Info (332115): ==========  ========= ==  ====  ===================================
    Info (332115):      1.000      1.000           latch edge time
    Info (332115):      1.000      0.000           source latency
    Info (332115):      1.000      0.000           clk
    Info (332115):      1.000      0.000 RR    IC  clk~input|i
    Info (332115):      1.787      0.787 RR  CELL  clk~input|o
    Info (332115):      2.645      0.858 RR    IC  clk~inputclkctrl|inclk[0]
    Info (332115):      2.645      0.000 RR  CELL  clk~inputclkctrl|outclk
    Info (332115):      4.587      1.942 RR    IC  sudx_scan|solver|state.PICK_CELL|clk
    Info (332115):      5.062      0.475 RR  CELL  sudx_scan:sudx_scan|sudx_scan_solver:solver|state.PICK_CELL
    Info (332115):      5.125      0.063           clock pessimism removed
    Info (332115):      5.105     -0.020           clock uncertainty
    Info (332115):      5.118      0.013     uTsu  sudx_scan:sudx_scan|sudx_scan_solver:solver|state.PICK_CELL
    Info (332115): Data Arrival Time  :    17.890
    Info (332115): Data Required Time :     5.118
    Info (332115): Slack              :   -12.772 (VIOLATED)
    Info (332115): ===================================================================
Info (332115): Path #14: Setup slack is -12.761 (VIOLATED)
    Info (332115): ===================================================================
    Info (332115): From Node    : sudx_scan:sudx_scan|sudx_scan_solver:solver|candidate[59][2]
    Info (332115): To Node      : sudx_scan:sudx_scan|sudx_scan_solver:solver|state.PICK_CELL
    Info (332115): Launch Clock : clk
    Info (332115): Latch Clock  : clk
    Info (332115): Data Arrival Path:
    Info (332115): Total (ns)  Incr (ns)     Type  Element
    Info (332115): ==========  ========= ==  ====  ===================================
    Info (332115):      0.000      0.000           launch edge time
    Info (332115):      0.000      0.000           source latency
    Info (332115):      0.000      0.000           clk
    Info (332115):      0.000      0.000 RR    IC  clk~input|i
    Info (332115):      0.787      0.787 RR  CELL  clk~input|o
    Info (332115):      1.681      0.894 RR    IC  clk~inputclkctrl|inclk[0]
    Info (332115):      1.681      0.000 RR  CELL  clk~inputclkctrl|outclk
    Info (332115):      3.238      1.557 RR    IC  sudx_scan|solver|candidate[59][2]|clk
    Info (332115):      3.748      0.510 RR  CELL  sudx_scan:sudx_scan|sudx_scan_solver:solver|candidate[59][2]
    Info (332115):      3.955      0.207     uTco  sudx_scan:sudx_scan|sudx_scan_solver:solver|candidate[59][2]
    Info (332115):      3.955      0.000 RR  CELL  sudx_scan|solver|candidate[59][2]|q
    Info (332115):      5.896      1.941 RR    IC  sudx_scan|solver|unique_digit[14][2]~495|datab
    Info (332115):      6.345      0.449 RF  CELL  sudx_scan|solver|unique_digit[14][2]~495|combout
    Info (332115):      6.639      0.294 FF    IC  sudx_scan|solver|unique_digit[14][2]~496|dataa
    Info (332115):      6.998      0.359 FF  CELL  sudx_scan|solver|unique_digit[14][2]~496|combout
    Info (332115):      9.074      2.076 FF    IC  sudx_scan|solver|forced[59][2]~1153|datad
    Info (332115):      9.205      0.131 FF  CELL  sudx_scan|solver|forced[59][2]~1153|combout
    Info (332115):     10.469      1.264 FF    IC  sudx_scan|solver|Equal1019~0|datad
    Info (332115):     10.630      0.161 FR  CELL  sudx_scan|solver|Equal1019~0|combout
    Info (332115):     10.877      0.247 RR    IC  sudx_scan|solver|contradiction~517|dataa
    Info (332115):     11.316      0.439 RF  CELL  sudx_scan|solver|contradiction~517|combout
    Info (332115):     13.251      1.935 FF    IC  sudx_scan|solver|contradiction~518|datac
    Info (332115):     13.549      0.298 FF  CELL  sudx_scan|solver|contradiction~518|combout
    Info (332115):     13.795      0.246 FF    IC  sudx_scan|solver|contradiction~528|datac
    Info (332115):     14.093      0.298 FF  CELL  sudx_scan|solver|contradiction~528|combout
    Info (332115):     15.713      1.620 FF    IC  sudx_scan|solver|contradiction~545|dataa
    Info (332115):     16.115      0.402 FF  CELL  sudx_scan|solver|contradiction~545|combout
    Info (332115):     16.349      0.234 FF    IC  sudx_scan|solver|contradiction~546|datad
    Info (332115):     16.480      0.131 FF  CELL  sudx_scan|solver|contradiction~546|combout
    Info (332115):     16.714      0.234 FF    IC  sudx_scan|solver|contradiction|datad
    Info (332115):     16.845      0.131 FF  CELL  sudx_scan|solver|contradiction|combout
    Info (332115):     17.259      0.414 FF    IC  sudx_scan|solver|Selector4~1|datad
    Info (332115):     17.420      0.161 FR  CELL  sudx_scan|solver|Selector4~1|combout
    Info (332115):     17.624      0.204 RR    IC  sudx_scan|solver|Selector4~2|datad
    Info (332115):     17.790      0.166 RR  CELL  sudx_scan|solver|Selector4~2|combout
    Info (332115):     17.790      0.000 RR    IC  sudx_scan|solver|state.PICK_CELL|d
    Info (332115):     17.879      0.089 RR  CELL  sudx_scan:sudx_scan|sudx_scan_solver:solver|state.PICK_CELL
    Info (332115): Data Required Path:
    Info (332115): Total (ns)  Incr (ns)     Type  Element
    Info (332115): ==========  ========= ==  ====  ===================================
    Info (332115):      1.000      1.000           latch edge time
    Info (332115):      1.000      0.000           source latency
    Info (332115):      1.000      0.000           clk
    Info (332115):      1.000      0.000 RR    IC  clk~input|i
    Info (332115):      1.787      0.787 RR  CELL  clk~input|o
    Info (332115):      2.645      0.858 RR    IC  clk~inputclkctrl|inclk[0]
    Info (332115):      2.645      0.000 RR  CELL  clk~inputclkctrl|outclk
    Info (332115):      4.587      1.942 RR    IC  sudx_scan|solver|state.PICK_CELL|clk
    Info (332115):      5.062      0.475 RR  CELL  sudx_scan:sudx_scan|sudx_scan_solver:solver|state.PICK_CELL
    Info (332115):      5.125      0.063           clock pessimism removed
    Info (332115):      5.105     -0.020           clock uncertainty
    Info (332115):      5.118      0.013     uTsu  sudx_scan:sudx_scan|sudx_scan_solver:solver|state.PICK_CELL
    Info (332115): Data Arrival Time  :    17.879
    Info (332115): Data Required Time :     5.118
    Info (332115): Slack              :   -12.761 (VIOLATED)
    Info (332115): ===================================================================
Info (332115): Path #15: Setup slack is -12.752 (VIOLATED)
    Info (332115): ===================================================================
    Info (332115): From Node    : sudx_scan:sudx_scan|sudx_scan_solver:solver|candidate[65][4]
    Info (332115): To Node      : sudx_scan:sudx_scan|sudx_scan_solver:solver|assigned_depth[74][1]
    Info (332115): Launch Clock : clk
    Info (332115): Latch Clock  : clk
    Info (332115): Data Arrival Path:
    Info (332115): Total (ns)  Incr (ns)     Type  Element
    Info (332115): ==========  ========= ==  ====  ===================================
    Info (332115):      0.000      0.000           launch edge time
    Info (332115):      0.000      0.000           source latency
    Info (332115):      0.000      0.000           clk
    Info (332115):      0.000      0.000 RR    IC  clk~input|i
    Info (332115):      0.787      0.787 RR  CELL  clk~input|o
    Info (332115):      1.681      0.894 RR    IC  clk~inputclkctrl|inclk[0]
    Info (332115):      1.681      0.000 RR  CELL  clk~inputclkctrl|outclk
    Info (332115):      3.247      1.566 RR    IC  sudx_scan|solver|candidate[65][4]|clk
    Info (332115):      3.757      0.510 RR  CELL  sudx_scan:sudx_scan|sudx_scan_solver:solver|candidate[65][4]
    Info (332115):      3.964      0.207     uTco  sudx_scan:sudx_scan|sudx_scan_solver:solver|candidate[65][4]
    Info (332115):      3.964      0.000 RR  CELL  sudx_scan|solver|candidate[65][4]|q
    Info (332115):      6.264      2.300 RR    IC  sudx_scan|solver|UNITS[11].candidate_union|any_digit[5][4]~5|datac
    Info (332115):      6.568      0.304 RR  CELL  sudx_scan|solver|UNITS[11].candidate_union|any_digit[5][4]~5|combout
    Info (332115):      7.011      0.443 RR    IC  sudx_scan|solver|unique_digit[11][4]~1044|datab
    Info (332115):      7.460      0.449 RF  CELL  sudx_scan|solver|unique_digit[11][4]~1044|combout
    Info (332115):      7.720      0.260 FF    IC  sudx_scan|solver|unique_digit[11][4]~1048|datac
    Info (332115):      8.023      0.303 FF  CELL  sudx_scan|solver|unique_digit[11][4]~1048|combout
    Info (332115):      9.575      1.552 FF    IC  sudx_scan|solver|forced[74][4]~799|dataa
    Info (332115):      9.980      0.405 FF  CELL  sudx_scan|solver|forced[74][4]~799|combout
    Info (332115):     11.751      1.771 FF    IC  sudx_scan|solver|WideOr128~0|datac
    Info (332115):     12.032      0.281 FR  CELL  sudx_scan|solver|WideOr128~0|combout
    Info (332115):     12.246      0.214 RR    IC  sudx_scan|solver|WideOr128~1|datad
    Info (332115):     12.412      0.166 RR  CELL  sudx_scan|solver|WideOr128~1|combout
    Info (332115):     14.130      1.718 RR    IC  sudx_scan|solver|CELL_REGISTERS[74].force_cell|datad
    Info (332115):     14.296      0.166 RR  CELL  sudx_scan|solver|CELL_REGISTERS[74].force_cell|combout
    Info (332115):     14.723      0.427 RR    IC  sudx_scan|solver|assigned_depth[74][0]~372|datad
    Info (332115):     14.868      0.145 RF  CELL  sudx_scan|solver|assigned_depth[74][0]~372|combout
    Info (332115):     16.738      1.870 FF    IC  sudx_scan|solver|assigned_depth[74][1]|ena
    Info (332115):     17.335      0.597 FF  CELL  sudx_scan:sudx_scan|sudx_scan_solver:solver|assigned_depth[74][1]
    Info (332115): Data Required Path:
    Info (332115): Total (ns)  Incr (ns)     Type  Element
    Info (332115): ==========  ========= ==  ====  ===================================
    Info (332115):      1.000      1.000           latch edge time
    Info (332115):      1.000      0.000           source latency
    Info (332115):      1.000      0.000           clk
    Info (332115):      1.000      0.000 RR    IC  clk~input|i
    Info (332115):      1.787      0.787 RR  CELL  clk~input|o
    Info (332115):      2.645      0.858 RR    IC  clk~inputclkctrl|inclk[0]
    Info (332115):      2.645      0.000 RR  CELL  clk~inputclkctrl|outclk
    Info (332115):      4.078      1.433 RR    IC  sudx_scan|solver|assigned_depth[74][1]|clk
    Info (332115):      4.553      0.475 RR  CELL  sudx_scan:sudx_scan|sudx_scan_solver:solver|assigned_depth[74][1]
    Info (332115):      4.590      0.037           clock pessimism removed
    Info (332115):      4.570     -0.020           clock uncertainty
    Info (332115):      4.583      0.013     uTsu  sudx_scan:sudx_scan|sudx_scan_solver:solver|assigned_depth[74][1]
    Info (332115): Data Arrival Time  :    17.335
    Info (332115): Data Required Time :     4.583
    Info (332115): Slack              :   -12.752 (VIOLATED)
    Info (332115): ===================================================================
Info (332115): Path #16: Setup slack is -12.752 (VIOLATED)
    Info (332115): ===================================================================
    Info (332115): From Node    : sudx_scan:sudx_scan|sudx_scan_solver:solver|candidate[65][4]
    Info (332115): To Node      : sudx_scan:sudx_scan|sudx_scan_solver:solver|assigned_depth[74][0]
    Info (332115): Launch Clock : clk
    Info (332115): Latch Clock  : clk
    Info (332115): Data Arrival Path:
    Info (332115): Total (ns)  Incr (ns)     Type  Element
    Info (332115): ==========  ========= ==  ====  ===================================
    Info (332115):      0.000      0.000           launch edge time
    Info (332115):      0.000      0.000           source latency
    Info (332115):      0.000      0.000           clk
    Info (332115):      0.000      0.000 RR    IC  clk~input|i
    Info (332115):      0.787      0.787 RR  CELL  clk~input|o
    Info (332115):      1.681      0.894 RR    IC  clk~inputclkctrl|inclk[0]
    Info (332115):      1.681      0.000 RR  CELL  clk~inputclkctrl|outclk
    Info (332115):      3.247      1.566 RR    IC  sudx_scan|solver|candidate[65][4]|clk
    Info (332115):      3.757      0.510 RR  CELL  sudx_scan:sudx_scan|sudx_scan_solver:solver|candidate[65][4]
    Info (332115):      3.964      0.207     uTco  sudx_scan:sudx_scan|sudx_scan_solver:solver|candidate[65][4]
    Info (332115):      3.964      0.000 RR  CELL  sudx_scan|solver|candidate[65][4]|q
    Info (332115):      6.264      2.300 RR    IC  sudx_scan|solver|UNITS[11].candidate_union|any_digit[5][4]~5|datac
    Info (332115):      6.568      0.304 RR  CELL  sudx_scan|solver|UNITS[11].candidate_union|any_digit[5][4]~5|combout
    Info (332115):      7.011      0.443 RR    IC  sudx_scan|solver|unique_digit[11][4]~1044|datab
    Info (332115):      7.460      0.449 RF  CELL  sudx_scan|solver|unique_digit[11][4]~1044|combout
    Info (332115):      7.720      0.260 FF    IC  sudx_scan|solver|unique_digit[11][4]~1048|datac
    Info (332115):      8.023      0.303 FF  CELL  sudx_scan|solver|unique_digit[11][4]~1048|combout
    Info (332115):      9.575      1.552 FF    IC  sudx_scan|solver|forced[74][4]~799|dataa
    Info (332115):      9.980      0.405 FF  CELL  sudx_scan|solver|forced[74][4]~799|combout
    Info (332115):     11.751      1.771 FF    IC  sudx_scan|solver|WideOr128~0|datac
    Info (332115):     12.032      0.281 FR  CELL  sudx_scan|solver|WideOr128~0|combout
    Info (332115):     12.246      0.214 RR    IC  sudx_scan|solver|WideOr128~1|datad
    Info (332115):     12.412      0.166 RR  CELL  sudx_scan|solver|WideOr128~1|combout
    Info (332115):     14.130      1.718 RR    IC  sudx_scan|solver|CELL_REGISTERS[74].force_cell|datad
    Info (332115):     14.296      0.166 RR  CELL  sudx_scan|solver|CELL_REGISTERS[74].force_cell|combout
    Info (332115):     14.723      0.427 RR    IC  sudx_scan|solver|assigned_depth[74][0]~372|datad
    Info (332115):     14.868      0.145 RF  CELL  sudx_scan|solver|assigned_depth[74][0]~372|combout
    Info (332115):     16.738      1.870 FF    IC  sudx_scan|solver|assigned_depth[74][0]|ena
    Info (332115):     17.335      0.597 FF  CELL  sudx_scan:sudx_scan|sudx_scan_solver:solver|assigned_depth[74][0]
    Info (332115): Data Required Path:
    Info (332115): Total (ns)  Incr (ns)     Type  Element
    Info (332115): ==========  ========= ==  ====  ===================================
    Info (332115):      1.000      1.000           latch edge time
    Info (332115):      1.000      0.000           source latency
    Info (332115):      1.000      0.000           clk
    Info (332115):      1.000      0.000 RR    IC  clk~input|i
    Info (332115):      1.787      0.787 RR  CELL  clk~input|o
    Info (332115):      2.645      0.858 RR    IC  clk~inputclkctrl|inclk[0]
    Info (332115):      2.645      0.000 RR  CELL  clk~inputclkctrl|outclk
    Info (332115):      4.078      1.433 RR    IC  sudx_scan|solver|assigned_depth[74][0]|clk
    Info (332115):      4.553      0.475 RR  CELL  sudx_scan:sudx_scan|sudx_scan_solver:solver|assigned_depth[74][0]
    Info (332115):      4.590      0.037           clock pessimism removed
    Info (332115):      4.570     -0.020           clock uncertainty
    Info (332115):      4.583      0.013     uTsu  sudx_scan:sudx_scan|sudx_scan_solver:solver|assigned_depth[74][0]
    Info (332115): Data Arrival Time  :    17.335
    Info (332115): Data Required Time :     4.583
    Info (332115): Slack              :   -12.752 (VIOLATED)
    Info (332115): ===================================================================
Info (332115): Path #17: Setup slack is -12.742 (VIOLATED)
    Info (332115): ===================================================================
    Info (332115): From Node    : sudx_scan:sudx_scan|sudx_scan_solver:solver|candidate[55][0]
    Info (332115): To Node      : sudx_scan:sudx_scan|sudx_scan_solver:solver|state.PICK_CELL
    Info (332115): Launch Clock : clk
    Info (332115): Latch Clock  : clk
    Info (332115): Data Arrival Path:
    Info (332115): Total (ns)  Incr (ns)     Type  Element
    Info (332115): ==========  ========= ==  ====  ===================================
    Info (332115):      0.000      0.000           launch edge time
    Info (332115):      0.000      0.000           source latency
    Info (332115):      0.000      0.000           clk
    Info (332115):      0.000      0.000 RR    IC  clk~input|i
    Info (332115):      0.787      0.787 RR  CELL  clk~input|o
    Info (332115):      1.681      0.894 RR    IC  clk~inputclkctrl|inclk[0]
    Info (332115):      1.681      0.000 RR  CELL  clk~inputclkctrl|outclk
    Info (332115):      3.275      1.594 RR    IC  sudx_scan|solver|candidate[55][0]|clk
    Info (332115):      3.785      0.510 RR  CELL  sudx_scan:sudx_scan|sudx_scan_solver:solver|candidate[55][0]
    Info (332115):      3.992      0.207     uTco  sudx_scan:sudx_scan|sudx_scan_solver:solver|candidate[55][0]
    Info (332115):      3.992      0.000 RR  CELL  sudx_scan|solver|candidate[55][0]|q
    Info (332115):      6.041      2.049 RR    IC  sudx_scan|solver|Equal942~0|datab
    Info (332115):      6.490      0.449 RF  CELL  sudx_scan|solver|Equal942~0|combout
    Info (332115):      6.778      0.288 FF    IC  sudx_scan|solver|Equal942~4|dataa
    Info (332115):      7.133      0.355 FF  CELL  sudx_scan|solver|Equal942~4|combout
    Info (332115):      8.693      1.560 FF    IC  sudx_scan|solver|forced[55][4]~1130|datac
    Info (332115):      8.996      0.303 FF  CELL  sudx_scan|solver|forced[55][4]~1130|combout
    Info (332115):     10.501      1.505 FF    IC  sudx_scan|solver|WideOr109~0|datad
    Info (332115):     10.662      0.161 FR  CELL  sudx_scan|solver|WideOr109~0|combout
    Info (332115):     11.817      1.155 RR    IC  sudx_scan|solver|WideOr109~1|datad
    Info (332115):     11.983      0.166 RR  CELL  sudx_scan|solver|WideOr109~1|combout
    Info (332115):     12.202      0.219 RR    IC  sudx_scan|solver|contradiction~18|datad
    Info (332115):     12.347      0.145 RF  CELL  sudx_scan|solver|contradiction~18|combout
    Info (332115):     14.017      1.670 FF    IC  sudx_scan|solver|contradiction~19|datad
    Info (332115):     14.148      0.131 FF  CELL  sudx_scan|solver|contradiction~19|combout
    Info (332115):     14.391      0.243 FF    IC  sudx_scan|solver|contradiction~20|datac
    Info (332115):     14.689      0.298 FF  CELL  sudx_scan|solver|contradiction~20|combout
    Info (332115):     16.422      1.733 FF    IC  sudx_scan|solver|contradiction|datab
    Info (332115):     16.826      0.404 FF  CELL  sudx_scan|solver|contradiction|combout
    Info (332115):     17.240      0.414 FF    IC  sudx_scan|solver|Selector4~1|datad
    Info (332115):     17.401      0.161 FR  CELL  sudx_scan|solver|Selector4~1|combout
    Info (332115):     17.605      0.204 RR    IC  sudx_scan|solver|Selector4~2|datad
    Info (332115):     17.771      0.166 RR  CELL  sudx_scan|solver|Selector4~2|combout
    Info (332115):     17.771      0.000 RR    IC  sudx_scan|solver|state.PICK_CELL|d
    Info (332115):     17.860      0.089 RR  CELL  sudx_scan:sudx_scan|sudx_scan_solver:solver|state.PICK_CELL
    Info (332115): Data Required Path:
    Info (332115): Total (ns)  Incr (ns)     Type  Element
    Info (332115): ==========  ========= ==  ====  ===================================
    Info (332115):      1.000      1.000           latch edge time
    Info (332115):      1.000      0.000           source latency
    Info (332115):      1.000      0.000           clk
    Info (332115):      1.000      0.000 RR    IC  clk~input|i
    Info (332115):      1.787      0.787 RR  CELL  clk~input|o
    Info (332115):      2.645      0.858 RR    IC  clk~inputclkctrl|inclk[0]
    Info (332115):      2.645      0.000 RR  CELL  clk~inputclkctrl|outclk
    Info (332115):      4.587      1.942 RR    IC  sudx_scan|solver|state.PICK_CELL|clk
    Info (332115):      5.062      0.475 RR  CELL  sudx_scan:sudx_scan|sudx_scan_solver:solver|state.PICK_CELL
    Info (332115):      5.125      0.063           clock pessimism removed
    Info (332115):      5.105     -0.020           clock uncertainty
    Info (332115):      5.118      0.013     uTsu  sudx_scan:sudx_scan|sudx_scan_solver:solver|state.PICK_CELL
    Info (332115): Data Arrival Time  :    17.860
    Info (332115): Data Required Time :     5.118
    Info (332115): Slack              :   -12.742 (VIOLATED)
    Info (332115): ===================================================================
Info (332115): Path #18: Setup slack is -12.741 (VIOLATED)
    Info (332115): ===================================================================
    Info (332115): From Node    : sudx_scan:sudx_scan|sudx_scan_solver:solver|candidate[39][0]
    Info (332115): To Node      : sudx_scan:sudx_scan|sudx_scan_solver:solver|state.SCAN
    Info (332115): Launch Clock : clk
    Info (332115): Latch Clock  : clk
    Info (332115): Data Arrival Path:
    Info (332115): Total (ns)  Incr (ns)     Type  Element
    Info (332115): ==========  ========= ==  ====  ===================================
    Info (332115):      0.000      0.000           launch edge time
    Info (332115):      0.000      0.000           source latency
    Info (332115):      0.000      0.000           clk
    Info (332115):      0.000      0.000 RR    IC  clk~input|i
    Info (332115):      0.787      0.787 RR  CELL  clk~input|o
    Info (332115):      1.681      0.894 RR    IC  clk~inputclkctrl|inclk[0]
    Info (332115):      1.681      0.000 RR  CELL  clk~inputclkctrl|outclk
    Info (332115):      3.182      1.501 RR    IC  sudx_scan|solver|candidate[39][0]|clk
    Info (332115):      3.692      0.510 RR  CELL  sudx_scan:sudx_scan|sudx_scan_solver:solver|candidate[39][0]
    Info (332115):      3.899      0.207     uTco  sudx_scan:sudx_scan|sudx_scan_solver:solver|candidate[39][0]
    Info (332115):      3.899      0.000 FF  CELL  sudx_scan|solver|candidate[39][0]|q
    Info (332115):      5.817      1.918 FF    IC  sudx_scan|solver|UNITS[12].candidate_union|any_digit[5][0]~8|datad
    Info (332115):      5.948      0.131 FF  CELL  sudx_scan|solver|UNITS[12].candidate_union|any_digit[5][0]~8|combout
    Info (332115):      6.350      0.402 FF    IC  sudx_scan|solver|unique_digit[12][0]~831|datad
    Info (332115):      6.511      0.161 FR  CELL  sudx_scan|solver|unique_digit[12][0]~831|combout
    Info (332115):      6.714      0.203 RR    IC  sudx_scan|solver|unique_digit[12][0]~834|datac
    Info (332115):      7.019      0.305 RR  CELL  sudx_scan|solver|unique_digit[12][0]~834|combout
    Info (332115):      8.933      1.914 RR    IC  sudx_scan|solver|forced[48][0]~459|datad
    Info (332115):      9.099      0.166 RR  CELL  sudx_scan|solver|forced[48][0]~459|combout
    Info (332115):      9.830      0.731 RR    IC  sudx_scan|solver|Equal832~0|dataa
    Info (332115):     10.267      0.437 RF  CELL  sudx_scan|solver|Equal832~0|combout
    Info (332115):     10.538      0.271 FF    IC  sudx_scan|solver|WideOr102~0|datad
    Info (332115):     10.669      0.131 FF  CELL  sudx_scan|solver|WideOr102~0|combout
    Info (332115):     10.929      0.260 FF    IC  sudx_scan|solver|WideOr102~1|datac
    Info (332115):     11.227      0.298 FF  CELL  sudx_scan|solver|WideOr102~1|combout
    Info (332115):     12.797      1.570 FF    IC  sudx_scan|solver|WideOr102|datad
    Info (332115):     12.958      0.161 FR  CELL  sudx_scan|solver|WideOr102|combout
    Info (332115):     14.427      1.469 RR    IC  sudx_scan|solver|WideOr139~20|datab
    Info (332115):     14.869      0.442 RF  CELL  sudx_scan|solver|WideOr139~20|combout
    Info (332115):     15.116      0.247 FF    IC  sudx_scan|solver|WideOr139~24|datac
    Info (332115):     15.419      0.303 FF  CELL  sudx_scan|solver|WideOr139~24|combout
    Info (332115):     16.899      1.480 FF    IC  sudx_scan|solver|WideOr139~31|datad
    Info (332115):     17.030      0.131 FF  CELL  sudx_scan|solver|WideOr139~31|combout
    Info (332115):     17.463      0.433 FF    IC  sudx_scan|solver|Selector2~4|datac
    Info (332115):     17.744      0.281 FR  CELL  sudx_scan|solver|Selector2~4|combout
    Info (332115):     17.744      0.000 RR    IC  sudx_scan|solver|state.SCAN|d
    Info (332115):     17.833      0.089 RR  CELL  sudx_scan:sudx_scan|sudx_scan_solver:solver|state.SCAN
    Info (332115): Data Required Path:
    Info (332115): Total (ns)  Incr (ns)     Type  Element
    Info (332115): ==========  ========= ==  ====  ===================================
    Info (332115):      1.000      1.000           latch edge time
    Info (332115):      1.000      0.000           source latency
    Info (332115):      1.000      0.000           clk
    Info (332115):      1.000      0.000 RR    IC  clk~input|i
    Info (332115):      1.787      0.787 RR  CELL  clk~input|o
    Info (332115):      2.645      0.858 RR    IC  clk~inputclkctrl|inclk[0]
    Info (332115):      2.645      0.000 RR  CELL  clk~inputclkctrl|outclk
    Info (332115):      4.587      1.942 RR    IC  sudx_scan|solver|state.SCAN|clk
    Info (332115):      5.062      0.475 RR  CELL  sudx_scan:sudx_scan|sudx_scan_solver:solver|state.SCAN
    Info (332115):      5.099      0.037           clock pessimism removed
    Info (332115):      5.079     -0.020           clock uncertainty
    Info (332115):      5.092      0.013     uTsu  sudx_scan:sudx_scan|sudx_scan_solver:solver|state.SCAN
    Info (332115): Data Arrival Time  :    17.833
    Info (332115): Data Required Time :     5.092
    Info (332115): Slack              :   -12.741 (VIOLATED)
    Info (332115): ===================================================================
Info (332115): Path #19: Setup slack is -12.736 (VIOLATED)
    Info (332115): ===================================================================
    Info (332115): From Node    : sudx_scan:sudx_scan|sudx_scan_solver:solver|candidate[48][0]
    Info (332115): To Node      : sudx_scan:sudx_scan|sudx_scan_solver:solver|state.SCAN
    Info (332115): Launch Clock : clk
    Info (332115): Latch Clock  : clk
    Info (332115): Data Arrival Path:
    Info (332115): Total (ns)  Incr (ns)     Type  Element
    Info (332115): ==========  ========= ==  ====  ===================================
    Info (332115):      0.000      0.000           launch edge time
    Info (332115):      0.000      0.000           source latency
    Info (332115):      0.000      0.000           clk
    Info (332115):      0.000      0.000 RR    IC  clk~input|i
    Info (332115):      0.787      0.787 RR  CELL  clk~input|o
    Info (332115):      1.681      0.894 RR    IC  clk~inputclkctrl|inclk[0]
    Info (332115):      1.681      0.000 RR  CELL  clk~inputclkctrl|outclk
    Info (332115):      3.164      1.483 RR    IC  sudx_scan|solver|candidate[48][0]|clk
    Info (332115):      3.674      0.510 RR  CELL  sudx_scan:sudx_scan|sudx_scan_solver:solver|candidate[48][0]
    Info (332115):      3.881      0.207     uTco  sudx_scan:sudx_scan|sudx_scan_solver:solver|candidate[48][0]
    Info (332115):      3.881      0.000 RR  CELL  sudx_scan|solver|candidate[48][0]|q
    Info (332115):      5.812      1.931 RR    IC  sudx_scan|solver|UNITS[12].candidate_union|any_digit[5][0]~8|datac
    Info (332115):      6.116      0.304 RR  CELL  sudx_scan|solver|UNITS[12].candidate_union|any_digit[5][0]~8|combout
    Info (332115):      6.341      0.225 RR    IC  sudx_scan|solver|unique_digit[12][0]~830|datac
    Info (332115):      6.645      0.304 RR  CELL  sudx_scan|solver|unique_digit[12][0]~830|combout
    Info (332115):      6.848      0.203 RR    IC  sudx_scan|solver|unique_digit[12][0]~834|datad
    Info (332115):      7.014      0.166 RR  CELL  sudx_scan|solver|unique_digit[12][0]~834|combout
    Info (332115):      8.928      1.914 RR    IC  sudx_scan|solver|forced[48][0]~459|datad
    Info (332115):      9.094      0.166 RR  CELL  sudx_scan|solver|forced[48][0]~459|combout
    Info (332115):      9.825      0.731 RR    IC  sudx_scan|solver|Equal832~0|dataa
    Info (332115):     10.262      0.437 RF  CELL  sudx_scan|solver|Equal832~0|combout
    Info (332115):     10.533      0.271 FF    IC  sudx_scan|solver|WideOr102~0|datad
    Info (332115):     10.664      0.131 FF  CELL  sudx_scan|solver|WideOr102~0|combout
    Info (332115):     10.924      0.260 FF    IC  sudx_scan|solver|WideOr102~1|datac
    Info (332115):     11.222      0.298 FF  CELL  sudx_scan|solver|WideOr102~1|combout
    Info (332115):     12.792      1.570 FF    IC  sudx_scan|solver|WideOr102|datad
    Info (332115):     12.953      0.161 FR  CELL  sudx_scan|solver|WideOr102|combout
    Info (332115):     14.422      1.469 RR    IC  sudx_scan|solver|WideOr139~20|datab
    Info (332115):     14.864      0.442 RF  CELL  sudx_scan|solver|WideOr139~20|combout
    Info (332115):     15.111      0.247 FF    IC  sudx_scan|solver|WideOr139~24|datac
    Info (332115):     15.414      0.303 FF  CELL  sudx_scan|solver|WideOr139~24|combout
    Info (332115):     16.894      1.480 FF    IC  sudx_scan|solver|WideOr139~31|datad
    Info (332115):     17.025      0.131 FF  CELL  sudx_scan|solver|WideOr139~31|combout
    Info (332115):     17.458      0.433 FF    IC  sudx_scan|solver|Selector2~4|datac
    Info (332115):     17.739      0.281 FR  CELL  sudx_scan|solver|Selector2~4|combout
    Info (332115):     17.739      0.000 RR    IC  sudx_scan|solver|state.SCAN|d
    Info (332115):     17.828      0.089 RR  CELL  sudx_scan:sudx_scan|sudx_scan_solver:solver|state.SCAN
    Info (332115): Data Required Path:
    Info (332115): Total (ns)  Incr (ns)     Type  Element
    Info (332115): ==========  ========= ==  ====  ===================================
    Info (332115):      1.000      1.000           latch edge time
    Info (332115):      1.000      0.000           source latency
    Info (332115):      1.000      0.000           clk
    Info (332115):      1.000      0.000 RR    IC  clk~input|i
    Info (332115):      1.787      0.787 RR  CELL  clk~input|o
    Info (332115):      2.645      0.858 RR    IC  clk~inputclkctrl|inclk[0]
    Info (332115):      2.645      0.000 RR  CELL  clk~inputclkctrl|outclk
    Info (332115):      4.587      1.942 RR    IC  sudx_scan|solver|state.SCAN|clk
    Info (332115):      5.062      0.475 RR  CELL  sudx_scan:sudx_scan|sudx_scan_solver:solver|state.SCAN
    Info (332115):      5.099      0.037           clock pessimism removed
    Info (332115):      5.079     -0.020           clock uncertainty
    Info (332115):      5.092      0.013     uTsu  sudx_scan:sudx_scan|sudx_scan_solver:solver|state.SCAN
    Info (332115): Data Arrival Time  :    17.828
    Info (332115): Data Required Time :     5.092
    Info (332115): Slack              :   -12.736 (VIOLATED)
    Info (332115): ===================================================================
Info (332115): Path #20: Setup slack is -12.731 (VIOLATED)
    Info (332115): ===================================================================
    Info (332115): From Node    : sudx_scan:sudx_scan|sudx_scan_solver:solver|candidate[59][2]
    Info (332115): To Node      : sudx_scan:sudx_scan|sudx_scan_solver:solver|state.SCAN
    Info (332115): Launch Clock : clk
    Info (332115): Latch Clock  : clk
    Info (332115): Data Arrival Path:
    Info (332115): Total (ns)  Incr (ns)     Type  Element
    Info (332115): ==========  ========= ==  ====  ===================================
    Info (332115):      0.000      0.000           launch edge time
    Info (332115):      0.000      0.000           source latency
    Info (332115):      0.000      0.000           clk
    Info (332115):      0.000      0.000 RR    IC  clk~input|i
    Info (332115):      0.787      0.787 RR  CELL  clk~input|o
    Info (332115):      1.681      0.894 RR    IC  clk~inputclkctrl|inclk[0]
    Info (332115):      1.681      0.000 RR  CELL  clk~inputclkctrl|outclk
    Info (332115):      3.238      1.557 RR    IC  sudx_scan|solver|candidate[59][2]|clk
    Info (332115):      3.748      0.510 RR  CELL  sudx_scan:sudx_scan|sudx_scan_solver:solver|candidate[59][2]
    Info (332115):      3.955      0.207     uTco  sudx_scan:sudx_scan|sudx_scan_solver:solver|candidate[59][2]
    Info (332115):      3.955      0.000 FF  CELL  sudx_scan|solver|candidate[59][2]|q
    Info (332115):      5.859      1.904 FF    IC  sudx_scan|solver|UNITS[14].candidate_union|any_digit[5][2]~11|datac
    Info (332115):      6.157      0.298 FF  CELL  sudx_scan|solver|UNITS[14].candidate_union|any_digit[5][2]~11|combout
    Info (332115):      6.422      0.265 FF    IC  sudx_scan|solver|unique_digit[14][2]~493|datac
    Info (332115):      6.703      0.281 FR  CELL  sudx_scan|solver|unique_digit[14][2]~493|combout
    Info (332115):      6.907      0.204 RR    IC  sudx_scan|solver|unique_digit[14][2]~496|datac
    Info (332115):      7.212      0.305 RR  CELL  sudx_scan|solver|unique_digit[14][2]~496|combout
    Info (332115):      9.383      2.171 RR    IC  sudx_scan|solver|forced[59][2]~1153|datad
    Info (332115):      9.549      0.166 RR  CELL  sudx_scan|solver|forced[59][2]~1153|combout
    Info (332115):     10.803      1.254 RR    IC  sudx_scan|solver|Equal1019~0|datad
    Info (332115):     10.948      0.145 RF  CELL  sudx_scan|solver|Equal1019~0|combout
    Info (332115):     11.252      0.304 FF    IC  sudx_scan|solver|WideOr113~1|dataa
    Info (332115):     11.680      0.428 FF  CELL  sudx_scan|solver|WideOr113~1|combout
    Info (332115):     13.138      1.458 FF    IC  sudx_scan|solver|WideOr113|datad
    Info (332115):     13.299      0.161 FR  CELL  sudx_scan|solver|WideOr113|combout
    Info (332115):     14.364      1.065 RR    IC  sudx_scan|solver|WideOr139~22|dataa
    Info (332115):     14.783      0.419 RF  CELL  sudx_scan|solver|WideOr139~22|combout
    Info (332115):     15.076      0.293 FF    IC  sudx_scan|solver|WideOr139~24|dataa
    Info (332115):     15.435      0.359 FF  CELL  sudx_scan|solver|WideOr139~24|combout
    Info (332115):     16.915      1.480 FF    IC  sudx_scan|solver|WideOr139~31|datad
    Info (332115):     17.046      0.131 FF  CELL  sudx_scan|solver|WideOr139~31|combout
    Info (332115):     17.479      0.433 FF    IC  sudx_scan|solver|Selector2~4|datac
    Info (332115):     17.760      0.281 FR  CELL  sudx_scan|solver|Selector2~4|combout
    Info (332115):     17.760      0.000 RR    IC  sudx_scan|solver|state.SCAN|d
    Info (332115):     17.849      0.089 RR  CELL  sudx_scan:sudx_scan|sudx_scan_solver:solver|state.SCAN
    Info (332115): Data Required Path:
    Info (332115): Total (ns)  Incr (ns)     Type  Element
    Info (332115): ==========  ========= ==  ====  ===================================
    Info (332115):      1.000      1.000           latch edge time
    Info (332115):      1.000      0.000           source latency
    Info (332115):      1.000      0.000           clk
    Info (332115):      1.000      0.000 RR    IC  clk~input|i
    Info (332115):      1.787      0.787 RR  CELL  clk~input|o
    Info (332115):      2.645      0.858 RR    IC  clk~inputclkctrl|inclk[0]
    Info (332115):      2.645      0.000 RR  CELL  clk~inputclkctrl|outclk
    Info (332115):      4.587      1.942 RR    IC  sudx_scan|solver|state.SCAN|clk
    Info (332115):      5.062      0.475 RR  CELL  sudx_scan:sudx_scan|sudx_scan_solver:solver|state.SCAN
    Info (332115):      5.125      0.063           clock pessimism removed
    Info (332115):      5.105     -0.020           clock uncertainty
    Info (332115):      5.118      0.013     uTsu  sudx_scan:sudx_scan|sudx_scan_solver:solver|state.SCAN
    Info (332115): Data Arrival Time  :    17.849
    Info (332115): Data Required Time :     5.118
    Info (332115): Slack              :   -12.731 (VIOLATED)
    Info (332115): ===================================================================
Info (23030): Evaluation of Tcl script /data/project/tsmc65/shared/qsyn/util/report_worst.tcl was successful
Info: Quartus Prime Timing Analyzer was successful. 0 errors, 1 warning
    Info: Peak virtual memory: 789 megabytes
    Info: Processing ended: Wed Sep  9 09:02:15 2026
    Info: Elapsed time: 00:00:02
    Info: Total CPU time (on all processors): 00:00:00
