Analysis & Synthesis report for ineqsudx_scan
Tue Sep  8 13:32:20 2026
Quartus Prime Version 24.1std.0 Build 1077 03/04/2025 SC Lite Edition


---------------------
; Table of Contents ;
---------------------
  1. Legal Notice
  2. Analysis & Synthesis Summary
  3. Analysis & Synthesis Settings
  4. Parallel Compilation
  5. Analysis & Synthesis Source Files Read
  6. Analysis & Synthesis Resource Usage Summary
  7. Analysis & Synthesis Resource Utilization by Entity
  8. Analysis & Synthesis RAM Summary
  9. State Machine - |qsyn_dummy_xlr_wrap|ineqsudx_scan:ineqsudx_scan|ineqsudx_scan_solver:solver|state
 10. Registers Removed During Synthesis
 11. General Register Statistics
 12. Inverted Register Statistics
 13. Registers Packed Into Inferred Megafunctions
 14. Multiplexer Restructuring Statistics (Restructuring Performed)
 15. Source assignments for ineqsudx_scan:ineqsudx_scan|ineqsudx_scan_solver:solver|altsyncram:decisions_rtl_0|altsyncram_84d1:auto_generated
 16. Source assignments for ineqsudx_scan:ineqsudx_scan|ineqsudx_scan_solver:solver|altsyncram:domain_stack_rtl_0|altsyncram_08d1:auto_generated
 17. Parameter Settings for User Entity Instance: mem_intf_read:mem_intf_read
 18. Parameter Settings for User Entity Instance: mem_intf_write:mem_intf_write
 19. Parameter Settings for User Entity Instance: ineqsudx_scan:ineqsudx_scan|ineqsudx_scan_solver:solver
 20. Parameter Settings for Inferred Entity Instance: ineqsudx_scan:ineqsudx_scan|ineqsudx_scan_solver:solver|altsyncram:decisions_rtl_0
 21. Parameter Settings for Inferred Entity Instance: ineqsudx_scan:ineqsudx_scan|ineqsudx_scan_solver:solver|altsyncram:domain_stack_rtl_0
 22. altsyncram Parameter Settings by Entity Instance
 23. Post-Synthesis Netlist Statistics for Top Partition
 24. Elapsed Time Per Partition
 25. Analysis & Synthesis Messages
 26. Analysis & Synthesis Suppressed Messages



----------------
; Legal Notice ;
----------------
Copyright (C) 2025  Altera Corporation. All rights reserved.
Your use of Altera Corporation's design tools, logic functions 
and other software and tools, and any partner logic 
functions, and any output files from any of the foregoing 
(including device programming or simulation files), and any 
associated documentation or information are expressly subject 
to the terms and conditions of the Altera Program License 
Subscription Agreement, the Altera Quartus Prime License Agreement,
the Altera IP License Agreement, or other applicable license
agreement, including, without limitation, that your use is for
the sole purpose of programming logic devices manufactured by
Altera and sold by Altera or its authorized distributors.  Please
refer to the Altera Software License Subscription Agreements 
on the Quartus Prime software download page.



+--------------------------------------------------------------------------------------+
; Analysis & Synthesis Summary                                                         ;
+------------------------------------+-------------------------------------------------+
; Analysis & Synthesis Status        ; Successful - Tue Sep  8 13:32:17 2026           ;
; Quartus Prime Version              ; 24.1std.0 Build 1077 03/04/2025 SC Lite Edition ;
; Revision Name                      ; ineqsudx_scan                                   ;
; Top-level Entity Name              ; qsyn_dummy_xlr_wrap                             ;
; Family                             ; MAX 10                                          ;
; Total logic elements               ; 25,552                                          ;
;     Total combinational functions  ; 24,882                                          ;
;     Dedicated logic registers      ; 3,468                                           ;
; Total registers                    ; 3468                                            ;
; Total pins                         ; 120                                             ;
; Total virtual pins                 ; 0                                               ;
; Total memory bits                  ; 60,264                                          ;
; Embedded Multiplier 9-bit elements ; 0                                               ;
; Total PLLs                         ; 0                                               ;
; UFM blocks                         ; 0                                               ;
; ADC blocks                         ; 0                                               ;
+------------------------------------+-------------------------------------------------+


+-------------------------------------------------------------------------------------------------------------+
; Analysis & Synthesis Settings                                                                               ;
+------------------------------------------------------------------+---------------------+--------------------+
; Option                                                           ; Setting             ; Default Value      ;
+------------------------------------------------------------------+---------------------+--------------------+
; Device                                                           ; 10M50DAF484C7G      ;                    ;
; Top-level entity name                                            ; qsyn_dummy_xlr_wrap ; ineqsudx_scan      ;
; Family name                                                      ; MAX 10              ; Cyclone V          ;
; Maximum processors allowed for parallel compilation              ; 1                   ;                    ;
; Use smart compilation                                            ; Off                 ; Off                ;
; Enable parallel Assembler and Timing Analyzer during compilation ; On                  ; On                 ;
; Enable compact report table                                      ; Off                 ; Off                ;
; Restructure Multiplexers                                         ; Auto                ; Auto               ;
; Create Debugging Nodes for IP Cores                              ; Off                 ; Off                ;
; Preserve fewer node names                                        ; On                  ; On                 ;
; Intel FPGA IP Evaluation Mode                                    ; Enable              ; Enable             ;
; Verilog Version                                                  ; Verilog_2001        ; Verilog_2001       ;
; VHDL Version                                                     ; VHDL_1993           ; VHDL_1993          ;
; State Machine Processing                                         ; Auto                ; Auto               ;
; Safe State Machine                                               ; Off                 ; Off                ;
; Extract Verilog State Machines                                   ; On                  ; On                 ;
; Extract VHDL State Machines                                      ; On                  ; On                 ;
; Ignore Verilog initial constructs                                ; Off                 ; Off                ;
; Iteration limit for constant Verilog loops                       ; 5000                ; 5000               ;
; Iteration limit for non-constant Verilog loops                   ; 250                 ; 250                ;
; Add Pass-Through Logic to Inferred RAMs                          ; On                  ; On                 ;
; Infer RAMs from Raw Logic                                        ; On                  ; On                 ;
; Parallel Synthesis                                               ; On                  ; On                 ;
; DSP Block Balancing                                              ; Auto                ; Auto               ;
; NOT Gate Push-Back                                               ; On                  ; On                 ;
; Power-Up Don't Care                                              ; On                  ; On                 ;
; Remove Redundant Logic Cells                                     ; Off                 ; Off                ;
; Remove Duplicate Registers                                       ; On                  ; On                 ;
; Ignore CARRY Buffers                                             ; Off                 ; Off                ;
; Ignore CASCADE Buffers                                           ; Off                 ; Off                ;
; Ignore GLOBAL Buffers                                            ; Off                 ; Off                ;
; Ignore ROW GLOBAL Buffers                                        ; Off                 ; Off                ;
; Ignore LCELL Buffers                                             ; Off                 ; Off                ;
; Ignore SOFT Buffers                                              ; On                  ; On                 ;
; Limit AHDL Integers to 32 Bits                                   ; Off                 ; Off                ;
; Optimization Technique                                           ; Balanced            ; Balanced           ;
; Carry Chain Length                                               ; 70                  ; 70                 ;
; Auto Carry Chains                                                ; On                  ; On                 ;
; Auto Open-Drain Pins                                             ; On                  ; On                 ;
; Perform WYSIWYG Primitive Resynthesis                            ; Off                 ; Off                ;
; Auto ROM Replacement                                             ; On                  ; On                 ;
; Auto RAM Replacement                                             ; On                  ; On                 ;
; Auto DSP Block Replacement                                       ; On                  ; On                 ;
; Auto Shift Register Replacement                                  ; Auto                ; Auto               ;
; Allow Shift Register Merging across Hierarchies                  ; Auto                ; Auto               ;
; Auto Clock Enable Replacement                                    ; On                  ; On                 ;
; Strict RAM Replacement                                           ; Off                 ; Off                ;
; Allow Synchronous Control Signals                                ; On                  ; On                 ;
; Force Use of Synchronous Clear Signals                           ; Off                 ; Off                ;
; Auto RAM Block Balancing                                         ; On                  ; On                 ;
; Auto RAM to Logic Cell Conversion                                ; Off                 ; Off                ;
; Auto Resource Sharing                                            ; Off                 ; Off                ;
; Allow Any RAM Size For Recognition                               ; Off                 ; Off                ;
; Allow Any ROM Size For Recognition                               ; Off                 ; Off                ;
; Allow Any Shift Register Size For Recognition                    ; Off                 ; Off                ;
; Use LogicLock Constraints during Resource Balancing              ; On                  ; On                 ;
; Ignore translate_off and synthesis_off directives                ; Off                 ; Off                ;
; Timing-Driven Synthesis                                          ; On                  ; On                 ;
; Report Parameter Settings                                        ; On                  ; On                 ;
; Report Source Assignments                                        ; On                  ; On                 ;
; Report Connectivity Checks                                       ; On                  ; On                 ;
; Ignore Maximum Fan-Out Assignments                               ; Off                 ; Off                ;
; Synchronization Register Chain Length                            ; 2                   ; 2                  ;
; Power Optimization During Synthesis                              ; Normal compilation  ; Normal compilation ;
; HDL message level                                                ; Level2              ; Level2             ;
; Suppress Register Optimization Related Messages                  ; Off                 ; Off                ;
; Number of Removed Registers Reported in Synthesis Report         ; 5000                ; 5000               ;
; Number of Swept Nodes Reported in Synthesis Report               ; 5000                ; 5000               ;
; Number of Inverted Registers Reported in Synthesis Report        ; 100                 ; 100                ;
; Clock MUX Protection                                             ; On                  ; On                 ;
; Auto Gated Clock Conversion                                      ; Off                 ; Off                ;
; Block Design Naming                                              ; Auto                ; Auto               ;
; SDC constraint protection                                        ; Off                 ; Off                ;
; Synthesis Effort                                                 ; Auto                ; Auto               ;
; Shift Register Replacement - Allow Asynchronous Clear Signal     ; On                  ; On                 ;
; Pre-Mapping Resynthesis Optimization                             ; Off                 ; Off                ;
; Analysis & Synthesis Message Level                               ; Medium              ; Medium             ;
; Disable Register Merging Across Hierarchies                      ; Auto                ; Auto               ;
; Resource Aware Inference For Block RAM                           ; On                  ; On                 ;
+------------------------------------------------------------------+---------------------+--------------------+


Parallel compilation was disabled, but you have multiple processors available. Enable parallel compilation to reduce compilation time.
+-------------------------------------+
; Parallel Compilation                ;
+----------------------------+--------+
; Processors                 ; Number ;
+----------------------------+--------+
; Number detected on machine ; 2      ;
; Maximum allowed            ; 1      ;
+----------------------------+--------+


+--------------------------------------------------------------------------------------------------------------------------------------------------------------------------------------------------------------------------------------------------------------------------------+
; Analysis & Synthesis Source Files Read                                                                                                                                                                                                                                         ;
+-----------------------------------------------------------------------------------------+-----------------+------------------------------+---------------------------------------------------------------------------------------------------------------------------+---------+
; File Name with User-Entered Path                                                        ; Used in Netlist ; File Type                    ; File Name with Absolute Path                                                                                              ; Library ;
+-----------------------------------------------------------------------------------------+-----------------+------------------------------+---------------------------------------------------------------------------------------------------------------------------+---------+
; ../../../../../../../../shared/k5_share/k5_xbox/hw/xbox/xbox_def_pkg.sv                 ; yes             ; User SystemVerilog HDL File  ; /project/tsmc65/shared/k5_share/k5_xbox/hw/xbox/xbox_def_pkg.sv                                                           ;         ;
; ../../../../../../../../shared/k5_share/k5_xbox/hw/xbox/xbox_xlrs/mem/mem_intf_read.sv  ; yes             ; User SystemVerilog HDL File  ; /project/tsmc65/shared/k5_share/k5_xbox/hw/xbox/xbox_xlrs/mem/mem_intf_read.sv                                            ;         ;
; ../../../../../../../../shared/k5_share/k5_xbox/hw/xbox/xbox_xlrs/mem/mem_intf_write.sv ; yes             ; User SystemVerilog HDL File  ; /project/tsmc65/shared/k5_share/k5_xbox/hw/xbox/xbox_xlrs/mem/mem_intf_write.sv                                           ;         ;
; ../../../../../../../../shared/k5_share/k5_xbox/hw/xbox/host_regs_intrf.sv              ; yes             ; User SystemVerilog HDL File  ; /project/tsmc65/shared/k5_share/k5_xbox/hw/xbox/host_regs_intrf.sv                                                        ;         ;
; /data/project/tsmc65/shared/qsyn/qsyn_dummy_xlr_wrap/qsyn_dummy_xlr_wrap_hri.sv         ; yes             ; User SystemVerilog HDL File  ; /data/project/tsmc65/shared/qsyn/qsyn_dummy_xlr_wrap/qsyn_dummy_xlr_wrap_hri.sv                                           ;         ;
; ineqsudx_def_pkg.sv                                                                     ; yes             ; User SystemVerilog HDL File  ; /project/tsmc65/users/perezba/ws/AlwaysSudxIneq/logs/experiment-persistent/rtl_work/ineqsudx_scan/ineqsudx_def_pkg.sv     ;         ;
; ineqsudx_scan.sv                                                                        ; yes             ; User SystemVerilog HDL File  ; /project/tsmc65/users/perezba/ws/AlwaysSudxIneq/logs/experiment-persistent/rtl_work/ineqsudx_scan/ineqsudx_scan.sv        ;         ;
; ineqsudx_scan_solver.sv                                                                 ; yes             ; User SystemVerilog HDL File  ; /project/tsmc65/users/perezba/ws/AlwaysSudxIneq/logs/experiment-persistent/rtl_work/ineqsudx_scan/ineqsudx_scan_solver.sv ;         ;
; ineqsudx_scan_enums.svh                                                                 ; yes             ; Auto-Found Unspecified File  ; /data/project/tsmc65/users/perezba/ws/AlwaysSudxIneq/sw/apps/ineqsudx_scan/ineqsudx_scan_enums.svh                        ;         ;
; altsyncram.tdf                                                                          ; yes             ; Megafunction                 ; /data/project/tsmc65/shared/quartus_install/intelFPGA_lite/24.1std/quartus/libraries/megafunctions/altsyncram.tdf         ;         ;
; stratix_ram_block.inc                                                                   ; yes             ; Megafunction                 ; /data/project/tsmc65/shared/quartus_install/intelFPGA_lite/24.1std/quartus/libraries/megafunctions/stratix_ram_block.inc  ;         ;
; lpm_mux.inc                                                                             ; yes             ; Megafunction                 ; /data/project/tsmc65/shared/quartus_install/intelFPGA_lite/24.1std/quartus/libraries/megafunctions/lpm_mux.inc            ;         ;
; lpm_decode.inc                                                                          ; yes             ; Megafunction                 ; /data/project/tsmc65/shared/quartus_install/intelFPGA_lite/24.1std/quartus/libraries/megafunctions/lpm_decode.inc         ;         ;
; aglobal241.inc                                                                          ; yes             ; Megafunction                 ; /data/project/tsmc65/shared/quartus_install/intelFPGA_lite/24.1std/quartus/libraries/megafunctions/aglobal241.inc         ;         ;
; a_rdenreg.inc                                                                           ; yes             ; Megafunction                 ; /data/project/tsmc65/shared/quartus_install/intelFPGA_lite/24.1std/quartus/libraries/megafunctions/a_rdenreg.inc          ;         ;
; altrom.inc                                                                              ; yes             ; Megafunction                 ; /data/project/tsmc65/shared/quartus_install/intelFPGA_lite/24.1std/quartus/libraries/megafunctions/altrom.inc             ;         ;
; altram.inc                                                                              ; yes             ; Megafunction                 ; /data/project/tsmc65/shared/quartus_install/intelFPGA_lite/24.1std/quartus/libraries/megafunctions/altram.inc             ;         ;
; altdpram.inc                                                                            ; yes             ; Megafunction                 ; /data/project/tsmc65/shared/quartus_install/intelFPGA_lite/24.1std/quartus/libraries/megafunctions/altdpram.inc           ;         ;
; db/altsyncram_84d1.tdf                                                                  ; yes             ; Auto-Generated Megafunction  ; /project/tsmc65/users/perezba/ws/AlwaysSudxIneq/logs/experiment-persistent/rtl_work/ineqsudx_scan/db/altsyncram_84d1.tdf  ;         ;
; db/altsyncram_08d1.tdf                                                                  ; yes             ; Auto-Generated Megafunction  ; /project/tsmc65/users/perezba/ws/AlwaysSudxIneq/logs/experiment-persistent/rtl_work/ineqsudx_scan/db/altsyncram_08d1.tdf  ;         ;
+-----------------------------------------------------------------------------------------+-----------------+------------------------------+---------------------------------------------------------------------------------------------------------------------------+---------+


+---------------------------------------------------------+
; Analysis & Synthesis Resource Usage Summary             ;
+---------------------------------------------+-----------+
; Resource                                    ; Usage     ;
+---------------------------------------------+-----------+
; Estimated Total logic elements              ; 25,552    ;
;                                             ;           ;
; Total combinational functions               ; 24882     ;
; Logic element usage by number of LUT inputs ;           ;
;     -- 4 input functions                    ; 18416     ;
;     -- 3 input functions                    ; 4311      ;
;     -- <=2 input functions                  ; 2155      ;
;                                             ;           ;
; Logic elements by mode                      ;           ;
;     -- normal mode                          ; 24820     ;
;     -- arithmetic mode                      ; 62        ;
;                                             ;           ;
; Total registers                             ; 3468      ;
;     -- Dedicated logic registers            ; 3468      ;
;     -- I/O registers                        ; 0         ;
;                                             ;           ;
; I/O pins                                    ; 120       ;
; Total memory bits                           ; 60264     ;
;                                             ;           ;
; Embedded Multiplier 9-bit elements          ; 0         ;
;                                             ;           ;
; Maximum fan-out node                        ; clk~input ;
; Maximum fan-out                             ; 4212      ;
; Total fan-out                               ; 118641    ;
; Average fan-out                             ; 4.04      ;
+---------------------------------------------+-----------+


+---------------------------------------------------------------------------------------------------------------------------------------------------------------------------------------------------------------------------------------------------------------------------------------------------------------------------------------------------------------------------------------------+
; Analysis & Synthesis Resource Utilization by Entity                                                                                                                                                                                                                                                                                                                                         ;
+------------------------------------------------------+---------------------+---------------------------+-------------+------------+--------------+---------+-----------+------+--------------+------------+-------------------------------------------------------------------------------------------------------------------------------------------+----------------------+--------------+
; Compilation Hierarchy Node                           ; Combinational ALUTs ; Dedicated Logic Registers ; Memory Bits ; UFM Blocks ; DSP Elements ; DSP 9x9 ; DSP 18x18 ; Pins ; Virtual Pins ; ADC blocks ; Full Hierarchy Name                                                                                                                       ; Entity Name          ; Library Name ;
+------------------------------------------------------+---------------------+---------------------------+-------------+------------+--------------+---------+-----------+------+--------------+------------+-------------------------------------------------------------------------------------------------------------------------------------------+----------------------+--------------+
; |qsyn_dummy_xlr_wrap                                 ; 24882 (469)         ; 3468 (334)                ; 60264       ; 0          ; 0            ; 0       ; 0         ; 120  ; 0            ; 0          ; |qsyn_dummy_xlr_wrap                                                                                                                      ; qsyn_dummy_xlr_wrap  ; work         ;
;    |ineqsudx_scan:ineqsudx_scan|                     ; 24413 (767)         ; 3134 (677)                ; 60264       ; 0          ; 0            ; 0       ; 0         ; 0    ; 0            ; 0          ; |qsyn_dummy_xlr_wrap|ineqsudx_scan:ineqsudx_scan                                                                                          ; ineqsudx_scan        ; work         ;
;       |ineqsudx_scan_solver:solver|                  ; 23646 (22065)       ; 2457 (2457)               ; 60264       ; 0          ; 0            ; 0       ; 0         ; 0    ; 0            ; 0          ; |qsyn_dummy_xlr_wrap|ineqsudx_scan:ineqsudx_scan|ineqsudx_scan_solver:solver                                                              ; ineqsudx_scan_solver ; work         ;
;          |altsyncram:decisions_rtl_0|                ; 0 (0)               ; 0 (0)                     ; 1215        ; 0          ; 0            ; 0       ; 0         ; 0    ; 0            ; 0          ; |qsyn_dummy_xlr_wrap|ineqsudx_scan:ineqsudx_scan|ineqsudx_scan_solver:solver|altsyncram:decisions_rtl_0                                   ; altsyncram           ; work         ;
;             |altsyncram_84d1:auto_generated|         ; 0 (0)               ; 0 (0)                     ; 1215        ; 0          ; 0            ; 0       ; 0         ; 0    ; 0            ; 0          ; |qsyn_dummy_xlr_wrap|ineqsudx_scan:ineqsudx_scan|ineqsudx_scan_solver:solver|altsyncram:decisions_rtl_0|altsyncram_84d1:auto_generated    ; altsyncram_84d1      ; work         ;
;          |altsyncram:domain_stack_rtl_0|             ; 0 (0)               ; 0 (0)                     ; 59049       ; 0          ; 0            ; 0       ; 0         ; 0    ; 0            ; 0          ; |qsyn_dummy_xlr_wrap|ineqsudx_scan:ineqsudx_scan|ineqsudx_scan_solver:solver|altsyncram:domain_stack_rtl_0                                ; altsyncram           ; work         ;
;             |altsyncram_08d1:auto_generated|         ; 0 (0)               ; 0 (0)                     ; 59049       ; 0          ; 0            ; 0       ; 0         ; 0    ; 0            ; 0          ; |qsyn_dummy_xlr_wrap|ineqsudx_scan:ineqsudx_scan|ineqsudx_scan_solver:solver|altsyncram:domain_stack_rtl_0|altsyncram_08d1:auto_generated ; altsyncram_08d1      ; work         ;
;          |ineqsudx_union9:UNITS[0].board_union|      ; 32 (32)             ; 0 (0)                     ; 0           ; 0          ; 0            ; 0       ; 0         ; 0    ; 0            ; 0          ; |qsyn_dummy_xlr_wrap|ineqsudx_scan:ineqsudx_scan|ineqsudx_scan_solver:solver|ineqsudx_union9:UNITS[0].board_union                         ; ineqsudx_union9      ; work         ;
;          |ineqsudx_union9:UNITS[0].candidate_union|  ; 13 (13)             ; 0 (0)                     ; 0           ; 0          ; 0            ; 0       ; 0         ; 0    ; 0            ; 0          ; |qsyn_dummy_xlr_wrap|ineqsudx_scan:ineqsudx_scan|ineqsudx_scan_solver:solver|ineqsudx_union9:UNITS[0].candidate_union                     ; ineqsudx_union9      ; work         ;
;          |ineqsudx_union9:UNITS[10].board_union|     ; 47 (47)             ; 0 (0)                     ; 0           ; 0          ; 0            ; 0       ; 0         ; 0    ; 0            ; 0          ; |qsyn_dummy_xlr_wrap|ineqsudx_scan:ineqsudx_scan|ineqsudx_scan_solver:solver|ineqsudx_union9:UNITS[10].board_union                        ; ineqsudx_union9      ; work         ;
;          |ineqsudx_union9:UNITS[10].candidate_union| ; 18 (18)             ; 0 (0)                     ; 0           ; 0          ; 0            ; 0       ; 0         ; 0    ; 0            ; 0          ; |qsyn_dummy_xlr_wrap|ineqsudx_scan:ineqsudx_scan|ineqsudx_scan_solver:solver|ineqsudx_union9:UNITS[10].candidate_union                    ; ineqsudx_union9      ; work         ;
;          |ineqsudx_union9:UNITS[11].board_union|     ; 45 (45)             ; 0 (0)                     ; 0           ; 0          ; 0            ; 0       ; 0         ; 0    ; 0            ; 0          ; |qsyn_dummy_xlr_wrap|ineqsudx_scan:ineqsudx_scan|ineqsudx_scan_solver:solver|ineqsudx_union9:UNITS[11].board_union                        ; ineqsudx_union9      ; work         ;
;          |ineqsudx_union9:UNITS[11].candidate_union| ; 18 (18)             ; 0 (0)                     ; 0           ; 0          ; 0            ; 0       ; 0         ; 0    ; 0            ; 0          ; |qsyn_dummy_xlr_wrap|ineqsudx_scan:ineqsudx_scan|ineqsudx_scan_solver:solver|ineqsudx_union9:UNITS[11].candidate_union                    ; ineqsudx_union9      ; work         ;
;          |ineqsudx_union9:UNITS[12].board_union|     ; 45 (45)             ; 0 (0)                     ; 0           ; 0          ; 0            ; 0       ; 0         ; 0    ; 0            ; 0          ; |qsyn_dummy_xlr_wrap|ineqsudx_scan:ineqsudx_scan|ineqsudx_scan_solver:solver|ineqsudx_union9:UNITS[12].board_union                        ; ineqsudx_union9      ; work         ;
;          |ineqsudx_union9:UNITS[12].candidate_union| ; 18 (18)             ; 0 (0)                     ; 0           ; 0          ; 0            ; 0       ; 0         ; 0    ; 0            ; 0          ; |qsyn_dummy_xlr_wrap|ineqsudx_scan:ineqsudx_scan|ineqsudx_scan_solver:solver|ineqsudx_union9:UNITS[12].candidate_union                    ; ineqsudx_union9      ; work         ;
;          |ineqsudx_union9:UNITS[13].board_union|     ; 45 (45)             ; 0 (0)                     ; 0           ; 0          ; 0            ; 0       ; 0         ; 0    ; 0            ; 0          ; |qsyn_dummy_xlr_wrap|ineqsudx_scan:ineqsudx_scan|ineqsudx_scan_solver:solver|ineqsudx_union9:UNITS[13].board_union                        ; ineqsudx_union9      ; work         ;
;          |ineqsudx_union9:UNITS[13].candidate_union| ; 18 (18)             ; 0 (0)                     ; 0           ; 0          ; 0            ; 0       ; 0         ; 0    ; 0            ; 0          ; |qsyn_dummy_xlr_wrap|ineqsudx_scan:ineqsudx_scan|ineqsudx_scan_solver:solver|ineqsudx_union9:UNITS[13].candidate_union                    ; ineqsudx_union9      ; work         ;
;          |ineqsudx_union9:UNITS[14].board_union|     ; 45 (45)             ; 0 (0)                     ; 0           ; 0          ; 0            ; 0       ; 0         ; 0    ; 0            ; 0          ; |qsyn_dummy_xlr_wrap|ineqsudx_scan:ineqsudx_scan|ineqsudx_scan_solver:solver|ineqsudx_union9:UNITS[14].board_union                        ; ineqsudx_union9      ; work         ;
;          |ineqsudx_union9:UNITS[14].candidate_union| ; 18 (18)             ; 0 (0)                     ; 0           ; 0          ; 0            ; 0       ; 0         ; 0    ; 0            ; 0          ; |qsyn_dummy_xlr_wrap|ineqsudx_scan:ineqsudx_scan|ineqsudx_scan_solver:solver|ineqsudx_union9:UNITS[14].candidate_union                    ; ineqsudx_union9      ; work         ;
;          |ineqsudx_union9:UNITS[15].board_union|     ; 45 (45)             ; 0 (0)                     ; 0           ; 0          ; 0            ; 0       ; 0         ; 0    ; 0            ; 0          ; |qsyn_dummy_xlr_wrap|ineqsudx_scan:ineqsudx_scan|ineqsudx_scan_solver:solver|ineqsudx_union9:UNITS[15].board_union                        ; ineqsudx_union9      ; work         ;
;          |ineqsudx_union9:UNITS[15].candidate_union| ; 18 (18)             ; 0 (0)                     ; 0           ; 0          ; 0            ; 0       ; 0         ; 0    ; 0            ; 0          ; |qsyn_dummy_xlr_wrap|ineqsudx_scan:ineqsudx_scan|ineqsudx_scan_solver:solver|ineqsudx_union9:UNITS[15].candidate_union                    ; ineqsudx_union9      ; work         ;
;          |ineqsudx_union9:UNITS[16].board_union|     ; 47 (47)             ; 0 (0)                     ; 0           ; 0          ; 0            ; 0       ; 0         ; 0    ; 0            ; 0          ; |qsyn_dummy_xlr_wrap|ineqsudx_scan:ineqsudx_scan|ineqsudx_scan_solver:solver|ineqsudx_union9:UNITS[16].board_union                        ; ineqsudx_union9      ; work         ;
;          |ineqsudx_union9:UNITS[16].candidate_union| ; 18 (18)             ; 0 (0)                     ; 0           ; 0          ; 0            ; 0       ; 0         ; 0    ; 0            ; 0          ; |qsyn_dummy_xlr_wrap|ineqsudx_scan:ineqsudx_scan|ineqsudx_scan_solver:solver|ineqsudx_union9:UNITS[16].candidate_union                    ; ineqsudx_union9      ; work         ;
;          |ineqsudx_union9:UNITS[17].board_union|     ; 45 (45)             ; 0 (0)                     ; 0           ; 0          ; 0            ; 0       ; 0         ; 0    ; 0            ; 0          ; |qsyn_dummy_xlr_wrap|ineqsudx_scan:ineqsudx_scan|ineqsudx_scan_solver:solver|ineqsudx_union9:UNITS[17].board_union                        ; ineqsudx_union9      ; work         ;
;          |ineqsudx_union9:UNITS[17].candidate_union| ; 18 (18)             ; 0 (0)                     ; 0           ; 0          ; 0            ; 0       ; 0         ; 0    ; 0            ; 0          ; |qsyn_dummy_xlr_wrap|ineqsudx_scan:ineqsudx_scan|ineqsudx_scan_solver:solver|ineqsudx_union9:UNITS[17].candidate_union                    ; ineqsudx_union9      ; work         ;
;          |ineqsudx_union9:UNITS[18].board_union|     ; 36 (36)             ; 0 (0)                     ; 0           ; 0          ; 0            ; 0       ; 0         ; 0    ; 0            ; 0          ; |qsyn_dummy_xlr_wrap|ineqsudx_scan:ineqsudx_scan|ineqsudx_scan_solver:solver|ineqsudx_union9:UNITS[18].board_union                        ; ineqsudx_union9      ; work         ;
;          |ineqsudx_union9:UNITS[18].candidate_union| ; 19 (19)             ; 0 (0)                     ; 0           ; 0          ; 0            ; 0       ; 0         ; 0    ; 0            ; 0          ; |qsyn_dummy_xlr_wrap|ineqsudx_scan:ineqsudx_scan|ineqsudx_scan_solver:solver|ineqsudx_union9:UNITS[18].candidate_union                    ; ineqsudx_union9      ; work         ;
;          |ineqsudx_union9:UNITS[19].board_union|     ; 38 (38)             ; 0 (0)                     ; 0           ; 0          ; 0            ; 0       ; 0         ; 0    ; 0            ; 0          ; |qsyn_dummy_xlr_wrap|ineqsudx_scan:ineqsudx_scan|ineqsudx_scan_solver:solver|ineqsudx_union9:UNITS[19].board_union                        ; ineqsudx_union9      ; work         ;
;          |ineqsudx_union9:UNITS[19].candidate_union| ; 18 (18)             ; 0 (0)                     ; 0           ; 0          ; 0            ; 0       ; 0         ; 0    ; 0            ; 0          ; |qsyn_dummy_xlr_wrap|ineqsudx_scan:ineqsudx_scan|ineqsudx_scan_solver:solver|ineqsudx_union9:UNITS[19].candidate_union                    ; ineqsudx_union9      ; work         ;
;          |ineqsudx_union9:UNITS[1].board_union|      ; 33 (33)             ; 0 (0)                     ; 0           ; 0          ; 0            ; 0       ; 0         ; 0    ; 0            ; 0          ; |qsyn_dummy_xlr_wrap|ineqsudx_scan:ineqsudx_scan|ineqsudx_scan_solver:solver|ineqsudx_union9:UNITS[1].board_union                         ; ineqsudx_union9      ; work         ;
;          |ineqsudx_union9:UNITS[1].candidate_union|  ; 18 (18)             ; 0 (0)                     ; 0           ; 0          ; 0            ; 0       ; 0         ; 0    ; 0            ; 0          ; |qsyn_dummy_xlr_wrap|ineqsudx_scan:ineqsudx_scan|ineqsudx_scan_solver:solver|ineqsudx_union9:UNITS[1].candidate_union                     ; ineqsudx_union9      ; work         ;
;          |ineqsudx_union9:UNITS[20].board_union|     ; 40 (40)             ; 0 (0)                     ; 0           ; 0          ; 0            ; 0       ; 0         ; 0    ; 0            ; 0          ; |qsyn_dummy_xlr_wrap|ineqsudx_scan:ineqsudx_scan|ineqsudx_scan_solver:solver|ineqsudx_union9:UNITS[20].board_union                        ; ineqsudx_union9      ; work         ;
;          |ineqsudx_union9:UNITS[20].candidate_union| ; 12 (12)             ; 0 (0)                     ; 0           ; 0          ; 0            ; 0       ; 0         ; 0    ; 0            ; 0          ; |qsyn_dummy_xlr_wrap|ineqsudx_scan:ineqsudx_scan|ineqsudx_scan_solver:solver|ineqsudx_union9:UNITS[20].candidate_union                    ; ineqsudx_union9      ; work         ;
;          |ineqsudx_union9:UNITS[21].board_union|     ; 33 (33)             ; 0 (0)                     ; 0           ; 0          ; 0            ; 0       ; 0         ; 0    ; 0            ; 0          ; |qsyn_dummy_xlr_wrap|ineqsudx_scan:ineqsudx_scan|ineqsudx_scan_solver:solver|ineqsudx_union9:UNITS[21].board_union                        ; ineqsudx_union9      ; work         ;
;          |ineqsudx_union9:UNITS[21].candidate_union| ; 19 (19)             ; 0 (0)                     ; 0           ; 0          ; 0            ; 0       ; 0         ; 0    ; 0            ; 0          ; |qsyn_dummy_xlr_wrap|ineqsudx_scan:ineqsudx_scan|ineqsudx_scan_solver:solver|ineqsudx_union9:UNITS[21].candidate_union                    ; ineqsudx_union9      ; work         ;
;          |ineqsudx_union9:UNITS[22].board_union|     ; 39 (39)             ; 0 (0)                     ; 0           ; 0          ; 0            ; 0       ; 0         ; 0    ; 0            ; 0          ; |qsyn_dummy_xlr_wrap|ineqsudx_scan:ineqsudx_scan|ineqsudx_scan_solver:solver|ineqsudx_union9:UNITS[22].board_union                        ; ineqsudx_union9      ; work         ;
;          |ineqsudx_union9:UNITS[22].candidate_union| ; 18 (18)             ; 0 (0)                     ; 0           ; 0          ; 0            ; 0       ; 0         ; 0    ; 0            ; 0          ; |qsyn_dummy_xlr_wrap|ineqsudx_scan:ineqsudx_scan|ineqsudx_scan_solver:solver|ineqsudx_union9:UNITS[22].candidate_union                    ; ineqsudx_union9      ; work         ;
;          |ineqsudx_union9:UNITS[23].board_union|     ; 37 (37)             ; 0 (0)                     ; 0           ; 0          ; 0            ; 0       ; 0         ; 0    ; 0            ; 0          ; |qsyn_dummy_xlr_wrap|ineqsudx_scan:ineqsudx_scan|ineqsudx_scan_solver:solver|ineqsudx_union9:UNITS[23].board_union                        ; ineqsudx_union9      ; work         ;
;          |ineqsudx_union9:UNITS[23].candidate_union| ; 14 (14)             ; 0 (0)                     ; 0           ; 0          ; 0            ; 0       ; 0         ; 0    ; 0            ; 0          ; |qsyn_dummy_xlr_wrap|ineqsudx_scan:ineqsudx_scan|ineqsudx_scan_solver:solver|ineqsudx_union9:UNITS[23].candidate_union                    ; ineqsudx_union9      ; work         ;
;          |ineqsudx_union9:UNITS[24].board_union|     ; 51 (51)             ; 0 (0)                     ; 0           ; 0          ; 0            ; 0       ; 0         ; 0    ; 0            ; 0          ; |qsyn_dummy_xlr_wrap|ineqsudx_scan:ineqsudx_scan|ineqsudx_scan_solver:solver|ineqsudx_union9:UNITS[24].board_union                        ; ineqsudx_union9      ; work         ;
;          |ineqsudx_union9:UNITS[24].candidate_union| ; 17 (17)             ; 0 (0)                     ; 0           ; 0          ; 0            ; 0       ; 0         ; 0    ; 0            ; 0          ; |qsyn_dummy_xlr_wrap|ineqsudx_scan:ineqsudx_scan|ineqsudx_scan_solver:solver|ineqsudx_union9:UNITS[24].candidate_union                    ; ineqsudx_union9      ; work         ;
;          |ineqsudx_union9:UNITS[25].board_union|     ; 45 (45)             ; 0 (0)                     ; 0           ; 0          ; 0            ; 0       ; 0         ; 0    ; 0            ; 0          ; |qsyn_dummy_xlr_wrap|ineqsudx_scan:ineqsudx_scan|ineqsudx_scan_solver:solver|ineqsudx_union9:UNITS[25].board_union                        ; ineqsudx_union9      ; work         ;
;          |ineqsudx_union9:UNITS[25].candidate_union| ; 18 (18)             ; 0 (0)                     ; 0           ; 0          ; 0            ; 0       ; 0         ; 0    ; 0            ; 0          ; |qsyn_dummy_xlr_wrap|ineqsudx_scan:ineqsudx_scan|ineqsudx_scan_solver:solver|ineqsudx_union9:UNITS[25].candidate_union                    ; ineqsudx_union9      ; work         ;
;          |ineqsudx_union9:UNITS[26].board_union|     ; 49 (49)             ; 0 (0)                     ; 0           ; 0          ; 0            ; 0       ; 0         ; 0    ; 0            ; 0          ; |qsyn_dummy_xlr_wrap|ineqsudx_scan:ineqsudx_scan|ineqsudx_scan_solver:solver|ineqsudx_union9:UNITS[26].board_union                        ; ineqsudx_union9      ; work         ;
;          |ineqsudx_union9:UNITS[26].candidate_union| ; 15 (15)             ; 0 (0)                     ; 0           ; 0          ; 0            ; 0       ; 0         ; 0    ; 0            ; 0          ; |qsyn_dummy_xlr_wrap|ineqsudx_scan:ineqsudx_scan|ineqsudx_scan_solver:solver|ineqsudx_union9:UNITS[26].candidate_union                    ; ineqsudx_union9      ; work         ;
;          |ineqsudx_union9:UNITS[2].board_union|      ; 41 (41)             ; 0 (0)                     ; 0           ; 0          ; 0            ; 0       ; 0         ; 0    ; 0            ; 0          ; |qsyn_dummy_xlr_wrap|ineqsudx_scan:ineqsudx_scan|ineqsudx_scan_solver:solver|ineqsudx_union9:UNITS[2].board_union                         ; ineqsudx_union9      ; work         ;
;          |ineqsudx_union9:UNITS[2].candidate_union|  ; 13 (13)             ; 0 (0)                     ; 0           ; 0          ; 0            ; 0       ; 0         ; 0    ; 0            ; 0          ; |qsyn_dummy_xlr_wrap|ineqsudx_scan:ineqsudx_scan|ineqsudx_scan_solver:solver|ineqsudx_union9:UNITS[2].candidate_union                     ; ineqsudx_union9      ; work         ;
;          |ineqsudx_union9:UNITS[3].board_union|      ; 36 (36)             ; 0 (0)                     ; 0           ; 0          ; 0            ; 0       ; 0         ; 0    ; 0            ; 0          ; |qsyn_dummy_xlr_wrap|ineqsudx_scan:ineqsudx_scan|ineqsudx_scan_solver:solver|ineqsudx_union9:UNITS[3].board_union                         ; ineqsudx_union9      ; work         ;
;          |ineqsudx_union9:UNITS[3].candidate_union|  ; 12 (12)             ; 0 (0)                     ; 0           ; 0          ; 0            ; 0       ; 0         ; 0    ; 0            ; 0          ; |qsyn_dummy_xlr_wrap|ineqsudx_scan:ineqsudx_scan|ineqsudx_scan_solver:solver|ineqsudx_union9:UNITS[3].candidate_union                     ; ineqsudx_union9      ; work         ;
;          |ineqsudx_union9:UNITS[4].board_union|      ; 39 (39)             ; 0 (0)                     ; 0           ; 0          ; 0            ; 0       ; 0         ; 0    ; 0            ; 0          ; |qsyn_dummy_xlr_wrap|ineqsudx_scan:ineqsudx_scan|ineqsudx_scan_solver:solver|ineqsudx_union9:UNITS[4].board_union                         ; ineqsudx_union9      ; work         ;
;          |ineqsudx_union9:UNITS[4].candidate_union|  ; 18 (18)             ; 0 (0)                     ; 0           ; 0          ; 0            ; 0       ; 0         ; 0    ; 0            ; 0          ; |qsyn_dummy_xlr_wrap|ineqsudx_scan:ineqsudx_scan|ineqsudx_scan_solver:solver|ineqsudx_union9:UNITS[4].candidate_union                     ; ineqsudx_union9      ; work         ;
;          |ineqsudx_union9:UNITS[5].board_union|      ; 41 (41)             ; 0 (0)                     ; 0           ; 0          ; 0            ; 0       ; 0         ; 0    ; 0            ; 0          ; |qsyn_dummy_xlr_wrap|ineqsudx_scan:ineqsudx_scan|ineqsudx_scan_solver:solver|ineqsudx_union9:UNITS[5].board_union                         ; ineqsudx_union9      ; work         ;
;          |ineqsudx_union9:UNITS[5].candidate_union|  ; 15 (15)             ; 0 (0)                     ; 0           ; 0          ; 0            ; 0       ; 0         ; 0    ; 0            ; 0          ; |qsyn_dummy_xlr_wrap|ineqsudx_scan:ineqsudx_scan|ineqsudx_scan_solver:solver|ineqsudx_union9:UNITS[5].candidate_union                     ; ineqsudx_union9      ; work         ;
;          |ineqsudx_union9:UNITS[6].board_union|      ; 43 (43)             ; 0 (0)                     ; 0           ; 0          ; 0            ; 0       ; 0         ; 0    ; 0            ; 0          ; |qsyn_dummy_xlr_wrap|ineqsudx_scan:ineqsudx_scan|ineqsudx_scan_solver:solver|ineqsudx_union9:UNITS[6].board_union                         ; ineqsudx_union9      ; work         ;
;          |ineqsudx_union9:UNITS[6].candidate_union|  ; 13 (13)             ; 0 (0)                     ; 0           ; 0          ; 0            ; 0       ; 0         ; 0    ; 0            ; 0          ; |qsyn_dummy_xlr_wrap|ineqsudx_scan:ineqsudx_scan|ineqsudx_scan_solver:solver|ineqsudx_union9:UNITS[6].candidate_union                     ; ineqsudx_union9      ; work         ;
;          |ineqsudx_union9:UNITS[7].board_union|      ; 45 (45)             ; 0 (0)                     ; 0           ; 0          ; 0            ; 0       ; 0         ; 0    ; 0            ; 0          ; |qsyn_dummy_xlr_wrap|ineqsudx_scan:ineqsudx_scan|ineqsudx_scan_solver:solver|ineqsudx_union9:UNITS[7].board_union                         ; ineqsudx_union9      ; work         ;
;          |ineqsudx_union9:UNITS[7].candidate_union|  ; 18 (18)             ; 0 (0)                     ; 0           ; 0          ; 0            ; 0       ; 0         ; 0    ; 0            ; 0          ; |qsyn_dummy_xlr_wrap|ineqsudx_scan:ineqsudx_scan|ineqsudx_scan_solver:solver|ineqsudx_union9:UNITS[7].candidate_union                     ; ineqsudx_union9      ; work         ;
;          |ineqsudx_union9:UNITS[8].board_union|      ; 49 (49)             ; 0 (0)                     ; 0           ; 0          ; 0            ; 0       ; 0         ; 0    ; 0            ; 0          ; |qsyn_dummy_xlr_wrap|ineqsudx_scan:ineqsudx_scan|ineqsudx_scan_solver:solver|ineqsudx_union9:UNITS[8].board_union                         ; ineqsudx_union9      ; work         ;
;          |ineqsudx_union9:UNITS[8].candidate_union|  ; 13 (13)             ; 0 (0)                     ; 0           ; 0          ; 0            ; 0       ; 0         ; 0    ; 0            ; 0          ; |qsyn_dummy_xlr_wrap|ineqsudx_scan:ineqsudx_scan|ineqsudx_scan_solver:solver|ineqsudx_union9:UNITS[8].candidate_union                     ; ineqsudx_union9      ; work         ;
;          |ineqsudx_union9:UNITS[9].board_union|      ; 45 (45)             ; 0 (0)                     ; 0           ; 0          ; 0            ; 0       ; 0         ; 0    ; 0            ; 0          ; |qsyn_dummy_xlr_wrap|ineqsudx_scan:ineqsudx_scan|ineqsudx_scan_solver:solver|ineqsudx_union9:UNITS[9].board_union                         ; ineqsudx_union9      ; work         ;
;          |ineqsudx_union9:UNITS[9].candidate_union|  ; 18 (18)             ; 0 (0)                     ; 0           ; 0          ; 0            ; 0       ; 0         ; 0    ; 0            ; 0          ; |qsyn_dummy_xlr_wrap|ineqsudx_scan:ineqsudx_scan|ineqsudx_scan_solver:solver|ineqsudx_union9:UNITS[9].candidate_union                     ; ineqsudx_union9      ; work         ;
+------------------------------------------------------+---------------------+---------------------------+-------------+------------+--------------+---------+-----------+------+--------------+------------+-------------------------------------------------------------------------------------------------------------------------------------------+----------------------+--------------+
Note: For table entries with two numbers listed, the numbers in parentheses indicate the number of resources of the given type used by the specific entity alone. The numbers listed outside of parentheses indicate the total resources of the given type used by the specific entity and all of its sub-entities in the hierarchy.


+--------------------------------------------------------------------------------------------------------------------------------------------------------------------------------------------------------------------------------------+
; Analysis & Synthesis RAM Summary                                                                                                                                                                                                     ;
+---------------------------------------------------------------------------------------------------------------------------------+------+------------------+--------------+--------------+--------------+--------------+-------+------+
; Name                                                                                                                            ; Type ; Mode             ; Port A Depth ; Port A Width ; Port B Depth ; Port B Width ; Size  ; MIF  ;
+---------------------------------------------------------------------------------------------------------------------------------+------+------------------+--------------+--------------+--------------+--------------+-------+------+
; ineqsudx_scan:ineqsudx_scan|ineqsudx_scan_solver:solver|altsyncram:decisions_rtl_0|altsyncram_84d1:auto_generated|ALTSYNCRAM    ; AUTO ; Simple Dual Port ; 81           ; 15           ; 81           ; 15           ; 1215  ; None ;
; ineqsudx_scan:ineqsudx_scan|ineqsudx_scan_solver:solver|altsyncram:domain_stack_rtl_0|altsyncram_08d1:auto_generated|ALTSYNCRAM ; AUTO ; Simple Dual Port ; 81           ; 729          ; 81           ; 729          ; 59049 ; None ;
+---------------------------------------------------------------------------------------------------------------------------------+------+------------------+--------------+--------------+--------------+--------------+-------+------+


Encoding Type:  One-Hot
+--------------------------------------------------------------------------------------------------------------------------------------------------------------------------------------------------------------------+
; State Machine - |qsyn_dummy_xlr_wrap|ineqsudx_scan:ineqsudx_scan|ineqsudx_scan_solver:solver|state                                                                                                                 ;
+-------------------+-------------------+-----------------+------------------+-----------------+-------------+-----------------+-----------------+-------------+--------------+------------+------------+------------+
; Name              ; state.FINISH_FAIL ; state.FINISH_OK ; state.BACK_APPLY ; state.BACK_READ ; state.PLACE ; state.PICK_CELL ; state.PICK_ROWS ; state.APPLY ; state.DOMAIN ; state.SCAN ; state.INIT ; state.IDLE ;
+-------------------+-------------------+-----------------+------------------+-----------------+-------------+-----------------+-----------------+-------------+--------------+------------+------------+------------+
; state.IDLE        ; 0                 ; 0               ; 0                ; 0               ; 0           ; 0               ; 0               ; 0           ; 0            ; 0          ; 0          ; 0          ;
; state.INIT        ; 0                 ; 0               ; 0                ; 0               ; 0           ; 0               ; 0               ; 0           ; 0            ; 0          ; 1          ; 1          ;
; state.SCAN        ; 0                 ; 0               ; 0                ; 0               ; 0           ; 0               ; 0               ; 0           ; 0            ; 1          ; 0          ; 1          ;
; state.DOMAIN      ; 0                 ; 0               ; 0                ; 0               ; 0           ; 0               ; 0               ; 0           ; 1            ; 0          ; 0          ; 1          ;
; state.APPLY       ; 0                 ; 0               ; 0                ; 0               ; 0           ; 0               ; 0               ; 1           ; 0            ; 0          ; 0          ; 1          ;
; state.PICK_ROWS   ; 0                 ; 0               ; 0                ; 0               ; 0           ; 0               ; 1               ; 0           ; 0            ; 0          ; 0          ; 1          ;
; state.PICK_CELL   ; 0                 ; 0               ; 0                ; 0               ; 0           ; 1               ; 0               ; 0           ; 0            ; 0          ; 0          ; 1          ;
; state.PLACE       ; 0                 ; 0               ; 0                ; 0               ; 1           ; 0               ; 0               ; 0           ; 0            ; 0          ; 0          ; 1          ;
; state.BACK_READ   ; 0                 ; 0               ; 0                ; 1               ; 0           ; 0               ; 0               ; 0           ; 0            ; 0          ; 0          ; 1          ;
; state.BACK_APPLY  ; 0                 ; 0               ; 1                ; 0               ; 0           ; 0               ; 0               ; 0           ; 0            ; 0          ; 0          ; 1          ;
; state.FINISH_OK   ; 0                 ; 1               ; 0                ; 0               ; 0           ; 0               ; 0               ; 0           ; 0            ; 0          ; 0          ; 1          ;
; state.FINISH_FAIL ; 1                 ; 0               ; 0                ; 0               ; 0           ; 0               ; 0               ; 0           ; 0            ; 0          ; 0          ; 1          ;
+-------------------+-------------------+-----------------+------------------+-----------------+-------------+-----------------+-----------------+-------------+--------------+------------+------------+------------+


+-------------------------------------------------------------------------------------------------------------------------------------------------------------------+
; Registers Removed During Synthesis                                                                                                                                ;
+---------------------------------------------------------------------------+---------------------------------------------------------------------------------------+
; Register name                                                             ; Reason for Removal                                                                    ;
+---------------------------------------------------------------------------+---------------------------------------------------------------------------------------+
; ineqsudx_scan:ineqsudx_scan|ineqsudx_scan_solver:solver|row_index_q[0][6] ; Stuck at GND due to stuck port data_in                                                ;
; ineqsudx_scan:ineqsudx_scan|ineqsudx_scan_solver:solver|row_index_q[0][5] ; Stuck at GND due to stuck port data_in                                                ;
; ineqsudx_scan:ineqsudx_scan|ineqsudx_scan_solver:solver|row_index_q[0][4] ; Stuck at GND due to stuck port data_in                                                ;
; ineqsudx_scan:ineqsudx_scan|ineqsudx_scan_solver:solver|row_index_q[1][6] ; Stuck at GND due to stuck port data_in                                                ;
; ineqsudx_scan:ineqsudx_scan|ineqsudx_scan_solver:solver|row_index_q[1][5] ; Stuck at GND due to stuck port data_in                                                ;
; ineqsudx_scan:ineqsudx_scan|ineqsudx_scan_solver:solver|row_index_q[2][6] ; Stuck at GND due to stuck port data_in                                                ;
; ineqsudx_scan:ineqsudx_scan|ineqsudx_scan_solver:solver|row_index_q[2][5] ; Stuck at GND due to stuck port data_in                                                ;
; ineqsudx_scan:ineqsudx_scan|ineqsudx_scan_solver:solver|row_index_q[3][6] ; Stuck at GND due to stuck port data_in                                                ;
; ineqsudx_scan:ineqsudx_scan|ineqsudx_scan_solver:solver|row_index_q[4][6] ; Stuck at GND due to stuck port data_in                                                ;
; ineqsudx_scan:ineqsudx_scan|ineqsudx_scan_solver:solver|row_index_q[4][4] ; Stuck at GND due to stuck port data_in                                                ;
; ineqsudx_scan:ineqsudx_scan|ineqsudx_scan_solver:solver|row_index_q[5][6] ; Stuck at GND due to stuck port data_in                                                ;
; ineqsudx_scan:ineqsudx_scan|ineqsudx_scan_solver:solver|row_index_q[6][6] ; Stuck at GND due to stuck port data_in                                                ;
; ineqsudx_scan:ineqsudx_scan|ineqsudx_scan_solver:solver|row_index_q[8][5] ; Stuck at GND due to stuck port data_in                                                ;
; ineqsudx_scan:ineqsudx_scan|ineqsudx_scan_solver:solver|top[0]            ; Stuck at GND due to stuck port data_in                                                ;
; ineqsudx_scan:ineqsudx_scan|state[3..9,11..31]                            ; Merged with ineqsudx_scan:ineqsudx_scan|state[10]                                     ;
; ineqsudx_scan:ineqsudx_scan|ineqsudx_scan_solver:solver|row_index_q[7][4] ; Merged with ineqsudx_scan:ineqsudx_scan|ineqsudx_scan_solver:solver|row_index_q[7][3] ;
; ineqsudx_scan:ineqsudx_scan|ineqsudx_scan_solver:solver|row_index_q[7][5] ; Merged with ineqsudx_scan:ineqsudx_scan|ineqsudx_scan_solver:solver|row_index_q[7][3] ;
; ineqsudx_scan:ineqsudx_scan|ineqsudx_scan_solver:solver|row_index_q[6][5] ; Merged with ineqsudx_scan:ineqsudx_scan|ineqsudx_scan_solver:solver|row_index_q[6][4] ;
; ineqsudx_scan:ineqsudx_scan|ineqsudx_scan_solver:solver|row_index_q[3][4] ; Merged with ineqsudx_scan:ineqsudx_scan|ineqsudx_scan_solver:solver|row_index_q[3][3] ;
; ineqsudx_scan:ineqsudx_scan|ineqsudx_scan_solver:solver|row_index_q[8][6] ; Merged with ineqsudx_scan:ineqsudx_scan|ineqsudx_scan_solver:solver|row_index_q[6][4] ;
; ineqsudx_scan:ineqsudx_scan|ineqsudx_scan_solver:solver|row_index_q[6][4] ; Merged with ineqsudx_scan:ineqsudx_scan|ineqsudx_scan_solver:solver|row_index_q[5][5] ;
; ineqsudx_scan:ineqsudx_scan|ineqsudx_scan_solver:solver|row_index_q[5][5] ; Merged with ineqsudx_scan:ineqsudx_scan|ineqsudx_scan_solver:solver|row_index_q[4][5] ;
; ineqsudx_scan:ineqsudx_scan|ineqsudx_scan_solver:solver|row_index_q[4][5] ; Merged with ineqsudx_scan:ineqsudx_scan|ineqsudx_scan_solver:solver|row_index_q[2][4] ;
; ineqsudx_scan:ineqsudx_scan|state[10]                                     ; Stuck at GND due to stuck port data_in                                                ;
; ineqsudx_scan:ineqsudx_scan|ineqsudx_scan_solver:solver|state~11          ; Lost fanout                                                                           ;
; ineqsudx_scan:ineqsudx_scan|ineqsudx_scan_solver:solver|state~12          ; Lost fanout                                                                           ;
; ineqsudx_scan:ineqsudx_scan|ineqsudx_scan_solver:solver|state~13          ; Lost fanout                                                                           ;
; ineqsudx_scan:ineqsudx_scan|ineqsudx_scan_solver:solver|state~14          ; Lost fanout                                                                           ;
; Total Number of Removed Registers = 55                                    ;                                                                                       ;
+---------------------------------------------------------------------------+---------------------------------------------------------------------------------------+


+------------------------------------------------------+
; General Register Statistics                          ;
+----------------------------------------------+-------+
; Statistic                                    ; Value ;
+----------------------------------------------+-------+
; Total registers                              ; 3468  ;
; Number of registers using Synchronous Clear  ; 567   ;
; Number of registers using Synchronous Load   ; 37    ;
; Number of registers using Asynchronous Clear ; 3468  ;
; Number of registers using Asynchronous Load  ; 0     ;
; Number of registers using Clock Enable       ; 3136  ;
; Number of registers using Preset             ; 0     ;
+----------------------------------------------+-------+


+-------------------------------------------------------------------------------------+
; Inverted Register Statistics                                                        ;
+---------------------------------------------------------------------------+---------+
; Inverted Register                                                         ; Fan out ;
+---------------------------------------------------------------------------+---------+
; ineqsudx_scan:ineqsudx_scan|ineqsudx_scan_solver:solver|row_count_q[3][3] ; 3       ;
; ineqsudx_scan:ineqsudx_scan|ineqsudx_scan_solver:solver|row_count_q[2][3] ; 3       ;
; ineqsudx_scan:ineqsudx_scan|ineqsudx_scan_solver:solver|row_count_q[0][3] ; 3       ;
; ineqsudx_scan:ineqsudx_scan|ineqsudx_scan_solver:solver|row_count_q[1][3] ; 3       ;
; ineqsudx_scan:ineqsudx_scan|ineqsudx_scan_solver:solver|row_count_q[3][2] ; 2       ;
; ineqsudx_scan:ineqsudx_scan|ineqsudx_scan_solver:solver|row_count_q[3][1] ; 2       ;
; ineqsudx_scan:ineqsudx_scan|ineqsudx_scan_solver:solver|row_count_q[3][0] ; 2       ;
; ineqsudx_scan:ineqsudx_scan|ineqsudx_scan_solver:solver|row_count_q[2][0] ; 2       ;
; ineqsudx_scan:ineqsudx_scan|ineqsudx_scan_solver:solver|row_count_q[2][1] ; 2       ;
; ineqsudx_scan:ineqsudx_scan|ineqsudx_scan_solver:solver|row_count_q[2][2] ; 2       ;
; ineqsudx_scan:ineqsudx_scan|ineqsudx_scan_solver:solver|row_count_q[1][2] ; 2       ;
; ineqsudx_scan:ineqsudx_scan|ineqsudx_scan_solver:solver|row_count_q[1][1] ; 2       ;
; ineqsudx_scan:ineqsudx_scan|ineqsudx_scan_solver:solver|row_count_q[1][0] ; 2       ;
; ineqsudx_scan:ineqsudx_scan|ineqsudx_scan_solver:solver|row_count_q[0][0] ; 2       ;
; ineqsudx_scan:ineqsudx_scan|ineqsudx_scan_solver:solver|row_count_q[0][1] ; 2       ;
; ineqsudx_scan:ineqsudx_scan|ineqsudx_scan_solver:solver|row_count_q[0][2] ; 2       ;
; ineqsudx_scan:ineqsudx_scan|ineqsudx_scan_solver:solver|row_count_q[7][3] ; 3       ;
; ineqsudx_scan:ineqsudx_scan|ineqsudx_scan_solver:solver|row_count_q[7][2] ; 2       ;
; ineqsudx_scan:ineqsudx_scan|ineqsudx_scan_solver:solver|row_count_q[7][1] ; 2       ;
; ineqsudx_scan:ineqsudx_scan|ineqsudx_scan_solver:solver|row_count_q[7][0] ; 2       ;
; ineqsudx_scan:ineqsudx_scan|ineqsudx_scan_solver:solver|row_count_q[6][0] ; 2       ;
; ineqsudx_scan:ineqsudx_scan|ineqsudx_scan_solver:solver|row_count_q[6][1] ; 2       ;
; ineqsudx_scan:ineqsudx_scan|ineqsudx_scan_solver:solver|row_count_q[6][2] ; 2       ;
; ineqsudx_scan:ineqsudx_scan|ineqsudx_scan_solver:solver|row_count_q[6][3] ; 3       ;
; ineqsudx_scan:ineqsudx_scan|ineqsudx_scan_solver:solver|row_count_q[5][3] ; 3       ;
; ineqsudx_scan:ineqsudx_scan|ineqsudx_scan_solver:solver|row_count_q[5][2] ; 2       ;
; ineqsudx_scan:ineqsudx_scan|ineqsudx_scan_solver:solver|row_count_q[5][1] ; 2       ;
; ineqsudx_scan:ineqsudx_scan|ineqsudx_scan_solver:solver|row_count_q[5][0] ; 2       ;
; ineqsudx_scan:ineqsudx_scan|ineqsudx_scan_solver:solver|row_count_q[4][0] ; 2       ;
; ineqsudx_scan:ineqsudx_scan|ineqsudx_scan_solver:solver|row_count_q[4][1] ; 2       ;
; ineqsudx_scan:ineqsudx_scan|ineqsudx_scan_solver:solver|row_count_q[4][2] ; 2       ;
; ineqsudx_scan:ineqsudx_scan|ineqsudx_scan_solver:solver|row_count_q[4][3] ; 3       ;
; ineqsudx_scan:ineqsudx_scan|ineqsudx_scan_solver:solver|row_count_q[8][3] ; 1       ;
; ineqsudx_scan:ineqsudx_scan|ineqsudx_scan_solver:solver|row_count_q[8][2] ; 2       ;
; ineqsudx_scan:ineqsudx_scan|ineqsudx_scan_solver:solver|row_count_q[8][1] ; 1       ;
; ineqsudx_scan:ineqsudx_scan|ineqsudx_scan_solver:solver|row_count_q[8][0] ; 1       ;
; Total number of inverted registers = 36                                   ;         ;
+---------------------------------------------------------------------------+---------+


+-------------------------------------------------------------------------------------------------------------------------------------------------------------------+
; Registers Packed Into Inferred Megafunctions                                                                                                                      ;
+-------------------------------------------------------------------------------+----------------------------------------------------------------------------+------+
; Register Name                                                                 ; Megafunction                                                               ; Type ;
+-------------------------------------------------------------------------------+----------------------------------------------------------------------------+------+
; ineqsudx_scan:ineqsudx_scan|ineqsudx_scan_solver:solver|top[1..15]            ; ineqsudx_scan:ineqsudx_scan|ineqsudx_scan_solver:solver|decisions_rtl_0    ; RAM  ;
; ineqsudx_scan:ineqsudx_scan|ineqsudx_scan_solver:solver|saved_domains[0..728] ; ineqsudx_scan:ineqsudx_scan|ineqsudx_scan_solver:solver|domain_stack_rtl_0 ; RAM  ;
+-------------------------------------------------------------------------------+----------------------------------------------------------------------------+------+


+------------------------------------------------------------------------------------------------------------------------------------------------------------------------------------------------------------------+
; Multiplexer Restructuring Statistics (Restructuring Performed)                                                                                                                                                   ;
+--------------------+-----------+---------------+----------------------+------------------------+------------+----------------------------------------------------------------------------------------------------+
; Multiplexer Inputs ; Bus Width ; Baseline Area ; Area if Restructured ; Saving if Restructured ; Registered ; Example Multiplexer Output                                                                         ;
+--------------------+-----------+---------------+----------------------+------------------------+------------+----------------------------------------------------------------------------------------------------+
; 3:1                ; 2 bits    ; 4 LEs         ; 4 LEs                ; 0 LEs                  ; Yes        ; |qsyn_dummy_xlr_wrap|ineqsudx_scan:ineqsudx_scan|ineqsudx_scan_solver:solver|row_index_q[6][2]     ;
; 4:1                ; 7 bits    ; 14 LEs        ; 14 LEs               ; 0 LEs                  ; Yes        ; |qsyn_dummy_xlr_wrap|ineqsudx_scan:ineqsudx_scan|ineqsudx_scan_solver:solver|assigned_depth[0][0]  ;
; 4:1                ; 7 bits    ; 14 LEs        ; 14 LEs               ; 0 LEs                  ; Yes        ; |qsyn_dummy_xlr_wrap|ineqsudx_scan:ineqsudx_scan|ineqsudx_scan_solver:solver|assigned_depth[1][0]  ;
; 4:1                ; 7 bits    ; 14 LEs        ; 14 LEs               ; 0 LEs                  ; Yes        ; |qsyn_dummy_xlr_wrap|ineqsudx_scan:ineqsudx_scan|ineqsudx_scan_solver:solver|assigned_depth[9][3]  ;
; 4:1                ; 7 bits    ; 14 LEs        ; 14 LEs               ; 0 LEs                  ; Yes        ; |qsyn_dummy_xlr_wrap|ineqsudx_scan:ineqsudx_scan|ineqsudx_scan_solver:solver|assigned_depth[2][0]  ;
; 4:1                ; 7 bits    ; 14 LEs        ; 14 LEs               ; 0 LEs                  ; Yes        ; |qsyn_dummy_xlr_wrap|ineqsudx_scan:ineqsudx_scan|ineqsudx_scan_solver:solver|assigned_depth[10][3] ;
; 4:1                ; 7 bits    ; 14 LEs        ; 14 LEs               ; 0 LEs                  ; Yes        ; |qsyn_dummy_xlr_wrap|ineqsudx_scan:ineqsudx_scan|ineqsudx_scan_solver:solver|assigned_depth[3][5]  ;
; 4:1                ; 7 bits    ; 14 LEs        ; 14 LEs               ; 0 LEs                  ; Yes        ; |qsyn_dummy_xlr_wrap|ineqsudx_scan:ineqsudx_scan|ineqsudx_scan_solver:solver|assigned_depth[11][0] ;
; 4:1                ; 7 bits    ; 14 LEs        ; 14 LEs               ; 0 LEs                  ; Yes        ; |qsyn_dummy_xlr_wrap|ineqsudx_scan:ineqsudx_scan|ineqsudx_scan_solver:solver|assigned_depth[4][6]  ;
; 4:1                ; 7 bits    ; 14 LEs        ; 14 LEs               ; 0 LEs                  ; Yes        ; |qsyn_dummy_xlr_wrap|ineqsudx_scan:ineqsudx_scan|ineqsudx_scan_solver:solver|assigned_depth[12][6] ;
; 4:1                ; 7 bits    ; 14 LEs        ; 14 LEs               ; 0 LEs                  ; Yes        ; |qsyn_dummy_xlr_wrap|ineqsudx_scan:ineqsudx_scan|ineqsudx_scan_solver:solver|assigned_depth[5][6]  ;
; 4:1                ; 7 bits    ; 14 LEs        ; 14 LEs               ; 0 LEs                  ; Yes        ; |qsyn_dummy_xlr_wrap|ineqsudx_scan:ineqsudx_scan|ineqsudx_scan_solver:solver|assigned_depth[13][6] ;
; 4:1                ; 7 bits    ; 14 LEs        ; 14 LEs               ; 0 LEs                  ; Yes        ; |qsyn_dummy_xlr_wrap|ineqsudx_scan:ineqsudx_scan|ineqsudx_scan_solver:solver|assigned_depth[6][6]  ;
; 4:1                ; 7 bits    ; 14 LEs        ; 14 LEs               ; 0 LEs                  ; Yes        ; |qsyn_dummy_xlr_wrap|ineqsudx_scan:ineqsudx_scan|ineqsudx_scan_solver:solver|assigned_depth[14][0] ;
; 4:1                ; 7 bits    ; 14 LEs        ; 14 LEs               ; 0 LEs                  ; Yes        ; |qsyn_dummy_xlr_wrap|ineqsudx_scan:ineqsudx_scan|ineqsudx_scan_solver:solver|assigned_depth[7][6]  ;
; 4:1                ; 7 bits    ; 14 LEs        ; 14 LEs               ; 0 LEs                  ; Yes        ; |qsyn_dummy_xlr_wrap|ineqsudx_scan:ineqsudx_scan|ineqsudx_scan_solver:solver|assigned_depth[15][5] ;
; 4:1                ; 7 bits    ; 14 LEs        ; 14 LEs               ; 0 LEs                  ; Yes        ; |qsyn_dummy_xlr_wrap|ineqsudx_scan:ineqsudx_scan|ineqsudx_scan_solver:solver|assigned_depth[8][6]  ;
; 4:1                ; 7 bits    ; 14 LEs        ; 14 LEs               ; 0 LEs                  ; Yes        ; |qsyn_dummy_xlr_wrap|ineqsudx_scan:ineqsudx_scan|ineqsudx_scan_solver:solver|assigned_depth[16][6] ;
; 4:1                ; 7 bits    ; 14 LEs        ; 14 LEs               ; 0 LEs                  ; Yes        ; |qsyn_dummy_xlr_wrap|ineqsudx_scan:ineqsudx_scan|ineqsudx_scan_solver:solver|assigned_depth[17][6] ;
; 4:1                ; 7 bits    ; 14 LEs        ; 14 LEs               ; 0 LEs                  ; Yes        ; |qsyn_dummy_xlr_wrap|ineqsudx_scan:ineqsudx_scan|ineqsudx_scan_solver:solver|assigned_depth[18][6] ;
; 4:1                ; 7 bits    ; 14 LEs        ; 14 LEs               ; 0 LEs                  ; Yes        ; |qsyn_dummy_xlr_wrap|ineqsudx_scan:ineqsudx_scan|ineqsudx_scan_solver:solver|assigned_depth[19][6] ;
; 4:1                ; 7 bits    ; 14 LEs        ; 14 LEs               ; 0 LEs                  ; Yes        ; |qsyn_dummy_xlr_wrap|ineqsudx_scan:ineqsudx_scan|ineqsudx_scan_solver:solver|assigned_depth[20][6] ;
; 4:1                ; 7 bits    ; 14 LEs        ; 14 LEs               ; 0 LEs                  ; Yes        ; |qsyn_dummy_xlr_wrap|ineqsudx_scan:ineqsudx_scan|ineqsudx_scan_solver:solver|assigned_depth[21][0] ;
; 4:1                ; 7 bits    ; 14 LEs        ; 14 LEs               ; 0 LEs                  ; Yes        ; |qsyn_dummy_xlr_wrap|ineqsudx_scan:ineqsudx_scan|ineqsudx_scan_solver:solver|assigned_depth[22][6] ;
; 4:1                ; 7 bits    ; 14 LEs        ; 14 LEs               ; 0 LEs                  ; Yes        ; |qsyn_dummy_xlr_wrap|ineqsudx_scan:ineqsudx_scan|ineqsudx_scan_solver:solver|assigned_depth[23][0] ;
; 4:1                ; 7 bits    ; 14 LEs        ; 14 LEs               ; 0 LEs                  ; Yes        ; |qsyn_dummy_xlr_wrap|ineqsudx_scan:ineqsudx_scan|ineqsudx_scan_solver:solver|assigned_depth[24][6] ;
; 4:1                ; 7 bits    ; 14 LEs        ; 14 LEs               ; 0 LEs                  ; Yes        ; |qsyn_dummy_xlr_wrap|ineqsudx_scan:ineqsudx_scan|ineqsudx_scan_solver:solver|assigned_depth[25][0] ;
; 4:1                ; 7 bits    ; 14 LEs        ; 14 LEs               ; 0 LEs                  ; Yes        ; |qsyn_dummy_xlr_wrap|ineqsudx_scan:ineqsudx_scan|ineqsudx_scan_solver:solver|assigned_depth[26][6] ;
; 4:1                ; 7 bits    ; 14 LEs        ; 14 LEs               ; 0 LEs                  ; Yes        ; |qsyn_dummy_xlr_wrap|ineqsudx_scan:ineqsudx_scan|ineqsudx_scan_solver:solver|assigned_depth[27][1] ;
; 4:1                ; 7 bits    ; 14 LEs        ; 14 LEs               ; 0 LEs                  ; Yes        ; |qsyn_dummy_xlr_wrap|ineqsudx_scan:ineqsudx_scan|ineqsudx_scan_solver:solver|assigned_depth[28][2] ;
; 4:1                ; 7 bits    ; 14 LEs        ; 14 LEs               ; 0 LEs                  ; Yes        ; |qsyn_dummy_xlr_wrap|ineqsudx_scan:ineqsudx_scan|ineqsudx_scan_solver:solver|assigned_depth[29][5] ;
; 4:1                ; 7 bits    ; 14 LEs        ; 14 LEs               ; 0 LEs                  ; Yes        ; |qsyn_dummy_xlr_wrap|ineqsudx_scan:ineqsudx_scan|ineqsudx_scan_solver:solver|assigned_depth[30][5] ;
; 4:1                ; 7 bits    ; 14 LEs        ; 14 LEs               ; 0 LEs                  ; Yes        ; |qsyn_dummy_xlr_wrap|ineqsudx_scan:ineqsudx_scan|ineqsudx_scan_solver:solver|assigned_depth[31][6] ;
; 4:1                ; 7 bits    ; 14 LEs        ; 14 LEs               ; 0 LEs                  ; Yes        ; |qsyn_dummy_xlr_wrap|ineqsudx_scan:ineqsudx_scan|ineqsudx_scan_solver:solver|assigned_depth[32][2] ;
; 4:1                ; 7 bits    ; 14 LEs        ; 14 LEs               ; 0 LEs                  ; Yes        ; |qsyn_dummy_xlr_wrap|ineqsudx_scan:ineqsudx_scan|ineqsudx_scan_solver:solver|assigned_depth[33][6] ;
; 4:1                ; 7 bits    ; 14 LEs        ; 14 LEs               ; 0 LEs                  ; Yes        ; |qsyn_dummy_xlr_wrap|ineqsudx_scan:ineqsudx_scan|ineqsudx_scan_solver:solver|assigned_depth[34][1] ;
; 4:1                ; 7 bits    ; 14 LEs        ; 14 LEs               ; 0 LEs                  ; Yes        ; |qsyn_dummy_xlr_wrap|ineqsudx_scan:ineqsudx_scan|ineqsudx_scan_solver:solver|assigned_depth[35][1] ;
; 4:1                ; 7 bits    ; 14 LEs        ; 14 LEs               ; 0 LEs                  ; Yes        ; |qsyn_dummy_xlr_wrap|ineqsudx_scan:ineqsudx_scan|ineqsudx_scan_solver:solver|assigned_depth[36][6] ;
; 4:1                ; 7 bits    ; 14 LEs        ; 14 LEs               ; 0 LEs                  ; Yes        ; |qsyn_dummy_xlr_wrap|ineqsudx_scan:ineqsudx_scan|ineqsudx_scan_solver:solver|assigned_depth[37][6] ;
; 4:1                ; 7 bits    ; 14 LEs        ; 14 LEs               ; 0 LEs                  ; Yes        ; |qsyn_dummy_xlr_wrap|ineqsudx_scan:ineqsudx_scan|ineqsudx_scan_solver:solver|assigned_depth[38][6] ;
; 4:1                ; 7 bits    ; 14 LEs        ; 14 LEs               ; 0 LEs                  ; Yes        ; |qsyn_dummy_xlr_wrap|ineqsudx_scan:ineqsudx_scan|ineqsudx_scan_solver:solver|assigned_depth[39][4] ;
; 4:1                ; 7 bits    ; 14 LEs        ; 14 LEs               ; 0 LEs                  ; Yes        ; |qsyn_dummy_xlr_wrap|ineqsudx_scan:ineqsudx_scan|ineqsudx_scan_solver:solver|assigned_depth[40][6] ;
; 4:1                ; 7 bits    ; 14 LEs        ; 14 LEs               ; 0 LEs                  ; Yes        ; |qsyn_dummy_xlr_wrap|ineqsudx_scan:ineqsudx_scan|ineqsudx_scan_solver:solver|assigned_depth[41][2] ;
; 4:1                ; 7 bits    ; 14 LEs        ; 14 LEs               ; 0 LEs                  ; Yes        ; |qsyn_dummy_xlr_wrap|ineqsudx_scan:ineqsudx_scan|ineqsudx_scan_solver:solver|assigned_depth[42][6] ;
; 4:1                ; 7 bits    ; 14 LEs        ; 14 LEs               ; 0 LEs                  ; Yes        ; |qsyn_dummy_xlr_wrap|ineqsudx_scan:ineqsudx_scan|ineqsudx_scan_solver:solver|assigned_depth[43][1] ;
; 4:1                ; 7 bits    ; 14 LEs        ; 14 LEs               ; 0 LEs                  ; Yes        ; |qsyn_dummy_xlr_wrap|ineqsudx_scan:ineqsudx_scan|ineqsudx_scan_solver:solver|assigned_depth[44][1] ;
; 4:1                ; 7 bits    ; 14 LEs        ; 14 LEs               ; 0 LEs                  ; Yes        ; |qsyn_dummy_xlr_wrap|ineqsudx_scan:ineqsudx_scan|ineqsudx_scan_solver:solver|assigned_depth[45][6] ;
; 4:1                ; 7 bits    ; 14 LEs        ; 14 LEs               ; 0 LEs                  ; Yes        ; |qsyn_dummy_xlr_wrap|ineqsudx_scan:ineqsudx_scan|ineqsudx_scan_solver:solver|assigned_depth[46][6] ;
; 4:1                ; 7 bits    ; 14 LEs        ; 14 LEs               ; 0 LEs                  ; Yes        ; |qsyn_dummy_xlr_wrap|ineqsudx_scan:ineqsudx_scan|ineqsudx_scan_solver:solver|assigned_depth[47][6] ;
; 4:1                ; 7 bits    ; 14 LEs        ; 14 LEs               ; 0 LEs                  ; Yes        ; |qsyn_dummy_xlr_wrap|ineqsudx_scan:ineqsudx_scan|ineqsudx_scan_solver:solver|assigned_depth[48][3] ;
; 4:1                ; 7 bits    ; 14 LEs        ; 14 LEs               ; 0 LEs                  ; Yes        ; |qsyn_dummy_xlr_wrap|ineqsudx_scan:ineqsudx_scan|ineqsudx_scan_solver:solver|assigned_depth[49][6] ;
; 4:1                ; 7 bits    ; 14 LEs        ; 14 LEs               ; 0 LEs                  ; Yes        ; |qsyn_dummy_xlr_wrap|ineqsudx_scan:ineqsudx_scan|ineqsudx_scan_solver:solver|assigned_depth[50][2] ;
; 4:1                ; 7 bits    ; 14 LEs        ; 14 LEs               ; 0 LEs                  ; Yes        ; |qsyn_dummy_xlr_wrap|ineqsudx_scan:ineqsudx_scan|ineqsudx_scan_solver:solver|assigned_depth[51][6] ;
; 4:1                ; 7 bits    ; 14 LEs        ; 14 LEs               ; 0 LEs                  ; Yes        ; |qsyn_dummy_xlr_wrap|ineqsudx_scan:ineqsudx_scan|ineqsudx_scan_solver:solver|assigned_depth[52][2] ;
; 4:1                ; 7 bits    ; 14 LEs        ; 14 LEs               ; 0 LEs                  ; Yes        ; |qsyn_dummy_xlr_wrap|ineqsudx_scan:ineqsudx_scan|ineqsudx_scan_solver:solver|assigned_depth[53][2] ;
; 4:1                ; 7 bits    ; 14 LEs        ; 14 LEs               ; 0 LEs                  ; Yes        ; |qsyn_dummy_xlr_wrap|ineqsudx_scan:ineqsudx_scan|ineqsudx_scan_solver:solver|assigned_depth[54][2] ;
; 4:1                ; 7 bits    ; 14 LEs        ; 14 LEs               ; 0 LEs                  ; Yes        ; |qsyn_dummy_xlr_wrap|ineqsudx_scan:ineqsudx_scan|ineqsudx_scan_solver:solver|assigned_depth[55][4] ;
; 4:1                ; 7 bits    ; 14 LEs        ; 14 LEs               ; 0 LEs                  ; Yes        ; |qsyn_dummy_xlr_wrap|ineqsudx_scan:ineqsudx_scan|ineqsudx_scan_solver:solver|assigned_depth[56][4] ;
; 4:1                ; 7 bits    ; 14 LEs        ; 14 LEs               ; 0 LEs                  ; Yes        ; |qsyn_dummy_xlr_wrap|ineqsudx_scan:ineqsudx_scan|ineqsudx_scan_solver:solver|assigned_depth[57][0] ;
; 4:1                ; 7 bits    ; 14 LEs        ; 14 LEs               ; 0 LEs                  ; Yes        ; |qsyn_dummy_xlr_wrap|ineqsudx_scan:ineqsudx_scan|ineqsudx_scan_solver:solver|assigned_depth[58][6] ;
; 4:1                ; 7 bits    ; 14 LEs        ; 14 LEs               ; 0 LEs                  ; Yes        ; |qsyn_dummy_xlr_wrap|ineqsudx_scan:ineqsudx_scan|ineqsudx_scan_solver:solver|assigned_depth[59][6] ;
; 4:1                ; 7 bits    ; 14 LEs        ; 14 LEs               ; 0 LEs                  ; Yes        ; |qsyn_dummy_xlr_wrap|ineqsudx_scan:ineqsudx_scan|ineqsudx_scan_solver:solver|assigned_depth[60][0] ;
; 4:1                ; 7 bits    ; 14 LEs        ; 14 LEs               ; 0 LEs                  ; Yes        ; |qsyn_dummy_xlr_wrap|ineqsudx_scan:ineqsudx_scan|ineqsudx_scan_solver:solver|assigned_depth[61][5] ;
; 4:1                ; 7 bits    ; 14 LEs        ; 14 LEs               ; 0 LEs                  ; Yes        ; |qsyn_dummy_xlr_wrap|ineqsudx_scan:ineqsudx_scan|ineqsudx_scan_solver:solver|assigned_depth[62][4] ;
; 4:1                ; 7 bits    ; 14 LEs        ; 14 LEs               ; 0 LEs                  ; Yes        ; |qsyn_dummy_xlr_wrap|ineqsudx_scan:ineqsudx_scan|ineqsudx_scan_solver:solver|assigned_depth[63][0] ;
; 4:1                ; 7 bits    ; 14 LEs        ; 14 LEs               ; 0 LEs                  ; Yes        ; |qsyn_dummy_xlr_wrap|ineqsudx_scan:ineqsudx_scan|ineqsudx_scan_solver:solver|assigned_depth[64][6] ;
; 4:1                ; 7 bits    ; 14 LEs        ; 14 LEs               ; 0 LEs                  ; Yes        ; |qsyn_dummy_xlr_wrap|ineqsudx_scan:ineqsudx_scan|ineqsudx_scan_solver:solver|assigned_depth[65][6] ;
; 4:1                ; 7 bits    ; 14 LEs        ; 14 LEs               ; 0 LEs                  ; Yes        ; |qsyn_dummy_xlr_wrap|ineqsudx_scan:ineqsudx_scan|ineqsudx_scan_solver:solver|assigned_depth[66][3] ;
; 4:1                ; 7 bits    ; 14 LEs        ; 14 LEs               ; 0 LEs                  ; Yes        ; |qsyn_dummy_xlr_wrap|ineqsudx_scan:ineqsudx_scan|ineqsudx_scan_solver:solver|assigned_depth[67][6] ;
; 4:1                ; 7 bits    ; 14 LEs        ; 14 LEs               ; 0 LEs                  ; Yes        ; |qsyn_dummy_xlr_wrap|ineqsudx_scan:ineqsudx_scan|ineqsudx_scan_solver:solver|assigned_depth[68][6] ;
; 4:1                ; 7 bits    ; 14 LEs        ; 14 LEs               ; 0 LEs                  ; Yes        ; |qsyn_dummy_xlr_wrap|ineqsudx_scan:ineqsudx_scan|ineqsudx_scan_solver:solver|assigned_depth[69][2] ;
; 4:1                ; 7 bits    ; 14 LEs        ; 14 LEs               ; 0 LEs                  ; Yes        ; |qsyn_dummy_xlr_wrap|ineqsudx_scan:ineqsudx_scan|ineqsudx_scan_solver:solver|assigned_depth[70][6] ;
; 4:1                ; 7 bits    ; 14 LEs        ; 14 LEs               ; 0 LEs                  ; Yes        ; |qsyn_dummy_xlr_wrap|ineqsudx_scan:ineqsudx_scan|ineqsudx_scan_solver:solver|assigned_depth[71][6] ;
; 4:1                ; 7 bits    ; 14 LEs        ; 14 LEs               ; 0 LEs                  ; Yes        ; |qsyn_dummy_xlr_wrap|ineqsudx_scan:ineqsudx_scan|ineqsudx_scan_solver:solver|assigned_depth[72][6] ;
; 4:1                ; 7 bits    ; 14 LEs        ; 14 LEs               ; 0 LEs                  ; Yes        ; |qsyn_dummy_xlr_wrap|ineqsudx_scan:ineqsudx_scan|ineqsudx_scan_solver:solver|assigned_depth[73][6] ;
; 4:1                ; 7 bits    ; 14 LEs        ; 14 LEs               ; 0 LEs                  ; Yes        ; |qsyn_dummy_xlr_wrap|ineqsudx_scan:ineqsudx_scan|ineqsudx_scan_solver:solver|assigned_depth[74][1] ;
; 4:1                ; 7 bits    ; 14 LEs        ; 14 LEs               ; 0 LEs                  ; Yes        ; |qsyn_dummy_xlr_wrap|ineqsudx_scan:ineqsudx_scan|ineqsudx_scan_solver:solver|assigned_depth[75][1] ;
; 4:1                ; 7 bits    ; 14 LEs        ; 14 LEs               ; 0 LEs                  ; Yes        ; |qsyn_dummy_xlr_wrap|ineqsudx_scan:ineqsudx_scan|ineqsudx_scan_solver:solver|assigned_depth[76][6] ;
; 4:1                ; 7 bits    ; 14 LEs        ; 14 LEs               ; 0 LEs                  ; Yes        ; |qsyn_dummy_xlr_wrap|ineqsudx_scan:ineqsudx_scan|ineqsudx_scan_solver:solver|assigned_depth[77][4] ;
; 4:1                ; 7 bits    ; 14 LEs        ; 14 LEs               ; 0 LEs                  ; Yes        ; |qsyn_dummy_xlr_wrap|ineqsudx_scan:ineqsudx_scan|ineqsudx_scan_solver:solver|assigned_depth[78][6] ;
; 4:1                ; 7 bits    ; 14 LEs        ; 14 LEs               ; 0 LEs                  ; Yes        ; |qsyn_dummy_xlr_wrap|ineqsudx_scan:ineqsudx_scan|ineqsudx_scan_solver:solver|assigned_depth[79][6] ;
; 4:1                ; 7 bits    ; 14 LEs        ; 14 LEs               ; 0 LEs                  ; Yes        ; |qsyn_dummy_xlr_wrap|ineqsudx_scan:ineqsudx_scan|ineqsudx_scan_solver:solver|assigned_depth[80][1] ;
; 5:1                ; 2 bits    ; 6 LEs         ; 6 LEs                ; 0 LEs                  ; Yes        ; |qsyn_dummy_xlr_wrap|ineqsudx_scan:ineqsudx_scan|ineqsudx_scan_solver:solver|row_index_q[7][0]     ;
; 5:1                ; 2 bits    ; 6 LEs         ; 6 LEs                ; 0 LEs                  ; Yes        ; |qsyn_dummy_xlr_wrap|ineqsudx_scan:ineqsudx_scan|ineqsudx_scan_solver:solver|row_index_q[3][1]     ;
; 5:1                ; 7 bits    ; 21 LEs        ; 14 LEs               ; 7 LEs                  ; Yes        ; |qsyn_dummy_xlr_wrap|ineqsudx_scan:ineqsudx_scan|ineqsudx_scan_solver:solver|depth[0]              ;
; 7:1                ; 9 bits    ; 36 LEs        ; 36 LEs               ; 0 LEs                  ; Yes        ; |qsyn_dummy_xlr_wrap|ineqsudx_scan:ineqsudx_scan|ineqsudx_scan_solver:solver|candidate[80][1]      ;
; 7:1                ; 9 bits    ; 36 LEs        ; 36 LEs               ; 0 LEs                  ; Yes        ; |qsyn_dummy_xlr_wrap|ineqsudx_scan:ineqsudx_scan|ineqsudx_scan_solver:solver|candidate[79][2]      ;
; 7:1                ; 9 bits    ; 36 LEs        ; 36 LEs               ; 0 LEs                  ; Yes        ; |qsyn_dummy_xlr_wrap|ineqsudx_scan:ineqsudx_scan|ineqsudx_scan_solver:solver|candidate[78][8]      ;
; 7:1                ; 9 bits    ; 36 LEs        ; 36 LEs               ; 0 LEs                  ; Yes        ; |qsyn_dummy_xlr_wrap|ineqsudx_scan:ineqsudx_scan|ineqsudx_scan_solver:solver|candidate[77][3]      ;
; 7:1                ; 9 bits    ; 36 LEs        ; 36 LEs               ; 0 LEs                  ; Yes        ; |qsyn_dummy_xlr_wrap|ineqsudx_scan:ineqsudx_scan|ineqsudx_scan_solver:solver|candidate[76][2]      ;
; 7:1                ; 9 bits    ; 36 LEs        ; 36 LEs               ; 0 LEs                  ; Yes        ; |qsyn_dummy_xlr_wrap|ineqsudx_scan:ineqsudx_scan|ineqsudx_scan_solver:solver|candidate[75][6]      ;
; 7:1                ; 9 bits    ; 36 LEs        ; 36 LEs               ; 0 LEs                  ; Yes        ; |qsyn_dummy_xlr_wrap|ineqsudx_scan:ineqsudx_scan|ineqsudx_scan_solver:solver|candidate[74][2]      ;
; 7:1                ; 9 bits    ; 36 LEs        ; 36 LEs               ; 0 LEs                  ; Yes        ; |qsyn_dummy_xlr_wrap|ineqsudx_scan:ineqsudx_scan|ineqsudx_scan_solver:solver|candidate[73][4]      ;
; 7:1                ; 9 bits    ; 36 LEs        ; 36 LEs               ; 0 LEs                  ; Yes        ; |qsyn_dummy_xlr_wrap|ineqsudx_scan:ineqsudx_scan|ineqsudx_scan_solver:solver|candidate[72][8]      ;
; 7:1                ; 9 bits    ; 36 LEs        ; 36 LEs               ; 0 LEs                  ; Yes        ; |qsyn_dummy_xlr_wrap|ineqsudx_scan:ineqsudx_scan|ineqsudx_scan_solver:solver|candidate[71][1]      ;
; 7:1                ; 9 bits    ; 36 LEs        ; 36 LEs               ; 0 LEs                  ; Yes        ; |qsyn_dummy_xlr_wrap|ineqsudx_scan:ineqsudx_scan|ineqsudx_scan_solver:solver|candidate[70][8]      ;
; 7:1                ; 9 bits    ; 36 LEs        ; 36 LEs               ; 0 LEs                  ; Yes        ; |qsyn_dummy_xlr_wrap|ineqsudx_scan:ineqsudx_scan|ineqsudx_scan_solver:solver|candidate[69][0]      ;
; 7:1                ; 9 bits    ; 36 LEs        ; 36 LEs               ; 0 LEs                  ; Yes        ; |qsyn_dummy_xlr_wrap|ineqsudx_scan:ineqsudx_scan|ineqsudx_scan_solver:solver|candidate[68][2]      ;
; 7:1                ; 9 bits    ; 36 LEs        ; 36 LEs               ; 0 LEs                  ; Yes        ; |qsyn_dummy_xlr_wrap|ineqsudx_scan:ineqsudx_scan|ineqsudx_scan_solver:solver|candidate[67][2]      ;
; 7:1                ; 9 bits    ; 36 LEs        ; 36 LEs               ; 0 LEs                  ; Yes        ; |qsyn_dummy_xlr_wrap|ineqsudx_scan:ineqsudx_scan|ineqsudx_scan_solver:solver|candidate[66][2]      ;
; 7:1                ; 9 bits    ; 36 LEs        ; 36 LEs               ; 0 LEs                  ; Yes        ; |qsyn_dummy_xlr_wrap|ineqsudx_scan:ineqsudx_scan|ineqsudx_scan_solver:solver|candidate[65][3]      ;
; 7:1                ; 9 bits    ; 36 LEs        ; 36 LEs               ; 0 LEs                  ; Yes        ; |qsyn_dummy_xlr_wrap|ineqsudx_scan:ineqsudx_scan|ineqsudx_scan_solver:solver|candidate[64][0]      ;
; 7:1                ; 9 bits    ; 36 LEs        ; 36 LEs               ; 0 LEs                  ; Yes        ; |qsyn_dummy_xlr_wrap|ineqsudx_scan:ineqsudx_scan|ineqsudx_scan_solver:solver|candidate[63][1]      ;
; 7:1                ; 9 bits    ; 36 LEs        ; 36 LEs               ; 0 LEs                  ; Yes        ; |qsyn_dummy_xlr_wrap|ineqsudx_scan:ineqsudx_scan|ineqsudx_scan_solver:solver|candidate[62][6]      ;
; 7:1                ; 9 bits    ; 36 LEs        ; 36 LEs               ; 0 LEs                  ; Yes        ; |qsyn_dummy_xlr_wrap|ineqsudx_scan:ineqsudx_scan|ineqsudx_scan_solver:solver|candidate[61][2]      ;
; 7:1                ; 9 bits    ; 36 LEs        ; 36 LEs               ; 0 LEs                  ; Yes        ; |qsyn_dummy_xlr_wrap|ineqsudx_scan:ineqsudx_scan|ineqsudx_scan_solver:solver|candidate[60][2]      ;
; 7:1                ; 9 bits    ; 36 LEs        ; 36 LEs               ; 0 LEs                  ; Yes        ; |qsyn_dummy_xlr_wrap|ineqsudx_scan:ineqsudx_scan|ineqsudx_scan_solver:solver|candidate[59][2]      ;
; 7:1                ; 9 bits    ; 36 LEs        ; 36 LEs               ; 0 LEs                  ; Yes        ; |qsyn_dummy_xlr_wrap|ineqsudx_scan:ineqsudx_scan|ineqsudx_scan_solver:solver|candidate[58][7]      ;
; 7:1                ; 9 bits    ; 36 LEs        ; 36 LEs               ; 0 LEs                  ; Yes        ; |qsyn_dummy_xlr_wrap|ineqsudx_scan:ineqsudx_scan|ineqsudx_scan_solver:solver|candidate[57][3]      ;
; 7:1                ; 9 bits    ; 36 LEs        ; 36 LEs               ; 0 LEs                  ; Yes        ; |qsyn_dummy_xlr_wrap|ineqsudx_scan:ineqsudx_scan|ineqsudx_scan_solver:solver|candidate[56][1]      ;
; 7:1                ; 9 bits    ; 36 LEs        ; 36 LEs               ; 0 LEs                  ; Yes        ; |qsyn_dummy_xlr_wrap|ineqsudx_scan:ineqsudx_scan|ineqsudx_scan_solver:solver|candidate[55][6]      ;
; 7:1                ; 9 bits    ; 36 LEs        ; 36 LEs               ; 0 LEs                  ; Yes        ; |qsyn_dummy_xlr_wrap|ineqsudx_scan:ineqsudx_scan|ineqsudx_scan_solver:solver|candidate[54][0]      ;
; 7:1                ; 9 bits    ; 36 LEs        ; 36 LEs               ; 0 LEs                  ; Yes        ; |qsyn_dummy_xlr_wrap|ineqsudx_scan:ineqsudx_scan|ineqsudx_scan_solver:solver|candidate[53][2]      ;
; 7:1                ; 9 bits    ; 36 LEs        ; 36 LEs               ; 0 LEs                  ; Yes        ; |qsyn_dummy_xlr_wrap|ineqsudx_scan:ineqsudx_scan|ineqsudx_scan_solver:solver|candidate[52][2]      ;
; 7:1                ; 9 bits    ; 36 LEs        ; 36 LEs               ; 0 LEs                  ; Yes        ; |qsyn_dummy_xlr_wrap|ineqsudx_scan:ineqsudx_scan|ineqsudx_scan_solver:solver|candidate[51][2]      ;
; 7:1                ; 9 bits    ; 36 LEs        ; 36 LEs               ; 0 LEs                  ; Yes        ; |qsyn_dummy_xlr_wrap|ineqsudx_scan:ineqsudx_scan|ineqsudx_scan_solver:solver|candidate[50][3]      ;
; 7:1                ; 9 bits    ; 36 LEs        ; 36 LEs               ; 0 LEs                  ; Yes        ; |qsyn_dummy_xlr_wrap|ineqsudx_scan:ineqsudx_scan|ineqsudx_scan_solver:solver|candidate[49][0]      ;
; 7:1                ; 9 bits    ; 36 LEs        ; 36 LEs               ; 0 LEs                  ; Yes        ; |qsyn_dummy_xlr_wrap|ineqsudx_scan:ineqsudx_scan|ineqsudx_scan_solver:solver|candidate[48][1]      ;
; 7:1                ; 9 bits    ; 36 LEs        ; 36 LEs               ; 0 LEs                  ; Yes        ; |qsyn_dummy_xlr_wrap|ineqsudx_scan:ineqsudx_scan|ineqsudx_scan_solver:solver|candidate[47][6]      ;
; 7:1                ; 9 bits    ; 36 LEs        ; 36 LEs               ; 0 LEs                  ; Yes        ; |qsyn_dummy_xlr_wrap|ineqsudx_scan:ineqsudx_scan|ineqsudx_scan_solver:solver|candidate[46][7]      ;
; 7:1                ; 9 bits    ; 36 LEs        ; 36 LEs               ; 0 LEs                  ; Yes        ; |qsyn_dummy_xlr_wrap|ineqsudx_scan:ineqsudx_scan|ineqsudx_scan_solver:solver|candidate[45][2]      ;
; 7:1                ; 9 bits    ; 36 LEs        ; 36 LEs               ; 0 LEs                  ; Yes        ; |qsyn_dummy_xlr_wrap|ineqsudx_scan:ineqsudx_scan|ineqsudx_scan_solver:solver|candidate[44][2]      ;
; 7:1                ; 9 bits    ; 36 LEs        ; 36 LEs               ; 0 LEs                  ; Yes        ; |qsyn_dummy_xlr_wrap|ineqsudx_scan:ineqsudx_scan|ineqsudx_scan_solver:solver|candidate[43][0]      ;
; 7:1                ; 9 bits    ; 36 LEs        ; 36 LEs               ; 0 LEs                  ; Yes        ; |qsyn_dummy_xlr_wrap|ineqsudx_scan:ineqsudx_scan|ineqsudx_scan_solver:solver|candidate[42][1]      ;
; 7:1                ; 9 bits    ; 36 LEs        ; 36 LEs               ; 0 LEs                  ; Yes        ; |qsyn_dummy_xlr_wrap|ineqsudx_scan:ineqsudx_scan|ineqsudx_scan_solver:solver|candidate[41][6]      ;
; 7:1                ; 9 bits    ; 36 LEs        ; 36 LEs               ; 0 LEs                  ; Yes        ; |qsyn_dummy_xlr_wrap|ineqsudx_scan:ineqsudx_scan|ineqsudx_scan_solver:solver|candidate[40][0]      ;
; 7:1                ; 9 bits    ; 36 LEs        ; 36 LEs               ; 0 LEs                  ; Yes        ; |qsyn_dummy_xlr_wrap|ineqsudx_scan:ineqsudx_scan|ineqsudx_scan_solver:solver|candidate[39][1]      ;
; 7:1                ; 9 bits    ; 36 LEs        ; 36 LEs               ; 0 LEs                  ; Yes        ; |qsyn_dummy_xlr_wrap|ineqsudx_scan:ineqsudx_scan|ineqsudx_scan_solver:solver|candidate[38][1]      ;
; 7:1                ; 9 bits    ; 36 LEs        ; 36 LEs               ; 0 LEs                  ; Yes        ; |qsyn_dummy_xlr_wrap|ineqsudx_scan:ineqsudx_scan|ineqsudx_scan_solver:solver|candidate[37][1]      ;
; 7:1                ; 9 bits    ; 36 LEs        ; 36 LEs               ; 0 LEs                  ; Yes        ; |qsyn_dummy_xlr_wrap|ineqsudx_scan:ineqsudx_scan|ineqsudx_scan_solver:solver|candidate[36][6]      ;
; 7:1                ; 9 bits    ; 36 LEs        ; 36 LEs               ; 0 LEs                  ; Yes        ; |qsyn_dummy_xlr_wrap|ineqsudx_scan:ineqsudx_scan|ineqsudx_scan_solver:solver|candidate[35][1]      ;
; 7:1                ; 9 bits    ; 36 LEs        ; 36 LEs               ; 0 LEs                  ; Yes        ; |qsyn_dummy_xlr_wrap|ineqsudx_scan:ineqsudx_scan|ineqsudx_scan_solver:solver|candidate[34][6]      ;
; 7:1                ; 9 bits    ; 36 LEs        ; 36 LEs               ; 0 LEs                  ; Yes        ; |qsyn_dummy_xlr_wrap|ineqsudx_scan:ineqsudx_scan|ineqsudx_scan_solver:solver|candidate[33][0]      ;
; 7:1                ; 9 bits    ; 36 LEs        ; 36 LEs               ; 0 LEs                  ; Yes        ; |qsyn_dummy_xlr_wrap|ineqsudx_scan:ineqsudx_scan|ineqsudx_scan_solver:solver|candidate[32][2]      ;
; 7:1                ; 9 bits    ; 36 LEs        ; 36 LEs               ; 0 LEs                  ; Yes        ; |qsyn_dummy_xlr_wrap|ineqsudx_scan:ineqsudx_scan|ineqsudx_scan_solver:solver|candidate[31][4]      ;
; 7:1                ; 9 bits    ; 36 LEs        ; 36 LEs               ; 0 LEs                  ; Yes        ; |qsyn_dummy_xlr_wrap|ineqsudx_scan:ineqsudx_scan|ineqsudx_scan_solver:solver|candidate[30][3]      ;
; 7:1                ; 9 bits    ; 36 LEs        ; 36 LEs               ; 0 LEs                  ; Yes        ; |qsyn_dummy_xlr_wrap|ineqsudx_scan:ineqsudx_scan|ineqsudx_scan_solver:solver|candidate[29][0]      ;
; 7:1                ; 9 bits    ; 36 LEs        ; 36 LEs               ; 0 LEs                  ; Yes        ; |qsyn_dummy_xlr_wrap|ineqsudx_scan:ineqsudx_scan|ineqsudx_scan_solver:solver|candidate[28][1]      ;
; 7:1                ; 9 bits    ; 36 LEs        ; 36 LEs               ; 0 LEs                  ; Yes        ; |qsyn_dummy_xlr_wrap|ineqsudx_scan:ineqsudx_scan|ineqsudx_scan_solver:solver|candidate[27][6]      ;
; 7:1                ; 9 bits    ; 36 LEs        ; 36 LEs               ; 0 LEs                  ; Yes        ; |qsyn_dummy_xlr_wrap|ineqsudx_scan:ineqsudx_scan|ineqsudx_scan_solver:solver|candidate[26][1]      ;
; 7:1                ; 9 bits    ; 36 LEs        ; 36 LEs               ; 0 LEs                  ; Yes        ; |qsyn_dummy_xlr_wrap|ineqsudx_scan:ineqsudx_scan|ineqsudx_scan_solver:solver|candidate[25][4]      ;
; 7:1                ; 9 bits    ; 36 LEs        ; 36 LEs               ; 0 LEs                  ; Yes        ; |qsyn_dummy_xlr_wrap|ineqsudx_scan:ineqsudx_scan|ineqsudx_scan_solver:solver|candidate[24][4]      ;
; 7:1                ; 9 bits    ; 36 LEs        ; 36 LEs               ; 0 LEs                  ; Yes        ; |qsyn_dummy_xlr_wrap|ineqsudx_scan:ineqsudx_scan|ineqsudx_scan_solver:solver|candidate[23][3]      ;
; 7:1                ; 9 bits    ; 36 LEs        ; 36 LEs               ; 0 LEs                  ; Yes        ; |qsyn_dummy_xlr_wrap|ineqsudx_scan:ineqsudx_scan|ineqsudx_scan_solver:solver|candidate[22][8]      ;
; 7:1                ; 9 bits    ; 36 LEs        ; 36 LEs               ; 0 LEs                  ; Yes        ; |qsyn_dummy_xlr_wrap|ineqsudx_scan:ineqsudx_scan|ineqsudx_scan_solver:solver|candidate[21][3]      ;
; 7:1                ; 9 bits    ; 36 LEs        ; 36 LEs               ; 0 LEs                  ; Yes        ; |qsyn_dummy_xlr_wrap|ineqsudx_scan:ineqsudx_scan|ineqsudx_scan_solver:solver|candidate[20][8]      ;
; 7:1                ; 9 bits    ; 36 LEs        ; 36 LEs               ; 0 LEs                  ; Yes        ; |qsyn_dummy_xlr_wrap|ineqsudx_scan:ineqsudx_scan|ineqsudx_scan_solver:solver|candidate[19][0]      ;
; 7:1                ; 9 bits    ; 36 LEs        ; 36 LEs               ; 0 LEs                  ; Yes        ; |qsyn_dummy_xlr_wrap|ineqsudx_scan:ineqsudx_scan|ineqsudx_scan_solver:solver|candidate[18][3]      ;
; 7:1                ; 9 bits    ; 36 LEs        ; 36 LEs               ; 0 LEs                  ; Yes        ; |qsyn_dummy_xlr_wrap|ineqsudx_scan:ineqsudx_scan|ineqsudx_scan_solver:solver|candidate[17][8]      ;
; 7:1                ; 9 bits    ; 36 LEs        ; 36 LEs               ; 0 LEs                  ; Yes        ; |qsyn_dummy_xlr_wrap|ineqsudx_scan:ineqsudx_scan|ineqsudx_scan_solver:solver|candidate[16][0]      ;
; 7:1                ; 9 bits    ; 36 LEs        ; 36 LEs               ; 0 LEs                  ; Yes        ; |qsyn_dummy_xlr_wrap|ineqsudx_scan:ineqsudx_scan|ineqsudx_scan_solver:solver|candidate[15][4]      ;
; 7:1                ; 9 bits    ; 36 LEs        ; 36 LEs               ; 0 LEs                  ; Yes        ; |qsyn_dummy_xlr_wrap|ineqsudx_scan:ineqsudx_scan|ineqsudx_scan_solver:solver|candidate[14][6]      ;
; 7:1                ; 9 bits    ; 36 LEs        ; 36 LEs               ; 0 LEs                  ; Yes        ; |qsyn_dummy_xlr_wrap|ineqsudx_scan:ineqsudx_scan|ineqsudx_scan_solver:solver|candidate[13][8]      ;
; 7:1                ; 9 bits    ; 36 LEs        ; 36 LEs               ; 0 LEs                  ; Yes        ; |qsyn_dummy_xlr_wrap|ineqsudx_scan:ineqsudx_scan|ineqsudx_scan_solver:solver|candidate[12][5]      ;
; 7:1                ; 9 bits    ; 36 LEs        ; 36 LEs               ; 0 LEs                  ; Yes        ; |qsyn_dummy_xlr_wrap|ineqsudx_scan:ineqsudx_scan|ineqsudx_scan_solver:solver|candidate[11][0]      ;
; 7:1                ; 9 bits    ; 36 LEs        ; 36 LEs               ; 0 LEs                  ; Yes        ; |qsyn_dummy_xlr_wrap|ineqsudx_scan:ineqsudx_scan|ineqsudx_scan_solver:solver|candidate[10][8]      ;
; 7:1                ; 9 bits    ; 36 LEs        ; 36 LEs               ; 0 LEs                  ; Yes        ; |qsyn_dummy_xlr_wrap|ineqsudx_scan:ineqsudx_scan|ineqsudx_scan_solver:solver|candidate[9][0]       ;
; 7:1                ; 9 bits    ; 36 LEs        ; 36 LEs               ; 0 LEs                  ; Yes        ; |qsyn_dummy_xlr_wrap|ineqsudx_scan:ineqsudx_scan|ineqsudx_scan_solver:solver|candidate[8][0]       ;
; 7:1                ; 9 bits    ; 36 LEs        ; 36 LEs               ; 0 LEs                  ; Yes        ; |qsyn_dummy_xlr_wrap|ineqsudx_scan:ineqsudx_scan|ineqsudx_scan_solver:solver|candidate[7][4]       ;
; 7:1                ; 9 bits    ; 36 LEs        ; 36 LEs               ; 0 LEs                  ; Yes        ; |qsyn_dummy_xlr_wrap|ineqsudx_scan:ineqsudx_scan|ineqsudx_scan_solver:solver|candidate[6][7]       ;
; 7:1                ; 9 bits    ; 36 LEs        ; 36 LEs               ; 0 LEs                  ; Yes        ; |qsyn_dummy_xlr_wrap|ineqsudx_scan:ineqsudx_scan|ineqsudx_scan_solver:solver|candidate[5][0]       ;
; 7:1                ; 9 bits    ; 36 LEs        ; 36 LEs               ; 0 LEs                  ; Yes        ; |qsyn_dummy_xlr_wrap|ineqsudx_scan:ineqsudx_scan|ineqsudx_scan_solver:solver|candidate[4][8]       ;
; 7:1                ; 9 bits    ; 36 LEs        ; 36 LEs               ; 0 LEs                  ; Yes        ; |qsyn_dummy_xlr_wrap|ineqsudx_scan:ineqsudx_scan|ineqsudx_scan_solver:solver|candidate[3][4]       ;
; 7:1                ; 9 bits    ; 36 LEs        ; 36 LEs               ; 0 LEs                  ; Yes        ; |qsyn_dummy_xlr_wrap|ineqsudx_scan:ineqsudx_scan|ineqsudx_scan_solver:solver|candidate[2][0]       ;
; 7:1                ; 9 bits    ; 36 LEs        ; 36 LEs               ; 0 LEs                  ; Yes        ; |qsyn_dummy_xlr_wrap|ineqsudx_scan:ineqsudx_scan|ineqsudx_scan_solver:solver|candidate[1][1]       ;
; 7:1                ; 9 bits    ; 36 LEs        ; 36 LEs               ; 0 LEs                  ; Yes        ; |qsyn_dummy_xlr_wrap|ineqsudx_scan:ineqsudx_scan|ineqsudx_scan_solver:solver|candidate[0][7]       ;
; 24:1               ; 32 bits   ; 512 LEs       ; 512 LEs              ; 0 LEs                  ; Yes        ; |qsyn_dummy_xlr_wrap|dummy_dout[7]~reg0                                                            ;
; 9:1                ; 4 bits    ; 24 LEs        ; 24 LEs               ; 0 LEs                  ; Yes        ; |qsyn_dummy_xlr_wrap|ineqsudx_scan:ineqsudx_scan|ineqsudx_scan_solver:solver|chosen_cell[3]        ;
; 10:1               ; 2 bits    ; 12 LEs        ; 4 LEs                ; 8 LEs                  ; Yes        ; |qsyn_dummy_xlr_wrap|ineqsudx_scan:ineqsudx_scan|state[10]                                         ;
; 13:1               ; 2 bits    ; 16 LEs        ; 6 LEs                ; 10 LEs                 ; Yes        ; |qsyn_dummy_xlr_wrap|ineqsudx_scan:ineqsudx_scan|state[0]                                          ;
; 4:1                ; 6 bits    ; 12 LEs        ; 6 LEs                ; 6 LEs                  ; No         ; |qsyn_dummy_xlr_wrap|ineqsudx_scan:ineqsudx_scan|mem_intf_read.mem_size_bytes[0]                   ;
; 4:1                ; 6 bits    ; 12 LEs        ; 6 LEs                ; 6 LEs                  ; No         ; |qsyn_dummy_xlr_wrap|ineqsudx_scan:ineqsudx_scan|mem_intf_write.mem_size_bytes[1]                  ;
; 3:1                ; 7 bits    ; 14 LEs        ; 14 LEs               ; 0 LEs                  ; No         ; |qsyn_dummy_xlr_wrap|ineqsudx_scan:ineqsudx_scan|ineqsudx_scan_solver:solver|Selector1             ;
; 3:1                ; 7 bits    ; 14 LEs        ; 14 LEs               ; 0 LEs                  ; No         ; |qsyn_dummy_xlr_wrap|ineqsudx_scan:ineqsudx_scan|ineqsudx_scan_solver:solver|Selector37            ;
; 3:1                ; 7 bits    ; 14 LEs        ; 14 LEs               ; 0 LEs                  ; No         ; |qsyn_dummy_xlr_wrap|ineqsudx_scan:ineqsudx_scan|ineqsudx_scan_solver:solver|Selector250           ;
; 3:1                ; 7 bits    ; 14 LEs        ; 14 LEs               ; 0 LEs                  ; No         ; |qsyn_dummy_xlr_wrap|ineqsudx_scan:ineqsudx_scan|ineqsudx_scan_solver:solver|Selector10            ;
; 3:1                ; 7 bits    ; 14 LEs        ; 14 LEs               ; 0 LEs                  ; No         ; |qsyn_dummy_xlr_wrap|ineqsudx_scan:ineqsudx_scan|ineqsudx_scan_solver:solver|Selector20            ;
; 3:1                ; 7 bits    ; 14 LEs        ; 14 LEs               ; 0 LEs                  ; No         ; |qsyn_dummy_xlr_wrap|ineqsudx_scan:ineqsudx_scan|ineqsudx_scan_solver:solver|Selector67            ;
; 3:1                ; 7 bits    ; 14 LEs        ; 14 LEs               ; 0 LEs                  ; No         ; |qsyn_dummy_xlr_wrap|ineqsudx_scan:ineqsudx_scan|ineqsudx_scan_solver:solver|Selector286           ;
; 3:1                ; 7 bits    ; 14 LEs        ; 14 LEs               ; 0 LEs                  ; No         ; |qsyn_dummy_xlr_wrap|ineqsudx_scan:ineqsudx_scan|ineqsudx_scan_solver:solver|Selector34            ;
; 3:1                ; 7 bits    ; 14 LEs        ; 14 LEs               ; 0 LEs                  ; No         ; |qsyn_dummy_xlr_wrap|ineqsudx_scan:ineqsudx_scan|ineqsudx_scan_solver:solver|Selector93            ;
; 3:1                ; 7 bits    ; 14 LEs        ; 14 LEs               ; 0 LEs                  ; No         ; |qsyn_dummy_xlr_wrap|ineqsudx_scan:ineqsudx_scan|ineqsudx_scan_solver:solver|Selector46            ;
; 3:1                ; 7 bits    ; 14 LEs        ; 14 LEs               ; 0 LEs                  ; No         ; |qsyn_dummy_xlr_wrap|ineqsudx_scan:ineqsudx_scan|ineqsudx_scan_solver:solver|Selector56            ;
; 3:1                ; 7 bits    ; 14 LEs        ; 14 LEs               ; 0 LEs                  ; No         ; |qsyn_dummy_xlr_wrap|ineqsudx_scan:ineqsudx_scan|ineqsudx_scan_solver:solver|Selector316           ;
; 3:1                ; 7 bits    ; 14 LEs        ; 14 LEs               ; 0 LEs                  ; No         ; |qsyn_dummy_xlr_wrap|ineqsudx_scan:ineqsudx_scan|ineqsudx_scan_solver:solver|Selector73            ;
; 3:1                ; 7 bits    ; 14 LEs        ; 14 LEs               ; 0 LEs                  ; No         ; |qsyn_dummy_xlr_wrap|ineqsudx_scan:ineqsudx_scan|ineqsudx_scan_solver:solver|Selector119           ;
; 3:1                ; 7 bits    ; 14 LEs        ; 14 LEs               ; 0 LEs                  ; No         ; |qsyn_dummy_xlr_wrap|ineqsudx_scan:ineqsudx_scan|ineqsudx_scan_solver:solver|Selector87            ;
; 3:1                ; 7 bits    ; 14 LEs        ; 14 LEs               ; 0 LEs                  ; No         ; |qsyn_dummy_xlr_wrap|ineqsudx_scan:ineqsudx_scan|ineqsudx_scan_solver:solver|Selector355           ;
; 3:1                ; 7 bits    ; 14 LEs        ; 14 LEs               ; 0 LEs                  ; No         ; |qsyn_dummy_xlr_wrap|ineqsudx_scan:ineqsudx_scan|ineqsudx_scan_solver:solver|Selector150           ;
; 3:1                ; 7 bits    ; 14 LEs        ; 14 LEs               ; 0 LEs                  ; No         ; |qsyn_dummy_xlr_wrap|ineqsudx_scan:ineqsudx_scan|ineqsudx_scan_solver:solver|Selector106           ;
; 3:1                ; 7 bits    ; 14 LEs        ; 14 LEs               ; 0 LEs                  ; No         ; |qsyn_dummy_xlr_wrap|ineqsudx_scan:ineqsudx_scan|ineqsudx_scan_solver:solver|Selector391           ;
; 3:1                ; 7 bits    ; 14 LEs        ; 14 LEs               ; 0 LEs                  ; No         ; |qsyn_dummy_xlr_wrap|ineqsudx_scan:ineqsudx_scan|ineqsudx_scan_solver:solver|Selector113           ;
; 3:1                ; 7 bits    ; 14 LEs        ; 14 LEs               ; 0 LEs                  ; No         ; |qsyn_dummy_xlr_wrap|ineqsudx_scan:ineqsudx_scan|ineqsudx_scan_solver:solver|Selector129           ;
; 3:1                ; 7 bits    ; 14 LEs        ; 14 LEs               ; 0 LEs                  ; No         ; |qsyn_dummy_xlr_wrap|ineqsudx_scan:ineqsudx_scan|ineqsudx_scan_solver:solver|Selector174           ;
; 3:1                ; 7 bits    ; 14 LEs        ; 14 LEs               ; 0 LEs                  ; No         ; |qsyn_dummy_xlr_wrap|ineqsudx_scan:ineqsudx_scan|ineqsudx_scan_solver:solver|Selector140           ;
; 3:1                ; 7 bits    ; 14 LEs        ; 14 LEs               ; 0 LEs                  ; No         ; |qsyn_dummy_xlr_wrap|ineqsudx_scan:ineqsudx_scan|ineqsudx_scan_solver:solver|Selector429           ;
; 3:1                ; 7 bits    ; 14 LEs        ; 14 LEs               ; 0 LEs                  ; No         ; |qsyn_dummy_xlr_wrap|ineqsudx_scan:ineqsudx_scan|ineqsudx_scan_solver:solver|Selector157           ;
; 3:1                ; 7 bits    ; 14 LEs        ; 14 LEs               ; 0 LEs                  ; No         ; |qsyn_dummy_xlr_wrap|ineqsudx_scan:ineqsudx_scan|ineqsudx_scan_solver:solver|Selector203           ;
; 3:1                ; 7 bits    ; 14 LEs        ; 14 LEs               ; 0 LEs                  ; No         ; |qsyn_dummy_xlr_wrap|ineqsudx_scan:ineqsudx_scan|ineqsudx_scan_solver:solver|Selector166           ;
; 3:1                ; 7 bits    ; 14 LEs        ; 14 LEs               ; 0 LEs                  ; No         ; |qsyn_dummy_xlr_wrap|ineqsudx_scan:ineqsudx_scan|ineqsudx_scan_solver:solver|Selector462           ;
; 3:1                ; 7 bits    ; 14 LEs        ; 14 LEs               ; 0 LEs                  ; No         ; |qsyn_dummy_xlr_wrap|ineqsudx_scan:ineqsudx_scan|ineqsudx_scan_solver:solver|Selector181           ;
; 3:1                ; 7 bits    ; 14 LEs        ; 14 LEs               ; 0 LEs                  ; No         ; |qsyn_dummy_xlr_wrap|ineqsudx_scan:ineqsudx_scan|ineqsudx_scan_solver:solver|Selector222           ;
; 3:1                ; 7 bits    ; 14 LEs        ; 14 LEs               ; 0 LEs                  ; No         ; |qsyn_dummy_xlr_wrap|ineqsudx_scan:ineqsudx_scan|ineqsudx_scan_solver:solver|Selector497           ;
; 3:1                ; 7 bits    ; 14 LEs        ; 14 LEs               ; 0 LEs                  ; No         ; |qsyn_dummy_xlr_wrap|ineqsudx_scan:ineqsudx_scan|ineqsudx_scan_solver:solver|Selector191           ;
; 3:1                ; 7 bits    ; 14 LEs        ; 14 LEs               ; 0 LEs                  ; No         ; |qsyn_dummy_xlr_wrap|ineqsudx_scan:ineqsudx_scan|ineqsudx_scan_solver:solver|Selector208           ;
; 3:1                ; 7 bits    ; 14 LEs        ; 14 LEs               ; 0 LEs                  ; No         ; |qsyn_dummy_xlr_wrap|ineqsudx_scan:ineqsudx_scan|ineqsudx_scan_solver:solver|Selector527           ;
; 3:1                ; 7 bits    ; 14 LEs        ; 14 LEs               ; 0 LEs                  ; No         ; |qsyn_dummy_xlr_wrap|ineqsudx_scan:ineqsudx_scan|ineqsudx_scan_solver:solver|Selector272           ;
; 3:1                ; 7 bits    ; 14 LEs        ; 14 LEs               ; 0 LEs                  ; No         ; |qsyn_dummy_xlr_wrap|ineqsudx_scan:ineqsudx_scan|ineqsudx_scan_solver:solver|Selector228           ;
; 3:1                ; 7 bits    ; 14 LEs        ; 14 LEs               ; 0 LEs                  ; No         ; |qsyn_dummy_xlr_wrap|ineqsudx_scan:ineqsudx_scan|ineqsudx_scan_solver:solver|Selector236           ;
; 3:1                ; 7 bits    ; 14 LEs        ; 14 LEs               ; 0 LEs                  ; No         ; |qsyn_dummy_xlr_wrap|ineqsudx_scan:ineqsudx_scan|ineqsudx_scan_solver:solver|Selector550           ;
; 3:1                ; 7 bits    ; 14 LEs        ; 14 LEs               ; 0 LEs                  ; No         ; |qsyn_dummy_xlr_wrap|ineqsudx_scan:ineqsudx_scan|ineqsudx_scan_solver:solver|Selector311           ;
; 3:1                ; 7 bits    ; 14 LEs        ; 14 LEs               ; 0 LEs                  ; No         ; |qsyn_dummy_xlr_wrap|ineqsudx_scan:ineqsudx_scan|ineqsudx_scan_solver:solver|Selector258           ;
; 3:1                ; 7 bits    ; 14 LEs        ; 14 LEs               ; 0 LEs                  ; No         ; |qsyn_dummy_xlr_wrap|ineqsudx_scan:ineqsudx_scan|ineqsudx_scan_solver:solver|Selector586           ;
; 3:1                ; 7 bits    ; 14 LEs        ; 14 LEs               ; 0 LEs                  ; No         ; |qsyn_dummy_xlr_wrap|ineqsudx_scan:ineqsudx_scan|ineqsudx_scan_solver:solver|Selector265           ;
; 3:1                ; 7 bits    ; 14 LEs        ; 14 LEs               ; 0 LEs                  ; No         ; |qsyn_dummy_xlr_wrap|ineqsudx_scan:ineqsudx_scan|ineqsudx_scan_solver:solver|Selector293           ;
; 3:1                ; 7 bits    ; 14 LEs        ; 14 LEs               ; 0 LEs                  ; No         ; |qsyn_dummy_xlr_wrap|ineqsudx_scan:ineqsudx_scan|ineqsudx_scan_solver:solver|Selector344           ;
; 3:1                ; 7 bits    ; 14 LEs        ; 14 LEs               ; 0 LEs                  ; No         ; |qsyn_dummy_xlr_wrap|ineqsudx_scan:ineqsudx_scan|ineqsudx_scan_solver:solver|Selector302           ;
; 3:1                ; 7 bits    ; 14 LEs        ; 14 LEs               ; 0 LEs                  ; No         ; |qsyn_dummy_xlr_wrap|ineqsudx_scan:ineqsudx_scan|ineqsudx_scan_solver:solver|Selector627           ;
; 3:1                ; 7 bits    ; 14 LEs        ; 14 LEs               ; 0 LEs                  ; No         ; |qsyn_dummy_xlr_wrap|ineqsudx_scan:ineqsudx_scan|ineqsudx_scan_solver:solver|Selector380           ;
; 3:1                ; 7 bits    ; 14 LEs        ; 14 LEs               ; 0 LEs                  ; No         ; |qsyn_dummy_xlr_wrap|ineqsudx_scan:ineqsudx_scan|ineqsudx_scan_solver:solver|Selector329           ;
; 3:1                ; 7 bits    ; 14 LEs        ; 14 LEs               ; 0 LEs                  ; No         ; |qsyn_dummy_xlr_wrap|ineqsudx_scan:ineqsudx_scan|ineqsudx_scan_solver:solver|Selector663           ;
; 3:1                ; 7 bits    ; 14 LEs        ; 14 LEs               ; 0 LEs                  ; No         ; |qsyn_dummy_xlr_wrap|ineqsudx_scan:ineqsudx_scan|ineqsudx_scan_solver:solver|Selector337           ;
; 3:1                ; 7 bits    ; 14 LEs        ; 14 LEs               ; 0 LEs                  ; No         ; |qsyn_dummy_xlr_wrap|ineqsudx_scan:ineqsudx_scan|ineqsudx_scan_solver:solver|Selector362           ;
; 3:1                ; 7 bits    ; 14 LEs        ; 14 LEs               ; 0 LEs                  ; No         ; |qsyn_dummy_xlr_wrap|ineqsudx_scan:ineqsudx_scan|ineqsudx_scan_solver:solver|Selector421           ;
; 3:1                ; 7 bits    ; 14 LEs        ; 14 LEs               ; 0 LEs                  ; No         ; |qsyn_dummy_xlr_wrap|ineqsudx_scan:ineqsudx_scan|ineqsudx_scan_solver:solver|Selector694           ;
; 3:1                ; 7 bits    ; 14 LEs        ; 14 LEs               ; 0 LEs                  ; No         ; |qsyn_dummy_xlr_wrap|ineqsudx_scan:ineqsudx_scan|ineqsudx_scan_solver:solver|Selector373           ;
; 3:1                ; 7 bits    ; 14 LEs        ; 14 LEs               ; 0 LEs                  ; No         ; |qsyn_dummy_xlr_wrap|ineqsudx_scan:ineqsudx_scan|ineqsudx_scan_solver:solver|Selector403           ;
; 3:1                ; 7 bits    ; 14 LEs        ; 14 LEs               ; 0 LEs                  ; No         ; |qsyn_dummy_xlr_wrap|ineqsudx_scan:ineqsudx_scan|ineqsudx_scan_solver:solver|Selector452           ;
; 3:1                ; 7 bits    ; 14 LEs        ; 14 LEs               ; 0 LEs                  ; No         ; |qsyn_dummy_xlr_wrap|ineqsudx_scan:ineqsudx_scan|ineqsudx_scan_solver:solver|Selector410           ;
; 3:1                ; 7 bits    ; 14 LEs        ; 14 LEs               ; 0 LEs                  ; No         ; |qsyn_dummy_xlr_wrap|ineqsudx_scan:ineqsudx_scan|ineqsudx_scan_solver:solver|Selector730           ;
; 3:1                ; 7 bits    ; 14 LEs        ; 14 LEs               ; 0 LEs                  ; No         ; |qsyn_dummy_xlr_wrap|ineqsudx_scan:ineqsudx_scan|ineqsudx_scan_solver:solver|Selector493           ;
; 3:1                ; 7 bits    ; 14 LEs        ; 14 LEs               ; 0 LEs                  ; No         ; |qsyn_dummy_xlr_wrap|ineqsudx_scan:ineqsudx_scan|ineqsudx_scan_solver:solver|Selector433           ;
; 3:1                ; 7 bits    ; 14 LEs        ; 14 LEs               ; 0 LEs                  ; No         ; |qsyn_dummy_xlr_wrap|ineqsudx_scan:ineqsudx_scan|ineqsudx_scan_solver:solver|Selector443           ;
; 3:1                ; 7 bits    ; 14 LEs        ; 14 LEs               ; 0 LEs                  ; No         ; |qsyn_dummy_xlr_wrap|ineqsudx_scan:ineqsudx_scan|ineqsudx_scan_solver:solver|Selector768           ;
; 3:1                ; 7 bits    ; 14 LEs        ; 14 LEs               ; 0 LEs                  ; No         ; |qsyn_dummy_xlr_wrap|ineqsudx_scan:ineqsudx_scan|ineqsudx_scan_solver:solver|Selector519           ;
; 3:1                ; 7 bits    ; 14 LEs        ; 14 LEs               ; 0 LEs                  ; No         ; |qsyn_dummy_xlr_wrap|ineqsudx_scan:ineqsudx_scan|ineqsudx_scan_solver:solver|Selector470           ;
; 3:1                ; 7 bits    ; 14 LEs        ; 14 LEs               ; 0 LEs                  ; No         ; |qsyn_dummy_xlr_wrap|ineqsudx_scan:ineqsudx_scan|ineqsudx_scan_solver:solver|Selector482           ;
; 3:1                ; 7 bits    ; 14 LEs        ; 14 LEs               ; 0 LEs                  ; No         ; |qsyn_dummy_xlr_wrap|ineqsudx_scan:ineqsudx_scan|ineqsudx_scan_solver:solver|Selector803           ;
; 3:1                ; 7 bits    ; 14 LEs        ; 14 LEs               ; 0 LEs                  ; No         ; |qsyn_dummy_xlr_wrap|ineqsudx_scan:ineqsudx_scan|ineqsudx_scan_solver:solver|Selector832           ;
; 3:1                ; 7 bits    ; 14 LEs        ; 14 LEs               ; 0 LEs                  ; No         ; |qsyn_dummy_xlr_wrap|ineqsudx_scan:ineqsudx_scan|ineqsudx_scan_solver:solver|Selector510           ;
; 3:1                ; 7 bits    ; 14 LEs        ; 14 LEs               ; 0 LEs                  ; No         ; |qsyn_dummy_xlr_wrap|ineqsudx_scan:ineqsudx_scan|ineqsudx_scan_solver:solver|Selector532           ;
; 3:1                ; 7 bits    ; 14 LEs        ; 14 LEs               ; 0 LEs                  ; No         ; |qsyn_dummy_xlr_wrap|ineqsudx_scan:ineqsudx_scan|ineqsudx_scan_solver:solver|Selector583           ;
; 3:1                ; 7 bits    ; 14 LEs        ; 14 LEs               ; 0 LEs                  ; No         ; |qsyn_dummy_xlr_wrap|ineqsudx_scan:ineqsudx_scan|ineqsudx_scan_solver:solver|Selector547           ;
; 3:1                ; 7 bits    ; 14 LEs        ; 14 LEs               ; 0 LEs                  ; No         ; |qsyn_dummy_xlr_wrap|ineqsudx_scan:ineqsudx_scan|ineqsudx_scan_solver:solver|Selector862           ;
; 3:1                ; 7 bits    ; 14 LEs        ; 14 LEs               ; 0 LEs                  ; No         ; |qsyn_dummy_xlr_wrap|ineqsudx_scan:ineqsudx_scan|ineqsudx_scan_solver:solver|Selector562           ;
; 3:1                ; 7 bits    ; 14 LEs        ; 14 LEs               ; 0 LEs                  ; No         ; |qsyn_dummy_xlr_wrap|ineqsudx_scan:ineqsudx_scan|ineqsudx_scan_solver:solver|Selector618           ;
; 3:1                ; 7 bits    ; 14 LEs        ; 14 LEs               ; 0 LEs                  ; No         ; |qsyn_dummy_xlr_wrap|ineqsudx_scan:ineqsudx_scan|ineqsudx_scan_solver:solver|Selector568           ;
; 3:1                ; 7 bits    ; 14 LEs        ; 14 LEs               ; 0 LEs                  ; No         ; |qsyn_dummy_xlr_wrap|ineqsudx_scan:ineqsudx_scan|ineqsudx_scan_solver:solver|Selector893           ;
; 3:1                ; 7 bits    ; 14 LEs        ; 14 LEs               ; 0 LEs                  ; No         ; |qsyn_dummy_xlr_wrap|ineqsudx_scan:ineqsudx_scan|ineqsudx_scan_solver:solver|Selector601           ;
; 3:1                ; 7 bits    ; 14 LEs        ; 14 LEs               ; 0 LEs                  ; No         ; |qsyn_dummy_xlr_wrap|ineqsudx_scan:ineqsudx_scan|ineqsudx_scan_solver:solver|Selector651           ;
; 3:1                ; 7 bits    ; 14 LEs        ; 14 LEs               ; 0 LEs                  ; No         ; |qsyn_dummy_xlr_wrap|ineqsudx_scan:ineqsudx_scan|ineqsudx_scan_solver:solver|Selector928           ;
; 3:1                ; 7 bits    ; 14 LEs        ; 14 LEs               ; 0 LEs                  ; No         ; |qsyn_dummy_xlr_wrap|ineqsudx_scan:ineqsudx_scan|ineqsudx_scan_solver:solver|Selector605           ;
; 3:1                ; 7 bits    ; 14 LEs        ; 14 LEs               ; 0 LEs                  ; No         ; |qsyn_dummy_xlr_wrap|ineqsudx_scan:ineqsudx_scan|ineqsudx_scan_solver:solver|Selector687           ;
; 3:1                ; 7 bits    ; 14 LEs        ; 14 LEs               ; 0 LEs                  ; No         ; |qsyn_dummy_xlr_wrap|ineqsudx_scan:ineqsudx_scan|ineqsudx_scan_solver:solver|Selector635           ;
; 3:1                ; 7 bits    ; 14 LEs        ; 14 LEs               ; 0 LEs                  ; No         ; |qsyn_dummy_xlr_wrap|ineqsudx_scan:ineqsudx_scan|ineqsudx_scan_solver:solver|Selector966           ;
; 3:1                ; 7 bits    ; 14 LEs        ; 14 LEs               ; 0 LEs                  ; No         ; |qsyn_dummy_xlr_wrap|ineqsudx_scan:ineqsudx_scan|ineqsudx_scan_solver:solver|Selector640           ;
; 3:1                ; 7 bits    ; 14 LEs        ; 14 LEs               ; 0 LEs                  ; No         ; |qsyn_dummy_xlr_wrap|ineqsudx_scan:ineqsudx_scan|ineqsudx_scan_solver:solver|Selector670           ;
; 3:1                ; 7 bits    ; 14 LEs        ; 14 LEs               ; 0 LEs                  ; No         ; |qsyn_dummy_xlr_wrap|ineqsudx_scan:ineqsudx_scan|ineqsudx_scan_solver:solver|Selector721           ;
; 3:1                ; 7 bits    ; 14 LEs        ; 14 LEs               ; 0 LEs                  ; No         ; |qsyn_dummy_xlr_wrap|ineqsudx_scan:ineqsudx_scan|ineqsudx_scan_solver:solver|Selector1005          ;
; 3:1                ; 7 bits    ; 14 LEs        ; 14 LEs               ; 0 LEs                  ; No         ; |qsyn_dummy_xlr_wrap|ineqsudx_scan:ineqsudx_scan|ineqsudx_scan_solver:solver|Selector677           ;
; 3:1                ; 7 bits    ; 14 LEs        ; 14 LEs               ; 0 LEs                  ; No         ; |qsyn_dummy_xlr_wrap|ineqsudx_scan:ineqsudx_scan|ineqsudx_scan_solver:solver|Selector763           ;
; 3:1                ; 7 bits    ; 14 LEs        ; 14 LEs               ; 0 LEs                  ; No         ; |qsyn_dummy_xlr_wrap|ineqsudx_scan:ineqsudx_scan|ineqsudx_scan_solver:solver|Selector707           ;
; 3:1                ; 7 bits    ; 14 LEs        ; 14 LEs               ; 0 LEs                  ; No         ; |qsyn_dummy_xlr_wrap|ineqsudx_scan:ineqsudx_scan|ineqsudx_scan_solver:solver|Selector715           ;
; 3:1                ; 7 bits    ; 14 LEs        ; 14 LEs               ; 0 LEs                  ; No         ; |qsyn_dummy_xlr_wrap|ineqsudx_scan:ineqsudx_scan|ineqsudx_scan_solver:solver|Selector1042          ;
; 3:1                ; 7 bits    ; 14 LEs        ; 14 LEs               ; 0 LEs                  ; No         ; |qsyn_dummy_xlr_wrap|ineqsudx_scan:ineqsudx_scan|ineqsudx_scan_solver:solver|Selector740           ;
; 3:1                ; 7 bits    ; 14 LEs        ; 14 LEs               ; 0 LEs                  ; No         ; |qsyn_dummy_xlr_wrap|ineqsudx_scan:ineqsudx_scan|ineqsudx_scan_solver:solver|Selector793           ;
; 3:1                ; 7 bits    ; 14 LEs        ; 14 LEs               ; 0 LEs                  ; No         ; |qsyn_dummy_xlr_wrap|ineqsudx_scan:ineqsudx_scan|ineqsudx_scan_solver:solver|Selector753           ;
; 3:1                ; 7 bits    ; 14 LEs        ; 14 LEs               ; 0 LEs                  ; No         ; |qsyn_dummy_xlr_wrap|ineqsudx_scan:ineqsudx_scan|ineqsudx_scan_solver:solver|Selector1073          ;
; 3:1                ; 7 bits    ; 14 LEs        ; 14 LEs               ; 0 LEs                  ; No         ; |qsyn_dummy_xlr_wrap|ineqsudx_scan:ineqsudx_scan|ineqsudx_scan_solver:solver|Selector776           ;
; 3:1                ; 7 bits    ; 14 LEs        ; 14 LEs               ; 0 LEs                  ; No         ; |qsyn_dummy_xlr_wrap|ineqsudx_scan:ineqsudx_scan|ineqsudx_scan_solver:solver|Selector824           ;
; 3:1                ; 7 bits    ; 14 LEs        ; 14 LEs               ; 0 LEs                  ; No         ; |qsyn_dummy_xlr_wrap|ineqsudx_scan:ineqsudx_scan|ineqsudx_scan_solver:solver|Selector790           ;
; 3:1                ; 7 bits    ; 14 LEs        ; 14 LEs               ; 0 LEs                  ; No         ; |qsyn_dummy_xlr_wrap|ineqsudx_scan:ineqsudx_scan|ineqsudx_scan_solver:solver|Selector1114          ;
; 3:1                ; 7 bits    ; 14 LEs        ; 14 LEs               ; 0 LEs                  ; No         ; |qsyn_dummy_xlr_wrap|ineqsudx_scan:ineqsudx_scan|ineqsudx_scan_solver:solver|Selector815           ;
; 3:1                ; 7 bits    ; 14 LEs        ; 14 LEs               ; 0 LEs                  ; No         ; |qsyn_dummy_xlr_wrap|ineqsudx_scan:ineqsudx_scan|ineqsudx_scan_solver:solver|Selector1141          ;
; 3:1                ; 7 bits    ; 14 LEs        ; 14 LEs               ; 0 LEs                  ; No         ; |qsyn_dummy_xlr_wrap|ineqsudx_scan:ineqsudx_scan|ineqsudx_scan_solver:solver|Selector838           ;
; 3:1                ; 7 bits    ; 14 LEs        ; 14 LEs               ; 0 LEs                  ; No         ; |qsyn_dummy_xlr_wrap|ineqsudx_scan:ineqsudx_scan|ineqsudx_scan_solver:solver|Selector888           ;
; 3:1                ; 7 bits    ; 14 LEs        ; 14 LEs               ; 0 LEs                  ; No         ; |qsyn_dummy_xlr_wrap|ineqsudx_scan:ineqsudx_scan|ineqsudx_scan_solver:solver|Selector851           ;
; 3:1                ; 7 bits    ; 14 LEs        ; 14 LEs               ; 0 LEs                  ; No         ; |qsyn_dummy_xlr_wrap|ineqsudx_scan:ineqsudx_scan|ineqsudx_scan_solver:solver|Selector1166          ;
; 3:1                ; 7 bits    ; 14 LEs        ; 14 LEs               ; 0 LEs                  ; No         ; |qsyn_dummy_xlr_wrap|ineqsudx_scan:ineqsudx_scan|ineqsudx_scan_solver:solver|Selector868           ;
; 3:1                ; 7 bits    ; 14 LEs        ; 14 LEs               ; 0 LEs                  ; No         ; |qsyn_dummy_xlr_wrap|ineqsudx_scan:ineqsudx_scan|ineqsudx_scan_solver:solver|Selector925           ;
; 3:1                ; 7 bits    ; 14 LEs        ; 14 LEs               ; 0 LEs                  ; No         ; |qsyn_dummy_xlr_wrap|ineqsudx_scan:ineqsudx_scan|ineqsudx_scan_solver:solver|Selector877           ;
; 3:1                ; 7 bits    ; 14 LEs        ; 14 LEs               ; 0 LEs                  ; No         ; |qsyn_dummy_xlr_wrap|ineqsudx_scan:ineqsudx_scan|ineqsudx_scan_solver:solver|Selector1201          ;
; 3:1                ; 7 bits    ; 14 LEs        ; 14 LEs               ; 0 LEs                  ; No         ; |qsyn_dummy_xlr_wrap|ineqsudx_scan:ineqsudx_scan|ineqsudx_scan_solver:solver|Selector905           ;
; 3:1                ; 7 bits    ; 14 LEs        ; 14 LEs               ; 0 LEs                  ; No         ; |qsyn_dummy_xlr_wrap|ineqsudx_scan:ineqsudx_scan|ineqsudx_scan_solver:solver|Selector960           ;
; 3:1                ; 7 bits    ; 14 LEs        ; 14 LEs               ; 0 LEs                  ; No         ; |qsyn_dummy_xlr_wrap|ineqsudx_scan:ineqsudx_scan|ineqsudx_scan_solver:solver|Selector1234          ;
; 3:1                ; 7 bits    ; 14 LEs        ; 14 LEs               ; 0 LEs                  ; No         ; |qsyn_dummy_xlr_wrap|ineqsudx_scan:ineqsudx_scan|ineqsudx_scan_solver:solver|Selector916           ;
; 3:1                ; 7 bits    ; 14 LEs        ; 14 LEs               ; 0 LEs                  ; No         ; |qsyn_dummy_xlr_wrap|ineqsudx_scan:ineqsudx_scan|ineqsudx_scan_solver:solver|Selector994           ;
; 3:1                ; 7 bits    ; 14 LEs        ; 14 LEs               ; 0 LEs                  ; No         ; |qsyn_dummy_xlr_wrap|ineqsudx_scan:ineqsudx_scan|ineqsudx_scan_solver:solver|Selector943           ;
; 3:1                ; 7 bits    ; 14 LEs        ; 14 LEs               ; 0 LEs                  ; No         ; |qsyn_dummy_xlr_wrap|ineqsudx_scan:ineqsudx_scan|ineqsudx_scan_solver:solver|Selector951           ;
; 3:1                ; 7 bits    ; 14 LEs        ; 14 LEs               ; 0 LEs                  ; No         ; |qsyn_dummy_xlr_wrap|ineqsudx_scan:ineqsudx_scan|ineqsudx_scan_solver:solver|Selector1275          ;
; 3:1                ; 7 bits    ; 14 LEs        ; 14 LEs               ; 0 LEs                  ; No         ; |qsyn_dummy_xlr_wrap|ineqsudx_scan:ineqsudx_scan|ineqsudx_scan_solver:solver|Selector979           ;
; 3:1                ; 7 bits    ; 14 LEs        ; 14 LEs               ; 0 LEs                  ; No         ; |qsyn_dummy_xlr_wrap|ineqsudx_scan:ineqsudx_scan|ineqsudx_scan_solver:solver|Selector1033          ;
; 3:1                ; 7 bits    ; 14 LEs        ; 14 LEs               ; 0 LEs                  ; No         ; |qsyn_dummy_xlr_wrap|ineqsudx_scan:ineqsudx_scan|ineqsudx_scan_solver:solver|Selector1308          ;
; 3:1                ; 7 bits    ; 14 LEs        ; 14 LEs               ; 0 LEs                  ; No         ; |qsyn_dummy_xlr_wrap|ineqsudx_scan:ineqsudx_scan|ineqsudx_scan_solver:solver|Selector985           ;
; 3:1                ; 7 bits    ; 14 LEs        ; 14 LEs               ; 0 LEs                  ; No         ; |qsyn_dummy_xlr_wrap|ineqsudx_scan:ineqsudx_scan|ineqsudx_scan_solver:solver|Selector1013          ;
; 3:1                ; 7 bits    ; 14 LEs        ; 14 LEs               ; 0 LEs                  ; No         ; |qsyn_dummy_xlr_wrap|ineqsudx_scan:ineqsudx_scan|ineqsudx_scan_solver:solver|Selector1066          ;
; 3:1                ; 7 bits    ; 14 LEs        ; 14 LEs               ; 0 LEs                  ; No         ; |qsyn_dummy_xlr_wrap|ineqsudx_scan:ineqsudx_scan|ineqsudx_scan_solver:solver|Selector1024          ;
; 3:1                ; 7 bits    ; 14 LEs        ; 14 LEs               ; 0 LEs                  ; No         ; |qsyn_dummy_xlr_wrap|ineqsudx_scan:ineqsudx_scan|ineqsudx_scan_solver:solver|Selector1347          ;
; 3:1                ; 7 bits    ; 14 LEs        ; 14 LEs               ; 0 LEs                  ; No         ; |qsyn_dummy_xlr_wrap|ineqsudx_scan:ineqsudx_scan|ineqsudx_scan_solver:solver|Selector1105          ;
; 3:1                ; 7 bits    ; 14 LEs        ; 14 LEs               ; 0 LEs                  ; No         ; |qsyn_dummy_xlr_wrap|ineqsudx_scan:ineqsudx_scan|ineqsudx_scan_solver:solver|Selector1049          ;
; 3:1                ; 7 bits    ; 14 LEs        ; 14 LEs               ; 0 LEs                  ; No         ; |qsyn_dummy_xlr_wrap|ineqsudx_scan:ineqsudx_scan|ineqsudx_scan_solver:solver|Selector1383          ;
; 3:1                ; 7 bits    ; 14 LEs        ; 14 LEs               ; 0 LEs                  ; No         ; |qsyn_dummy_xlr_wrap|ineqsudx_scan:ineqsudx_scan|ineqsudx_scan_solver:solver|Selector1054          ;
; 3:1                ; 7 bits    ; 14 LEs        ; 14 LEs               ; 0 LEs                  ; No         ; |qsyn_dummy_xlr_wrap|ineqsudx_scan:ineqsudx_scan|ineqsudx_scan_solver:solver|Selector1131          ;
; 3:1                ; 7 bits    ; 14 LEs        ; 14 LEs               ; 0 LEs                  ; No         ; |qsyn_dummy_xlr_wrap|ineqsudx_scan:ineqsudx_scan|ineqsudx_scan_solver:solver|Selector1085          ;
; 3:1                ; 7 bits    ; 14 LEs        ; 14 LEs               ; 0 LEs                  ; No         ; |qsyn_dummy_xlr_wrap|ineqsudx_scan:ineqsudx_scan|ineqsudx_scan_solver:solver|Selector1090          ;
; 3:1                ; 7 bits    ; 14 LEs        ; 14 LEs               ; 0 LEs                  ; No         ; |qsyn_dummy_xlr_wrap|ineqsudx_scan:ineqsudx_scan|ineqsudx_scan_solver:solver|Selector1414          ;
; 3:1                ; 7 bits    ; 14 LEs        ; 14 LEs               ; 0 LEs                  ; No         ; |qsyn_dummy_xlr_wrap|ineqsudx_scan:ineqsudx_scan|ineqsudx_scan_solver:solver|Selector1446          ;
; 3:1                ; 7 bits    ; 14 LEs        ; 14 LEs               ; 0 LEs                  ; No         ; |qsyn_dummy_xlr_wrap|ineqsudx_scan:ineqsudx_scan|ineqsudx_scan_solver:solver|Selector1122          ;
; 3:1                ; 7 bits    ; 14 LEs        ; 14 LEs               ; 0 LEs                  ; No         ; |qsyn_dummy_xlr_wrap|ineqsudx_scan:ineqsudx_scan|ineqsudx_scan_solver:solver|Selector1193          ;
; 3:1                ; 7 bits    ; 14 LEs        ; 14 LEs               ; 0 LEs                  ; No         ; |qsyn_dummy_xlr_wrap|ineqsudx_scan:ineqsudx_scan|ineqsudx_scan_solver:solver|Selector1147          ;
; 3:1                ; 7 bits    ; 14 LEs        ; 14 LEs               ; 0 LEs                  ; No         ; |qsyn_dummy_xlr_wrap|ineqsudx_scan:ineqsudx_scan|ineqsudx_scan_solver:solver|Selector1155          ;
; 3:1                ; 7 bits    ; 14 LEs        ; 14 LEs               ; 0 LEs                  ; No         ; |qsyn_dummy_xlr_wrap|ineqsudx_scan:ineqsudx_scan|ineqsudx_scan_solver:solver|Selector1468          ;
; 3:1                ; 7 bits    ; 14 LEs        ; 14 LEs               ; 0 LEs                  ; No         ; |qsyn_dummy_xlr_wrap|ineqsudx_scan:ineqsudx_scan|ineqsudx_scan_solver:solver|Selector1231          ;
; 3:1                ; 7 bits    ; 14 LEs        ; 14 LEs               ; 0 LEs                  ; No         ; |qsyn_dummy_xlr_wrap|ineqsudx_scan:ineqsudx_scan|ineqsudx_scan_solver:solver|Selector1174          ;
; 3:1                ; 7 bits    ; 14 LEs        ; 14 LEs               ; 0 LEs                  ; No         ; |qsyn_dummy_xlr_wrap|ineqsudx_scan:ineqsudx_scan|ineqsudx_scan_solver:solver|Selector1507          ;
; 3:1                ; 7 bits    ; 14 LEs        ; 14 LEs               ; 0 LEs                  ; No         ; |qsyn_dummy_xlr_wrap|ineqsudx_scan:ineqsudx_scan|ineqsudx_scan_solver:solver|Selector1185          ;
; 3:1                ; 7 bits    ; 14 LEs        ; 14 LEs               ; 0 LEs                  ; No         ; |qsyn_dummy_xlr_wrap|ineqsudx_scan:ineqsudx_scan|ineqsudx_scan_solver:solver|Selector1264          ;
; 3:1                ; 7 bits    ; 14 LEs        ; 14 LEs               ; 0 LEs                  ; No         ; |qsyn_dummy_xlr_wrap|ineqsudx_scan:ineqsudx_scan|ineqsudx_scan_solver:solver|Selector1213          ;
; 3:1                ; 7 bits    ; 14 LEs        ; 14 LEs               ; 0 LEs                  ; No         ; |qsyn_dummy_xlr_wrap|ineqsudx_scan:ineqsudx_scan|ineqsudx_scan_solver:solver|Selector1545          ;
; 3:1                ; 7 bits    ; 14 LEs        ; 14 LEs               ; 0 LEs                  ; No         ; |qsyn_dummy_xlr_wrap|ineqsudx_scan:ineqsudx_scan|ineqsudx_scan_solver:solver|Selector1216          ;
; 3:1                ; 7 bits    ; 14 LEs        ; 14 LEs               ; 0 LEs                  ; No         ; |qsyn_dummy_xlr_wrap|ineqsudx_scan:ineqsudx_scan|ineqsudx_scan_solver:solver|Selector1246          ;
; 3:1                ; 7 bits    ; 14 LEs        ; 14 LEs               ; 0 LEs                  ; No         ; |qsyn_dummy_xlr_wrap|ineqsudx_scan:ineqsudx_scan|ineqsudx_scan_solver:solver|Selector1297          ;
; 3:1                ; 7 bits    ; 14 LEs        ; 14 LEs               ; 0 LEs                  ; No         ; |qsyn_dummy_xlr_wrap|ineqsudx_scan:ineqsudx_scan|ineqsudx_scan_solver:solver|Selector1253          ;
; 3:1                ; 7 bits    ; 14 LEs        ; 14 LEs               ; 0 LEs                  ; No         ; |qsyn_dummy_xlr_wrap|ineqsudx_scan:ineqsudx_scan|ineqsudx_scan_solver:solver|Selector1582          ;
; 3:1                ; 7 bits    ; 14 LEs        ; 14 LEs               ; 0 LEs                  ; No         ; |qsyn_dummy_xlr_wrap|ineqsudx_scan:ineqsudx_scan|ineqsudx_scan_solver:solver|Selector1338          ;
; 3:1                ; 7 bits    ; 14 LEs        ; 14 LEs               ; 0 LEs                  ; No         ; |qsyn_dummy_xlr_wrap|ineqsudx_scan:ineqsudx_scan|ineqsudx_scan_solver:solver|Selector1284          ;
; 3:1                ; 7 bits    ; 14 LEs        ; 14 LEs               ; 0 LEs                  ; No         ; |qsyn_dummy_xlr_wrap|ineqsudx_scan:ineqsudx_scan|ineqsudx_scan_solver:solver|Selector1612          ;
; 3:1                ; 7 bits    ; 14 LEs        ; 14 LEs               ; 0 LEs                  ; No         ; |qsyn_dummy_xlr_wrap|ineqsudx_scan:ineqsudx_scan|ineqsudx_scan_solver:solver|Selector1293          ;
; 3:1                ; 7 bits    ; 14 LEs        ; 14 LEs               ; 0 LEs                  ; No         ; |qsyn_dummy_xlr_wrap|ineqsudx_scan:ineqsudx_scan|ineqsudx_scan_solver:solver|Selector1321          ;
; 3:1                ; 7 bits    ; 14 LEs        ; 14 LEs               ; 0 LEs                  ; No         ; |qsyn_dummy_xlr_wrap|ineqsudx_scan:ineqsudx_scan|ineqsudx_scan_solver:solver|Selector1371          ;
; 3:1                ; 7 bits    ; 14 LEs        ; 14 LEs               ; 0 LEs                  ; No         ; |qsyn_dummy_xlr_wrap|ineqsudx_scan:ineqsudx_scan|ineqsudx_scan_solver:solver|Selector1326          ;
; 3:1                ; 7 bits    ; 14 LEs        ; 14 LEs               ; 0 LEs                  ; No         ; |qsyn_dummy_xlr_wrap|ineqsudx_scan:ineqsudx_scan|ineqsudx_scan_solver:solver|Selector1654          ;
; 3:1                ; 7 bits    ; 14 LEs        ; 14 LEs               ; 0 LEs                  ; No         ; |qsyn_dummy_xlr_wrap|ineqsudx_scan:ineqsudx_scan|ineqsudx_scan_solver:solver|Selector1357          ;
; 3:1                ; 7 bits    ; 14 LEs        ; 14 LEs               ; 0 LEs                  ; No         ; |qsyn_dummy_xlr_wrap|ineqsudx_scan:ineqsudx_scan|ineqsudx_scan_solver:solver|Selector1405          ;
; 3:1                ; 7 bits    ; 14 LEs        ; 14 LEs               ; 0 LEs                  ; No         ; |qsyn_dummy_xlr_wrap|ineqsudx_scan:ineqsudx_scan|ineqsudx_scan_solver:solver|Selector1686          ;
; 3:1                ; 7 bits    ; 14 LEs        ; 14 LEs               ; 0 LEs                  ; No         ; |qsyn_dummy_xlr_wrap|ineqsudx_scan:ineqsudx_scan|ineqsudx_scan_solver:solver|Selector1363          ;
; 3:1                ; 7 bits    ; 14 LEs        ; 14 LEs               ; 0 LEs                  ; No         ; |qsyn_dummy_xlr_wrap|ineqsudx_scan:ineqsudx_scan|ineqsudx_scan_solver:solver|Selector1393          ;
; 3:1                ; 7 bits    ; 14 LEs        ; 14 LEs               ; 0 LEs                  ; No         ; |qsyn_dummy_xlr_wrap|ineqsudx_scan:ineqsudx_scan|ineqsudx_scan_solver:solver|Selector1435          ;
; 3:1                ; 7 bits    ; 14 LEs        ; 14 LEs               ; 0 LEs                  ; No         ; |qsyn_dummy_xlr_wrap|ineqsudx_scan:ineqsudx_scan|ineqsudx_scan_solver:solver|Selector1726          ;
; 3:1                ; 7 bits    ; 14 LEs        ; 14 LEs               ; 0 LEs                  ; No         ; |qsyn_dummy_xlr_wrap|ineqsudx_scan:ineqsudx_scan|ineqsudx_scan_solver:solver|Selector1399          ;
; 3:1                ; 7 bits    ; 14 LEs        ; 14 LEs               ; 0 LEs                  ; No         ; |qsyn_dummy_xlr_wrap|ineqsudx_scan:ineqsudx_scan|ineqsudx_scan_solver:solver|Selector1423          ;
; 3:1                ; 7 bits    ; 14 LEs        ; 14 LEs               ; 0 LEs                  ; No         ; |qsyn_dummy_xlr_wrap|ineqsudx_scan:ineqsudx_scan|ineqsudx_scan_solver:solver|Selector1753          ;
; 3:1                ; 7 bits    ; 14 LEs        ; 14 LEs               ; 0 LEs                  ; No         ; |qsyn_dummy_xlr_wrap|ineqsudx_scan:ineqsudx_scan|ineqsudx_scan_solver:solver|Selector1453          ;
; 3:1                ; 7 bits    ; 14 LEs        ; 14 LEs               ; 0 LEs                  ; No         ; |qsyn_dummy_xlr_wrap|ineqsudx_scan:ineqsudx_scan|ineqsudx_scan_solver:solver|Selector1500          ;
; 3:1                ; 7 bits    ; 14 LEs        ; 14 LEs               ; 0 LEs                  ; No         ; |qsyn_dummy_xlr_wrap|ineqsudx_scan:ineqsudx_scan|ineqsudx_scan_solver:solver|Selector1459          ;
; 3:1                ; 7 bits    ; 14 LEs        ; 14 LEs               ; 0 LEs                  ; No         ; |qsyn_dummy_xlr_wrap|ineqsudx_scan:ineqsudx_scan|ineqsudx_scan_solver:solver|Selector1774          ;
; 3:1                ; 7 bits    ; 14 LEs        ; 14 LEs               ; 0 LEs                  ; No         ; |qsyn_dummy_xlr_wrap|ineqsudx_scan:ineqsudx_scan|ineqsudx_scan_solver:solver|Selector1537          ;
; 3:1                ; 7 bits    ; 14 LEs        ; 14 LEs               ; 0 LEs                  ; No         ; |qsyn_dummy_xlr_wrap|ineqsudx_scan:ineqsudx_scan|ineqsudx_scan_solver:solver|Selector1477          ;
; 3:1                ; 7 bits    ; 14 LEs        ; 14 LEs               ; 0 LEs                  ; No         ; |qsyn_dummy_xlr_wrap|ineqsudx_scan:ineqsudx_scan|ineqsudx_scan_solver:solver|Selector1810          ;
; 3:1                ; 7 bits    ; 14 LEs        ; 14 LEs               ; 0 LEs                  ; No         ; |qsyn_dummy_xlr_wrap|ineqsudx_scan:ineqsudx_scan|ineqsudx_scan_solver:solver|Selector1490          ;
; 3:1                ; 7 bits    ; 14 LEs        ; 14 LEs               ; 0 LEs                  ; No         ; |qsyn_dummy_xlr_wrap|ineqsudx_scan:ineqsudx_scan|ineqsudx_scan_solver:solver|Selector1573          ;
; 3:1                ; 7 bits    ; 14 LEs        ; 14 LEs               ; 0 LEs                  ; No         ; |qsyn_dummy_xlr_wrap|ineqsudx_scan:ineqsudx_scan|ineqsudx_scan_solver:solver|Selector1514          ;
; 3:1                ; 7 bits    ; 14 LEs        ; 14 LEs               ; 0 LEs                  ; No         ; |qsyn_dummy_xlr_wrap|ineqsudx_scan:ineqsudx_scan|ineqsudx_scan_solver:solver|Selector1524          ;
; 3:1                ; 7 bits    ; 14 LEs        ; 14 LEs               ; 0 LEs                  ; No         ; |qsyn_dummy_xlr_wrap|ineqsudx_scan:ineqsudx_scan|ineqsudx_scan_solver:solver|Selector1847          ;
; 3:1                ; 7 bits    ; 14 LEs        ; 14 LEs               ; 0 LEs                  ; No         ; |qsyn_dummy_xlr_wrap|ineqsudx_scan:ineqsudx_scan|ineqsudx_scan_solver:solver|Selector1609          ;
; 3:1                ; 7 bits    ; 14 LEs        ; 14 LEs               ; 0 LEs                  ; No         ; |qsyn_dummy_xlr_wrap|ineqsudx_scan:ineqsudx_scan|ineqsudx_scan_solver:solver|Selector1549          ;
; 3:1                ; 7 bits    ; 14 LEs        ; 14 LEs               ; 0 LEs                  ; No         ; |qsyn_dummy_xlr_wrap|ineqsudx_scan:ineqsudx_scan|ineqsudx_scan_solver:solver|Selector1888          ;
; 3:1                ; 7 bits    ; 14 LEs        ; 14 LEs               ; 0 LEs                  ; No         ; |qsyn_dummy_xlr_wrap|ineqsudx_scan:ineqsudx_scan|ineqsudx_scan_solver:solver|Selector1562          ;
; 3:1                ; 7 bits    ; 14 LEs        ; 14 LEs               ; 0 LEs                  ; No         ; |qsyn_dummy_xlr_wrap|ineqsudx_scan:ineqsudx_scan|ineqsudx_scan_solver:solver|Selector1590          ;
; 3:1                ; 7 bits    ; 14 LEs        ; 14 LEs               ; 0 LEs                  ; No         ; |qsyn_dummy_xlr_wrap|ineqsudx_scan:ineqsudx_scan|ineqsudx_scan_solver:solver|Selector1640          ;
; 3:1                ; 7 bits    ; 14 LEs        ; 14 LEs               ; 0 LEs                  ; No         ; |qsyn_dummy_xlr_wrap|ineqsudx_scan:ineqsudx_scan|ineqsudx_scan_solver:solver|Selector1923          ;
; 3:1                ; 7 bits    ; 14 LEs        ; 14 LEs               ; 0 LEs                  ; No         ; |qsyn_dummy_xlr_wrap|ineqsudx_scan:ineqsudx_scan|ineqsudx_scan_solver:solver|Selector1596          ;
; 3:1                ; 7 bits    ; 14 LEs        ; 14 LEs               ; 0 LEs                  ; No         ; |qsyn_dummy_xlr_wrap|ineqsudx_scan:ineqsudx_scan|ineqsudx_scan_solver:solver|Selector1679          ;
; 3:1                ; 7 bits    ; 14 LEs        ; 14 LEs               ; 0 LEs                  ; No         ; |qsyn_dummy_xlr_wrap|ineqsudx_scan:ineqsudx_scan|ineqsudx_scan_solver:solver|Selector1627          ;
; 3:1                ; 7 bits    ; 14 LEs        ; 14 LEs               ; 0 LEs                  ; No         ; |qsyn_dummy_xlr_wrap|ineqsudx_scan:ineqsudx_scan|ineqsudx_scan_solver:solver|Selector1960          ;
; 3:1                ; 7 bits    ; 14 LEs        ; 14 LEs               ; 0 LEs                  ; No         ; |qsyn_dummy_xlr_wrap|ineqsudx_scan:ineqsudx_scan|ineqsudx_scan_solver:solver|Selector1632          ;
; 3:1                ; 7 bits    ; 14 LEs        ; 14 LEs               ; 0 LEs                  ; No         ; |qsyn_dummy_xlr_wrap|ineqsudx_scan:ineqsudx_scan|ineqsudx_scan_solver:solver|Selector1660          ;
; 3:1                ; 7 bits    ; 14 LEs        ; 14 LEs               ; 0 LEs                  ; No         ; |qsyn_dummy_xlr_wrap|ineqsudx_scan:ineqsudx_scan|ineqsudx_scan_solver:solver|Selector1711          ;
; 3:1                ; 7 bits    ; 14 LEs        ; 14 LEs               ; 0 LEs                  ; No         ; |qsyn_dummy_xlr_wrap|ineqsudx_scan:ineqsudx_scan|ineqsudx_scan_solver:solver|Selector1671          ;
; 3:1                ; 7 bits    ; 14 LEs        ; 14 LEs               ; 0 LEs                  ; No         ; |qsyn_dummy_xlr_wrap|ineqsudx_scan:ineqsudx_scan|ineqsudx_scan_solver:solver|Selector1991          ;
; 3:1                ; 7 bits    ; 14 LEs        ; 14 LEs               ; 0 LEs                  ; No         ; |qsyn_dummy_xlr_wrap|ineqsudx_scan:ineqsudx_scan|ineqsudx_scan_solver:solver|Selector1699          ;
; 3:1                ; 7 bits    ; 14 LEs        ; 14 LEs               ; 0 LEs                  ; No         ; |qsyn_dummy_xlr_wrap|ineqsudx_scan:ineqsudx_scan|ineqsudx_scan_solver:solver|Selector1741          ;
; 3:1                ; 7 bits    ; 14 LEs        ; 14 LEs               ; 0 LEs                  ; No         ; |qsyn_dummy_xlr_wrap|ineqsudx_scan:ineqsudx_scan|ineqsudx_scan_solver:solver|Selector2027          ;
; 3:1                ; 7 bits    ; 14 LEs        ; 14 LEs               ; 0 LEs                  ; No         ; |qsyn_dummy_xlr_wrap|ineqsudx_scan:ineqsudx_scan|ineqsudx_scan_solver:solver|Selector1704          ;
; 3:1                ; 7 bits    ; 14 LEs        ; 14 LEs               ; 0 LEs                  ; No         ; |qsyn_dummy_xlr_wrap|ineqsudx_scan:ineqsudx_scan|ineqsudx_scan_solver:solver|Selector1733          ;
; 3:1                ; 7 bits    ; 14 LEs        ; 14 LEs               ; 0 LEs                  ; No         ; |qsyn_dummy_xlr_wrap|ineqsudx_scan:ineqsudx_scan|ineqsudx_scan_solver:solver|Selector2058          ;
; 3:1                ; 7 bits    ; 14 LEs        ; 14 LEs               ; 0 LEs                  ; No         ; |qsyn_dummy_xlr_wrap|ineqsudx_scan:ineqsudx_scan|ineqsudx_scan_solver:solver|Selector1757          ;
; 3:1                ; 7 bits    ; 14 LEs        ; 14 LEs               ; 0 LEs                  ; No         ; |qsyn_dummy_xlr_wrap|ineqsudx_scan:ineqsudx_scan|ineqsudx_scan_solver:solver|Selector1804          ;
; 3:1                ; 7 bits    ; 14 LEs        ; 14 LEs               ; 0 LEs                  ; No         ; |qsyn_dummy_xlr_wrap|ineqsudx_scan:ineqsudx_scan|ineqsudx_scan_solver:solver|Selector1770          ;
; 3:1                ; 7 bits    ; 14 LEs        ; 14 LEs               ; 0 LEs                  ; No         ; |qsyn_dummy_xlr_wrap|ineqsudx_scan:ineqsudx_scan|ineqsudx_scan_solver:solver|Selector2080          ;
; 3:1                ; 7 bits    ; 14 LEs        ; 14 LEs               ; 0 LEs                  ; No         ; |qsyn_dummy_xlr_wrap|ineqsudx_scan:ineqsudx_scan|ineqsudx_scan_solver:solver|Selector1843          ;
; 3:1                ; 7 bits    ; 14 LEs        ; 14 LEs               ; 0 LEs                  ; No         ; |qsyn_dummy_xlr_wrap|ineqsudx_scan:ineqsudx_scan|ineqsudx_scan_solver:solver|Selector1785          ;
; 3:1                ; 7 bits    ; 14 LEs        ; 14 LEs               ; 0 LEs                  ; No         ; |qsyn_dummy_xlr_wrap|ineqsudx_scan:ineqsudx_scan|ineqsudx_scan_solver:solver|Selector1792          ;
; 3:1                ; 7 bits    ; 14 LEs        ; 14 LEs               ; 0 LEs                  ; No         ; |qsyn_dummy_xlr_wrap|ineqsudx_scan:ineqsudx_scan|ineqsudx_scan_solver:solver|Selector2118          ;
; 3:1                ; 7 bits    ; 14 LEs        ; 14 LEs               ; 0 LEs                  ; No         ; |qsyn_dummy_xlr_wrap|ineqsudx_scan:ineqsudx_scan|ineqsudx_scan_solver:solver|Selector1876          ;
; 3:1                ; 7 bits    ; 14 LEs        ; 14 LEs               ; 0 LEs                  ; No         ; |qsyn_dummy_xlr_wrap|ineqsudx_scan:ineqsudx_scan|ineqsudx_scan_solver:solver|Selector1825          ;
; 3:1                ; 7 bits    ; 14 LEs        ; 14 LEs               ; 0 LEs                  ; No         ; |qsyn_dummy_xlr_wrap|ineqsudx_scan:ineqsudx_scan|ineqsudx_scan_solver:solver|Selector2155          ;
; 3:1                ; 7 bits    ; 14 LEs        ; 14 LEs               ; 0 LEs                  ; No         ; |qsyn_dummy_xlr_wrap|ineqsudx_scan:ineqsudx_scan|ineqsudx_scan_solver:solver|Selector1829          ;
; 3:1                ; 7 bits    ; 14 LEs        ; 14 LEs               ; 0 LEs                  ; No         ; |qsyn_dummy_xlr_wrap|ineqsudx_scan:ineqsudx_scan|ineqsudx_scan_solver:solver|Selector1857          ;
; 3:1                ; 7 bits    ; 14 LEs        ; 14 LEs               ; 0 LEs                  ; No         ; |qsyn_dummy_xlr_wrap|ineqsudx_scan:ineqsudx_scan|ineqsudx_scan_solver:solver|Selector1915          ;
; 3:1                ; 7 bits    ; 14 LEs        ; 14 LEs               ; 0 LEs                  ; No         ; |qsyn_dummy_xlr_wrap|ineqsudx_scan:ineqsudx_scan|ineqsudx_scan_solver:solver|Selector2189          ;
; 3:1                ; 7 bits    ; 14 LEs        ; 14 LEs               ; 0 LEs                  ; No         ; |qsyn_dummy_xlr_wrap|ineqsudx_scan:ineqsudx_scan|ineqsudx_scan_solver:solver|Selector1866          ;
; 3:1                ; 7 bits    ; 14 LEs        ; 14 LEs               ; 0 LEs                  ; No         ; |qsyn_dummy_xlr_wrap|ineqsudx_scan:ineqsudx_scan|ineqsudx_scan_solver:solver|Selector1947          ;
; 3:1                ; 7 bits    ; 14 LEs        ; 14 LEs               ; 0 LEs                  ; No         ; |qsyn_dummy_xlr_wrap|ineqsudx_scan:ineqsudx_scan|ineqsudx_scan_solver:solver|Selector1892          ;
; 3:1                ; 7 bits    ; 14 LEs        ; 14 LEs               ; 0 LEs                  ; No         ; |qsyn_dummy_xlr_wrap|ineqsudx_scan:ineqsudx_scan|ineqsudx_scan_solver:solver|Selector2226          ;
; 3:1                ; 7 bits    ; 14 LEs        ; 14 LEs               ; 0 LEs                  ; No         ; |qsyn_dummy_xlr_wrap|ineqsudx_scan:ineqsudx_scan|ineqsudx_scan_solver:solver|Selector1903          ;
; 3:1                ; 7 bits    ; 14 LEs        ; 14 LEs               ; 0 LEs                  ; No         ; |qsyn_dummy_xlr_wrap|ineqsudx_scan:ineqsudx_scan|ineqsudx_scan_solver:solver|Selector1984          ;
; 3:1                ; 7 bits    ; 14 LEs        ; 14 LEs               ; 0 LEs                  ; No         ; |qsyn_dummy_xlr_wrap|ineqsudx_scan:ineqsudx_scan|ineqsudx_scan_solver:solver|Selector1931          ;
; 3:1                ; 7 bits    ; 14 LEs        ; 14 LEs               ; 0 LEs                  ; No         ; |qsyn_dummy_xlr_wrap|ineqsudx_scan:ineqsudx_scan|ineqsudx_scan_solver:solver|Selector2264          ;
; 3:1                ; 7 bits    ; 14 LEs        ; 14 LEs               ; 0 LEs                  ; No         ; |qsyn_dummy_xlr_wrap|ineqsudx_scan:ineqsudx_scan|ineqsudx_scan_solver:solver|Selector1941          ;
; 3:1                ; 7 bits    ; 14 LEs        ; 14 LEs               ; 0 LEs                  ; No         ; |qsyn_dummy_xlr_wrap|ineqsudx_scan:ineqsudx_scan|ineqsudx_scan_solver:solver|Selector1965          ;
; 3:1                ; 7 bits    ; 14 LEs        ; 14 LEs               ; 0 LEs                  ; No         ; |qsyn_dummy_xlr_wrap|ineqsudx_scan:ineqsudx_scan|ineqsudx_scan_solver:solver|Selector2023          ;
; 3:1                ; 7 bits    ; 14 LEs        ; 14 LEs               ; 0 LEs                  ; No         ; |qsyn_dummy_xlr_wrap|ineqsudx_scan:ineqsudx_scan|ineqsudx_scan_solver:solver|Selector2299          ;
; 3:1                ; 7 bits    ; 14 LEs        ; 14 LEs               ; 0 LEs                  ; No         ; |qsyn_dummy_xlr_wrap|ineqsudx_scan:ineqsudx_scan|ineqsudx_scan_solver:solver|Selector1976          ;
; 3:1                ; 7 bits    ; 14 LEs        ; 14 LEs               ; 0 LEs                  ; No         ; |qsyn_dummy_xlr_wrap|ineqsudx_scan:ineqsudx_scan|ineqsudx_scan_solver:solver|Selector2005          ;
; 3:1                ; 7 bits    ; 14 LEs        ; 14 LEs               ; 0 LEs                  ; No         ; |qsyn_dummy_xlr_wrap|ineqsudx_scan:ineqsudx_scan|ineqsudx_scan_solver:solver|Selector2044          ;
; 3:1                ; 7 bits    ; 14 LEs        ; 14 LEs               ; 0 LEs                  ; No         ; |qsyn_dummy_xlr_wrap|ineqsudx_scan:ineqsudx_scan|ineqsudx_scan_solver:solver|Selector2014          ;
; 3:1                ; 7 bits    ; 14 LEs        ; 14 LEs               ; 0 LEs                  ; No         ; |qsyn_dummy_xlr_wrap|ineqsudx_scan:ineqsudx_scan|ineqsudx_scan_solver:solver|Selector2336          ;
; 3:1                ; 7 bits    ; 14 LEs        ; 14 LEs               ; 0 LEs                  ; No         ; |qsyn_dummy_xlr_wrap|ineqsudx_scan:ineqsudx_scan|ineqsudx_scan_solver:solver|Selector2362          ;
; 3:1                ; 7 bits    ; 14 LEs        ; 14 LEs               ; 0 LEs                  ; No         ; |qsyn_dummy_xlr_wrap|ineqsudx_scan:ineqsudx_scan|ineqsudx_scan_solver:solver|Selector2035          ;
; 3:1                ; 7 bits    ; 14 LEs        ; 14 LEs               ; 0 LEs                  ; No         ; |qsyn_dummy_xlr_wrap|ineqsudx_scan:ineqsudx_scan|ineqsudx_scan_solver:solver|Selector2109          ;
; 3:1                ; 7 bits    ; 14 LEs        ; 14 LEs               ; 0 LEs                  ; No         ; |qsyn_dummy_xlr_wrap|ineqsudx_scan:ineqsudx_scan|ineqsudx_scan_solver:solver|Selector2066          ;
; 3:1                ; 7 bits    ; 14 LEs        ; 14 LEs               ; 0 LEs                  ; No         ; |qsyn_dummy_xlr_wrap|ineqsudx_scan:ineqsudx_scan|ineqsudx_scan_solver:solver|Selector2075          ;
; 3:1                ; 7 bits    ; 14 LEs        ; 14 LEs               ; 0 LEs                  ; No         ; |qsyn_dummy_xlr_wrap|ineqsudx_scan:ineqsudx_scan|ineqsudx_scan_solver:solver|Selector2380          ;
; 3:1                ; 7 bits    ; 14 LEs        ; 14 LEs               ; 0 LEs                  ; No         ; |qsyn_dummy_xlr_wrap|ineqsudx_scan:ineqsudx_scan|ineqsudx_scan_solver:solver|Selector2148          ;
; 3:1                ; 7 bits    ; 14 LEs        ; 14 LEs               ; 0 LEs                  ; No         ; |qsyn_dummy_xlr_wrap|ineqsudx_scan:ineqsudx_scan|ineqsudx_scan_solver:solver|Selector2095          ;
; 3:1                ; 7 bits    ; 14 LEs        ; 14 LEs               ; 0 LEs                  ; No         ; |qsyn_dummy_xlr_wrap|ineqsudx_scan:ineqsudx_scan|ineqsudx_scan_solver:solver|Selector2410          ;
; 3:1                ; 7 bits    ; 14 LEs        ; 14 LEs               ; 0 LEs                  ; No         ; |qsyn_dummy_xlr_wrap|ineqsudx_scan:ineqsudx_scan|ineqsudx_scan_solver:solver|Selector2104          ;
; 3:1                ; 7 bits    ; 14 LEs        ; 14 LEs               ; 0 LEs                  ; No         ; |qsyn_dummy_xlr_wrap|ineqsudx_scan:ineqsudx_scan|ineqsudx_scan_solver:solver|Selector2185          ;
; 3:1                ; 7 bits    ; 14 LEs        ; 14 LEs               ; 0 LEs                  ; No         ; |qsyn_dummy_xlr_wrap|ineqsudx_scan:ineqsudx_scan|ineqsudx_scan_solver:solver|Selector2127          ;
; 3:1                ; 7 bits    ; 14 LEs        ; 14 LEs               ; 0 LEs                  ; No         ; |qsyn_dummy_xlr_wrap|ineqsudx_scan:ineqsudx_scan|ineqsudx_scan_solver:solver|Selector2433          ;
; 3:1                ; 7 bits    ; 14 LEs        ; 14 LEs               ; 0 LEs                  ; No         ; |qsyn_dummy_xlr_wrap|ineqsudx_scan:ineqsudx_scan|ineqsudx_scan_solver:solver|Selector2136          ;
; 3:1                ; 7 bits    ; 14 LEs        ; 14 LEs               ; 0 LEs                  ; No         ; |qsyn_dummy_xlr_wrap|ineqsudx_scan:ineqsudx_scan|ineqsudx_scan_solver:solver|Selector2221          ;
; 3:1                ; 7 bits    ; 14 LEs        ; 14 LEs               ; 0 LEs                  ; No         ; |qsyn_dummy_xlr_wrap|ineqsudx_scan:ineqsudx_scan|ineqsudx_scan_solver:solver|Selector2165          ;
; 3:1                ; 7 bits    ; 14 LEs        ; 14 LEs               ; 0 LEs                  ; No         ; |qsyn_dummy_xlr_wrap|ineqsudx_scan:ineqsudx_scan|ineqsudx_scan_solver:solver|Selector2464          ;
; 3:1                ; 7 bits    ; 14 LEs        ; 14 LEs               ; 0 LEs                  ; No         ; |qsyn_dummy_xlr_wrap|ineqsudx_scan:ineqsudx_scan|ineqsudx_scan_solver:solver|Selector2171          ;
; 3:1                ; 7 bits    ; 14 LEs        ; 14 LEs               ; 0 LEs                  ; No         ; |qsyn_dummy_xlr_wrap|ineqsudx_scan:ineqsudx_scan|ineqsudx_scan_solver:solver|Selector2197          ;
; 3:1                ; 7 bits    ; 14 LEs        ; 14 LEs               ; 0 LEs                  ; No         ; |qsyn_dummy_xlr_wrap|ineqsudx_scan:ineqsudx_scan|ineqsudx_scan_solver:solver|Selector2257          ;
; 3:1                ; 7 bits    ; 14 LEs        ; 14 LEs               ; 0 LEs                  ; No         ; |qsyn_dummy_xlr_wrap|ineqsudx_scan:ineqsudx_scan|ineqsudx_scan_solver:solver|Selector2210          ;
; 3:1                ; 7 bits    ; 14 LEs        ; 14 LEs               ; 0 LEs                  ; No         ; |qsyn_dummy_xlr_wrap|ineqsudx_scan:ineqsudx_scan|ineqsudx_scan_solver:solver|Selector2487          ;
; 3:1                ; 7 bits    ; 14 LEs        ; 14 LEs               ; 0 LEs                  ; No         ; |qsyn_dummy_xlr_wrap|ineqsudx_scan:ineqsudx_scan|ineqsudx_scan_solver:solver|Selector2234          ;
; 3:1                ; 7 bits    ; 14 LEs        ; 14 LEs               ; 0 LEs                  ; No         ; |qsyn_dummy_xlr_wrap|ineqsudx_scan:ineqsudx_scan|ineqsudx_scan_solver:solver|Selector2291          ;
; 3:1                ; 7 bits    ; 14 LEs        ; 14 LEs               ; 0 LEs                  ; No         ; |qsyn_dummy_xlr_wrap|ineqsudx_scan:ineqsudx_scan|ineqsudx_scan_solver:solver|Selector2512          ;
; 3:1                ; 7 bits    ; 14 LEs        ; 14 LEs               ; 0 LEs                  ; No         ; |qsyn_dummy_xlr_wrap|ineqsudx_scan:ineqsudx_scan|ineqsudx_scan_solver:solver|Selector2248          ;
; 3:1                ; 7 bits    ; 14 LEs        ; 14 LEs               ; 0 LEs                  ; No         ; |qsyn_dummy_xlr_wrap|ineqsudx_scan:ineqsudx_scan|ineqsudx_scan_solver:solver|Selector2274          ;
; 3:1                ; 7 bits    ; 14 LEs        ; 14 LEs               ; 0 LEs                  ; No         ; |qsyn_dummy_xlr_wrap|ineqsudx_scan:ineqsudx_scan|ineqsudx_scan_solver:solver|Selector2327          ;
; 3:1                ; 7 bits    ; 14 LEs        ; 14 LEs               ; 0 LEs                  ; No         ; |qsyn_dummy_xlr_wrap|ineqsudx_scan:ineqsudx_scan|ineqsudx_scan_solver:solver|Selector2283          ;
; 3:1                ; 7 bits    ; 14 LEs        ; 14 LEs               ; 0 LEs                  ; No         ; |qsyn_dummy_xlr_wrap|ineqsudx_scan:ineqsudx_scan|ineqsudx_scan_solver:solver|Selector2540          ;
; 3:1                ; 7 bits    ; 14 LEs        ; 14 LEs               ; 0 LEs                  ; No         ; |qsyn_dummy_xlr_wrap|ineqsudx_scan:ineqsudx_scan|ineqsudx_scan_solver:solver|Selector2309          ;
; 3:1                ; 7 bits    ; 14 LEs        ; 14 LEs               ; 0 LEs                  ; No         ; |qsyn_dummy_xlr_wrap|ineqsudx_scan:ineqsudx_scan|ineqsudx_scan_solver:solver|Selector2351          ;
; 3:1                ; 7 bits    ; 14 LEs        ; 14 LEs               ; 0 LEs                  ; No         ; |qsyn_dummy_xlr_wrap|ineqsudx_scan:ineqsudx_scan|ineqsudx_scan_solver:solver|Selector2567          ;
; 3:1                ; 7 bits    ; 14 LEs        ; 14 LEs               ; 0 LEs                  ; No         ; |qsyn_dummy_xlr_wrap|ineqsudx_scan:ineqsudx_scan|ineqsudx_scan_solver:solver|Selector2319          ;
; 3:1                ; 7 bits    ; 14 LEs        ; 14 LEs               ; 0 LEs                  ; No         ; |qsyn_dummy_xlr_wrap|ineqsudx_scan:ineqsudx_scan|ineqsudx_scan_solver:solver|Selector2347          ;
; 3:1                ; 7 bits    ; 14 LEs        ; 14 LEs               ; 0 LEs                  ; No         ; |qsyn_dummy_xlr_wrap|ineqsudx_scan:ineqsudx_scan|ineqsudx_scan_solver:solver|Selector2588          ;
; 3:1                ; 7 bits    ; 14 LEs        ; 14 LEs               ; 0 LEs                  ; No         ; |qsyn_dummy_xlr_wrap|ineqsudx_scan:ineqsudx_scan|ineqsudx_scan_solver:solver|Selector2395          ;
; 3:1                ; 7 bits    ; 14 LEs        ; 14 LEs               ; 0 LEs                  ; No         ; |qsyn_dummy_xlr_wrap|ineqsudx_scan:ineqsudx_scan|ineqsudx_scan_solver:solver|Selector2368          ;
; 3:1                ; 7 bits    ; 14 LEs        ; 14 LEs               ; 0 LEs                  ; No         ; |qsyn_dummy_xlr_wrap|ineqsudx_scan:ineqsudx_scan|ineqsudx_scan_solver:solver|Selector2386          ;
; 3:1                ; 7 bits    ; 14 LEs        ; 14 LEs               ; 0 LEs                  ; No         ; |qsyn_dummy_xlr_wrap|ineqsudx_scan:ineqsudx_scan|ineqsudx_scan_solver:solver|Selector2422          ;
; 3:1                ; 7 bits    ; 14 LEs        ; 14 LEs               ; 0 LEs                  ; No         ; |qsyn_dummy_xlr_wrap|ineqsudx_scan:ineqsudx_scan|ineqsudx_scan_solver:solver|Selector2451          ;
; 3:1                ; 7 bits    ; 14 LEs        ; 14 LEs               ; 0 LEs                  ; No         ; |qsyn_dummy_xlr_wrap|ineqsudx_scan:ineqsudx_scan|ineqsudx_scan_solver:solver|Selector2419          ;
; 3:1                ; 7 bits    ; 14 LEs        ; 14 LEs               ; 0 LEs                  ; No         ; |qsyn_dummy_xlr_wrap|ineqsudx_scan:ineqsudx_scan|ineqsudx_scan_solver:solver|Selector2441          ;
; 3:1                ; 7 bits    ; 14 LEs        ; 14 LEs               ; 0 LEs                  ; No         ; |qsyn_dummy_xlr_wrap|ineqsudx_scan:ineqsudx_scan|ineqsudx_scan_solver:solver|Selector2479          ;
; 3:1                ; 7 bits    ; 14 LEs        ; 14 LEs               ; 0 LEs                  ; No         ; |qsyn_dummy_xlr_wrap|ineqsudx_scan:ineqsudx_scan|ineqsudx_scan_solver:solver|Selector2471          ;
; 3:1                ; 7 bits    ; 14 LEs        ; 14 LEs               ; 0 LEs                  ; No         ; |qsyn_dummy_xlr_wrap|ineqsudx_scan:ineqsudx_scan|ineqsudx_scan_solver:solver|Selector2508          ;
; 3:1                ; 7 bits    ; 14 LEs        ; 14 LEs               ; 0 LEs                  ; No         ; |qsyn_dummy_xlr_wrap|ineqsudx_scan:ineqsudx_scan|ineqsudx_scan_solver:solver|Selector2497          ;
; 3:1                ; 7 bits    ; 14 LEs        ; 14 LEs               ; 0 LEs                  ; No         ; |qsyn_dummy_xlr_wrap|ineqsudx_scan:ineqsudx_scan|ineqsudx_scan_solver:solver|Selector2532          ;
; 3:1                ; 7 bits    ; 14 LEs        ; 14 LEs               ; 0 LEs                  ; No         ; |qsyn_dummy_xlr_wrap|ineqsudx_scan:ineqsudx_scan|ineqsudx_scan_solver:solver|Selector2526          ;
; 3:1                ; 7 bits    ; 14 LEs        ; 14 LEs               ; 0 LEs                  ; No         ; |qsyn_dummy_xlr_wrap|ineqsudx_scan:ineqsudx_scan|ineqsudx_scan_solver:solver|Selector2562          ;
; 3:1                ; 7 bits    ; 14 LEs        ; 14 LEs               ; 0 LEs                  ; No         ; |qsyn_dummy_xlr_wrap|ineqsudx_scan:ineqsudx_scan|ineqsudx_scan_solver:solver|Selector2552          ;
; 3:1                ; 7 bits    ; 14 LEs        ; 14 LEs               ; 0 LEs                  ; No         ; |qsyn_dummy_xlr_wrap|ineqsudx_scan:ineqsudx_scan|ineqsudx_scan_solver:solver|Selector2577          ;
; 128:1              ; 9 bits    ; 765 LEs       ; 495 LEs              ; 270 LEs                ; No         ; |qsyn_dummy_xlr_wrap|ineqsudx_scan:ineqsudx_scan|ineqsudx_scan_solver:solver|Mux7                  ;
; 7:1                ; 2 bits    ; 8 LEs         ; 4 LEs                ; 4 LEs                  ; No         ; |qsyn_dummy_xlr_wrap|ineqsudx_scan:ineqsudx_scan|ineqsudx_scan_solver:solver|Selector2592          ;
; 8:1                ; 2 bits    ; 10 LEs        ; 6 LEs                ; 4 LEs                  ; No         ; |qsyn_dummy_xlr_wrap|ineqsudx_scan:ineqsudx_scan|ineqsudx_scan_solver:solver|Selector2596          ;
; 8:1                ; 2 bits    ; 10 LEs        ; 4 LEs                ; 6 LEs                  ; No         ; |qsyn_dummy_xlr_wrap|ineqsudx_scan:ineqsudx_scan|ineqsudx_scan_solver:solver|Selector2601          ;
; 130:1              ; 60 bits   ; 5160 LEs      ; 120 LEs              ; 5040 LEs               ; No         ; |qsyn_dummy_xlr_wrap|ineqsudx_scan:ineqsudx_scan|mem_intf_write.mem_data[18][5]                    ;
; 130:1              ; 68 bits   ; 5848 LEs      ; 204 LEs              ; 5644 LEs               ; No         ; |qsyn_dummy_xlr_wrap|ineqsudx_scan:ineqsudx_scan|mem_intf_write.mem_data[1][5]                     ;
+--------------------+-----------+---------------+----------------------+------------------------+------------+----------------------------------------------------------------------------------------------------+


+------------------------------------------------------------------------------------------------------------------------------------------+
; Source assignments for ineqsudx_scan:ineqsudx_scan|ineqsudx_scan_solver:solver|altsyncram:decisions_rtl_0|altsyncram_84d1:auto_generated ;
+---------------------------------+--------------------+------+----------------------------------------------------------------------------+
; Assignment                      ; Value              ; From ; To                                                                         ;
+---------------------------------+--------------------+------+----------------------------------------------------------------------------+
; OPTIMIZE_POWER_DURING_SYNTHESIS ; NORMAL_COMPILATION ; -    ; -                                                                          ;
+---------------------------------+--------------------+------+----------------------------------------------------------------------------+


+---------------------------------------------------------------------------------------------------------------------------------------------+
; Source assignments for ineqsudx_scan:ineqsudx_scan|ineqsudx_scan_solver:solver|altsyncram:domain_stack_rtl_0|altsyncram_08d1:auto_generated ;
+---------------------------------+--------------------+------+-------------------------------------------------------------------------------+
; Assignment                      ; Value              ; From ; To                                                                            ;
+---------------------------------+--------------------+------+-------------------------------------------------------------------------------+
; OPTIMIZE_POWER_DURING_SYNTHESIS ; NORMAL_COMPILATION ; -    ; -                                                                             ;
+---------------------------------+--------------------+------+-------------------------------------------------------------------------------+


+--------------------------------------------------------------------------+
; Parameter Settings for User Entity Instance: mem_intf_read:mem_intf_read ;
+-------------------+-------+----------------------------------------------+
; Parameter Name    ; Value ; Type                                         ;
+-------------------+-------+----------------------------------------------+
; BYTE_WIDTH        ; 8     ; Signed Integer                               ;
; NUM_BYTES_IN_LINE ; 32    ; Signed Integer                               ;
+-------------------+-------+----------------------------------------------+
Note: In order to hide this table in the UI and the text report file, please set the "Show Parameter Settings in Synthesis Report" option in "Analysis and Synthesis Settings -> More Settings" to "Off".


+----------------------------------------------------------------------------+
; Parameter Settings for User Entity Instance: mem_intf_write:mem_intf_write ;
+-------------------+-------+------------------------------------------------+
; Parameter Name    ; Value ; Type                                           ;
+-------------------+-------+------------------------------------------------+
; BYTE_WIDTH        ; 8     ; Signed Integer                                 ;
; NUM_BYTES_IN_LINE ; 32    ; Signed Integer                                 ;
+-------------------+-------+------------------------------------------------+
Note: In order to hide this table in the UI and the text report file, please set the "Show Parameter Settings in Synthesis Report" option in "Analysis and Synthesis Settings -> More Settings" to "Off".


+------------------------------------------------------------------------------------------------------+
; Parameter Settings for User Entity Instance: ineqsudx_scan:ineqsudx_scan|ineqsudx_scan_solver:solver ;
+----------------+-------+-----------------------------------------------------------------------------+
; Parameter Name ; Value ; Type                                                                        ;
+----------------+-------+-----------------------------------------------------------------------------+
; HIDDEN_SINGLES ; 1     ; Unsigned Binary                                                             ;
+----------------+-------+-----------------------------------------------------------------------------+
Note: In order to hide this table in the UI and the text report file, please set the "Show Parameter Settings in Synthesis Report" option in "Analysis and Synthesis Settings -> More Settings" to "Off".


+-------------------------------------------------------------------------------------------------------------------------------------+
; Parameter Settings for Inferred Entity Instance: ineqsudx_scan:ineqsudx_scan|ineqsudx_scan_solver:solver|altsyncram:decisions_rtl_0 ;
+------------------------------------+----------------------+-------------------------------------------------------------------------+
; Parameter Name                     ; Value                ; Type                                                                    ;
+------------------------------------+----------------------+-------------------------------------------------------------------------+
; BYTE_SIZE_BLOCK                    ; 8                    ; Untyped                                                                 ;
; AUTO_CARRY_CHAINS                  ; ON                   ; AUTO_CARRY                                                              ;
; IGNORE_CARRY_BUFFERS               ; OFF                  ; IGNORE_CARRY                                                            ;
; AUTO_CASCADE_CHAINS                ; ON                   ; AUTO_CASCADE                                                            ;
; IGNORE_CASCADE_BUFFERS             ; OFF                  ; IGNORE_CASCADE                                                          ;
; WIDTH_BYTEENA                      ; 1                    ; Untyped                                                                 ;
; OPERATION_MODE                     ; DUAL_PORT            ; Untyped                                                                 ;
; WIDTH_A                            ; 15                   ; Untyped                                                                 ;
; WIDTHAD_A                          ; 7                    ; Untyped                                                                 ;
; NUMWORDS_A                         ; 81                   ; Untyped                                                                 ;
; OUTDATA_REG_A                      ; UNREGISTERED         ; Untyped                                                                 ;
; ADDRESS_ACLR_A                     ; NONE                 ; Untyped                                                                 ;
; OUTDATA_ACLR_A                     ; NONE                 ; Untyped                                                                 ;
; WRCONTROL_ACLR_A                   ; NONE                 ; Untyped                                                                 ;
; INDATA_ACLR_A                      ; NONE                 ; Untyped                                                                 ;
; BYTEENA_ACLR_A                     ; NONE                 ; Untyped                                                                 ;
; WIDTH_B                            ; 15                   ; Untyped                                                                 ;
; WIDTHAD_B                          ; 7                    ; Untyped                                                                 ;
; NUMWORDS_B                         ; 81                   ; Untyped                                                                 ;
; INDATA_REG_B                       ; CLOCK1               ; Untyped                                                                 ;
; WRCONTROL_WRADDRESS_REG_B          ; CLOCK1               ; Untyped                                                                 ;
; RDCONTROL_REG_B                    ; CLOCK1               ; Untyped                                                                 ;
; ADDRESS_REG_B                      ; CLOCK1               ; Untyped                                                                 ;
; OUTDATA_REG_B                      ; UNREGISTERED         ; Untyped                                                                 ;
; BYTEENA_REG_B                      ; CLOCK1               ; Untyped                                                                 ;
; INDATA_ACLR_B                      ; NONE                 ; Untyped                                                                 ;
; WRCONTROL_ACLR_B                   ; NONE                 ; Untyped                                                                 ;
; ADDRESS_ACLR_B                     ; NONE                 ; Untyped                                                                 ;
; OUTDATA_ACLR_B                     ; NONE                 ; Untyped                                                                 ;
; RDCONTROL_ACLR_B                   ; NONE                 ; Untyped                                                                 ;
; BYTEENA_ACLR_B                     ; NONE                 ; Untyped                                                                 ;
; WIDTH_BYTEENA_A                    ; 1                    ; Untyped                                                                 ;
; WIDTH_BYTEENA_B                    ; 1                    ; Untyped                                                                 ;
; RAM_BLOCK_TYPE                     ; AUTO                 ; Untyped                                                                 ;
; BYTE_SIZE                          ; 8                    ; Untyped                                                                 ;
; READ_DURING_WRITE_MODE_MIXED_PORTS ; DONT_CARE            ; Untyped                                                                 ;
; READ_DURING_WRITE_MODE_PORT_A      ; NEW_DATA_NO_NBE_READ ; Untyped                                                                 ;
; READ_DURING_WRITE_MODE_PORT_B      ; NEW_DATA_NO_NBE_READ ; Untyped                                                                 ;
; INIT_FILE                          ; UNUSED               ; Untyped                                                                 ;
; INIT_FILE_LAYOUT                   ; PORT_A               ; Untyped                                                                 ;
; MAXIMUM_DEPTH                      ; 0                    ; Untyped                                                                 ;
; CLOCK_ENABLE_INPUT_A               ; NORMAL               ; Untyped                                                                 ;
; CLOCK_ENABLE_INPUT_B               ; NORMAL               ; Untyped                                                                 ;
; CLOCK_ENABLE_OUTPUT_A              ; NORMAL               ; Untyped                                                                 ;
; CLOCK_ENABLE_OUTPUT_B              ; NORMAL               ; Untyped                                                                 ;
; CLOCK_ENABLE_CORE_A                ; USE_INPUT_CLKEN      ; Untyped                                                                 ;
; CLOCK_ENABLE_CORE_B                ; USE_INPUT_CLKEN      ; Untyped                                                                 ;
; ENABLE_ECC                         ; FALSE                ; Untyped                                                                 ;
; ECC_PIPELINE_STAGE_ENABLED         ; FALSE                ; Untyped                                                                 ;
; WIDTH_ECCSTATUS                    ; 3                    ; Untyped                                                                 ;
; DEVICE_FAMILY                      ; MAX 10               ; Untyped                                                                 ;
; CBXI_PARAMETER                     ; altsyncram_84d1      ; Untyped                                                                 ;
+------------------------------------+----------------------+-------------------------------------------------------------------------+
Note: In order to hide this table in the UI and the text report file, please set the "Show Parameter Settings in Synthesis Report" option in "Analysis and Synthesis Settings -> More Settings" to "Off".


+----------------------------------------------------------------------------------------------------------------------------------------+
; Parameter Settings for Inferred Entity Instance: ineqsudx_scan:ineqsudx_scan|ineqsudx_scan_solver:solver|altsyncram:domain_stack_rtl_0 ;
+------------------------------------+----------------------+----------------------------------------------------------------------------+
; Parameter Name                     ; Value                ; Type                                                                       ;
+------------------------------------+----------------------+----------------------------------------------------------------------------+
; BYTE_SIZE_BLOCK                    ; 8                    ; Untyped                                                                    ;
; AUTO_CARRY_CHAINS                  ; ON                   ; AUTO_CARRY                                                                 ;
; IGNORE_CARRY_BUFFERS               ; OFF                  ; IGNORE_CARRY                                                               ;
; AUTO_CASCADE_CHAINS                ; ON                   ; AUTO_CASCADE                                                               ;
; IGNORE_CASCADE_BUFFERS             ; OFF                  ; IGNORE_CASCADE                                                             ;
; WIDTH_BYTEENA                      ; 1                    ; Untyped                                                                    ;
; OPERATION_MODE                     ; DUAL_PORT            ; Untyped                                                                    ;
; WIDTH_A                            ; 729                  ; Untyped                                                                    ;
; WIDTHAD_A                          ; 7                    ; Untyped                                                                    ;
; NUMWORDS_A                         ; 81                   ; Untyped                                                                    ;
; OUTDATA_REG_A                      ; UNREGISTERED         ; Untyped                                                                    ;
; ADDRESS_ACLR_A                     ; NONE                 ; Untyped                                                                    ;
; OUTDATA_ACLR_A                     ; NONE                 ; Untyped                                                                    ;
; WRCONTROL_ACLR_A                   ; NONE                 ; Untyped                                                                    ;
; INDATA_ACLR_A                      ; NONE                 ; Untyped                                                                    ;
; BYTEENA_ACLR_A                     ; NONE                 ; Untyped                                                                    ;
; WIDTH_B                            ; 729                  ; Untyped                                                                    ;
; WIDTHAD_B                          ; 7                    ; Untyped                                                                    ;
; NUMWORDS_B                         ; 81                   ; Untyped                                                                    ;
; INDATA_REG_B                       ; CLOCK1               ; Untyped                                                                    ;
; WRCONTROL_WRADDRESS_REG_B          ; CLOCK1               ; Untyped                                                                    ;
; RDCONTROL_REG_B                    ; CLOCK1               ; Untyped                                                                    ;
; ADDRESS_REG_B                      ; CLOCK1               ; Untyped                                                                    ;
; OUTDATA_REG_B                      ; UNREGISTERED         ; Untyped                                                                    ;
; BYTEENA_REG_B                      ; CLOCK1               ; Untyped                                                                    ;
; INDATA_ACLR_B                      ; NONE                 ; Untyped                                                                    ;
; WRCONTROL_ACLR_B                   ; NONE                 ; Untyped                                                                    ;
; ADDRESS_ACLR_B                     ; NONE                 ; Untyped                                                                    ;
; OUTDATA_ACLR_B                     ; NONE                 ; Untyped                                                                    ;
; RDCONTROL_ACLR_B                   ; NONE                 ; Untyped                                                                    ;
; BYTEENA_ACLR_B                     ; NONE                 ; Untyped                                                                    ;
; WIDTH_BYTEENA_A                    ; 1                    ; Untyped                                                                    ;
; WIDTH_BYTEENA_B                    ; 1                    ; Untyped                                                                    ;
; RAM_BLOCK_TYPE                     ; AUTO                 ; Untyped                                                                    ;
; BYTE_SIZE                          ; 8                    ; Untyped                                                                    ;
; READ_DURING_WRITE_MODE_MIXED_PORTS ; DONT_CARE            ; Untyped                                                                    ;
; READ_DURING_WRITE_MODE_PORT_A      ; NEW_DATA_NO_NBE_READ ; Untyped                                                                    ;
; READ_DURING_WRITE_MODE_PORT_B      ; NEW_DATA_NO_NBE_READ ; Untyped                                                                    ;
; INIT_FILE                          ; UNUSED               ; Untyped                                                                    ;
; INIT_FILE_LAYOUT                   ; PORT_A               ; Untyped                                                                    ;
; MAXIMUM_DEPTH                      ; 0                    ; Untyped                                                                    ;
; CLOCK_ENABLE_INPUT_A               ; NORMAL               ; Untyped                                                                    ;
; CLOCK_ENABLE_INPUT_B               ; NORMAL               ; Untyped                                                                    ;
; CLOCK_ENABLE_OUTPUT_A              ; NORMAL               ; Untyped                                                                    ;
; CLOCK_ENABLE_OUTPUT_B              ; NORMAL               ; Untyped                                                                    ;
; CLOCK_ENABLE_CORE_A                ; USE_INPUT_CLKEN      ; Untyped                                                                    ;
; CLOCK_ENABLE_CORE_B                ; USE_INPUT_CLKEN      ; Untyped                                                                    ;
; ENABLE_ECC                         ; FALSE                ; Untyped                                                                    ;
; ECC_PIPELINE_STAGE_ENABLED         ; FALSE                ; Untyped                                                                    ;
; WIDTH_ECCSTATUS                    ; 3                    ; Untyped                                                                    ;
; DEVICE_FAMILY                      ; MAX 10               ; Untyped                                                                    ;
; CBXI_PARAMETER                     ; altsyncram_08d1      ; Untyped                                                                    ;
+------------------------------------+----------------------+----------------------------------------------------------------------------+
Note: In order to hide this table in the UI and the text report file, please set the "Show Parameter Settings in Synthesis Report" option in "Analysis and Synthesis Settings -> More Settings" to "Off".


+-----------------------------------------------------------------------------------------------------------------------------------+
; altsyncram Parameter Settings by Entity Instance                                                                                  ;
+-------------------------------------------+---------------------------------------------------------------------------------------+
; Name                                      ; Value                                                                                 ;
+-------------------------------------------+---------------------------------------------------------------------------------------+
; Number of entity instances                ; 2                                                                                     ;
; Entity Instance                           ; ineqsudx_scan:ineqsudx_scan|ineqsudx_scan_solver:solver|altsyncram:decisions_rtl_0    ;
;     -- OPERATION_MODE                     ; DUAL_PORT                                                                             ;
;     -- WIDTH_A                            ; 15                                                                                    ;
;     -- NUMWORDS_A                         ; 81                                                                                    ;
;     -- OUTDATA_REG_A                      ; UNREGISTERED                                                                          ;
;     -- WIDTH_B                            ; 15                                                                                    ;
;     -- NUMWORDS_B                         ; 81                                                                                    ;
;     -- ADDRESS_REG_B                      ; CLOCK1                                                                                ;
;     -- OUTDATA_REG_B                      ; UNREGISTERED                                                                          ;
;     -- RAM_BLOCK_TYPE                     ; AUTO                                                                                  ;
;     -- READ_DURING_WRITE_MODE_MIXED_PORTS ; DONT_CARE                                                                             ;
; Entity Instance                           ; ineqsudx_scan:ineqsudx_scan|ineqsudx_scan_solver:solver|altsyncram:domain_stack_rtl_0 ;
;     -- OPERATION_MODE                     ; DUAL_PORT                                                                             ;
;     -- WIDTH_A                            ; 729                                                                                   ;
;     -- NUMWORDS_A                         ; 81                                                                                    ;
;     -- OUTDATA_REG_A                      ; UNREGISTERED                                                                          ;
;     -- WIDTH_B                            ; 729                                                                                   ;
;     -- NUMWORDS_B                         ; 81                                                                                    ;
;     -- ADDRESS_REG_B                      ; CLOCK1                                                                                ;
;     -- OUTDATA_REG_B                      ; UNREGISTERED                                                                          ;
;     -- RAM_BLOCK_TYPE                     ; AUTO                                                                                  ;
;     -- READ_DURING_WRITE_MODE_MIXED_PORTS ; DONT_CARE                                                                             ;
+-------------------------------------------+---------------------------------------------------------------------------------------+


+-----------------------------------------------------+
; Post-Synthesis Netlist Statistics for Top Partition ;
+-----------------------+-----------------------------+
; Type                  ; Count                       ;
+-----------------------+-----------------------------+
; boundary_port         ; 120                         ;
; cycloneiii_ff         ; 3468                        ;
;     CLR               ; 300                         ;
;     CLR SLD           ; 32                          ;
;     ENA CLR           ; 2564                        ;
;     ENA CLR SCLR      ; 567                         ;
;     ENA CLR SLD       ; 5                           ;
; cycloneiii_lcell_comb ; 24882                       ;
;     arith             ; 62                          ;
;         2 data inputs ; 36                          ;
;         3 data inputs ; 26                          ;
;     normal            ; 24820                       ;
;         0 data inputs ; 1                           ;
;         1 data inputs ; 13                          ;
;         2 data inputs ; 2105                        ;
;         3 data inputs ; 4285                        ;
;         4 data inputs ; 18416                       ;
; cycloneiii_ram_block  ; 744                         ;
;                       ;                             ;
; Max LUT depth         ; 22.00                       ;
; Average LUT depth     ; 10.82                       ;
+-----------------------+-----------------------------+


+-------------------------------+
; Elapsed Time Per Partition    ;
+----------------+--------------+
; Partition Name ; Elapsed Time ;
+----------------+--------------+
; Top            ; 00:13:51     ;
+----------------+--------------+


+-------------------------------+
; Analysis & Synthesis Messages ;
+-------------------------------+
Info: *******************************************************************
Info: Running Quartus Prime Analysis & Synthesis
    Info: Version 24.1std.0 Build 1077 03/04/2025 SC Lite Edition
    Info: Copyright (C) 2025  Altera Corporation. All rights reserved.
    Info: Your use of Altera Corporation's design tools, logic functions 
    Info: and other software and tools, and any partner logic 
    Info: functions, and any output files from any of the foregoing 
    Info: (including device programming or simulation files), and any 
    Info: associated documentation or information are expressly subject 
    Info: to the terms and conditions of the Altera Program License 
    Info: Subscription Agreement, the Altera Quartus Prime License Agreement,
    Info: the Altera IP License Agreement, or other applicable license
    Info: agreement, including, without limitation, that your use is for
    Info: the sole purpose of programming logic devices manufactured by
    Info: Altera and sold by Altera or its authorized distributors.  Please
    Info: refer to the Altera Software License Subscription Agreements 
    Info: on the Quartus Prime software download page.
    Info: Processing started: Tue Sep  8 13:16:47 2026
Info: Command: quartus_map --read_settings_files=on --write_settings_files=off ineqsudx_scan -c ineqsudx_scan
Info (12021): Found 1 design units, including 0 entities, in source file /project/tsmc65/shared/k5_share/k5_xbox/hw/xbox/xbox_def_pkg.sv
    Info (12022): Found design unit 1: xbox_def_pkg (SystemVerilog) File: /project/tsmc65/shared/k5_share/k5_xbox/hw/xbox/xbox_def_pkg.sv Line: 1
Info (12021): Found 1 design units, including 1 entities, in source file /project/tsmc65/shared/k5_share/k5_xbox/hw/xbox/xbox_xlrs/mem/mem_intf_read.sv
    Info (12023): Found entity 1: mem_intf_read File: /project/tsmc65/shared/k5_share/k5_xbox/hw/xbox/xbox_xlrs/mem/mem_intf_read.sv Line: 2
Info (12021): Found 1 design units, including 1 entities, in source file /project/tsmc65/shared/k5_share/k5_xbox/hw/xbox/xbox_xlrs/mem/mem_intf_write.sv
    Info (12023): Found entity 1: mem_intf_write File: /project/tsmc65/shared/k5_share/k5_xbox/hw/xbox/xbox_xlrs/mem/mem_intf_write.sv Line: 3
Info (12021): Found 1 design units, including 1 entities, in source file /project/tsmc65/shared/k5_share/k5_xbox/hw/xbox/host_regs_intrf.sv
    Info (12023): Found entity 1: host_regs_intrf File: /project/tsmc65/shared/k5_share/k5_xbox/hw/xbox/host_regs_intrf.sv Line: 3
Info (12021): Found 1 design units, including 1 entities, in source file /data/project/tsmc65/shared/qsyn/qsyn_dummy_xlr_wrap/qsyn_dummy_xlr_wrap_hri.sv
    Info (12023): Found entity 1: qsyn_dummy_xlr_wrap File: /data/project/tsmc65/shared/qsyn/qsyn_dummy_xlr_wrap/qsyn_dummy_xlr_wrap_hri.sv Line: 4
Info (12021): Found 1 design units, including 0 entities, in source file ineqsudx_def_pkg.sv
    Info (12022): Found design unit 1: ineqsudx_def_pkg (SystemVerilog) File: /project/tsmc65/users/perezba/ws/AlwaysSudxIneq/logs/experiment-persistent/rtl_work/ineqsudx_scan/ineqsudx_def_pkg.sv Line: 1
Info (12021): Found 1 design units, including 1 entities, in source file ineqsudx_scan.sv
    Info (12023): Found entity 1: ineqsudx_scan File: /project/tsmc65/users/perezba/ws/AlwaysSudxIneq/logs/experiment-persistent/rtl_work/ineqsudx_scan/ineqsudx_scan.sv Line: 4
Info (12021): Found 2 design units, including 2 entities, in source file ineqsudx_scan_solver.sv
    Info (12023): Found entity 1: ineqsudx_scan_solver File: /project/tsmc65/users/perezba/ws/AlwaysSudxIneq/logs/experiment-persistent/rtl_work/ineqsudx_scan/ineqsudx_scan_solver.sv Line: 5
    Info (12023): Found entity 2: ineqsudx_union9 File: /project/tsmc65/users/perezba/ws/AlwaysSudxIneq/logs/experiment-persistent/rtl_work/ineqsudx_scan/ineqsudx_scan_solver.sv Line: 328
Info (12127): Elaborating entity "qsyn_dummy_xlr_wrap" for the top level hierarchy
Warning (10036): Verilog HDL or VHDL warning at qsyn_dummy_xlr_wrap_hri.sv(42): object "host_regs_read_pulse_s" assigned a value but never read File: /data/project/tsmc65/shared/qsyn/qsyn_dummy_xlr_wrap/qsyn_dummy_xlr_wrap_hri.sv Line: 42
Info (12128): Elaborating entity "mem_intf_read" for hierarchy "mem_intf_read:mem_intf_read" File: /data/project/tsmc65/shared/qsyn/qsyn_dummy_xlr_wrap/qsyn_dummy_xlr_wrap_hri.sv Line: 34
Warning (12158): Entity "mem_intf_read" contains only dangling pins File: /data/project/tsmc65/shared/qsyn/qsyn_dummy_xlr_wrap/qsyn_dummy_xlr_wrap_hri.sv Line: 34
Info (12128): Elaborating entity "mem_intf_write" for hierarchy "mem_intf_write:mem_intf_write" File: /data/project/tsmc65/shared/qsyn/qsyn_dummy_xlr_wrap/qsyn_dummy_xlr_wrap_hri.sv Line: 35
Warning (12158): Entity "mem_intf_write" contains only dangling pins File: /data/project/tsmc65/shared/qsyn/qsyn_dummy_xlr_wrap/qsyn_dummy_xlr_wrap_hri.sv Line: 35
Info (12128): Elaborating entity "host_regs_intrf" for hierarchy "host_regs_intrf:host_regs_intrf" File: /data/project/tsmc65/shared/qsyn/qsyn_dummy_xlr_wrap/qsyn_dummy_xlr_wrap_hri.sv Line: 36
Warning (12158): Entity "host_regs_intrf" contains only dangling pins File: /data/project/tsmc65/shared/qsyn/qsyn_dummy_xlr_wrap/qsyn_dummy_xlr_wrap_hri.sv Line: 36
Info (12128): Elaborating entity "ineqsudx_scan" for hierarchy "ineqsudx_scan:ineqsudx_scan" File: /data/project/tsmc65/shared/qsyn/qsyn_dummy_xlr_wrap/qsyn_dummy_xlr_wrap_hri.sv Line: 74
Warning (10230): Verilog HDL assignment warning at ineqsudx_scan.sv(85): truncated value with size 32 to match size of target (16) File: /project/tsmc65/users/perezba/ws/AlwaysSudxIneq/logs/experiment-persistent/rtl_work/ineqsudx_scan/ineqsudx_scan.sv Line: 85
Warning (10230): Verilog HDL assignment warning at ineqsudx_scan.sv(145): truncated value with size 32 to match size of target (6) File: /project/tsmc65/users/perezba/ws/AlwaysSudxIneq/logs/experiment-persistent/rtl_work/ineqsudx_scan/ineqsudx_scan.sv Line: 145
Warning (10230): Verilog HDL assignment warning at ineqsudx_scan.sv(168): truncated value with size 32 to match size of target (6) File: /project/tsmc65/users/perezba/ws/AlwaysSudxIneq/logs/experiment-persistent/rtl_work/ineqsudx_scan/ineqsudx_scan.sv Line: 168
Info (10008): Verilog HDL or VHDL information: EDA Netlist Writer cannot regroup multidimensional array "board" into its bus
Info (10008): Verilog HDL or VHDL information: EDA Netlist Writer cannot regroup multidimensional array "board_ps" into its bus
Info (10008): Verilog HDL or VHDL information: EDA Netlist Writer cannot regroup multidimensional array "solver_puzzle_out" into its bus
Info (12128): Elaborating entity "ineqsudx_scan_solver" for hierarchy "ineqsudx_scan:ineqsudx_scan|ineqsudx_scan_solver:solver" File: /project/tsmc65/users/perezba/ws/AlwaysSudxIneq/logs/experiment-persistent/rtl_work/ineqsudx_scan/ineqsudx_scan.sv Line: 249
Info (10264): Verilog HDL Case Statement information at ineqsudx_scan_solver.sv(60): all case item expressions in this case statement are onehot File: /project/tsmc65/users/perezba/ws/AlwaysSudxIneq/logs/experiment-persistent/rtl_work/ineqsudx_scan/ineqsudx_scan_solver.sv Line: 60
Info (10008): Verilog HDL or VHDL information: EDA Netlist Writer cannot regroup multidimensional array "puzzle_in" into its bus
Info (10008): Verilog HDL or VHDL information: EDA Netlist Writer cannot regroup multidimensional array "solved_puzzle" into its bus
Info (10008): Verilog HDL or VHDL information: EDA Netlist Writer cannot regroup multidimensional array "row_count" into its bus
Info (10008): Verilog HDL or VHDL information: EDA Netlist Writer cannot regroup multidimensional array "row_index" into its bus
Info (10008): Verilog HDL or VHDL information: EDA Netlist Writer cannot regroup multidimensional array "puzzle_in" into its bus
Info (10008): Verilog HDL or VHDL information: EDA Netlist Writer cannot regroup multidimensional array "solved_puzzle" into its bus
Info (12128): Elaborating entity "ineqsudx_union9" for hierarchy "ineqsudx_scan:ineqsudx_scan|ineqsudx_scan_solver:solver|ineqsudx_union9:UNITS[0].board_union" File: /project/tsmc65/users/perezba/ws/AlwaysSudxIneq/logs/experiment-persistent/rtl_work/ineqsudx_scan/ineqsudx_scan_solver.sv Line: 106
Warning (12161): Node "host_regs_intrf:host_regs_intrf|host_regs_intrf.host_regs_read_pulse[9]" is stuck at GND because node is in wire loop and does not have a source File: /project/tsmc65/shared/k5_share/k5_xbox/hw/xbox/host_regs_intrf.sv Line: 3
Warning (12161): Node "host_regs_intrf:host_regs_intrf|host_regs_intrf.host_regs_read_pulse[8]" is stuck at GND because node is in wire loop and does not have a source File: /project/tsmc65/shared/k5_share/k5_xbox/hw/xbox/host_regs_intrf.sv Line: 3
Warning (12161): Node "host_regs_intrf:host_regs_intrf|host_regs_intrf.host_regs_read_pulse[7]" is stuck at GND because node is in wire loop and does not have a source File: /project/tsmc65/shared/k5_share/k5_xbox/hw/xbox/host_regs_intrf.sv Line: 3
Warning (12161): Node "host_regs_intrf:host_regs_intrf|host_regs_intrf.host_regs_read_pulse[6]" is stuck at GND because node is in wire loop and does not have a source File: /project/tsmc65/shared/k5_share/k5_xbox/hw/xbox/host_regs_intrf.sv Line: 3
Warning (12161): Node "host_regs_intrf:host_regs_intrf|host_regs_intrf.host_regs_read_pulse[5]" is stuck at GND because node is in wire loop and does not have a source File: /project/tsmc65/shared/k5_share/k5_xbox/hw/xbox/host_regs_intrf.sv Line: 3
Warning (12161): Node "host_regs_intrf:host_regs_intrf|host_regs_intrf.host_regs_read_pulse[4]" is stuck at GND because node is in wire loop and does not have a source File: /project/tsmc65/shared/k5_share/k5_xbox/hw/xbox/host_regs_intrf.sv Line: 3
Warning (12161): Node "host_regs_intrf:host_regs_intrf|host_regs_intrf.host_regs_read_pulse[3]" is stuck at GND because node is in wire loop and does not have a source File: /project/tsmc65/shared/k5_share/k5_xbox/hw/xbox/host_regs_intrf.sv Line: 3
Warning (12161): Node "host_regs_intrf:host_regs_intrf|host_regs_intrf.host_regs_read_pulse[2]" is stuck at GND because node is in wire loop and does not have a source File: /project/tsmc65/shared/k5_share/k5_xbox/hw/xbox/host_regs_intrf.sv Line: 3
Warning (12161): Node "host_regs_intrf:host_regs_intrf|host_regs_intrf.host_regs_read_pulse[1]" is stuck at GND because node is in wire loop and does not have a source File: /project/tsmc65/shared/k5_share/k5_xbox/hw/xbox/host_regs_intrf.sv Line: 3
Warning (12161): Node "host_regs_intrf:host_regs_intrf|host_regs_intrf.host_regs_read_pulse[15]" is stuck at GND because node is in wire loop and does not have a source File: /project/tsmc65/shared/k5_share/k5_xbox/hw/xbox/host_regs_intrf.sv Line: 3
Warning (12161): Node "host_regs_intrf:host_regs_intrf|host_regs_intrf.host_regs_read_pulse[14]" is stuck at GND because node is in wire loop and does not have a source File: /project/tsmc65/shared/k5_share/k5_xbox/hw/xbox/host_regs_intrf.sv Line: 3
Warning (12161): Node "host_regs_intrf:host_regs_intrf|host_regs_intrf.host_regs_read_pulse[13]" is stuck at GND because node is in wire loop and does not have a source File: /project/tsmc65/shared/k5_share/k5_xbox/hw/xbox/host_regs_intrf.sv Line: 3
Warning (12161): Node "host_regs_intrf:host_regs_intrf|host_regs_intrf.host_regs_read_pulse[12]" is stuck at GND because node is in wire loop and does not have a source File: /project/tsmc65/shared/k5_share/k5_xbox/hw/xbox/host_regs_intrf.sv Line: 3
Warning (12161): Node "host_regs_intrf:host_regs_intrf|host_regs_intrf.host_regs_read_pulse[11]" is stuck at GND because node is in wire loop and does not have a source File: /project/tsmc65/shared/k5_share/k5_xbox/hw/xbox/host_regs_intrf.sv Line: 3
Warning (12161): Node "host_regs_intrf:host_regs_intrf|host_regs_intrf.host_regs_read_pulse[10]" is stuck at GND because node is in wire loop and does not have a source File: /project/tsmc65/shared/k5_share/k5_xbox/hw/xbox/host_regs_intrf.sv Line: 3
Warning (12161): Node "host_regs_intrf:host_regs_intrf|host_regs_intrf.host_regs_read_pulse[0]" is stuck at GND because node is in wire loop and does not have a source File: /project/tsmc65/shared/k5_share/k5_xbox/hw/xbox/host_regs_intrf.sv Line: 3
Warning (276027): Inferred dual-clock RAM node "ineqsudx_scan:ineqsudx_scan|ineqsudx_scan_solver:solver|decisions_rtl_0" from synchronous design logic.  The read-during-write behavior of a dual-clock RAM is undefined and may not match the behavior of the original design.
Warning (276027): Inferred dual-clock RAM node "ineqsudx_scan:ineqsudx_scan|ineqsudx_scan_solver:solver|domain_stack_rtl_0" from synchronous design logic.  The read-during-write behavior of a dual-clock RAM is undefined and may not match the behavior of the original design.
Info (19000): Inferred 2 megafunctions from design logic
    Info (276029): Inferred altsyncram megafunction from the following design logic: "ineqsudx_scan:ineqsudx_scan|ineqsudx_scan_solver:solver|decisions_rtl_0" 
        Info (286033): Parameter OPERATION_MODE set to DUAL_PORT
        Info (286033): Parameter WIDTH_A set to 15
        Info (286033): Parameter WIDTHAD_A set to 7
        Info (286033): Parameter NUMWORDS_A set to 81
        Info (286033): Parameter WIDTH_B set to 15
        Info (286033): Parameter WIDTHAD_B set to 7
        Info (286033): Parameter NUMWORDS_B set to 81
        Info (286033): Parameter ADDRESS_ACLR_A set to NONE
        Info (286033): Parameter OUTDATA_REG_B set to UNREGISTERED
        Info (286033): Parameter ADDRESS_ACLR_B set to NONE
        Info (286033): Parameter OUTDATA_ACLR_B set to NONE
        Info (286033): Parameter ADDRESS_REG_B set to CLOCK1
        Info (286033): Parameter INDATA_ACLR_A set to NONE
        Info (286033): Parameter WRCONTROL_ACLR_A set to NONE
    Info (276029): Inferred altsyncram megafunction from the following design logic: "ineqsudx_scan:ineqsudx_scan|ineqsudx_scan_solver:solver|domain_stack_rtl_0" 
        Info (286033): Parameter OPERATION_MODE set to DUAL_PORT
        Info (286033): Parameter WIDTH_A set to 729
        Info (286033): Parameter WIDTHAD_A set to 7
        Info (286033): Parameter NUMWORDS_A set to 81
        Info (286033): Parameter WIDTH_B set to 729
        Info (286033): Parameter WIDTHAD_B set to 7
        Info (286033): Parameter NUMWORDS_B set to 81
        Info (286033): Parameter ADDRESS_ACLR_A set to NONE
        Info (286033): Parameter OUTDATA_REG_B set to UNREGISTERED
        Info (286033): Parameter ADDRESS_ACLR_B set to NONE
        Info (286033): Parameter OUTDATA_ACLR_B set to NONE
        Info (286033): Parameter ADDRESS_REG_B set to CLOCK1
        Info (286033): Parameter INDATA_ACLR_A set to NONE
        Info (286033): Parameter WRCONTROL_ACLR_A set to NONE
Info (12130): Elaborated megafunction instantiation "ineqsudx_scan:ineqsudx_scan|ineqsudx_scan_solver:solver|altsyncram:decisions_rtl_0"
Info (12133): Instantiated megafunction "ineqsudx_scan:ineqsudx_scan|ineqsudx_scan_solver:solver|altsyncram:decisions_rtl_0" with the following parameter:
    Info (12134): Parameter "OPERATION_MODE" = "DUAL_PORT"
    Info (12134): Parameter "WIDTH_A" = "15"
    Info (12134): Parameter "WIDTHAD_A" = "7"
    Info (12134): Parameter "NUMWORDS_A" = "81"
    Info (12134): Parameter "WIDTH_B" = "15"
    Info (12134): Parameter "WIDTHAD_B" = "7"
    Info (12134): Parameter "NUMWORDS_B" = "81"
    Info (12134): Parameter "ADDRESS_ACLR_A" = "NONE"
    Info (12134): Parameter "OUTDATA_REG_B" = "UNREGISTERED"
    Info (12134): Parameter "ADDRESS_ACLR_B" = "NONE"
    Info (12134): Parameter "OUTDATA_ACLR_B" = "NONE"
    Info (12134): Parameter "ADDRESS_REG_B" = "CLOCK1"
    Info (12134): Parameter "INDATA_ACLR_A" = "NONE"
    Info (12134): Parameter "WRCONTROL_ACLR_A" = "NONE"
Info (12021): Found 1 design units, including 1 entities, in source file db/altsyncram_84d1.tdf
    Info (12023): Found entity 1: altsyncram_84d1 File: /project/tsmc65/users/perezba/ws/AlwaysSudxIneq/logs/experiment-persistent/rtl_work/ineqsudx_scan/db/altsyncram_84d1.tdf Line: 28
Info (12130): Elaborated megafunction instantiation "ineqsudx_scan:ineqsudx_scan|ineqsudx_scan_solver:solver|altsyncram:domain_stack_rtl_0"
Info (12133): Instantiated megafunction "ineqsudx_scan:ineqsudx_scan|ineqsudx_scan_solver:solver|altsyncram:domain_stack_rtl_0" with the following parameter:
    Info (12134): Parameter "OPERATION_MODE" = "DUAL_PORT"
    Info (12134): Parameter "WIDTH_A" = "729"
    Info (12134): Parameter "WIDTHAD_A" = "7"
    Info (12134): Parameter "NUMWORDS_A" = "81"
    Info (12134): Parameter "WIDTH_B" = "729"
    Info (12134): Parameter "WIDTHAD_B" = "7"
    Info (12134): Parameter "NUMWORDS_B" = "81"
    Info (12134): Parameter "ADDRESS_ACLR_A" = "NONE"
    Info (12134): Parameter "OUTDATA_REG_B" = "UNREGISTERED"
    Info (12134): Parameter "ADDRESS_ACLR_B" = "NONE"
    Info (12134): Parameter "OUTDATA_ACLR_B" = "NONE"
    Info (12134): Parameter "ADDRESS_REG_B" = "CLOCK1"
    Info (12134): Parameter "INDATA_ACLR_A" = "NONE"
    Info (12134): Parameter "WRCONTROL_ACLR_A" = "NONE"
Info (12021): Found 1 design units, including 1 entities, in source file db/altsyncram_08d1.tdf
    Info (12023): Found entity 1: altsyncram_08d1 File: /project/tsmc65/users/perezba/ws/AlwaysSudxIneq/logs/experiment-persistent/rtl_work/ineqsudx_scan/db/altsyncram_08d1.tdf Line: 28
Info (13000): Registers with preset signals will power-up high File: /project/tsmc65/users/perezba/ws/AlwaysSudxIneq/logs/experiment-persistent/rtl_work/ineqsudx_scan/ineqsudx_scan_solver.sv Line: 247
Info (13003): DEV_CLRn pin will set, and not reset, register with preset signal due to NOT Gate Push-Back
Info (286030): Timing-Driven Synthesis is running
Info (17049): 4 registers lost all their fanouts during netlist optimizations.
Info (144001): Generated suppressed messages file /project/tsmc65/users/perezba/ws/AlwaysSudxIneq/logs/experiment-persistent/rtl_work/ineqsudx_scan/qsyn_output_files/ineqsudx_scan.map.smsg
Info (16010): Generating hard_block partition "hard_block:auto_generated_inst"
    Info (16011): Adding 0 node(s), including 0 DDIO, 0 PLL, 0 transceiver and 0 LCELL
Warning (21074): Design contains 16 input pin(s) that do not drive logic
    Warning (15610): No output dependent on input pin "host_regs_read_pulse[0]" File: /data/project/tsmc65/shared/qsyn/qsyn_dummy_xlr_wrap/qsyn_dummy_xlr_wrap_hri.sv Line: 27
    Warning (15610): No output dependent on input pin "host_regs_read_pulse[1]" File: /data/project/tsmc65/shared/qsyn/qsyn_dummy_xlr_wrap/qsyn_dummy_xlr_wrap_hri.sv Line: 27
    Warning (15610): No output dependent on input pin "host_regs_read_pulse[2]" File: /data/project/tsmc65/shared/qsyn/qsyn_dummy_xlr_wrap/qsyn_dummy_xlr_wrap_hri.sv Line: 27
    Warning (15610): No output dependent on input pin "host_regs_read_pulse[3]" File: /data/project/tsmc65/shared/qsyn/qsyn_dummy_xlr_wrap/qsyn_dummy_xlr_wrap_hri.sv Line: 27
    Warning (15610): No output dependent on input pin "host_regs_read_pulse[4]" File: /data/project/tsmc65/shared/qsyn/qsyn_dummy_xlr_wrap/qsyn_dummy_xlr_wrap_hri.sv Line: 27
    Warning (15610): No output dependent on input pin "host_regs_read_pulse[5]" File: /data/project/tsmc65/shared/qsyn/qsyn_dummy_xlr_wrap/qsyn_dummy_xlr_wrap_hri.sv Line: 27
    Warning (15610): No output dependent on input pin "host_regs_read_pulse[6]" File: /data/project/tsmc65/shared/qsyn/qsyn_dummy_xlr_wrap/qsyn_dummy_xlr_wrap_hri.sv Line: 27
    Warning (15610): No output dependent on input pin "host_regs_read_pulse[7]" File: /data/project/tsmc65/shared/qsyn/qsyn_dummy_xlr_wrap/qsyn_dummy_xlr_wrap_hri.sv Line: 27
    Warning (15610): No output dependent on input pin "host_regs_read_pulse[8]" File: /data/project/tsmc65/shared/qsyn/qsyn_dummy_xlr_wrap/qsyn_dummy_xlr_wrap_hri.sv Line: 27
    Warning (15610): No output dependent on input pin "host_regs_read_pulse[9]" File: /data/project/tsmc65/shared/qsyn/qsyn_dummy_xlr_wrap/qsyn_dummy_xlr_wrap_hri.sv Line: 27
    Warning (15610): No output dependent on input pin "host_regs_read_pulse[10]" File: /data/project/tsmc65/shared/qsyn/qsyn_dummy_xlr_wrap/qsyn_dummy_xlr_wrap_hri.sv Line: 27
    Warning (15610): No output dependent on input pin "host_regs_read_pulse[11]" File: /data/project/tsmc65/shared/qsyn/qsyn_dummy_xlr_wrap/qsyn_dummy_xlr_wrap_hri.sv Line: 27
    Warning (15610): No output dependent on input pin "host_regs_read_pulse[12]" File: /data/project/tsmc65/shared/qsyn/qsyn_dummy_xlr_wrap/qsyn_dummy_xlr_wrap_hri.sv Line: 27
    Warning (15610): No output dependent on input pin "host_regs_read_pulse[13]" File: /data/project/tsmc65/shared/qsyn/qsyn_dummy_xlr_wrap/qsyn_dummy_xlr_wrap_hri.sv Line: 27
    Warning (15610): No output dependent on input pin "host_regs_read_pulse[14]" File: /data/project/tsmc65/shared/qsyn/qsyn_dummy_xlr_wrap/qsyn_dummy_xlr_wrap_hri.sv Line: 27
    Warning (15610): No output dependent on input pin "host_regs_read_pulse[15]" File: /data/project/tsmc65/shared/qsyn/qsyn_dummy_xlr_wrap/qsyn_dummy_xlr_wrap_hri.sv Line: 27
Info (21057): Implemented 26645 device resources after synthesis - the final resource count might be different
    Info (21058): Implemented 63 input pins
    Info (21059): Implemented 57 output pins
    Info (21061): Implemented 25781 logic cells
    Info (21064): Implemented 744 RAM segments
Info: Quartus Prime Analysis & Synthesis was successful. 0 errors, 42 warnings
    Info: Peak virtual memory: 654 megabytes
    Info: Processing ended: Tue Sep  8 13:32:20 2026
    Info: Elapsed time: 00:15:33
    Info: Total CPU time (on all processors): 00:06:12


+------------------------------------------+
; Analysis & Synthesis Suppressed Messages ;
+------------------------------------------+
The suppressed messages can be found in /project/tsmc65/users/perezba/ws/AlwaysSudxIneq/logs/experiment-persistent/rtl_work/ineqsudx_scan/qsyn_output_files/ineqsudx_scan.map.smsg.


